district,quarter,tenure,mean,median,n
Barking And Dagenham,2006-01-01,Freehold,181716.8780889621,170000.0,607
Barking And Dagenham,2006-01-01,Leasehold,130884.07051282052,132000.0,156
Barking And Dagenham,2006-04-01,Freehold,185115.5455950541,174500.0,647
Barking And Dagenham,2006-04-01,Leasehold,136618.38073394494,138000.0,218
Barking And Dagenham,2006-07-01,Freehold,187913.80690537085,177000.0,782
Barking And Dagenham,2006-07-01,Leasehold,137685.02145922746,138500.0,233
Barking And Dagenham,2006-10-01,Freehold,191239.0489060489,180000.0,777
Barking And Dagenham,2006-10-01,Leasehold,140265.4674329502,136000.0,261
Barking And Dagenham,2007-01-01,Freehold,198645.4617647059,186000.0,680
Barking And Dagenham,2007-01-01,Leasehold,138367.49523809523,136250.0,210
Barking And Dagenham,2007-04-01,Freehold,205324.23272214388,194000.0,709
Barking And Dagenham,2007-04-01,Leasehold,153450.9909090909,150000.0,330
Barking And Dagenham,2007-07-01,Freehold,212202.10794044664,200000.0,806
Barking And Dagenham,2007-07-01,Leasehold,151948.86466165414,149997.5,266
Barking And Dagenham,2007-10-01,Freehold,216228.31013615735,205000.0,661
Barking And Dagenham,2007-10-01,Leasehold,168990.4017595308,162450.0,341
Barking And Dagenham,2008-01-01,Freehold,218375.97971602433,207500.0,493
Barking And Dagenham,2008-01-01,Leasehold,157226.86363636365,154997.5,154
Barking And Dagenham,2008-04-01,Freehold,214017.30446927375,204500.0,358
Barking And Dagenham,2008-04-01,Leasehold,151992.33333333334,150000.0,144
Barking And Dagenham,2008-07-01,Freehold,207158.82916666666,197750.0,240
Barking And Dagenham,2008-07-01,Leasehold,141856.6923076923,143000.0,65
Barking And Dagenham,2008-10-01,Freehold,201864.73684210525,190000.0,152
Barking And Dagenham,2008-10-01,Leasehold,162256.42307692306,161643.5,104
Barking And Dagenham,2009-01-01,Freehold,186131.8448275862,175000.0,116
Barking And Dagenham,2009-01-01,Leasehold,138308.73684210525,135000.0,38
Barking And Dagenham,2009-04-01,Freehold,169303.13966480448,160000.0,179
Barking And Dagenham,2009-04-01,Leasehold,130036.0,129500.0,40
Barking And Dagenham,2009-07-01,Freehold,178905.94525547445,167950.0,274
Barking And Dagenham,2009-07-01,Leasehold,133866.9921875,130000.0,128
Barking And Dagenham,2009-10-01,Freehold,181674.85013623978,168500.0,367
Barking And Dagenham,2009-10-01,Leasehold,126473.12903225806,120000.0,124
Barking And Dagenham,2010-01-01,Freehold,188022.64940239044,175000.0,251
Barking And Dagenham,2010-01-01,Leasehold,120021.03174603175,120000.0,63
Barking And Dagenham,2010-04-01,Freehold,196465.43083003952,182500.0,253
Barking And Dagenham,2010-04-01,Leasehold,139110.48591549296,135000.0,142
Barking And Dagenham,2010-07-01,Freehold,198198.81818181818,185000.0,286
Barking And Dagenham,2010-07-01,Leasehold,145821.16216216216,137750.0,111
Barking And Dagenham,2010-10-01,Freehold,193681.66923076924,182000.0,260
Barking And Dagenham,2010-10-01,Leasehold,149577.26315789475,143000.0,95
Barking And Dagenham,2011-01-01,Freehold,193381.0733944954,177250.0,218
Barking And Dagenham,2011-01-01,Leasehold,148310.0285714286,142950.0,105
Barking And Dagenham,2011-04-01,Freehold,189499.65163934426,175000.0,244
Barking And Dagenham,2011-04-01,Leasehold,144835.15,145000.0,120
Barking And Dagenham,2011-07-01,Freehold,197532.1052631579,187500.0,323
Barking And Dagenham,2011-07-01,Leasehold,128761.78947368421,128500.0,76
Barking And Dagenham,2011-10-01,Freehold,194619.2715654952,180000.0,313
Barking And Dagenham,2011-10-01,Leasehold,122658.72307692308,128000.0,65
Barking And Dagenham,2012-01-01,Freehold,193012.77133105803,180000.0,293
Barking And Dagenham,2012-01-01,Leasehold,134251.91780821918,125000.0,73
Barking And Dagenham,2012-04-01,Freehold,193948.9514563107,180000.0,206
Barking And Dagenham,2012-04-01,Leasehold,137198.64130434784,128995.0,92
Barking And Dagenham,2012-07-01,Freehold,194891.46692607005,184000.0,257
Barking And Dagenham,2012-07-01,Leasehold,146090.24719101124,130000.0,89
Barking And Dagenham,2012-10-01,Freehold,200160.14705882352,185000.0,238
Barking And Dagenham,2012-10-01,Leasehold,152337.25490196078,136750.0,102
Barking And Dagenham,2013-01-01,Freehold,195026.71673819743,185000.0,233
Barking And Dagenham,2013-01-01,Leasehold,155829.86486486485,135997.5,74
Barking And Dagenham,2013-04-01,Freehold,200661.6338582677,190000.0,254
Barking And Dagenham,2013-04-01,Leasehold,152981.452991453,140995.0,117
Barking And Dagenham,2013-07-01,Freehold,202712.3323943662,191000.0,355
Barking And Dagenham,2013-07-01,Leasehold,149103.0,137750.0,145
Barking And Dagenham,2013-10-01,Freehold,210823.87567567566,199997.5,370
Barking And Dagenham,2013-10-01,Leasehold,155589.03553299492,147995.0,197
Barking And Dagenham,2014-01-01,Freehold,219927.0699088146,210000.0,329
Barking And Dagenham,2014-01-01,Leasehold,141674.59770114944,140000.0,87
Barking And Dagenham,2014-04-01,Freehold,231078.87323943662,222000.0,355
Barking And Dagenham,2014-04-01,Leasehold,140547.9207920792,142000.0,101
Barking And Dagenham,2014-07-01,Freehold,239995.18362282877,231000.0,403
Barking And Dagenham,2014-07-01,Leasehold,176610.77922077922,164997.5,154
Barking And Dagenham,2014-10-01,Freehold,248947.37037037036,240000.0,432
Barking And Dagenham,2014-10-01,Leasehold,174979.81954887218,170000.0,266
Barking And Dagenham,2015-01-01,Freehold,254377.15025906736,247500.0,386
Barking And Dagenham,2015-01-01,Leasehold,160883.00675675675,159997.5,148
Barking And Dagenham,2015-04-01,Freehold,264922.2463768116,250000.0,345
Barking And Dagenham,2015-04-01,Leasehold,172145.38709677418,167000.0,155
Barking And Dagenham,2015-07-01,Freehold,282364.3137254902,270000.0,408
Barking And Dagenham,2015-07-01,Leasehold,183085.03472222222,180000.0,144
Barking And Dagenham,2015-10-01,Freehold,293749.57524271845,285000.0,412
Barking And Dagenham,2015-10-01,Leasehold,188772.59760956175,185000.0,251
Barking And Dagenham,2016-01-01,Freehold,309653.713592233,294000.0,412
Barking And Dagenham,2016-01-01,Leasehold,197206.528,195997.5,250
Barking And Dagenham,2016-04-01,Freehold,326248.08253968257,315000.0,315
Barking And Dagenham,2016-04-01,Leasehold,203067.71186440677,205000.0,118
Barking And Dagenham,2016-07-01,Freehold,332901.7864583333,323750.0,384
Barking And Dagenham,2016-07-01,Leasehold,204579.9180327869,205000.0,122
Barking And Dagenham,2016-10-01,Freehold,331136.16713091923,322000.0,359
Barking And Dagenham,2016-10-01,Leasehold,231876.22727272726,219247.5,110
Barking And Dagenham,2017-01-01,Freehold,329872.40483383683,316000.0,331
Barking And Dagenham,2017-01-01,Leasehold,225793.69285714286,225000.0,140
Barking And Dagenham,2017-04-01,Freehold,334050.7606557377,320000.0,305
Barking And Dagenham,2017-04-01,Leasehold,240073.25657894736,235000.0,152
Barking And Dagenham,2017-07-01,Freehold,334104.9166666667,325000.0,324
Barking And Dagenham,2017-07-01,Leasehold,241250.88194444444,235500.0,144
Barking And Dagenham,2017-10-01,Freehold,331309.1538461539,320000.0,325
Barking And Dagenham,2017-10-01,Leasehold,246480.9014084507,248414.0,213
Barking And Dagenham,2018-01-01,Freehold,332915.61889250815,320000.0,307
Barking And Dagenham,2018-01-01,Leasehold,247893.27272727274,250000.0,121
Barking And Dagenham,2018-04-01,Freehold,333344.4265232975,320000.0,279
Barking And Dagenham,2018-04-01,Leasehold,268328.5706521739,280500.0,184
Barking And Dagenham,2018-07-01,Freehold,336101.164516129,322000.0,310
Barking And Dagenham,2018-07-01,Leasehold,253487.0828402367,252000.0,169
Barking And Dagenham,2018-10-01,Freehold,341299.4625,327250.0,320
Barking And Dagenham,2018-10-01,Leasehold,257390.3149606299,240000.0,127
Barking And Dagenham,2019-01-01,Freehold,344188.8181818182,329250.0,286
Barking And Dagenham,2019-01-01,Leasehold,225568.67368421052,225000.0,95
Barking And Dagenham,2019-04-01,Freehold,349137.4314516129,330000.0,248
Barking And Dagenham,2019-04-01,Leasehold,223181.0,208500.0,73
Barking And Dagenham,2019-07-01,Freehold,345648.12779552717,333000.0,313
Barking And Dagenham,2019-07-01,Leasehold,269766.4193548387,251995.0,155
Barking And Dagenham,2019-10-01,Freehold,339266.8541666667,325000.0,288
Barking And Dagenham,2019-10-01,Leasehold,253386.05263157896,227500.0,76
Barking And Dagenham,2020-01-01,Freehold,342577.11587982834,330000.0,233
Barking And Dagenham,2020-01-01,Leasehold,290279.36363636365,255000.0,110
Barking And Dagenham,2020-04-01,Freehold,345417.4705882353,339000.0,136
Barking And Dagenham,2020-04-01,Leasehold,249135.3125,237500.0,48
Barking And Dagenham,2020-07-01,Freehold,353479.5333333333,335000.0,225
Barking And Dagenham,2020-07-01,Leasehold,281941.8785046729,290000.0,107
Barking And Dagenham,2020-10-01,Freehold,363441.78104575165,348750.0,306
Barking And Dagenham,2020-10-01,Leasehold,254954.7619047619,250000.0,105
Barking And Dagenham,2021-01-01,Freehold,373274.7899159664,351000.0,357
Barking And Dagenham,2021-01-01,Leasehold,266004.69590643275,262000.0,171
Barking And Dagenham,2021-04-01,Freehold,373793.5510688836,352500.0,421
Barking And Dagenham,2021-04-01,Leasehold,254585.12096774194,237250.0,124
Barking And Dagenham,2021-07-01,Freehold,371863.7090909091,355000.0,275
Barking And Dagenham,2021-07-01,Leasehold,260316.08602150538,245000.0,93
Barking And Dagenham,2021-10-01,Freehold,385745.9224137931,375000.0,232
Barking And Dagenham,2021-10-01,Leasehold,254646.01923076922,254495.0,156
Barking And Dagenham,2022-01-01,Freehold,398750.5617977528,380000.0,267
Barking And Dagenham,2022-01-01,Leasehold,292126.9802631579,291250.0,152
Barking And Dagenham,2022-04-01,Freehold,411161.3559322034,390000.0,236
Barking And Dagenham,2022-04-01,Leasehold,262131.2131147541,258997.5,122
Barking And Dagenham,2022-07-01,Freehold,426034.9867549669,410500.0,302
Barking And Dagenham,2022-07-01,Leasehold,305977.10784313723,309000.0,204
Barking And Dagenham,2022-10-01,Freehold,413938.4496124031,405000.0,258
Barking And Dagenham,2022-10-01,Leasehold,274638.237704918,265197.5,122
Barking And Dagenham,2023-01-01,Freehold,412577.70454545453,401500.0,220
Barking And Dagenham,2023-01-01,Leasehold,273375.1769911504,266995.0,113
Barking And Dagenham,2023-04-01,Freehold,406935.90285714285,390000.0,175
Barking And Dagenham,2023-04-01,Leasehold,319972.52252252254,324000.0,111
Barking And Dagenham,2023-07-01,Freehold,415331.33035714284,410000.0,224
Barking And Dagenham,2023-07-01,Leasehold,297697.49253731343,270995.5,134
Barking And Dagenham,2023-10-01,Freehold,406437.7545454545,400000.0,220
Barking And Dagenham,2023-10-01,Leasehold,254935.884057971,255000.0,69
Barking And Dagenham,2024-01-01,Freehold,397571.17098445597,385000.0,193
Barking And Dagenham,2024-01-01,Leasehold,257535.83529411766,250000.0,85
Barking And Dagenham,2024-04-01,Freehold,401660.20304568525,395000.0,197
Barking And Dagenham,2024-04-01,Leasehold,231938.59523809524,234000.0,84
Barking And Dagenham,2024-07-01,Freehold,403804.4095238095,395000.0,210
Barking And Dagenham,2024-07-01,Leasehold,241611.91588785045,240000.0,107
Barking And Dagenham,2024-10-01,Freehold,411568.7164750958,400000.0,261
Barking And Dagenham,2024-10-01,Leasehold,283284.88372093026,262500.0,129
Barking And Dagenham,2025-01-01,Freehold,417369.3181818182,400000.0,352
Barking And Dagenham,2025-01-01,Leasehold,256213.3027522936,245000.0,109
Barking And Dagenham,2025-04-01,Freehold,420179.85714285716,400000.0,140
Barking And Dagenham,2025-04-01,Leasehold,251488.203125,249997.5,64
Barking And Dagenham,2025-07-01,Freehold,420417.44705882354,410000.0,255
Barking And Dagenham,2025-07-01,Leasehold,243140.13157894736,240000.0,76
Barking And Dagenham,2025-10-01,Freehold,416272.27555555553,400000.0,225
Barking And Dagenham,2025-10-01,Leasehold,218292.96875,220000.0,64
Barking And Dagenham,2026-01-01,Freehold,653081.3774834437,405000.0,151
Barking And Dagenham,2026-01-01,Leasehold,221766.30434782608,228750.0,46
Barking And Dagenham,2026-04-01,Freehold,418355.9322033898,410000.0,59
Barking And Dagenham,2026-04-01,Leasehold,253050.0,259000.0,20
Barnet,2006-01-01,Freehold,411404.5261044177,332500.0,747
Barnet,2006-01-01,Leasehold,216682.04947526238,196000.0,667
Barnet,2006-04-01,Freehold,438362.456,350000.0,875
Barnet,2006-04-01,Leasehold,225423.2551159618,204500.0,733
Barnet,2006-07-01,Freehold,449795.5694200352,367250.0,1138
Barnet,2006-07-01,Leasehold,230693.216152019,208000.0,842
Barnet,2006-10-01,Freehold,445255.7713987474,355000.0,958
Barnet,2006-10-01,Leasehold,235948.80114285715,215000.0,875
Barnet,2007-01-01,Freehold,459365.5046728972,366000.0,856
Barnet,2007-01-01,Leasehold,244414.01315789475,220000.0,760
Barnet,2007-04-01,Freehold,484304.3177257525,383000.0,897
Barnet,2007-04-01,Leasehold,252432.56369785796,225000.0,887
Barnet,2007-07-01,Freehold,520837.9329446064,415000.0,1029
Barnet,2007-07-01,Leasehold,269125.0912820513,247500.0,975
Barnet,2007-10-01,Freehold,525031.3687752355,430000.0,743
Barnet,2007-10-01,Leasehold,277430.605,242225.0,800
Barnet,2008-01-01,Freehold,581784.1101123595,410000.0,445
Barnet,2008-01-01,Leasehold,258518.76451077944,235000.0,603
Barnet,2008-04-01,Freehold,510198.18,418000.0,450
Barnet,2008-04-01,Leasehold,296346.09557522123,240000.0,565
Barnet,2008-07-01,Freehold,529702.0338164251,408750.0,414
Barnet,2008-07-01,Leasehold,249597.32,230000.0,400
Barnet,2008-10-01,Freehold,494004.5052631579,370000.0,285
Barnet,2008-10-01,Leasehold,256711.26204819276,225312.5,332
Barnet,2009-01-01,Freehold,552212.2660944206,360000.0,233
Barnet,2009-01-01,Leasehold,234018.42222222223,215000.0,225
Barnet,2009-04-01,Freehold,461055.9618768328,365000.0,341
Barnet,2009-04-01,Leasehold,266052.3245283019,217500.0,265
Barnet,2009-07-01,Freehold,479949.2972972973,382000.0,592
Barnet,2009-07-01,Leasehold,257102.7033492823,225000.0,418
Barnet,2009-10-01,Freehold,459036.17784711387,386643.0,641
Barnet,2009-10-01,Leasehold,273606.8893360161,218000.0,497
Barnet,2010-01-01,Freehold,540517.9385245901,421500.0,488
Barnet,2010-01-01,Leasehold,292166.864229765,240000.0,383
Barnet,2010-04-01,Freehold,538997.0703971119,430000.0,554
Barnet,2010-04-01,Leasehold,273685.704595186,245000.0,457
Barnet,2010-07-01,Freehold,618652.1977869986,450000.0,723
Barnet,2010-07-01,Leasehold,300874.27808471455,235000.0,543
Barnet,2010-10-01,Freehold,569621.5858585859,443500.0,594
Barnet,2010-10-01,Leasehold,264270.8836206897,235000.0,464
Barnet,2011-01-01,Freehold,657308.6779279279,459500.0,444
Barnet,2011-01-01,Leasehold,286340.2743362832,232500.0,339
Barnet,2011-04-01,Freehold,515216.27947598253,419870.0,458
Barnet,2011-04-01,Leasehold,284625.9404761905,250000.0,420
Barnet,2011-07-01,Freehold,564655.1592649311,475000.0,653
Barnet,2011-07-01,Leasehold,274865.6996047431,235000.0,506
Barnet,2011-10-01,Freehold,604510.5083798883,445000.0,537
Barnet,2011-10-01,Leasehold,280225.79396984924,249000.0,597
Barnet,2012-01-01,Freehold,575438.730941704,464500.0,446
Barnet,2012-01-01,Leasehold,281606.2615955473,239000.0,539
Barnet,2012-04-01,Freehold,619115.8679245283,486750.0,530
Barnet,2012-04-01,Leasehold,297750.867219917,250000.0,482
Barnet,2012-07-01,Freehold,617886.7636986302,485000.0,584
Barnet,2012-07-01,Leasehold,291979.73887814314,250000.0,517
Barnet,2012-10-01,Freehold,576918.758483034,450000.0,501
Barnet,2012-10-01,Leasehold,333360.50101832993,250000.0,491
Barnet,2013-01-01,Freehold,666332.55078125,495000.0,512
Barnet,2013-01-01,Leasehold,298140.94561403507,249997.0,570
Barnet,2013-04-01,Freehold,643314.6126482213,473500.0,506
Barnet,2013-04-01,Leasehold,285519.6777583187,250000.0,571
Barnet,2013-07-01,Freehold,672071.0879432624,500000.0,705
Barnet,2013-07-01,Leasehold,302960.65568862273,250000.0,668
Barnet,2013-10-01,Freehold,668781.9420062696,520000.0,638
Barnet,2013-10-01,Leasehold,307251.05831903947,265000.0,583
Barnet,2014-01-01,Freehold,722384.1332149201,550000.0,563
Barnet,2014-01-01,Leasehold,327854.4428104575,271000.0,612
Barnet,2014-04-01,Freehold,715192.382084095,575000.0,547
Barnet,2014-04-01,Leasehold,338829.540247678,293499.5,646
Barnet,2014-07-01,Freehold,810099.2521994135,630000.0,682
Barnet,2014-07-01,Leasehold,365615.38808139536,316750.0,688
Barnet,2014-10-01,Freehold,699742.2518656716,580000.0,536
Barnet,2014-10-01,Leasehold,365277.48307692306,315000.0,650
Barnet,2015-01-01,Freehold,719732.049689441,580000.0,483
Barnet,2015-01-01,Leasehold,430440.88417618274,340000.0,613
Barnet,2015-04-01,Freehold,709931.8922155688,612500.0,501
Barnet,2015-04-01,Leasehold,411345.3532338308,354000.0,603
Barnet,2015-07-01,Freehold,789249.4446153846,635000.0,650
Barnet,2015-07-01,Leasehold,379205.75,340000.0,624
Barnet,2015-10-01,Freehold,793446.9649681528,650000.0,628
Barnet,2015-10-01,Leasehold,410131.8933486239,350000.0,872
Barnet,2016-01-01,Freehold,824792.9618208517,675000.0,681
Barnet,2016-01-01,Leasehold,418319.4111498258,365000.0,861
Barnet,2016-04-01,Freehold,770924.3860911271,660000.0,417
Barnet,2016-04-01,Leasehold,453015.7046783626,399997.5,684
Barnet,2016-07-01,Freehold,767874.2730696799,665000.0,531
Barnet,2016-07-01,Leasehold,436591.34146341466,400000.0,656
Barnet,2016-10-01,Freehold,810480.0675381264,695000.0,459
Barnet,2016-10-01,Leasehold,413508.7795031056,386750.0,644
Barnet,2017-01-01,Freehold,884049.6855036855,700000.0,407
Barnet,2017-01-01,Leasehold,443954.54545454547,405000.0,539
Barnet,2017-04-01,Freehold,891385.1320754717,736250.0,424
Barnet,2017-04-01,Leasehold,522268.34079173836,445000.0,581
Barnet,2017-07-01,Freehold,848149.4847870183,700000.0,493
Barnet,2017-07-01,Leasehold,496955.1060903733,415000.0,509
Barnet,2017-10-01,Freehold,848802.2364729459,740000.0,499
Barnet,2017-10-01,Leasehold,489206.5938189846,400000.0,453
Barnet,2018-01-01,Freehold,905812.2727272727,750000.0,396
Barnet,2018-01-01,Leasehold,423171.95,392112.5,400
Barnet,2018-04-01,Freehold,802869.6120218579,670000.0,366
Barnet,2018-04-01,Leasehold,444567.0243902439,413500.0,574
Barnet,2018-07-01,Freehold,864862.0357142857,740000.0,476
Barnet,2018-07-01,Leasehold,446666.2487046632,417000.0,579
Barnet,2018-10-01,Freehold,844629.3966745844,720000.0,421
Barnet,2018-10-01,Leasehold,465621.1903881701,420000.0,541
Barnet,2019-01-01,Freehold,829630.3915492957,680000.0,355
Barnet,2019-01-01,Leasehold,444377.19098712446,420000.0,466
Barnet,2019-04-01,Freehold,836269.0484693878,675000.0,392
Barnet,2019-04-01,Leasehold,447252.3503184713,429000.0,628
Barnet,2019-07-01,Freehold,846916.8231578948,720000.0,475
Barnet,2019-07-01,Leasehold,456355.77976190473,412500.0,504
Barnet,2019-10-01,Freehold,809983.6264236902,675000.0,439
Barnet,2019-10-01,Leasehold,467273.82409638556,412686.0,415
Barnet,2020-01-01,Freehold,909140.4423076923,693500.0,416
Barnet,2020-01-01,Leasehold,443753.0710784314,402500.0,408
Barnet,2020-04-01,Freehold,891693.3935185185,700000.0,216
Barnet,2020-04-01,Leasehold,452843.74358974356,394000.0,156
Barnet,2020-07-01,Freehold,882523.3673036094,700000.0,471
Barnet,2020-07-01,Leasehold,480304.941314554,441000.0,426
Barnet,2020-10-01,Freehold,928231.7637540454,725000.0,618
Barnet,2020-10-01,Leasehold,459368.7241935484,415000.0,620
Barnet,2021-01-01,Freehold,885987.9902080783,755000.0,817
Barnet,2021-01-01,Leasehold,458351.9853896104,405000.0,616
Barnet,2021-04-01,Freehold,929033.7960042061,755000.0,951
Barnet,2021-04-01,Leasehold,462287.99395405076,415000.0,827
Barnet,2021-07-01,Freehold,976115.1706263499,775000.0,463
Barnet,2021-07-01,Leasehold,463309.4354166667,420000.0,480
Barnet,2021-10-01,Freehold,1053505.1575178998,815000.0,419
Barnet,2021-10-01,Leasehold,471343.66225165565,435000.0,453
Barnet,2022-01-01,Freehold,1097853.7569721115,802500.0,502
Barnet,2022-01-01,Leasehold,491156.58876811597,440000.0,552
Barnet,2022-04-01,Freehold,1055264.7441860465,815000.0,516
Barnet,2022-04-01,Leasehold,498773.2,442000.0,610
Barnet,2022-07-01,Freehold,1035924.9521367521,810000.0,585
Barnet,2022-07-01,Leasehold,471686.9898477157,436500.0,591
Barnet,2022-10-01,Freehold,1085584.4133064516,850000.0,496
Barnet,2022-10-01,Leasehold,480834.9968503937,432055.0,635
Barnet,2023-01-01,Freehold,1030730.870523416,820000.0,363
Barnet,2023-01-01,Leasehold,525107.4224719101,435000.0,445
Barnet,2023-04-01,Freehold,1007844.8594249202,771000.0,313
Barnet,2023-04-01,Leasehold,467026.5440414508,410000.0,386
Barnet,2023-07-01,Freehold,1077330.0909090908,830000.0,440
Barnet,2023-07-01,Leasehold,457592.56735751295,410000.0,386
Barnet,2023-10-01,Freehold,1051441.25,800000.0,392
Barnet,2023-10-01,Leasehold,468433.9975062344,420000.0,401
Barnet,2024-01-01,Freehold,1021523.8541114058,800000.0,377
Barnet,2024-01-01,Leasehold,442972.5181818182,400000.0,330
Barnet,2024-04-01,Freehold,1032795.6115107914,820000.0,417
Barnet,2024-04-01,Leasehold,476018.98820754717,415000.0,424
Barnet,2024-07-01,Freehold,1022653.7842003853,823900.0,519
Barnet,2024-07-01,Leasehold,475090.07178217825,410000.0,404
Barnet,2024-10-01,Freehold,1011476.8814655172,777000.0,464
Barnet,2024-10-01,Leasehold,476427.686888454,430000.0,511
Barnet,2025-01-01,Freehold,899312.0231124808,735000.0,649
Barnet,2025-01-01,Leasehold,459088.52623688156,420000.0,667
Barnet,2025-04-01,Freehold,1071841.6442307692,825000.0,312
Barnet,2025-04-01,Leasehold,526791.462264151,413420.0,318
Barnet,2025-07-01,Freehold,961609.1068376069,800000.0,468
Barnet,2025-07-01,Leasehold,465631.67307692306,389500.0,312
Barnet,2025-10-01,Freehold,948234.9472361809,800000.0,398
Barnet,2025-10-01,Leasehold,436155.468852459,390000.0,305
Barnet,2026-01-01,Freehold,858819.5830388693,755000.0,283
Barnet,2026-01-01,Leasehold,402387.1941747573,372750.0,206
Barnet,2026-04-01,Freehold,783890.4109589041,705000.0,73
Barnet,2026-04-01,Leasehold,418407.2463768116,408000.0,69
Bexley,2006-01-01,Freehold,222175.34844559585,208000.0,772
Bexley,2006-01-01,Leasehold,133183.47368421053,132500.0,266
Bexley,2006-04-01,Freehold,226812.48164146868,211500.0,926
Bexley,2006-04-01,Leasehold,136900.6420233463,133000.0,257
Bexley,2006-07-01,Freehold,231353.0926099158,214000.0,1069
Bexley,2006-07-01,Leasehold,141015.95569620252,139997.5,316
Bexley,2006-10-01,Freehold,237226.54470046083,223500.0,1085
Bexley,2006-10-01,Leasehold,148720.79300291545,142500.0,343
Bexley,2007-01-01,Freehold,235553.08131868133,223000.0,910
Bexley,2007-01-01,Leasehold,147046.21355932203,145000.0,295
Bexley,2007-04-01,Freehold,249501.88973799127,233250.0,916
Bexley,2007-04-01,Leasehold,151792.29283489098,152000.0,321
Bexley,2007-07-01,Freehold,253063.3490304709,239995.0,1083
Bexley,2007-07-01,Leasehold,153203.6162162162,150000.0,370
Bexley,2007-10-01,Freehold,253041.17861205916,235000.0,879
Bexley,2007-10-01,Leasehold,155088.8485915493,155000.0,284
Bexley,2008-01-01,Freehold,251083.04324324324,237500.0,555
Bexley,2008-01-01,Leasehold,154844.75,155000.0,216
Bexley,2008-04-01,Freehold,247825.66806722688,238000.0,476
Bexley,2008-04-01,Leasehold,156060.78640776698,154750.0,206
Bexley,2008-07-01,Freehold,248214.20297029702,230000.0,404
Bexley,2008-07-01,Leasehold,162647.83422459892,160000.0,187
Bexley,2008-10-01,Freehold,232807.66163141993,215000.0,331
Bexley,2008-10-01,Leasehold,146638.40476190476,145000.0,126
Bexley,2009-01-01,Freehold,218520.44588744588,200000.0,231
Bexley,2009-01-01,Leasehold,140353.21794871794,140000.0,78
Bexley,2009-04-01,Freehold,218269.3216957606,210000.0,401
Bexley,2009-04-01,Leasehold,143419.7159090909,143500.0,88
Bexley,2009-07-01,Freehold,230338.71454545454,210000.0,550
Bexley,2009-07-01,Leasehold,140817.01680672268,142000.0,119
Bexley,2009-10-01,Freehold,230061.85612788633,215000.0,563
Bexley,2009-10-01,Leasehold,148017.38709677418,148500.0,155
Bexley,2010-01-01,Freehold,241710.8624078624,228000.0,407
Bexley,2010-01-01,Leasehold,147646.5,146250.0,90
Bexley,2010-04-01,Freehold,240558.04933586338,226000.0,527
Bexley,2010-04-01,Leasehold,145042.2372881356,144000.0,118
Bexley,2010-07-01,Freehold,250315.01546391752,235000.0,582
Bexley,2010-07-01,Leasehold,148312.7027027027,150000.0,148
Bexley,2010-10-01,Freehold,250343.82751540042,234000.0,487
Bexley,2010-10-01,Leasehold,135558.14655172414,135250.0,116
Bexley,2011-01-01,Freehold,239870.08839779007,230000.0,362
Bexley,2011-01-01,Leasehold,142074.54545454544,134950.0,132
Bexley,2011-04-01,Freehold,252647.62548262547,236250.0,518
Bexley,2011-04-01,Leasehold,140241.4,139000.0,125
Bexley,2011-07-01,Freehold,250677.9877835951,233224.0,573
Bexley,2011-07-01,Leasehold,142483.34710743802,140000.0,121
Bexley,2011-10-01,Freehold,245686.6017094017,230000.0,585
Bexley,2011-10-01,Leasehold,135626.8613138686,135000.0,137
Bexley,2012-01-01,Freehold,245070.7287128713,230000.0,505
Bexley,2012-01-01,Leasehold,146210.35862068966,145000.0,145
Bexley,2012-04-01,Freehold,257181.44150110375,240000.0,453
Bexley,2012-04-01,Leasehold,148908.85572139305,145950.0,201
Bexley,2012-07-01,Freehold,257270.86597938143,240000.0,582
Bexley,2012-07-01,Leasehold,146350.3282828283,143250.0,198
Bexley,2012-10-01,Freehold,255834.85535714286,243250.0,560
Bexley,2012-10-01,Leasehold,153473.91525423728,144000.0,236
Bexley,2013-01-01,Freehold,259898.84531590415,240000.0,459
Bexley,2013-01-01,Leasehold,151498.40277777778,144000.0,144
Bexley,2013-04-01,Freehold,262536.57446808513,247500.0,564
Bexley,2013-04-01,Leasehold,157698.42788461538,150000.0,208
Bexley,2013-07-01,Freehold,264142.6712517194,249995.0,727
Bexley,2013-07-01,Leasehold,155539.92366412215,147250.0,262
Bexley,2013-10-01,Freehold,273143.63113604486,250000.0,713
Bexley,2013-10-01,Leasehold,161339.83088235295,155000.0,272
Bexley,2014-01-01,Freehold,280524.9353383459,255000.0,665
Bexley,2014-01-01,Leasehold,159505.40167364015,162000.0,239
Bexley,2014-04-01,Freehold,299698.2203125,281000.0,640
Bexley,2014-04-01,Leasehold,170173.82478632478,169995.0,234
Bexley,2014-07-01,Freehold,315228.9087403599,297000.0,778
Bexley,2014-07-01,Leasehold,180535.0,183000.0,305
Bexley,2014-10-01,Freehold,322232.17546362337,300000.0,701
Bexley,2014-10-01,Leasehold,173230.20754716982,172000.0,318
Bexley,2015-01-01,Freehold,319223.73818181816,300000.0,550
Bexley,2015-01-01,Leasehold,179255.318627451,180000.0,204
Bexley,2015-04-01,Freehold,332119.6462264151,315000.0,636
Bexley,2015-04-01,Leasehold,179809.10029498526,175000.0,339
Bexley,2015-07-01,Freehold,353418.4638633377,327000.0,761
Bexley,2015-07-01,Leasehold,193833.56748466258,187747.5,326
Bexley,2015-10-01,Freehold,359360.15172413795,345000.0,725
Bexley,2015-10-01,Leasehold,193766.94594594595,187750.0,296
Bexley,2016-01-01,Freehold,381325.32771822356,355000.0,653
Bexley,2016-01-01,Leasehold,224541.96103896105,225000.0,308
Bexley,2016-04-01,Freehold,385139.92673267325,367500.0,505
Bexley,2016-04-01,Leasehold,224428.51243781095,230000.0,201
Bexley,2016-07-01,Freehold,395934.64506172837,370000.0,648
Bexley,2016-07-01,Leasehold,226832.36144578314,230000.0,249
Bexley,2016-10-01,Freehold,393010.03103448276,370000.0,580
Bexley,2016-10-01,Leasehold,220707.7564102564,230000.0,234
Bexley,2017-01-01,Freehold,393117.4755639098,372000.0,532
Bexley,2017-01-01,Leasehold,224135.68062827224,230000.0,191
Bexley,2017-04-01,Freehold,391156.573800738,370000.0,542
Bexley,2017-04-01,Leasehold,240458.64678899082,245000.0,218
Bexley,2017-07-01,Freehold,410412.3,380000.0,620
Bexley,2017-07-01,Leasehold,259441.10424710426,248000.0,259
Bexley,2017-10-01,Freehold,406310.8423566879,381250.0,628
Bexley,2017-10-01,Leasehold,242844.01369863015,242000.0,219
Bexley,2018-01-01,Freehold,403475.9227557411,385000.0,479
Bexley,2018-01-01,Leasehold,242204.2995169082,241500.0,207
Bexley,2018-04-01,Freehold,398384.3740458015,379842.0,524
Bexley,2018-04-01,Leasehold,242686.4161849711,242000.0,173
Bexley,2018-07-01,Freehold,420821.8279386712,392000.0,587
Bexley,2018-07-01,Leasehold,261122.195,250000.0,200
Bexley,2018-10-01,Freehold,405074.031986532,380000.0,594
Bexley,2018-10-01,Leasehold,260710.34782608695,250750.0,230
Bexley,2019-01-01,Freehold,410100.4781704782,395000.0,481
Bexley,2019-01-01,Leasehold,246457.9515151515,245000.0,165
Bexley,2019-04-01,Freehold,411472.978805395,392000.0,519
Bexley,2019-04-01,Leasehold,230473.54545454544,232000.0,165
Bexley,2019-07-01,Freehold,408426.16178736516,385000.0,649
Bexley,2019-07-01,Leasehold,241608.8817204301,245000.0,186
Bexley,2019-10-01,Freehold,424436.62542955327,393750.0,582
Bexley,2019-10-01,Leasehold,233070.4678362573,240000.0,171
Bexley,2020-01-01,Freehold,420834.57272727275,400000.0,550
Bexley,2020-01-01,Leasehold,230851.4371257485,235000.0,167
Bexley,2020-04-01,Freehold,416947.66774193547,396250.0,310
Bexley,2020-04-01,Leasehold,238385.45454545456,245000.0,88
Bexley,2020-07-01,Freehold,446949.82994454715,420000.0,541
Bexley,2020-07-01,Leasehold,242380.91124260356,241750.0,169
Bexley,2020-10-01,Freehold,444114.43413978495,420000.0,744
Bexley,2020-10-01,Leasehold,248231.81355932204,255000.0,177
Bexley,2021-01-01,Freehold,453720.42724458204,435000.0,969
Bexley,2021-01-01,Leasehold,255333.20599250935,258000.0,267
Bexley,2021-04-01,Freehold,458464.0818363273,430000.0,1002
Bexley,2021-04-01,Leasehold,276225.600660066,275000.0,303
Bexley,2021-07-01,Freehold,453832.225,425000.0,520
Bexley,2021-07-01,Leasehold,272268.4013157895,267750.0,304
Bexley,2021-10-01,Freehold,475419.8909853249,445000.0,477
Bexley,2021-10-01,Leasehold,281997.1111111111,273500.0,234
Bexley,2022-01-01,Freehold,479980.9510204082,450000.0,490
Bexley,2022-01-01,Leasehold,260914.56157635467,258750.0,203
Bexley,2022-04-01,Freehold,489868.3980582524,468000.0,515
Bexley,2022-04-01,Leasehold,281928.7727272727,269000.0,220
Bexley,2022-07-01,Freehold,498836.13562091504,475000.0,612
Bexley,2022-07-01,Leasehold,284373.68852459016,285000.0,244
Bexley,2022-10-01,Freehold,509178.06403940887,475000.0,609
Bexley,2022-10-01,Leasehold,316480.1954674221,315000.0,353
Bexley,2023-01-01,Freehold,485963.5180722892,455000.0,415
Bexley,2023-01-01,Leasehold,309128.7341772152,303000.0,237
Bexley,2023-04-01,Freehold,481979.2738693467,450000.0,398
Bexley,2023-04-01,Leasehold,257253.00694444444,254000.0,144
Bexley,2023-07-01,Freehold,484497.8164556962,460000.0,474
Bexley,2023-07-01,Leasehold,261112.4034090909,263500.0,176
Bexley,2023-10-01,Freehold,489814.9355608592,450000.0,419
Bexley,2023-10-01,Leasehold,256574.64238410597,260000.0,151
Bexley,2024-01-01,Freehold,479818.1903485255,445000.0,373
Bexley,2024-01-01,Leasehold,281525.1,275000.0,150
Bexley,2024-04-01,Freehold,499610.8888888889,460000.0,450
Bexley,2024-04-01,Leasehold,277019.58,277750.0,150
Bexley,2024-07-01,Freehold,495305.2301587302,456000.0,630
Bexley,2024-07-01,Leasehold,271202.86842105264,270000.0,190
Bexley,2024-10-01,Freehold,483548.19006849313,458500.0,584
Bexley,2024-10-01,Leasehold,266351.92441860464,260000.0,172
Bexley,2025-01-01,Freehold,498828.1531322506,468250.0,862
Bexley,2025-01-01,Leasehold,270349.2688679245,270000.0,212
Bexley,2025-04-01,Freehold,478191.33103448275,450000.0,290
Bexley,2025-04-01,Leasehold,245909.71929824562,250000.0,114
Bexley,2025-07-01,Freehold,502207.2456140351,480000.0,570
Bexley,2025-07-01,Leasehold,262300.35714285716,267500.0,154
Bexley,2025-10-01,Freehold,497257.10625,465000.0,480
Bexley,2025-10-01,Leasehold,263282.1678321678,265000.0,143
Bexley,2026-01-01,Freehold,486265.4656716418,455000.0,335
Bexley,2026-01-01,Leasehold,250810.60606060605,258000.0,99
Bexley,2026-04-01,Freehold,478862.8467741936,468250.0,124
Bexley,2026-04-01,Leasehold,250720.58823529413,262500.0,34
Brent,2006-01-01,Freehold,336930.70540540543,292750.0,370
Brent,2006-01-01,Leasehold,203990.75917431194,190000.0,436
Brent,2006-04-01,Freehold,364656.7576419214,311750.0,458
Brent,2006-04-01,Leasehold,204691.19488188977,190000.0,508
Brent,2006-07-01,Freehold,375591.54593639576,315500.0,566
Brent,2006-07-01,Leasehold,216240.97284345047,205000.0,626
Brent,2006-10-01,Freehold,375348.1822033898,320000.0,472
Brent,2006-10-01,Leasehold,226229.57575757575,211000.0,594
Brent,2007-01-01,Freehold,384527.34872979217,340000.0,433
Brent,2007-01-01,Leasehold,231326.9830220713,212000.0,589
Brent,2007-04-01,Freehold,421648.0521920668,360000.0,479
Brent,2007-04-01,Leasehold,239588.0155279503,225000.0,644
Brent,2007-07-01,Freehold,443618.5464684015,360000.0,538
Brent,2007-07-01,Leasehold,260927.99132947976,249950.0,692
Brent,2007-10-01,Freehold,414143.45560747664,345000.0,428
Brent,2007-10-01,Leasehold,258842.9190140845,240000.0,568
Brent,2008-01-01,Freehold,437027.14878892736,365000.0,289
Brent,2008-01-01,Leasehold,249855.7925925926,234950.0,405
Brent,2008-04-01,Freehold,443835.53531598515,367500.0,269
Brent,2008-04-01,Leasehold,244199.5911764706,228500.0,340
Brent,2008-07-01,Freehold,462694.04761904763,360000.0,210
Brent,2008-07-01,Leasehold,238155.72268907563,230000.0,238
Brent,2008-10-01,Freehold,389574.0294117647,318750.0,170
Brent,2008-10-01,Leasehold,229323.51813471504,210000.0,193
Brent,2009-01-01,Freehold,369635.14851485146,300000.0,101
Brent,2009-01-01,Leasehold,218756.96078431373,205000.0,102
Brent,2009-04-01,Freehold,393571.44897959183,325000.0,147
Brent,2009-04-01,Leasehold,241662.28387096775,231000.0,155
Brent,2009-07-01,Freehold,426168.38333333336,335000.0,240
Brent,2009-07-01,Leasehold,230303.5117370892,215000.0,213
Brent,2009-10-01,Freehold,447323.7309090909,349500.0,275
Brent,2009-10-01,Leasehold,237805.74864864865,220000.0,370
Brent,2010-01-01,Freehold,404095.8888888889,338000.0,207
Brent,2010-01-01,Leasehold,239562.34185303515,225000.0,313
Brent,2010-04-01,Freehold,484390.08438818564,365000.0,237
Brent,2010-04-01,Leasehold,243804.19178082192,225500.0,365
Brent,2010-07-01,Freehold,497571.45110410097,385000.0,317
Brent,2010-07-01,Leasehold,259279.8,244500.0,370
Brent,2010-10-01,Freehold,494133.2613240418,392000.0,287
Brent,2010-10-01,Leasehold,240332.1152647975,225000.0,321
Brent,2011-01-01,Freehold,482037.66161616164,367500.0,198
Brent,2011-01-01,Leasehold,248892.62403100776,227500.0,258
Brent,2011-04-01,Freehold,476690.47908745246,360000.0,263
Brent,2011-04-01,Leasehold,257469.34926470587,238500.0,272
Brent,2011-07-01,Freehold,475387.26923076925,390000.0,286
Brent,2011-07-01,Leasehold,273452.92,245000.0,325
Brent,2011-10-01,Freehold,451897.09246575343,366000.0,292
Brent,2011-10-01,Leasehold,272303.9692307692,246000.0,325
Brent,2012-01-01,Freehold,499981.484,395000.0,250
Brent,2012-01-01,Leasehold,251935.1268115942,233000.0,276
Brent,2012-04-01,Freehold,506438.15789473685,395000.0,190
Brent,2012-04-01,Leasehold,284095.04504504503,260000.0,222
Brent,2012-07-01,Freehold,583733.7298387097,432500.0,248
Brent,2012-07-01,Leasehold,294746.30555555556,259561.5,324
Brent,2012-10-01,Freehold,523968.4048582996,395000.0,247
Brent,2012-10-01,Leasehold,303929.2852664577,267000.0,319
Brent,2013-01-01,Freehold,532327.3487179488,395000.0,195
Brent,2013-01-01,Leasehold,281655.72696245735,250000.0,293
Brent,2013-04-01,Freehold,573586.25,429750.0,240
Brent,2013-04-01,Leasehold,304286.5479876161,277000.0,323
Brent,2013-07-01,Freehold,637959.5448028673,480000.0,279
Brent,2013-07-01,Leasehold,325262.89295774646,295000.0,355
Brent,2013-10-01,Freehold,626652.7836065574,461000.0,305
Brent,2013-10-01,Leasehold,315384.6570155902,271000.0,449
Brent,2014-01-01,Freehold,656224.9885057472,490000.0,261
Brent,2014-01-01,Leasehold,318760.5342789598,292500.0,423
Brent,2014-04-01,Freehold,638484.2164179104,468000.0,268
Brent,2014-04-01,Leasehold,342305.81464530894,308500.0,437
Brent,2014-07-01,Freehold,692908.8786885246,530000.0,305
Brent,2014-07-01,Leasehold,352555.3274336283,310500.0,452
Brent,2014-10-01,Freehold,694644.6808510638,535000.0,282
Brent,2014-10-01,Leasehold,338623.02588235296,295000.0,425
Brent,2015-01-01,Freehold,706297.2669491526,522500.0,236
Brent,2015-01-01,Leasehold,370941.24933687004,350000.0,377
Brent,2015-04-01,Freehold,689641.9533898305,532475.0,236
Brent,2015-04-01,Leasehold,386730.35046728974,355625.0,428
Brent,2015-07-01,Freehold,755359.1737588652,582500.0,282
Brent,2015-07-01,Leasehold,396849.15700141445,370000.0,707
Brent,2015-10-01,Freehold,751651.2808988764,615000.0,267
Brent,2015-10-01,Leasehold,386618.40721649484,339000.0,388
Brent,2016-01-01,Freehold,765883.161111111,607500.0,360
Brent,2016-01-01,Leasehold,396040.35714285716,355000.0,588
Brent,2016-04-01,Freehold,787084.92481203,645000.0,133
Brent,2016-04-01,Leasehold,405040.1728395062,378935.0,405
Brent,2016-07-01,Freehold,776471.4593023256,595000.0,172
Brent,2016-07-01,Leasehold,453775.57989228005,415000.0,557
Brent,2016-10-01,Freehold,721044.6022727273,570000.0,176
Brent,2016-10-01,Leasehold,409768.55578512396,374050.0,484
Brent,2017-01-01,Freehold,767436.4880952381,570000.0,168
Brent,2017-01-01,Leasehold,440219.22829581995,420000.0,311
Brent,2017-04-01,Freehold,855086.8333333334,645000.0,192
Brent,2017-04-01,Leasehold,448458.57603686635,416000.0,434
Brent,2017-07-01,Freehold,804533.0195121951,650000.0,205
Brent,2017-07-01,Leasehold,434584.2753164557,406875.0,316
Brent,2017-10-01,Freehold,812666.7403314917,620000.0,181
Brent,2017-10-01,Leasehold,453478.3950177936,430000.0,281
Brent,2018-01-01,Freehold,800292.8231292517,635000.0,147
Brent,2018-01-01,Leasehold,422500.09478672984,400000.0,211
Brent,2018-04-01,Freehold,809413.7659574468,629000.0,141
Brent,2018-04-01,Leasehold,446932.86296296294,430000.0,270
Brent,2018-07-01,Freehold,909397.0092165899,660000.0,217
Brent,2018-07-01,Leasehold,434884.689119171,435000.0,386
Brent,2018-10-01,Freehold,734950.3823529412,579000.0,170
Brent,2018-10-01,Leasehold,476913.72222222225,450000.0,306
Brent,2019-01-01,Freehold,831146.1805555555,660000.0,144
Brent,2019-01-01,Leasehold,443020.2254901961,410000.0,204
Brent,2019-04-01,Freehold,768806.6985294118,640000.0,136
Brent,2019-04-01,Leasehold,416203.3256880734,383500.0,218
Brent,2019-07-01,Freehold,793544.8315217391,620000.0,184
Brent,2019-07-01,Leasehold,460706.201793722,425000.0,223
Brent,2019-10-01,Freehold,919669.6464646464,652500.0,198
Brent,2019-10-01,Leasehold,358359.9266055046,330000.0,327
Brent,2020-01-01,Freehold,768384.3710691824,570000.0,159
Brent,2020-01-01,Leasehold,435926.1119133574,424860.0,277
Brent,2020-04-01,Freehold,903304.1149425288,620000.0,87
Brent,2020-04-01,Leasehold,389672.8985507246,388750.0,138
Brent,2020-07-01,Freehold,948731.4682080925,730001.0,173
Brent,2020-07-01,Leasehold,458716.9769230769,423750.0,260
Brent,2020-10-01,Freehold,844525.8962655602,680000.0,241
Brent,2020-10-01,Leasehold,451073.0094043887,445000.0,319
Brent,2021-01-01,Freehold,850520.0379310345,660000.0,290
Brent,2021-01-01,Leasehold,437379.76,410000.0,425
Brent,2021-04-01,Freehold,807086.2734375,643500.0,384
Brent,2021-04-01,Leasehold,458634.0426929392,432000.0,609
Brent,2021-07-01,Freehold,912702.0114942528,682500.0,174
Brent,2021-07-01,Leasehold,438584.32083333336,420000.0,240
Brent,2021-10-01,Freehold,934058.1925925926,748000.0,135
Brent,2021-10-01,Leasehold,437722.8085106383,391500.0,188
Brent,2022-01-01,Freehold,947159.1855670103,749500.0,194
Brent,2022-01-01,Leasehold,440673.974522293,425000.0,314
Brent,2022-04-01,Freehold,969886.3027522935,712500.0,218
Brent,2022-04-01,Leasehold,460998.66750629724,450000.0,397
Brent,2022-07-01,Freehold,999188.2631578947,775000.0,247
Brent,2022-07-01,Leasehold,496304.18143459916,475000.0,474
Brent,2022-10-01,Freehold,983468.2964601769,759250.0,226
Brent,2022-10-01,Leasehold,469833.26801152737,450000.0,347
Brent,2023-01-01,Freehold,903711.3517241379,725000.0,145
Brent,2023-01-01,Leasehold,427983.7708333333,395000.0,288
Brent,2023-04-01,Freehold,932146.2202380953,750000.0,168
Brent,2023-04-01,Leasehold,481198.71428571426,446400.0,217
Brent,2023-07-01,Freehold,999586.2628865979,800000.0,194
Brent,2023-07-01,Leasehold,479433.76981132076,448000.0,265
Brent,2023-10-01,Freehold,973426.8235294118,700000.0,153
Brent,2023-10-01,Leasehold,444179.6695652174,396500.0,230
Brent,2024-01-01,Freehold,928759.6494252874,687500.0,174
Brent,2024-01-01,Leasehold,452575.11235955055,413000.0,178
Brent,2024-04-01,Freehold,943374.4316939891,718000.0,183
Brent,2024-04-01,Leasehold,498563.3857142857,447500.0,210
Brent,2024-07-01,Freehold,1039739.3824884793,800000.0,217
Brent,2024-07-01,Leasehold,475272.1330798479,425000.0,263
Brent,2024-10-01,Freehold,898195.176724138,672000.0,232
Brent,2024-10-01,Leasehold,479398.6059602649,450000.0,302
Brent,2025-01-01,Freehold,810371.3135313531,635000.0,303
Brent,2025-01-01,Leasehold,466896.10591133,435000.0,406
Brent,2025-04-01,Freehold,897759.1171875,696500.0,128
Brent,2025-04-01,Leasehold,503385.6262295082,480150.0,305
Brent,2025-07-01,Freehold,1068335.1311475409,770000.0,183
Brent,2025-07-01,Leasehold,465538.8940677966,415000.0,236
Brent,2025-10-01,Freehold,956696.8705882353,702500.0,170
Brent,2025-10-01,Leasehold,458061.78125,425500.0,224
Brent,2026-01-01,Freehold,755638.3211009174,640000.0,109
Brent,2026-01-01,Leasehold,446390.11811023625,395000.0,127
Brent,2026-04-01,Freehold,788360.7142857143,680500.0,42
Brent,2026-04-01,Leasehold,453701.36363636365,423000.0,44
Bromley,2006-01-01,Freehold,317325.45296167245,265000.0,1148
Bromley,2006-01-01,Leasehold,191437.13144758737,176000.0,601
Bromley,2006-04-01,Freehold,322061.310877193,275000.0,1425
Bromley,2006-04-01,Leasehold,187008.15169366717,173500.0,679
Bromley,2006-07-01,Freehold,333673.1715374841,285000.0,1574
Bromley,2006-07-01,Leasehold,188856.07326007326,172500.0,819
Bromley,2006-10-01,Freehold,337181.6188835286,285000.0,1451
Bromley,2006-10-01,Leasehold,200650.95408163266,180000.0,784
Bromley,2007-01-01,Freehold,350115.8510288066,294000.0,1215
Bromley,2007-01-01,Leasehold,199331.20675675676,180000.0,740
Bromley,2007-04-01,Freehold,367193.2787356322,300000.0,1392
Bromley,2007-04-01,Leasehold,206857.92379679144,193000.0,748
Bromley,2007-07-01,Freehold,382302.3509006004,317950.0,1499
Bromley,2007-07-01,Leasehold,215425.94812680114,199997.5,694
Bromley,2007-10-01,Freehold,395062.3602103418,320000.0,1141
Bromley,2007-10-01,Leasehold,218543.88491446344,205000.0,643
Bromley,2008-01-01,Freehold,365178.972181552,315000.0,683
Bromley,2008-01-01,Leasehold,211855.14354066984,195500.0,418
Bromley,2008-04-01,Freehold,355859.8406676783,300000.0,659
Bromley,2008-04-01,Leasehold,212509.06651884702,197500.0,451
Bromley,2008-07-01,Freehold,386183.1691792295,300000.0,597
Bromley,2008-07-01,Leasehold,205514.52107279692,190000.0,261
Bromley,2008-10-01,Freehold,316258.3882113821,270000.0,492
Bromley,2008-10-01,Leasehold,199198.2685185185,181000.0,216
Bromley,2009-01-01,Freehold,337319.2540106952,250000.0,374
Bromley,2009-01-01,Leasehold,205829.9935483871,182000.0,155
Bromley,2009-04-01,Freehold,316009.51964285714,267000.0,560
Bromley,2009-04-01,Leasehold,199228.56666666668,186000.0,240
Bromley,2009-07-01,Freehold,342888.4351747463,290000.0,887
Bromley,2009-07-01,Leasehold,190759.99725274724,180000.0,364
Bromley,2009-10-01,Freehold,371526.3340184995,307000.0,973
Bromley,2009-10-01,Leasehold,187993.5152284264,174997.5,394
Bromley,2010-01-01,Freehold,354584.83851851855,300000.0,675
Bromley,2010-01-01,Leasehold,201418.16205533597,191500.0,253
Bromley,2010-04-01,Freehold,379336.9975609756,310000.0,820
Bromley,2010-04-01,Leasehold,212794.1810089021,195000.0,337
Bromley,2010-07-01,Freehold,394811.61666666664,335000.0,900
Bromley,2010-07-01,Leasehold,206194.89402173914,194225.0,368
Bromley,2010-10-01,Freehold,374120.02316076297,317000.0,734
Bromley,2010-10-01,Leasehold,202371.96987951806,190000.0,332
Bromley,2011-01-01,Freehold,374195.60238907847,300000.0,586
Bromley,2011-01-01,Leasehold,210634.06666666668,185000.0,270
Bromley,2011-04-01,Freehold,378775.2469135802,317500.0,729
Bromley,2011-04-01,Leasehold,216956.66883116882,195000.0,308
Bromley,2011-07-01,Freehold,403031.5011061947,340000.0,904
Bromley,2011-07-01,Leasehold,213029.73538461537,190000.0,325
Bromley,2011-10-01,Freehold,397413.0095351609,332000.0,839
Bromley,2011-10-01,Leasehold,200595.02463054188,190000.0,406
Bromley,2012-01-01,Freehold,362649.74197860964,309500.0,748
Bromley,2012-01-01,Leasehold,207894.70391061454,193500.0,358
Bromley,2012-04-01,Freehold,387384.0366847826,330000.0,736
Bromley,2012-04-01,Leasehold,219725.55729166666,210000.0,384
Bromley,2012-07-01,Freehold,401069.1274089936,335000.0,934
Bromley,2012-07-01,Leasehold,218930.33078880407,190000.0,393
Bromley,2012-10-01,Freehold,388812.039193729,339995.0,893
Bromley,2012-10-01,Leasehold,229234.88647342994,208205.0,414
Bromley,2013-01-01,Freehold,378838.9424920128,329975.0,626
Bromley,2013-01-01,Leasehold,215327.0859106529,198000.0,291
Bromley,2013-04-01,Freehold,399956.3162291169,345000.0,838
Bromley,2013-04-01,Leasehold,223519.6067146283,210000.0,417
Bromley,2013-07-01,Freehold,416661.272970562,360000.0,1121
Bromley,2013-07-01,Leasehold,222321.69758064515,215250.0,496
Bromley,2013-10-01,Freehold,446273.1295474712,365000.0,1127
Bromley,2013-10-01,Leasehold,234318.55054151625,225000.0,554
Bromley,2014-01-01,Freehold,439950.4832214765,380000.0,894
Bromley,2014-01-01,Leasehold,238462.9241622575,234000.0,567
Bromley,2014-04-01,Freehold,477501.32177681476,415000.0,923
Bromley,2014-04-01,Leasehold,264443.6334586466,245000.0,532
Bromley,2014-07-01,Freehold,501388.3122087605,431250.0,1073
Bromley,2014-07-01,Leasehold,271520.7862969005,250000.0,613
Bromley,2014-10-01,Freehold,489180.6956977964,425000.0,953
Bromley,2014-10-01,Leasehold,264814.0349907919,250000.0,543
Bromley,2015-01-01,Freehold,492315.1819354839,425000.0,775
Bromley,2015-01-01,Leasehold,274313.6261904762,250000.0,420
Bromley,2015-04-01,Freehold,511605.4113712375,437500.0,897
Bromley,2015-04-01,Leasehold,290925.20342205325,275000.0,526
Bromley,2015-07-01,Freehold,544902.5910746813,466250.0,1098
Bromley,2015-07-01,Leasehold,301248.67752443,284250.0,614
Bromley,2015-10-01,Freehold,538273.8371212122,475000.0,1056
Bromley,2015-10-01,Leasehold,300443.73898305086,295000.0,590
Bromley,2016-01-01,Freehold,556203.9979013641,485000.0,953
Bromley,2016-01-01,Leasehold,314570.573089701,305000.0,602
Bromley,2016-04-01,Freehold,549709.3274111676,485000.0,788
Bromley,2016-04-01,Leasehold,334666.0051546392,318750.0,388
Bromley,2016-07-01,Freehold,577453.2188264058,505125.0,818
Bromley,2016-07-01,Leasehold,330418.6574074074,320000.0,432
Bromley,2016-10-01,Freehold,575080.1470967742,515000.0,775
Bromley,2016-10-01,Leasehold,341302.76331360947,329950.0,507
Bromley,2017-01-01,Freehold,569430.3689167975,510000.0,637
Bromley,2017-01-01,Leasehold,343874.53658536583,325000.0,410
Bromley,2017-04-01,Freehold,600898.4898236092,520000.0,737
Bromley,2017-04-01,Leasehold,333092.40983606555,315450.0,427
Bromley,2017-07-01,Freehold,594463.1106243154,535000.0,913
Bromley,2017-07-01,Leasehold,346858.38641686185,335000.0,427
Bromley,2017-10-01,Freehold,577522.8582089553,520000.0,804
Bromley,2017-10-01,Leasehold,338964.24164524424,321000.0,389
Bromley,2018-01-01,Freehold,581594.5965732087,515000.0,642
Bromley,2018-01-01,Leasehold,336283.45588235295,320000.0,340
Bromley,2018-04-01,Freehold,584029.8840782123,520000.0,716
Bromley,2018-04-01,Leasehold,340518.9368932039,335000.0,412
Bromley,2018-07-01,Freehold,583891.85,529000.0,840
Bromley,2018-07-01,Leasehold,353072.222462203,328500.0,463
Bromley,2018-10-01,Freehold,580456.197368421,527750.0,760
Bromley,2018-10-01,Leasehold,347259.43680709536,335000.0,451
Bromley,2019-01-01,Freehold,556837.1346469623,495000.0,609
Bromley,2019-01-01,Leasehold,337199.8511904762,325000.0,336
Bromley,2019-04-01,Freehold,573363.2561349693,505000.0,652
Bromley,2019-04-01,Leasehold,342584.2585365854,325000.0,410
Bromley,2019-07-01,Freehold,589335.2183173589,525000.0,939
Bromley,2019-07-01,Leasehold,339799.84027777775,327000.0,432
Bromley,2019-10-01,Freehold,594133.2146226416,522100.0,848
Bromley,2019-10-01,Leasehold,342153.2063882064,320000.0,407
Bromley,2020-01-01,Freehold,578609.4374158815,510000.0,743
Bromley,2020-01-01,Leasehold,339902.22110552766,325000.0,398
Bromley,2020-04-01,Freehold,599122.6612903225,513000.0,372
Bromley,2020-04-01,Leasehold,298905.825,285000.0,200
Bromley,2020-07-01,Freehold,621772.6534772182,535000.0,834
Bromley,2020-07-01,Leasehold,343176.6288659794,330000.0,291
Bromley,2020-10-01,Freehold,625298.788213628,565000.0,1086
Bromley,2020-10-01,Leasehold,348826.3009708738,330000.0,412
Bromley,2021-01-01,Freehold,622900.4842342342,550000.0,1332
Bromley,2021-01-01,Leasehold,355122.62524271844,325000.0,515
Bromley,2021-04-01,Freehold,667557.8203788374,580000.0,1531
Bromley,2021-04-01,Leasehold,379031.6526479751,350000.0,642
Bromley,2021-07-01,Freehold,674797.6292134832,575000.0,712
Bromley,2021-07-01,Leasehold,331864.1933962264,317500.0,424
Bromley,2021-10-01,Freehold,654215.9442771084,586250.0,664
Bromley,2021-10-01,Leasehold,334657.0681818182,315000.0,352
Bromley,2022-01-01,Freehold,697901.0014556041,600000.0,687
Bromley,2022-01-01,Leasehold,351838.0827250608,335000.0,411
Bromley,2022-04-01,Freehold,730484.657967033,625000.0,728
Bromley,2022-04-01,Leasehold,353665.77906976745,342400.0,430
Bromley,2022-07-01,Freehold,733037.2623873873,645000.0,888
Bromley,2022-07-01,Leasehold,359151.2571428571,349000.0,525
Bromley,2022-10-01,Freehold,719735.6362573099,640000.0,855
Bromley,2022-10-01,Leasehold,371958.56907216494,355000.0,485
Bromley,2023-01-01,Freehold,701848.1469465649,600000.0,524
Bromley,2023-01-01,Leasehold,345386.3911764706,340000.0,340
Bromley,2023-04-01,Freehold,702217.5431861804,610000.0,521
Bromley,2023-04-01,Leasehold,348598.39631336404,320000.0,217
Bromley,2023-07-01,Freehold,695942.6218978103,615000.0,685
Bromley,2023-07-01,Leasehold,362249.50595238095,345500.0,336
Bromley,2023-10-01,Freehold,698199.9953125,602250.0,640
Bromley,2023-10-01,Leasehold,333954.58566978195,317000.0,321
Bromley,2024-01-01,Freehold,666519.5070921986,575000.0,564
Bromley,2024-01-01,Leasehold,352331.4620938628,322000.0,277
Bromley,2024-04-01,Freehold,705547.1898550724,611750.0,690
Bromley,2024-04-01,Leasehold,339815.28956228954,320000.0,297
Bromley,2024-07-01,Freehold,686857.1577102804,613000.0,856
Bromley,2024-07-01,Leasehold,353953.64705882355,335000.0,425
Bromley,2024-10-01,Freehold,702511.721455458,625000.0,797
Bromley,2024-10-01,Leasehold,345378.4922279793,329000.0,386
Bromley,2025-01-01,Freehold,700407.5033175355,615000.0,1055
Bromley,2025-01-01,Leasehold,357865.35294117645,337527.5,476
Bromley,2025-04-01,Freehold,734718.7266949152,650000.0,472
Bromley,2025-04-01,Leasehold,349391.41991341993,325000.0,231
Bromley,2025-07-01,Freehold,703644.9516339869,625000.0,765
Bromley,2025-07-01,Leasehold,343978.61963190185,330000.0,326
Bromley,2025-10-01,Freehold,693563.0917573873,620000.0,643
Bromley,2025-10-01,Leasehold,361174.39130434784,332500.0,299
Bromley,2026-01-01,Freehold,660726.3068669528,607500.0,466
Bromley,2026-01-01,Leasehold,348817.4630541872,350000.0,203
Bromley,2026-04-01,Freehold,632587.6162790698,595000.0,172
Bromley,2026-04-01,Leasehold,358000.0,335000.0,83
Camden,2006-01-01,Freehold,999784.6961325967,705000.0,181
Camden,2006-01-01,Leasehold,369143.6723016905,315000.0,769
Camden,2006-04-01,Freehold,939262.730994152,713000.0,171
Camden,2006-04-01,Leasehold,380464.6579881657,310000.0,845
Camden,2006-07-01,Freehold,1163509.8370786516,827500.0,178
Camden,2006-07-01,Leasehold,379184.0296367113,320000.0,1046
Camden,2006-10-01,Freehold,1130430.790849673,780000.0,153
Camden,2006-10-01,Leasehold,406678.4059293044,345000.0,877
Camden,2007-01-01,Freehold,1198912.5310344826,810000.0,145
Camden,2007-01-01,Leasehold,447109.0763358779,362750.0,786
Camden,2007-04-01,Freehold,1309597.2792792793,800000.0,111
Camden,2007-04-01,Leasehold,430968.263681592,365000.0,804
Camden,2007-07-01,Freehold,1381821.4125874126,935000.0,143
Camden,2007-07-01,Leasehold,468223.0805902384,391000.0,881
Camden,2007-10-01,Freehold,1254639.2105263157,850000.0,95
Camden,2007-10-01,Leasehold,453173.2293956044,389975.0,728
Camden,2008-01-01,Freehold,1523616.2337662338,1050000.0,77
Camden,2008-01-01,Leasehold,506205.20558882237,395000.0,501
Camden,2008-04-01,Freehold,1710156.0989010988,1235000.0,91
Camden,2008-04-01,Leasehold,535878.927480916,407500.0,524
Camden,2008-07-01,Freehold,1407469.8924731184,1080000.0,93
Camden,2008-07-01,Leasehold,496290.9682539682,400000.0,441
Camden,2008-10-01,Freehold,1639142.857142857,841250.0,42
Camden,2008-10-01,Leasehold,458136.49393939396,371500.0,330
Camden,2009-01-01,Freehold,1615163.3793103448,823750.0,58
Camden,2009-01-01,Leasehold,442148.3625498008,350000.0,251
Camden,2009-04-01,Freehold,1242721.202020202,811000.0,99
Camden,2009-04-01,Leasehold,416100.04594594595,355000.0,370
Camden,2009-07-01,Freehold,1092537.4538461538,875000.0,130
Camden,2009-07-01,Leasehold,466892.2073813708,375000.0,569
Camden,2009-10-01,Freehold,1252741.896551724,900000.0,116
Camden,2009-10-01,Leasehold,471949.3514376997,389225.0,626
Camden,2010-01-01,Freehold,1909151.650485437,1230000.0,103
Camden,2010-01-01,Leasehold,507133.62355212355,399950.0,518
Camden,2010-04-01,Freehold,1206970.1818181819,942500.0,88
Camden,2010-04-01,Leasehold,513194.8877755511,410000.0,499
Camden,2010-07-01,Freehold,1694453.8843537415,1200000.0,147
Camden,2010-07-01,Leasehold,586522.293370945,450000.0,709
Camden,2010-10-01,Freehold,1635618.4684684684,1185000.0,111
Camden,2010-10-01,Leasehold,532346.8311036789,450000.0,598
Camden,2011-01-01,Freehold,1852811.7931034483,1265000.0,116
Camden,2011-01-01,Leasehold,569834.4375,431500.0,480
Camden,2011-04-01,Freehold,1570204.9789473685,1185000.0,95
Camden,2011-04-01,Leasehold,514745.5321637427,420000.0,513
Camden,2011-07-01,Freehold,1768304.8934426229,1174500.0,122
Camden,2011-07-01,Leasehold,560318.0860534124,440000.0,674
Camden,2011-10-01,Freehold,1301677.9393939395,900000.0,99
Camden,2011-10-01,Leasehold,533394.4702702702,430000.0,555
Camden,2012-01-01,Freehold,1678337.6063829786,1143750.0,94
Camden,2012-01-01,Leasehold,566230.2559652928,418000.0,461
Camden,2012-04-01,Freehold,1706036.6046511629,1290000.0,86
Camden,2012-04-01,Leasehold,584305.0501043841,450000.0,479
Camden,2012-07-01,Freehold,2057208.530612245,1412500.0,98
Camden,2012-07-01,Leasehold,619499.7282780411,475000.0,633
Camden,2012-10-01,Freehold,1795369.2125,1433750.0,80
Camden,2012-10-01,Leasehold,619877.3293885601,485000.0,507
Camden,2013-01-01,Freehold,1983169.8717948718,1400000.0,78
Camden,2013-01-01,Leasehold,584648.8118609407,435000.0,489
Camden,2013-04-01,Freehold,1730407.06,1342500.0,100
Camden,2013-04-01,Leasehold,626188.8041237113,530000.0,582
Camden,2013-07-01,Freehold,1932296.5878378379,1437500.0,148
Camden,2013-07-01,Leasehold,715375.4253333333,567500.0,750
Camden,2013-10-01,Freehold,1896171.4680851065,1455010.0,94
Camden,2013-10-01,Leasehold,684018.5954415954,554000.0,702
Camden,2014-01-01,Freehold,2004061.2282608696,1520000.0,92
Camden,2014-01-01,Leasehold,706096.3298059965,555000.0,567
Camden,2014-04-01,Freehold,2108617.4545454546,1575000.0,99
Camden,2014-04-01,Leasehold,751376.61829653,622500.0,634
Camden,2014-07-01,Freehold,2450391.844660194,1800000.0,103
Camden,2014-07-01,Leasehold,797091.2271341464,639000.0,656
Camden,2014-10-01,Freehold,2336475.842696629,1585000.0,89
Camden,2014-10-01,Leasehold,798688.6776180698,625000.0,487
Camden,2015-01-01,Freehold,2320813.75,1703247.5,76
Camden,2015-01-01,Leasehold,735888.135881104,599100.0,471
Camden,2015-04-01,Freehold,2218063.955882353,1530000.0,68
Camden,2015-04-01,Leasehold,769690.1510638298,620000.0,470
Camden,2015-07-01,Freehold,2461153.06185567,1900000.0,97
Camden,2015-07-01,Leasehold,969675.2101910828,655000.0,628
Camden,2015-10-01,Freehold,2322118.325301205,1700000.0,83
Camden,2015-10-01,Leasehold,841924.1329879102,700000.0,579
Camden,2016-01-01,Freehold,2504695.745283019,1892750.0,106
Camden,2016-01-01,Leasehold,910098.6626139818,692000.0,658
Camden,2016-04-01,Freehold,1996402.0,1640000.0,51
Camden,2016-04-01,Leasehold,800014.8795811519,640000.0,382
Camden,2016-07-01,Freehold,2526020.888888889,1800000.0,63
Camden,2016-07-01,Leasehold,748206.9607329842,630000.0,382
Camden,2016-10-01,Freehold,2578167.1232876712,1780000.0,73
Camden,2016-10-01,Leasehold,862001.5056179776,690000.0,445
Camden,2017-01-01,Freehold,3072872.326923077,2240000.0,52
Camden,2017-01-01,Leasehold,818005.6318082788,670000.0,459
Camden,2017-04-01,Freehold,2735902.3658536584,1767500.0,82
Camden,2017-04-01,Leasehold,884564.0164271047,760000.0,487
Camden,2017-07-01,Freehold,2410147.6203703703,1820000.0,108
Camden,2017-07-01,Leasehold,850565.5397196262,695000.0,428
Camden,2017-10-01,Freehold,2711011.4583333335,1828500.0,48
Camden,2017-10-01,Leasehold,840452.7835671343,705000.0,499
Camden,2018-01-01,Freehold,2176209.35,1722500.0,60
Camden,2018-01-01,Leasehold,962871.4022346368,700000.0,358
Camden,2018-04-01,Freehold,2388610.144927536,1850000.0,69
Camden,2018-04-01,Leasehold,896527.7837078652,687500.0,356
Camden,2018-07-01,Freehold,2677111.2625,1767500.0,80
Camden,2018-07-01,Leasehold,859107.6203473945,700000.0,403
Camden,2018-10-01,Freehold,2070462.36,1625000.0,75
Camden,2018-10-01,Leasehold,821870.0173267326,695500.0,404
Camden,2019-01-01,Freehold,3179065.0204081633,1915000.0,49
Camden,2019-01-01,Leasehold,769908.9295302014,635000.0,298
Camden,2019-04-01,Freehold,2524965.5344827585,2045000.0,58
Camden,2019-04-01,Leasehold,944822.0923076923,730000.0,325
Camden,2019-07-01,Freehold,2530797.315068493,1750000.0,73
Camden,2019-07-01,Leasehold,941304.6950549451,705000.0,364
Camden,2019-10-01,Freehold,2455978.2608695654,1650000.0,69
Camden,2019-10-01,Leasehold,884316.8015665796,695000.0,383
Camden,2020-01-01,Freehold,2207999.265822785,1750000.0,79
Camden,2020-01-01,Leasehold,866886.8475,687500.0,400
Camden,2020-04-01,Freehold,2698148.6486486485,2230000.0,37
Camden,2020-04-01,Leasehold,823645.5153061225,677500.0,196
Camden,2020-07-01,Freehold,2180969.5894736843,1680000.0,95
Camden,2020-07-01,Leasehold,942859.7677595628,725000.0,366
Camden,2020-10-01,Freehold,2638645.0384615385,1871750.0,78
Camden,2020-10-01,Leasehold,928050.8973843058,730500.0,497
Camden,2021-01-01,Freehold,2571835.480620155,1755000.0,129
Camden,2021-01-01,Leasehold,918805.8327402135,675000.0,562
Camden,2021-04-01,Freehold,2458986.703448276,1780000.0,145
Camden,2021-04-01,Leasehold,830077.9143920596,650000.0,806
Camden,2021-07-01,Freehold,2642512.345679012,1835000.0,81
Camden,2021-07-01,Leasehold,894260.6073619631,692500.0,326
Camden,2021-10-01,Freehold,2799981.709677419,2040000.0,62
Camden,2021-10-01,Leasehold,965711.9545454546,764875.0,330
Camden,2022-01-01,Freehold,2816035.564705882,1900000.0,85
Camden,2022-01-01,Leasehold,901079.3901098901,677500.0,364
Camden,2022-04-01,Freehold,2660944.129411765,1820000.0,85
Camden,2022-04-01,Leasehold,876407.867830424,690000.0,401
Camden,2022-07-01,Freehold,2917363.325203252,1980000.0,123
Camden,2022-07-01,Leasehold,891379.3960784314,700000.0,510
Camden,2022-10-01,Freehold,3033700.0,1880000.0,73
Camden,2022-10-01,Leasehold,879194.2095435684,728250.0,482
Camden,2023-01-01,Freehold,3355731.924050633,2400000.0,79
Camden,2023-01-01,Leasehold,828693.5706214689,660000.0,354
Camden,2023-04-01,Freehold,2573663.6363636362,1950000.0,88
Camden,2023-04-01,Leasehold,897535.7383720931,715000.0,344
Camden,2023-07-01,Freehold,2690756.5921052634,2012500.0,76
Camden,2023-07-01,Leasehold,913128.023255814,710000.0,473
Camden,2023-10-01,Freehold,3304172.896551724,2225000.0,58
Camden,2023-10-01,Leasehold,893121.6486486486,712225.0,444
Camden,2024-01-01,Freehold,2557110.1694915253,1950000.0,59
Camden,2024-01-01,Leasehold,913080.1869688386,715000.0,353
Camden,2024-04-01,Freehold,2569128.434782609,1900500.0,69
Camden,2024-04-01,Leasehold,897593.225490196,711250.0,408
Camden,2024-07-01,Freehold,2294599.0729166665,1875000.0,96
Camden,2024-07-01,Leasehold,905274.3427495292,708000.0,531
Camden,2024-10-01,Freehold,2821223.533333333,2000000.0,105
Camden,2024-10-01,Leasehold,952707.25,736250.0,556
Camden,2025-01-01,Freehold,2848422.4491525423,2055000.0,118
Camden,2025-01-01,Leasehold,800674.7976190476,625000.0,588
Camden,2025-04-01,Freehold,2845575.081967213,2210000.0,61
Camden,2025-04-01,Leasehold,944449.8897058824,752500.0,272
Camden,2025-07-01,Freehold,2792741.85,2053500.0,100
Camden,2025-07-01,Leasehold,825542.2115384615,702500.0,364
Camden,2025-10-01,Freehold,2532770.2586206896,1877500.0,58
Camden,2025-10-01,Leasehold,844320.1797752809,685000.0,267
Camden,2026-01-01,Freehold,2087088.2352941176,1763500.0,34
Camden,2026-01-01,Leasehold,692846.1692307693,599825.0,195
Camden,2026-04-01,Freehold,2619545.0,1288000.0,10
Camden,2026-04-01,Leasehold,680619.3181818182,635000.0,88
City Of London,2006-01-01,Freehold,650000.0,650000.0,2
City Of London,2006-01-01,Leasehold,327500.0,295000.0,63
City Of London,2006-04-01,Leasehold,341113.0266666667,307500.0,75
City Of London,2006-07-01,Freehold,1700000.0,1700000.0,1
City Of London,2006-07-01,Leasehold,388478.62025316455,365000.0,79
City Of London,2006-10-01,Leasehold,409661.68,363000.0,75
City Of London,2007-01-01,Freehold,1387500.0,1387500.0,2
City Of London,2007-01-01,Leasehold,435072.1549295775,385000.0,71
City Of London,2007-04-01,Freehold,1440000.0,1440000.0,1
City Of London,2007-04-01,Leasehold,439636.8095238095,395000.0,63
City Of London,2007-07-01,Leasehold,563878.0,458500.0,84
City Of London,2007-10-01,Freehold,775000.0,775000.0,2
City Of London,2007-10-01,Leasehold,451130.7843137255,425000.0,51
City Of London,2008-01-01,Leasehold,441868.125,394500.0,56
City Of London,2008-04-01,Leasehold,360319.76744186046,352000.0,43
City Of London,2008-07-01,Leasehold,479503.8461538461,473500.0,26
City Of London,2008-10-01,Leasehold,379736.5789473684,375000.0,19
City Of London,2009-01-01,Leasehold,397342.1052631579,370000.0,19
City Of London,2009-04-01,Leasehold,433696.8787878788,331000.0,33
City Of London,2009-07-01,Leasehold,452363.5593220339,440000.0,59
City Of London,2009-10-01,Leasehold,483258.4130434783,471250.0,46
City Of London,2010-01-01,Leasehold,506147.7272727273,421000.0,44
City Of London,2010-04-01,Leasehold,521527.9583333333,430000.0,72
City Of London,2010-07-01,Freehold,1310000.0,1580000.0,3
City Of London,2010-07-01,Leasehold,509631.3125,485000.0,64
City Of London,2010-10-01,Leasehold,515533.24074074073,434975.0,54
City Of London,2011-01-01,Freehold,1300000.0,1300000.0,1
City Of London,2011-01-01,Leasehold,632769.5434782609,487475.0,46
City Of London,2011-04-01,Leasehold,542198.625,440750.0,72
City Of London,2011-07-01,Leasehold,477677.8142857143,460000.0,70
City Of London,2011-10-01,Freehold,2150000.0,2150000.0,1
City Of London,2011-10-01,Leasehold,505490.73846153845,479000.0,65
City Of London,2012-01-01,Freehold,781251.0,781251.0,1
City Of London,2012-01-01,Leasehold,521932.8378378378,465000.0,37
City Of London,2012-04-01,Leasehold,501263.68888888886,425000.0,45
City Of London,2012-07-01,Leasehold,574032.8333333334,482500.0,48
City Of London,2012-10-01,Leasehold,538168.2089552239,498000.0,67
City Of London,2013-01-01,Leasehold,687250.6481481482,605000.0,54
City Of London,2013-04-01,Freehold,2080000.0,2080000.0,1
City Of London,2013-04-01,Leasehold,755379.1296296297,600500.0,54
City Of London,2013-07-01,Freehold,1653000.0,1653000.0,2
City Of London,2013-07-01,Leasehold,751353.5927601809,588750.0,221
City Of London,2013-10-01,Leasehold,869627.2916666666,672500.0,96
City Of London,2014-01-01,Leasehold,852210.0641025641,685000.0,78
City Of London,2014-04-01,Freehold,1700000.0,1700000.0,1
City Of London,2014-04-01,Leasehold,837301.393442623,715000.0,61
City Of London,2014-07-01,Leasehold,947818.0701754387,762260.0,57
City Of London,2014-10-01,Leasehold,915736.0504201681,855600.0,119
City Of London,2015-01-01,Leasehold,896438.4716981133,816350.0,106
City Of London,2015-04-01,Leasehold,1045361.8813559322,820000.0,59
City Of London,2015-07-01,Freehold,521000.0,521000.0,1
City Of London,2015-07-01,Leasehold,938935.9264705882,807500.0,68
City Of London,2015-10-01,Freehold,1830000.0,1830000.0,1
City Of London,2015-10-01,Leasehold,823457.3170731707,650000.0,41
City Of London,2016-01-01,Leasehold,917506.4545454546,825000.0,55
City Of London,2016-04-01,Freehold,1035000.0,1035000.0,1
City Of London,2016-04-01,Leasehold,1001441.380952381,840000.0,21
City Of London,2016-07-01,Leasehold,818638.0952380953,815000.0,21
City Of London,2016-10-01,Leasehold,992474.5641025641,892000.0,39
City Of London,2017-01-01,Leasehold,905717.1052631579,795000.0,38
City Of London,2017-04-01,Leasehold,1023697.350877193,775000.0,57
City Of London,2017-07-01,Leasehold,936866.1428571428,862500.0,70
City Of London,2017-10-01,Leasehold,918667.5925925926,845000.0,54
City Of London,2018-01-01,Leasehold,1017169.6125,850150.0,80
City Of London,2018-04-01,Leasehold,1377338.7948717948,942350.0,117
City Of London,2018-07-01,Leasehold,1254382.0574712644,940000.0,87
City Of London,2018-10-01,Leasehold,1386618.1125,946220.0,80
City Of London,2019-01-01,Leasehold,1021578.7857142857,840000.0,28
City Of London,2019-04-01,Leasehold,1078371.0526315789,932875.0,38
City Of London,2019-07-01,Leasehold,1057614.25,887500.0,40
City Of London,2019-10-01,Leasehold,1193083.6666666667,776750.0,30
City Of London,2020-01-01,Freehold,1850000.0,1850000.0,1
City Of London,2020-01-01,Leasehold,1160824.1666666667,936855.0,48
City Of London,2020-04-01,Leasehold,1366785.0,894500.0,30
City Of London,2020-07-01,Leasehold,1424274.0740740742,840000.0,27
City Of London,2020-10-01,Leasehold,915176.6049382716,815450.0,81
City Of London,2021-01-01,Freehold,1750000.0,1750000.0,1
City Of London,2021-01-01,Leasehold,785307.9310344828,750000.0,58
City Of London,2021-04-01,Freehold,2950000.0,2950000.0,1
City Of London,2021-04-01,Leasehold,947725.6849315069,790000.0,73
City Of London,2021-07-01,Freehold,2850000.0,2850000.0,1
City Of London,2021-07-01,Leasehold,975403.3333333334,812500.0,30
City Of London,2021-10-01,Leasehold,1319711.0392156863,1171200.0,51
City Of London,2022-01-01,Leasehold,991186.8292682926,825000.0,41
City Of London,2022-04-01,Leasehold,993459.1063829787,770000.0,47
City Of London,2022-07-01,Leasehold,1086378.9473684211,825000.0,57
City Of London,2022-10-01,Leasehold,1298090.9722222222,980000.0,36
City Of London,2023-01-01,Leasehold,1028159.8484848485,775000.0,33
City Of London,2023-04-01,Leasehold,1320609.564102564,1135000.0,39
City Of London,2023-07-01,Leasehold,1100689.4814814816,905000.0,54
City Of London,2023-10-01,Leasehold,958395.2727272727,800000.0,33
City Of London,2024-01-01,Leasehold,1040054.6527777778,803875.0,72
City Of London,2024-04-01,Leasehold,1039804.6296296297,900000.0,54
City Of London,2024-07-01,Leasehold,912836.7872340425,720000.0,47
City Of London,2024-10-01,Freehold,1735333.3333333333,1750000.0,3
City Of London,2024-10-01,Leasehold,870941.0256410256,762500.0,39
City Of London,2025-01-01,Leasehold,963881.9508196721,780000.0,61
City Of London,2025-04-01,Leasehold,1131721.1538461538,905000.0,26
City Of London,2025-07-01,Freehold,3200000.0,3200000.0,1
City Of London,2025-07-01,Leasehold,939959.4594594594,775000.0,37
City Of London,2025-10-01,Leasehold,907869.3333333334,871790.0,30
City Of London,2026-01-01,Leasehold,654020.0,622000.0,20
City Of London,2026-04-01,Leasehold,788750.0,827500.0,4
City Of Westminster,2006-01-01,Freehold,1286279.042253521,955000.0,142
City Of Westminster,2006-01-01,Leasehold,512984.2328244275,375000.0,1310
City Of Westminster,2006-04-01,Freehold,1332242.4203821656,1200000.0,157
City Of Westminster,2006-04-01,Leasehold,532098.574025974,410899.5,1540
City Of Westminster,2006-07-01,Freehold,1305205.0322580645,997777.5,186
City Of Westminster,2006-07-01,Leasehold,513603.27843915345,390000.0,1512
City Of Westminster,2006-10-01,Freehold,1287549.5867768596,1100000.0,121
City Of Westminster,2006-10-01,Leasehold,505494.83240223466,380000.0,1432
City Of Westminster,2007-01-01,Freehold,1434296.2248062016,1050000.0,129
City Of Westminster,2007-01-01,Leasehold,545835.5468253968,422750.0,1260
City Of Westminster,2007-04-01,Freehold,1648204.024,1100000.0,125
City Of Westminster,2007-04-01,Leasehold,584010.9686800895,430000.0,1341
City Of Westminster,2007-07-01,Freehold,2023289.1526717558,1650000.0,131
City Of Westminster,2007-07-01,Leasehold,651191.7697568389,455000.0,1316
City Of Westminster,2007-10-01,Freehold,1586206.5189873418,1250000.0,79
City Of Westminster,2007-10-01,Leasehold,622779.7107664234,495000.0,1096
City Of Westminster,2008-01-01,Freehold,1665527.3181818181,1387500.0,66
City Of Westminster,2008-01-01,Leasehold,638163.8715469614,475000.0,724
City Of Westminster,2008-04-01,Freehold,2436910.714285714,1465000.0,56
City Of Westminster,2008-04-01,Leasehold,650217.1797619048,470000.0,840
City Of Westminster,2008-07-01,Freehold,2289354.8,1690000.0,75
City Of Westminster,2008-07-01,Leasehold,677024.3685185185,463750.0,540
City Of Westminster,2008-10-01,Freehold,1870376.530612245,1400000.0,49
City Of Westminster,2008-10-01,Leasehold,696825.1459694989,475000.0,459
City Of Westminster,2009-01-01,Freehold,1661309.5238095238,1337500.0,42
City Of Westminster,2009-01-01,Leasehold,591327.9925,413750.0,400
City Of Westminster,2009-04-01,Freehold,1490664.5423728814,1125000.0,59
City Of Westminster,2009-04-01,Leasehold,686708.4172794118,472500.0,544
City Of Westminster,2009-07-01,Freehold,1634188.15,1325000.0,100
City Of Westminster,2009-07-01,Leasehold,645885.1158156912,470000.0,803
City Of Westminster,2009-10-01,Freehold,1521588.197802198,1321000.0,91
City Of Westminster,2009-10-01,Leasehold,655199.1933638444,500000.0,874
City Of Westminster,2010-01-01,Freehold,1861024.513888889,1590000.0,72
City Of Westminster,2010-01-01,Leasehold,697027.639147803,550000.0,751
City Of Westminster,2010-04-01,Freehold,1774574.096385542,1297000.0,83
City Of Westminster,2010-04-01,Leasehold,691442.4477611941,525000.0,871
City Of Westminster,2010-07-01,Freehold,1714611.6990291262,1462500.0,103
City Of Westminster,2010-07-01,Leasehold,752544.1383352872,546000.0,853
City Of Westminster,2010-10-01,Freehold,1905586.3095238095,1475000.0,84
City Of Westminster,2010-10-01,Leasehold,747701.8740648379,575000.0,802
City Of Westminster,2011-01-01,Freehold,2162090.8333333335,1660000.0,90
City Of Westminster,2011-01-01,Leasehold,814327.2046703297,565000.0,728
City Of Westminster,2011-04-01,Freehold,2219503.908045977,1570000.0,87
City Of Westminster,2011-04-01,Leasehold,806955.0783475783,570000.0,702
City Of Westminster,2011-07-01,Freehold,2388582.5,1910000.0,100
City Of Westminster,2011-07-01,Leasehold,805637.9813895782,566500.0,806
City Of Westminster,2011-10-01,Freehold,2300641.3768115942,1685000.0,69
City Of Westminster,2011-10-01,Leasehold,790817.0965986395,545000.0,735
City Of Westminster,2012-01-01,Freehold,2088203.0303030303,1637500.0,66
City Of Westminster,2012-01-01,Leasehold,775952.0557228916,528750.0,664
City Of Westminster,2012-04-01,Freehold,2855435.369047619,2039600.0,84
City Of Westminster,2012-04-01,Leasehold,1015956.7652645862,615000.0,737
City Of Westminster,2012-07-01,Freehold,2575194.35106383,2000000.0,94
City Of Westminster,2012-07-01,Leasehold,982777.4781491002,595000.0,778
City Of Westminster,2012-10-01,Freehold,2697142.160493827,1975000.0,81
City Of Westminster,2012-10-01,Leasehold,1148277.850132626,667937.5,754
City Of Westminster,2013-01-01,Freehold,2641338.432835821,1705000.0,67
City Of Westminster,2013-01-01,Leasehold,1091985.170596394,653825.0,721
City Of Westminster,2013-04-01,Freehold,2975627.2924528304,2225000.0,106
City Of Westminster,2013-04-01,Leasehold,1152900.8549222797,698500.0,772
City Of Westminster,2013-07-01,Freehold,3164852.974576271,2700000.0,118
City Of Westminster,2013-07-01,Leasehold,1028927.1957730812,680000.0,899
City Of Westminster,2013-10-01,Freehold,2907089.4056603773,2038000.0,106
City Of Westminster,2013-10-01,Leasehold,1116051.3484848484,660000.0,858
City Of Westminster,2014-01-01,Freehold,2953124.7011494255,2200000.0,87
City Of Westminster,2014-01-01,Leasehold,1058500.0240452616,745000.0,707
City Of Westminster,2014-04-01,Freehold,3062181.0126582277,2895000.0,79
City Of Westminster,2014-04-01,Leasehold,1245635.961297071,851500.0,956
City Of Westminster,2014-07-01,Freehold,4016644.6739130435,2997500.0,92
City Of Westminster,2014-07-01,Leasehold,1333766.5391812865,867000.0,855
City Of Westminster,2014-10-01,Freehold,2914943.5555555555,2225000.0,54
City Of Westminster,2014-10-01,Leasehold,1504390.9475138122,890000.0,724
City Of Westminster,2015-01-01,Freehold,3442893.867924528,2750000.0,53
City Of Westminster,2015-01-01,Leasehold,1175669.2857142857,825000.0,602
City Of Westminster,2015-04-01,Freehold,2711057.01754386,2420000.0,57
City Of Westminster,2015-04-01,Leasehold,1119513.3148425787,835000.0,667
City Of Westminster,2015-07-01,Freehold,3666069.55,2545399.5,60
City Of Westminster,2015-07-01,Leasehold,1212867.113018598,840000.0,699
City Of Westminster,2015-10-01,Freehold,2908425.362318841,2700000.0,69
City Of Westminster,2015-10-01,Leasehold,1269606.6959064328,920000.0,684
City Of Westminster,2016-01-01,Freehold,3758859.914893617,2800000.0,94
City Of Westminster,2016-01-01,Leasehold,1313164.4577735125,920000.0,1042
City Of Westminster,2016-04-01,Freehold,2627602.346153846,2056500.0,26
City Of Westminster,2016-04-01,Leasehold,1511690.0503597122,1058000.0,417
City Of Westminster,2016-07-01,Freehold,2846357.8596491227,2295000.0,57
City Of Westminster,2016-07-01,Leasehold,1487937.6790697675,937500.0,430
City Of Westminster,2016-10-01,Freehold,2901745.1923076925,1493750.0,52
City Of Westminster,2016-10-01,Leasehold,1533387.3112781956,1151000.0,665
City Of Westminster,2017-01-01,Freehold,3233485.714285714,2700000.0,49
City Of Westminster,2017-01-01,Leasehold,1449756.391304348,1020000.0,621
City Of Westminster,2017-04-01,Freehold,3645007.98245614,2600000.0,57
City Of Westminster,2017-04-01,Leasehold,1492914.669767442,1049300.0,645
City Of Westminster,2017-07-01,Freehold,2955439.793103448,2300000.0,58
City Of Westminster,2017-07-01,Leasehold,1456293.3485113836,878750.0,571
City Of Westminster,2017-10-01,Freehold,4042031.612244898,3150000.0,49
City Of Westminster,2017-10-01,Leasehold,1846120.672072072,1020000.0,555
City Of Westminster,2018-01-01,Freehold,3083512.5,2949000.0,40
City Of Westminster,2018-01-01,Leasehold,1640750.4318181819,1100000.0,572
City Of Westminster,2018-04-01,Freehold,3228035.5945945946,2550000.0,37
City Of Westminster,2018-04-01,Leasehold,1629589.3385650225,910000.0,446
City Of Westminster,2018-07-01,Freehold,2847283.3333333335,2400000.0,57
City Of Westminster,2018-07-01,Leasehold,1507239.6880733946,950000.0,436
City Of Westminster,2018-10-01,Freehold,4151642.4,2975000.0,60
City Of Westminster,2018-10-01,Leasehold,1293233.6812933024,800000.0,433
City Of Westminster,2019-01-01,Freehold,2936490.566037736,2000000.0,53
City Of Westminster,2019-01-01,Leasehold,1501033.3026315789,900000.0,380
City Of Westminster,2019-04-01,Freehold,3382050.0,3112500.0,50
City Of Westminster,2019-04-01,Leasehold,1738337.64608076,912000.0,421
City Of Westminster,2019-07-01,Freehold,3163520.918032787,2450000.0,61
City Of Westminster,2019-07-01,Leasehold,1441040.2268041237,865000.0,485
City Of Westminster,2019-10-01,Freehold,3144455.253968254,2275000.0,63
City Of Westminster,2019-10-01,Leasehold,1911620.3784246575,997500.0,584
City Of Westminster,2020-01-01,Freehold,2798566.6666666665,2030000.0,60
City Of Westminster,2020-01-01,Leasehold,1759721.468619247,975000.0,478
City Of Westminster,2020-04-01,Freehold,5517265.625,3575000.0,32
City Of Westminster,2020-04-01,Leasehold,1623512.2723577237,917500.0,246
City Of Westminster,2020-07-01,Freehold,3528623.9516129033,3250000.0,62
City Of Westminster,2020-07-01,Leasehold,1602861.5578947368,840000.0,475
City Of Westminster,2020-10-01,Freehold,3300706.64556962,2300000.0,79
City Of Westminster,2020-10-01,Leasehold,1388692.7133891212,812500.0,478
City Of Westminster,2021-01-01,Freehold,3493862.0689655175,3000000.0,87
City Of Westminster,2021-01-01,Leasehold,1463103.2552301255,900000.0,717
City Of Westminster,2021-04-01,Freehold,3279732.091666667,2857500.0,120
City Of Westminster,2021-04-01,Leasehold,1077492.4721274176,760000.0,879
City Of Westminster,2021-07-01,Freehold,3844064.71875,3047500.0,64
City Of Westminster,2021-07-01,Leasehold,1388365.5101522843,940000.0,394
City Of Westminster,2021-10-01,Freehold,3838283.2711864407,2750000.0,59
City Of Westminster,2021-10-01,Leasehold,1763161.747881356,1000000.0,472
City Of Westminster,2022-01-01,Freehold,3649757.4719101125,2400000.0,89
City Of Westminster,2022-01-01,Leasehold,2113266.725296443,1045000.0,506
City Of Westminster,2022-04-01,Freehold,4163405.389473684,3200000.0,95
City Of Westminster,2022-04-01,Leasehold,1580335.273666093,960000.0,581
City Of Westminster,2022-07-01,Freehold,3687247.227272727,2867500.0,66
City Of Westminster,2022-07-01,Leasehold,1462737.6923076923,977500.0,689
City Of Westminster,2022-10-01,Freehold,4347427.232876712,2700000.0,73
City Of Westminster,2022-10-01,Leasehold,1759770.6959553696,975000.0,717
City Of Westminster,2023-01-01,Freehold,4317500.421052632,2900000.0,57
City Of Westminster,2023-01-01,Leasehold,1823762.6894736842,1071250.0,570
City Of Westminster,2023-04-01,Freehold,3543630.434782609,3250000.0,46
City Of Westminster,2023-04-01,Leasehold,1971634.3174603174,1100000.0,567
City Of Westminster,2023-07-01,Freehold,3550179.1,2575000.0,60
City Of Westminster,2023-07-01,Leasehold,1701246.458563536,905000.0,543
City Of Westminster,2023-10-01,Freehold,4702275.2835820895,3100000.0,67
City Of Westminster,2023-10-01,Leasehold,2347794.3844731976,985000.0,541
City Of Westminster,2024-01-01,Freehold,3473873.224137931,2512500.0,58
City Of Westminster,2024-01-01,Leasehold,1755348.7322654463,922000.0,437
City Of Westminster,2024-04-01,Freehold,4267843.416666667,3125000.0,60
City Of Westminster,2024-04-01,Leasehold,1645209.8333333333,925000.0,474
City Of Westminster,2024-07-01,Freehold,3581301.0,2700000.0,83
City Of Westminster,2024-07-01,Leasehold,1417077.487410072,840000.0,556
City Of Westminster,2024-10-01,Freehold,3990327.5263157897,2825000.0,76
City Of Westminster,2024-10-01,Leasehold,1693408.461273666,820000.0,581
City Of Westminster,2025-01-01,Freehold,3735115.806451613,2812500.0,62
City Of Westminster,2025-01-01,Leasehold,1154756.4632237873,775000.0,639
City Of Westminster,2025-04-01,Freehold,3654638.52,2925000.0,50
City Of Westminster,2025-04-01,Leasehold,1793720.8530259365,990000.0,347
City Of Westminster,2025-07-01,Freehold,3577156.9264705884,2875000.0,68
City Of Westminster,2025-07-01,Leasehold,1326569.3177570093,850000.0,428
City Of Westminster,2025-10-01,Freehold,2701511.4583333335,2430000.0,48
City Of Westminster,2025-10-01,Leasehold,1028094.7414772727,730000.0,352
City Of Westminster,2026-01-01,Freehold,3647481.4814814813,2125000.0,27
City Of Westminster,2026-01-01,Leasehold,798634.0976744186,635000.0,215
City Of Westminster,2026-04-01,Freehold,3378928.5714285714,1785000.0,14
City Of Westminster,2026-04-01,Leasehold,903644.243902439,672500.0,82
Croydon,2006-01-01,Freehold,261546.3409090909,230000.0,1056
Croydon,2006-01-01,Leasehold,151732.50384024577,148000.0,651
Croydon,2006-04-01,Freehold,267138.3,237750.0,1150
Croydon,2006-04-01,Leasehold,158995.94019471487,152000.0,719
Croydon,2006-07-01,Freehold,275403.4852436513,242000.0,1457
Croydon,2006-07-01,Leasehold,167117.51577669903,160000.0,824
Croydon,2006-10-01,Freehold,279951.9288645691,245000.0,1462
Croydon,2006-10-01,Leasehold,165235.48984468338,160000.0,837
Croydon,2007-01-01,Freehold,284569.35745422845,249950.0,1147
Croydon,2007-01-01,Leasehold,169336.5110821382,163000.0,767
Croydon,2007-04-01,Freehold,290747.80248962657,250000.0,1205
Croydon,2007-04-01,Leasehold,170046.16425120772,167000.0,828
Croydon,2007-07-01,Freehold,305359.03910614527,265000.0,1432
Croydon,2007-07-01,Leasehold,175825.17845117845,172500.0,891
Croydon,2007-10-01,Freehold,307038.4588441331,268000.0,1142
Croydon,2007-10-01,Leasehold,184641.7099056604,178500.0,848
Croydon,2008-01-01,Freehold,301661.19267299864,265000.0,737
Croydon,2008-01-01,Leasehold,178852.45542635658,174500.0,516
Croydon,2008-04-01,Freehold,307194.71552975324,263000.0,689
Croydon,2008-04-01,Leasehold,176569.3325635104,170000.0,433
Croydon,2008-07-01,Freehold,310759.37072243344,250000.0,526
Croydon,2008-07-01,Leasehold,178575.23103448277,170000.0,290
Croydon,2008-10-01,Freehold,282577.3899082569,242500.0,436
Croydon,2008-10-01,Leasehold,175521.75735294117,170000.0,272
Croydon,2009-01-01,Freehold,275821.86,230000.0,350
Croydon,2009-01-01,Leasehold,169639.8064516129,165000.0,186
Croydon,2009-04-01,Freehold,258836.0402684564,230000.0,447
Croydon,2009-04-01,Leasehold,155747.8897338403,151000.0,263
Croydon,2009-07-01,Freehold,281647.9521604938,235000.0,648
Croydon,2009-07-01,Leasehold,152199.58208955225,155000.0,335
Croydon,2009-10-01,Freehold,285556.6217765043,247000.0,698
Croydon,2009-10-01,Leasehold,161329.05806451614,157168.0,465
Croydon,2010-01-01,Freehold,313628.374749499,250000.0,499
Croydon,2010-01-01,Leasehold,179536.47147147148,172500.0,333
Croydon,2010-04-01,Freehold,295958.14181818184,250000.0,550
Croydon,2010-04-01,Leasehold,169439.89520958083,164500.0,334
Croydon,2010-07-01,Freehold,302032.8123123123,267750.0,666
Croydon,2010-07-01,Leasehold,167669.76488095237,165000.0,336
Croydon,2010-10-01,Freehold,301079.3756432247,250000.0,583
Croydon,2010-10-01,Leasehold,169023.6420118343,162000.0,338
Croydon,2011-01-01,Freehold,307285.72160356346,249950.0,449
Croydon,2011-01-01,Leasehold,172448.98804780876,160000.0,251
Croydon,2011-04-01,Freehold,294549.31870229007,250000.0,524
Croydon,2011-04-01,Leasehold,165511.63559322033,162000.0,236
Croydon,2011-07-01,Freehold,300800.09572901326,250000.0,679
Croydon,2011-07-01,Leasehold,164459.26666666666,159000.0,345
Croydon,2011-10-01,Freehold,299500.19970845483,250000.0,686
Croydon,2011-10-01,Leasehold,167611.12573099416,158497.5,342
Croydon,2012-01-01,Freehold,291825.2431561997,250000.0,621
Croydon,2012-01-01,Leasehold,168476.5304054054,165000.0,296
Croydon,2012-04-01,Freehold,319488.8685714286,275000.0,525
Croydon,2012-04-01,Leasehold,172601.81818181818,165000.0,242
Croydon,2012-07-01,Freehold,315237.53639240505,275000.0,632
Croydon,2012-07-01,Leasehold,168777.1986970684,165000.0,307
Croydon,2012-10-01,Freehold,302847.20176730485,270000.0,679
Croydon,2012-10-01,Leasehold,171515.09253731344,167000.0,335
Croydon,2013-01-01,Freehold,313609.09154929576,260000.0,568
Croydon,2013-01-01,Leasehold,185036.39358600584,182000.0,343
Croydon,2013-04-01,Freehold,319458.3612040134,280000.0,598
Croydon,2013-04-01,Leasehold,188414.07847082496,180500.0,497
Croydon,2013-07-01,Freehold,327184.23867809057,293500.0,817
Croydon,2013-07-01,Leasehold,188082.58951965065,180000.0,458
Croydon,2013-10-01,Freehold,339418.7866520788,302125.0,914
Croydon,2013-10-01,Leasehold,190955.39165329054,185000.0,623
Croydon,2014-01-01,Freehold,345835.1828947368,300975.0,760
Croydon,2014-01-01,Leasehold,203607.0909090909,198000.0,649
Croydon,2014-04-01,Freehold,374574.61324503314,325000.0,755
Croydon,2014-04-01,Leasehold,208538.35014409223,202000.0,694
Croydon,2014-07-01,Freehold,383572.7034883721,350000.0,860
Croydon,2014-07-01,Leasehold,228300.0070028011,218200.0,714
Croydon,2014-10-01,Freehold,389586.22352941177,349950.0,765
Croydon,2014-10-01,Leasehold,219754.64945226916,212500.0,639
Croydon,2015-01-01,Freehold,397743.24736048264,355000.0,663
Croydon,2015-01-01,Leasehold,228227.51308900522,225000.0,573
Croydon,2015-04-01,Freehold,409906.1504178273,375000.0,718
Croydon,2015-04-01,Leasehold,237774.21639344262,232000.0,610
Croydon,2015-07-01,Freehold,426090.45296167245,385000.0,861
Croydon,2015-07-01,Leasehold,250294.8727810651,245322.5,676
Croydon,2015-10-01,Freehold,449536.088028169,395000.0,852
Croydon,2015-10-01,Leasehold,246013.9319526627,242750.0,676
Croydon,2016-01-01,Freehold,442874.4855491329,404000.0,865
Croydon,2016-01-01,Leasehold,262032.1896551724,260000.0,696
Croydon,2016-04-01,Freehold,458283.7677902622,424250.0,534
Croydon,2016-04-01,Leasehold,269367.51905626134,260000.0,551
Croydon,2016-07-01,Freehold,484996.21285714285,430000.0,700
Croydon,2016-07-01,Leasehold,276301.634502924,265000.0,684
Croydon,2016-10-01,Freehold,475252.65625,431750.0,576
Croydon,2016-10-01,Leasehold,289424.1124567474,285000.0,578
Croydon,2017-01-01,Freehold,479530.2595281307,434950.0,551
Croydon,2017-01-01,Leasehold,295538.6886792453,290000.0,636
Croydon,2017-04-01,Freehold,481656.6261682243,440000.0,642
Croydon,2017-04-01,Leasehold,302544.0379965458,290000.0,579
Croydon,2017-07-01,Freehold,506465.9915373766,450000.0,709
Croydon,2017-07-01,Leasehold,316400.9710391823,300000.0,587
Croydon,2017-10-01,Freehold,483625.69122257055,449975.0,638
Croydon,2017-10-01,Leasehold,294065.8871892925,289950.0,523
Croydon,2018-01-01,Freehold,500009.13714285713,455000.0,525
Croydon,2018-01-01,Leasehold,290955.83152173914,275000.0,368
Croydon,2018-04-01,Freehold,500394.7151051625,454000.0,523
Croydon,2018-04-01,Leasehold,300994.1982182628,285000.0,449
Croydon,2018-07-01,Freehold,498873.2036516854,463750.0,712
Croydon,2018-07-01,Leasehold,294338.8713592233,289250.0,412
Croydon,2018-10-01,Freehold,499309.8103448276,455000.0,696
Croydon,2018-10-01,Leasehold,295591.88452088455,280000.0,407
Croydon,2019-01-01,Freehold,472668.2781818182,435000.0,550
Croydon,2019-01-01,Leasehold,309759.4428571428,300000.0,350
Croydon,2019-04-01,Freehold,482094.84246575343,447000.0,584
Croydon,2019-04-01,Leasehold,294127.6461988304,281250.0,342
Croydon,2019-07-01,Freehold,500236.4985632184,460000.0,696
Croydon,2019-07-01,Leasehold,292554.8050458716,282000.0,436
Croydon,2019-10-01,Freehold,480065.77923976607,438000.0,684
Croydon,2019-10-01,Leasehold,294378.64619164617,287000.0,407
Croydon,2020-01-01,Freehold,485098.4366438356,439250.0,584
Croydon,2020-01-01,Leasehold,293583.98214285716,285000.0,336
Croydon,2020-04-01,Freehold,490809.3615635179,444000.0,307
Croydon,2020-04-01,Leasehold,305314.07281553396,290000.0,206
Croydon,2020-07-01,Freehold,513887.96794871794,465500.0,624
Croydon,2020-07-01,Leasehold,314411.3189873418,305000.0,395
Croydon,2020-10-01,Freehold,507355.97270471463,466250.0,806
Croydon,2020-10-01,Leasehold,319171.36234458257,310000.0,563
Croydon,2021-01-01,Freehold,521930.5757864633,475000.0,1049
Croydon,2021-01-01,Leasehold,330459.5371621622,315000.0,592
Croydon,2021-04-01,Freehold,522473.05417607224,475000.0,1329
Croydon,2021-04-01,Leasehold,324535.3566009105,307500.0,659
Croydon,2021-07-01,Freehold,523325.52469135803,475000.0,648
Croydon,2021-07-01,Leasehold,296164.0621359223,280000.0,515
Croydon,2021-10-01,Freehold,525942.5351851851,476500.0,540
Croydon,2021-10-01,Leasehold,295242.96356275305,290000.0,494
Croydon,2022-01-01,Freehold,558246.1939291738,500000.0,593
Croydon,2022-01-01,Leasehold,308981.5503211991,295000.0,467
Croydon,2022-04-01,Freehold,546160.8181818182,500000.0,605
Croydon,2022-04-01,Leasehold,311272.18426501035,300000.0,483
Croydon,2022-07-01,Freehold,599025.7519379845,535000.0,774
Croydon,2022-07-01,Leasehold,326877.5680933852,315000.0,514
Croydon,2022-10-01,Freehold,583369.7589158345,525000.0,701
Croydon,2022-10-01,Leasehold,312725.30411449017,305000.0,559
Croydon,2023-01-01,Freehold,545382.8181818182,495000.0,473
Croydon,2023-01-01,Leasehold,324418.84035476716,315000.0,451
Croydon,2023-04-01,Freehold,541439.5244755244,485000.0,429
Croydon,2023-04-01,Leasehold,290479.04332129966,276000.0,277
Croydon,2023-07-01,Freehold,578922.1794019934,525000.0,602
Croydon,2023-07-01,Leasehold,288541.47740112996,285000.0,354
Croydon,2023-10-01,Freehold,551596.4804123711,495000.0,485
Croydon,2023-10-01,Leasehold,287566.8674033149,280000.0,362
Croydon,2024-01-01,Freehold,550573.6893617022,500000.0,470
Croydon,2024-01-01,Leasehold,278427.6777408638,270000.0,301
Croydon,2024-04-01,Freehold,548779.4799270073,500000.0,548
Croydon,2024-04-01,Leasehold,286088.164516129,285500.0,310
Croydon,2024-07-01,Freehold,559767.4298245613,515000.0,684
Croydon,2024-07-01,Leasehold,296114.6865671642,280000.0,335
Croydon,2024-10-01,Freehold,546296.7882534775,500000.0,647
Croydon,2024-10-01,Leasehold,292200.6657303371,285000.0,356
Croydon,2025-01-01,Freehold,533254.9676339285,490000.0,896
Croydon,2025-01-01,Leasehold,302411.016091954,300000.0,435
Croydon,2025-04-01,Freehold,562946.0466321243,505000.0,386
Croydon,2025-04-01,Leasehold,285318.42435424356,276000.0,271
Croydon,2025-07-01,Freehold,559069.2748538011,510000.0,684
Croydon,2025-07-01,Leasehold,290841.77669902914,290000.0,309
Croydon,2025-10-01,Freehold,552496.2281021898,500000.0,548
Croydon,2025-10-01,Leasehold,290184.402173913,285000.0,276
Croydon,2026-01-01,Freehold,536279.4486215538,500000.0,399
Croydon,2026-01-01,Leasehold,274989.3879310345,267750.0,232
Croydon,2026-04-01,Freehold,540121.7039473684,497499.5,152
Croydon,2026-04-01,Leasehold,277378.68852459016,262000.0,61
Ealing,2006-01-01,Freehold,339683.2185338866,276000.0,723
Ealing,2006-01-01,Leasehold,206620.822147651,194000.0,596
Ealing,2006-04-01,Freehold,358711.7477124183,286000.0,765
Ealing,2006-04-01,Leasehold,213041.9970972424,208000.0,689
Ealing,2006-07-01,Freehold,378643.0862403101,305000.0,1032
Ealing,2006-07-01,Leasehold,224204.66027088035,215000.0,886
Ealing,2006-10-01,Freehold,365460.9846698113,300000.0,848
Ealing,2006-10-01,Leasehold,228092.2821497121,222975.0,1042
Ealing,2007-01-01,Freehold,384278.4980392157,307000.0,765
Ealing,2007-01-01,Leasehold,235179.2275449102,220000.0,835
Ealing,2007-04-01,Freehold,399452.2525252525,321500.0,792
Ealing,2007-04-01,Leasehold,243791.9094117647,229995.0,850
Ealing,2007-07-01,Freehold,427721.52494061756,343225.0,842
Ealing,2007-07-01,Leasehold,252661.38861386137,245000.0,808
Ealing,2007-10-01,Freehold,438052.3951367781,335475.0,658
Ealing,2007-10-01,Leasehold,264654.06074074074,250000.0,675
Ealing,2008-01-01,Freehold,406216.7115789474,336000.0,475
Ealing,2008-01-01,Leasehold,259234.86393088553,240000.0,463
Ealing,2008-04-01,Freehold,413733.31,335000.0,400
Ealing,2008-04-01,Leasehold,241430.5536231884,235000.0,345
Ealing,2008-07-01,Freehold,426570.4813559322,310000.0,295
Ealing,2008-07-01,Leasehold,245395.95625,230000.0,320
Ealing,2008-10-01,Freehold,361722.34545454546,300000.0,275
Ealing,2008-10-01,Leasehold,220068.03381642513,204000.0,207
Ealing,2009-01-01,Freehold,386850.5051020408,288750.0,196
Ealing,2009-01-01,Leasehold,201428.07751937985,185000.0,129
Ealing,2009-04-01,Freehold,378676.1724137931,335000.0,319
Ealing,2009-04-01,Leasehold,227545.1004784689,200000.0,209
Ealing,2009-07-01,Freehold,417793.45871559635,350000.0,436
Ealing,2009-07-01,Leasehold,230772.41134751774,220000.0,282
Ealing,2009-10-01,Freehold,406612.8599137931,335000.0,464
Ealing,2009-10-01,Leasehold,229854.8661202186,220000.0,366
Ealing,2010-01-01,Freehold,427850.6105527638,345000.0,398
Ealing,2010-01-01,Leasehold,236848.62012987013,227750.0,308
Ealing,2010-04-01,Freehold,424472.5443645084,347000.0,417
Ealing,2010-04-01,Leasehold,235605.5084269663,225500.0,356
Ealing,2010-07-01,Freehold,454931.193877551,380000.0,490
Ealing,2010-07-01,Leasehold,254467.21375921377,242000.0,407
Ealing,2010-10-01,Freehold,445343.75227272726,347500.0,440
Ealing,2010-10-01,Leasehold,251400.77638190956,235000.0,398
Ealing,2011-01-01,Freehold,444472.1823899371,367500.0,318
Ealing,2011-01-01,Leasehold,259987.520123839,242500.0,323
Ealing,2011-04-01,Freehold,454975.65343915345,355000.0,378
Ealing,2011-04-01,Leasehold,243252.50331125828,230000.0,302
Ealing,2011-07-01,Freehold,504064.0,420000.0,518
Ealing,2011-07-01,Leasehold,249389.51558073654,242000.0,353
Ealing,2011-10-01,Freehold,474845.2394678492,389500.0,451
Ealing,2011-10-01,Leasehold,267856.5388471178,249597.0,399
Ealing,2012-01-01,Freehold,440417.3391521197,350000.0,401
Ealing,2012-01-01,Leasehold,260035.73333333334,249950.0,330
Ealing,2012-04-01,Freehold,512760.10638297873,433500.0,376
Ealing,2012-04-01,Leasehold,278238.76923076925,262000.0,351
Ealing,2012-07-01,Freehold,521234.5106837607,448750.0,468
Ealing,2012-07-01,Leasehold,274244.33251231525,250000.0,406
Ealing,2012-10-01,Freehold,552667.6764705882,458000.0,442
Ealing,2012-10-01,Leasehold,297024.22474226804,285000.0,485
Ealing,2013-01-01,Freehold,505303.74365482235,391250.0,394
Ealing,2013-01-01,Leasehold,286123.40829694323,255000.0,458
Ealing,2013-04-01,Freehold,542758.6477272727,475000.0,440
Ealing,2013-04-01,Leasehold,316578.58173076925,274000.0,416
Ealing,2013-07-01,Freehold,588185.2126126126,485000.0,555
Ealing,2013-07-01,Leasehold,302440.67403314915,280000.0,543
Ealing,2013-10-01,Freehold,564527.9839034205,415000.0,497
Ealing,2013-10-01,Leasehold,310736.3202357564,289950.0,509
Ealing,2014-01-01,Freehold,623767.6910755149,500000.0,437
Ealing,2014-01-01,Leasehold,317753.3374689826,290000.0,403
Ealing,2014-04-01,Freehold,667765.1157894736,553500.0,380
Ealing,2014-04-01,Leasehold,334648.070754717,310000.0,424
Ealing,2014-07-01,Freehold,723620.6436285097,585000.0,463
Ealing,2014-07-01,Leasehold,359172.5103926097,360000.0,433
Ealing,2014-10-01,Freehold,612225.0731707317,480000.0,410
Ealing,2014-10-01,Leasehold,364763.7878787879,340000.0,429
Ealing,2015-01-01,Freehold,602740.2653061225,455000.0,343
Ealing,2015-01-01,Leasehold,402142.5024875622,380000.0,402
Ealing,2015-04-01,Freehold,631598.6325966851,500000.0,362
Ealing,2015-04-01,Leasehold,405274.2559055118,360000.0,508
Ealing,2015-07-01,Freehold,698628.978858351,600000.0,473
Ealing,2015-07-01,Leasehold,411267.78834951454,390000.0,515
Ealing,2015-10-01,Freehold,703364.4468599034,610000.0,414
Ealing,2015-10-01,Leasehold,419291.0478170478,403000.0,481
Ealing,2016-01-01,Freehold,721083.1200828158,600000.0,483
Ealing,2016-01-01,Leasehold,410321.77425373136,390000.0,536
Ealing,2016-04-01,Freehold,675372.0267857143,603000.0,224
Ealing,2016-04-01,Leasehold,385205.875,375950.0,352
Ealing,2016-07-01,Freehold,751272.9254658385,621250.0,322
Ealing,2016-07-01,Leasehold,428663.91818181815,419975.0,440
Ealing,2016-10-01,Freehold,692080.8258064516,550000.0,310
Ealing,2016-10-01,Leasehold,500125.1158690176,452500.0,397
Ealing,2017-01-01,Freehold,705379.7176079734,602500.0,301
Ealing,2017-01-01,Leasehold,431221.7967479675,412500.0,369
Ealing,2017-04-01,Freehold,714282.4375,575500.0,304
Ealing,2017-04-01,Leasehold,424282.8187919463,406000.0,298
Ealing,2017-07-01,Freehold,744852.8933717579,658000.0,347
Ealing,2017-07-01,Leasehold,460990.3351800554,430000.0,361
Ealing,2017-10-01,Freehold,712757.9346405229,587500.0,306
Ealing,2017-10-01,Leasehold,437212.4152046784,395000.0,342
Ealing,2018-01-01,Freehold,703906.1340206185,600000.0,291
Ealing,2018-01-01,Leasehold,426717.5028735632,400000.0,348
Ealing,2018-04-01,Freehold,710463.3084745762,580000.0,295
Ealing,2018-04-01,Leasehold,423983.71503957786,400000.0,379
Ealing,2018-07-01,Freehold,718554.3352601156,600000.0,346
Ealing,2018-07-01,Leasehold,447299.9846153846,430000.0,390
Ealing,2018-10-01,Freehold,691099.0909090909,561000.0,308
Ealing,2018-10-01,Leasehold,440834.7931034483,425000.0,348
Ealing,2019-01-01,Freehold,737103.6262975779,605000.0,289
Ealing,2019-01-01,Leasehold,431678.61075949366,397475.0,316
Ealing,2019-04-01,Freehold,713370.3125,622500.0,288
Ealing,2019-04-01,Leasehold,420684.5506329114,395000.0,316
Ealing,2019-07-01,Freehold,750219.1443850268,630000.0,374
Ealing,2019-07-01,Leasehold,416114.4316037736,407500.0,424
Ealing,2019-10-01,Freehold,683508.0813559322,527000.0,295
Ealing,2019-10-01,Leasehold,430954.35454545455,395000.0,330
Ealing,2020-01-01,Freehold,681546.6195965417,600000.0,347
Ealing,2020-01-01,Leasehold,427622.7448680352,412500.0,341
Ealing,2020-04-01,Freehold,732180.0274725275,622500.0,182
Ealing,2020-04-01,Leasehold,412846.70454545453,377500.0,176
Ealing,2020-07-01,Freehold,770635.0360655738,625000.0,305
Ealing,2020-07-01,Leasehold,471833.48175182485,450000.0,274
Ealing,2020-10-01,Freehold,794070.1928020566,683500.0,389
Ealing,2020-10-01,Leasehold,439313.60845070425,425000.0,355
Ealing,2021-01-01,Freehold,802776.4399141631,698725.0,466
Ealing,2021-01-01,Leasehold,448359.331147541,425000.0,610
Ealing,2021-04-01,Freehold,801971.3962558502,665750.0,641
Ealing,2021-04-01,Leasehold,457070.99611901684,427770.0,773
Ealing,2021-07-01,Freehold,849644.0259365995,757000.0,347
Ealing,2021-07-01,Leasehold,426064.16628701595,400000.0,439
Ealing,2021-10-01,Freehold,886963.8202247191,775000.0,267
Ealing,2021-10-01,Leasehold,443635.4029126214,414000.0,412
Ealing,2022-01-01,Freehold,863782.0916905444,708000.0,349
Ealing,2022-01-01,Leasehold,455990.66448801744,440000.0,459
Ealing,2022-04-01,Freehold,859517.7681940701,735000.0,371
Ealing,2022-04-01,Leasehold,437510.059602649,425000.0,453
Ealing,2022-07-01,Freehold,884398.3325892857,769425.0,448
Ealing,2022-07-01,Leasehold,468585.33873873873,460000.0,555
Ealing,2022-10-01,Freehold,898999.6592797784,760500.0,361
Ealing,2022-10-01,Leasehold,484945.1522988506,479500.0,696
Ealing,2023-01-01,Freehold,769004.1276595745,665000.0,235
Ealing,2023-01-01,Leasehold,458304.2192393736,430000.0,447
Ealing,2023-04-01,Freehold,875419.8014440433,750000.0,277
Ealing,2023-04-01,Leasehold,446540.2338129496,425000.0,278
Ealing,2023-07-01,Freehold,909077.9444444445,792500.0,378
Ealing,2023-07-01,Leasehold,447540.1896103896,425000.0,385
Ealing,2023-10-01,Freehold,855825.375,750000.0,320
Ealing,2023-10-01,Leasehold,436995.5933147632,407500.0,359
Ealing,2024-01-01,Freehold,902392.7067669173,690000.0,266
Ealing,2024-01-01,Leasehold,440346.35,420000.0,360
Ealing,2024-04-01,Freehold,910011.9239130435,750500.0,276
Ealing,2024-04-01,Leasehold,452806.4482758621,445000.0,406
Ealing,2024-07-01,Freehold,907165.4732824428,800000.0,393
Ealing,2024-07-01,Leasehold,449571.7052154195,427500.0,441
Ealing,2024-10-01,Freehold,854901.2751196172,761250.0,418
Ealing,2024-10-01,Leasehold,423064.27078384795,410000.0,421
Ealing,2025-01-01,Freehold,830487.6367713005,679000.0,446
Ealing,2025-01-01,Leasehold,445012.3307839388,435000.0,523
Ealing,2025-04-01,Freehold,988822.9868995633,870000.0,229
Ealing,2025-04-01,Leasehold,442341.70539419085,400000.0,241
Ealing,2025-07-01,Freehold,906990.3150684931,775000.0,365
Ealing,2025-07-01,Leasehold,428746.8121019108,399975.0,314
Ealing,2025-10-01,Freehold,837570.147601476,725000.0,271
Ealing,2025-10-01,Leasehold,429922.21167883213,415000.0,274
Ealing,2026-01-01,Freehold,792973.2065217391,740000.0,184
Ealing,2026-01-01,Leasehold,388321.28205128206,360000.0,195
Ealing,2026-04-01,Freehold,723541.9240506329,600000.0,79
Ealing,2026-04-01,Leasehold,411034.5588235294,410000.0,68
Enfield,2006-01-01,Freehold,279496.5094339623,238500.0,795
Enfield,2006-01-01,Leasehold,166244.19966159054,158000.0,591
Enfield,2006-04-01,Freehold,295615.24597207305,240000.0,931
Enfield,2006-04-01,Leasehold,172514.81758957656,165000.0,614
Enfield,2006-07-01,Freehold,312772.9557195572,249950.0,1084
Enfield,2006-07-01,Leasehold,170118.59004392388,162000.0,683
Enfield,2006-10-01,Freehold,286473.22357723577,240000.0,984
Enfield,2006-10-01,Leasehold,173215.0199146515,162000.0,703
Enfield,2007-01-01,Freehold,295481.9795673077,248500.0,832
Enfield,2007-01-01,Leasehold,175687.6765188834,162250.0,609
Enfield,2007-04-01,Freehold,319759.70438328234,250000.0,981
Enfield,2007-04-01,Leasehold,193784.6547788873,177500.0,701
Enfield,2007-07-01,Freehold,338363.4981308411,269000.0,1070
Enfield,2007-07-01,Leasehold,199925.08602150538,180000.0,744
Enfield,2007-10-01,Freehold,330396.69624573376,265000.0,879
Enfield,2007-10-01,Leasehold,198809.1751497006,180000.0,668
Enfield,2008-01-01,Freehold,332898.70967741933,265000.0,558
Enfield,2008-01-01,Leasehold,198248.58203125,192000.0,512
Enfield,2008-04-01,Freehold,346892.1836283186,250000.0,452
Enfield,2008-04-01,Leasehold,190173.75543478262,175000.0,368
Enfield,2008-07-01,Freehold,342545.10103626945,275000.0,386
Enfield,2008-07-01,Leasehold,191351.89751552796,178000.0,322
Enfield,2008-10-01,Freehold,323715.5096153846,250000.0,312
Enfield,2008-10-01,Leasehold,177330.54716981133,156000.0,212
Enfield,2009-01-01,Freehold,269200.3827160494,235000.0,243
Enfield,2009-01-01,Leasehold,188471.1897810219,175000.0,137
Enfield,2009-04-01,Freehold,311013.16023738874,244000.0,337
Enfield,2009-04-01,Leasehold,187110.96756756757,178151.0,185
Enfield,2009-07-01,Freehold,322999.5269461078,262500.0,501
Enfield,2009-07-01,Leasehold,189045.61023622047,180000.0,254
Enfield,2009-10-01,Freehold,315003.7946902655,250000.0,565
Enfield,2009-10-01,Leasehold,192312.71220930232,175000.0,344
Enfield,2010-01-01,Freehold,306925.10023310024,264000.0,429
Enfield,2010-01-01,Leasehold,192462.81092436975,187000.0,238
Enfield,2010-04-01,Freehold,328891.4578587699,280000.0,439
Enfield,2010-04-01,Leasehold,200762.2027972028,174050.0,286
Enfield,2010-07-01,Freehold,354338.7537878788,284997.5,528
Enfield,2010-07-01,Leasehold,197443.66896551725,181815.0,290
Enfield,2010-10-01,Freehold,351267.24367816094,270000.0,435
Enfield,2010-10-01,Leasehold,191604.8233082707,180000.0,266
Enfield,2011-01-01,Freehold,346796.546961326,275000.0,362
Enfield,2011-01-01,Leasehold,183875.4070351759,172000.0,199
Enfield,2011-04-01,Freehold,320472.11794871796,250000.0,390
Enfield,2011-04-01,Leasehold,180421.73076923078,178000.0,234
Enfield,2011-07-01,Freehold,339064.9769874477,290000.0,478
Enfield,2011-07-01,Leasehold,195355.73033707865,179995.0,267
Enfield,2011-10-01,Freehold,349747.32681017614,280000.0,511
Enfield,2011-10-01,Leasehold,197362.48813559322,180000.0,295
Enfield,2012-01-01,Freehold,324222.3191964286,265000.0,448
Enfield,2012-01-01,Leasehold,190291.53488372092,180000.0,301
Enfield,2012-04-01,Freehold,351083.7511415525,290000.0,438
Enfield,2012-04-01,Leasehold,190768.5701754386,173000.0,228
Enfield,2012-07-01,Freehold,365730.90631808277,305000.0,459
Enfield,2012-07-01,Leasehold,214779.21509433963,192000.0,265
Enfield,2012-10-01,Freehold,351598.2104072398,295000.0,442
Enfield,2012-10-01,Leasehold,211988.90666666668,193000.0,225
Enfield,2013-01-01,Freehold,363273.9972677596,289000.0,366
Enfield,2013-01-01,Leasehold,204360.09349593497,188000.0,246
Enfield,2013-04-01,Freehold,345769.5512195122,290000.0,410
Enfield,2013-04-01,Leasehold,214406.6923076923,197750.0,338
Enfield,2013-07-01,Freehold,384442.96119929454,330000.0,567
Enfield,2013-07-01,Leasehold,220816.0174563591,200000.0,401
Enfield,2013-10-01,Freehold,396195.902640264,338000.0,606
Enfield,2013-10-01,Leasehold,225712.76523702033,210000.0,443
Enfield,2014-01-01,Freehold,394564.6712062257,323997.5,514
Enfield,2014-01-01,Leasehold,222735.58636363636,210000.0,440
Enfield,2014-04-01,Freehold,422464.584178499,339000.0,493
Enfield,2014-04-01,Leasehold,226048.00787401575,210000.0,381
Enfield,2014-07-01,Freehold,469787.2218309859,375000.0,568
Enfield,2014-07-01,Leasehold,245083.875,223475.0,408
Enfield,2014-10-01,Freehold,453297.93980582524,375000.0,515
Enfield,2014-10-01,Leasehold,251107.72148541114,225000.0,377
Enfield,2015-01-01,Freehold,453500.9830508475,359000.0,472
Enfield,2015-01-01,Leasehold,264154.0909090909,249950.0,363
Enfield,2015-04-01,Freehold,452750.8394004283,400000.0,467
Enfield,2015-04-01,Leasehold,255150.09785932722,240000.0,327
Enfield,2015-07-01,Freehold,486418.2380106572,420000.0,563
Enfield,2015-07-01,Leasehold,283753.02179176756,267000.0,413
Enfield,2015-10-01,Freehold,484547.84021543985,423000.0,557
Enfield,2015-10-01,Leasehold,295018.22222222225,270000.0,360
Enfield,2016-01-01,Freehold,520556.9498381877,420000.0,618
Enfield,2016-01-01,Leasehold,297607.88962472405,275000.0,453
Enfield,2016-04-01,Freehold,548332.0,445000.0,325
Enfield,2016-04-01,Leasehold,323000.6679841897,293000.0,253
Enfield,2016-07-01,Freehold,564921.7176724138,487750.0,464
Enfield,2016-07-01,Leasehold,352348.7606557377,321000.0,305
Enfield,2016-10-01,Freehold,558457.7741046832,480000.0,363
Enfield,2016-10-01,Leasehold,322325.0551724138,296750.0,290
Enfield,2017-01-01,Freehold,554930.4257142857,485000.0,350
Enfield,2017-01-01,Leasehold,310927.78776978416,286500.0,278
Enfield,2017-04-01,Freehold,571861.2780373832,507500.0,428
Enfield,2017-04-01,Leasehold,323666.6875,290000.0,272
Enfield,2017-07-01,Freehold,566333.4710327456,500000.0,397
Enfield,2017-07-01,Leasehold,331216.2767527675,315000.0,271
Enfield,2017-10-01,Freehold,545718.4303178485,465000.0,409
Enfield,2017-10-01,Leasehold,325987.5569105691,280750.0,246
Enfield,2018-01-01,Freehold,569914.6283185841,487500.0,339
Enfield,2018-01-01,Leasehold,331985.2827868852,305000.0,244
Enfield,2018-04-01,Freehold,540085.3188405797,480000.0,345
Enfield,2018-04-01,Leasehold,303272.45535714284,287250.0,224
Enfield,2018-07-01,Freehold,564878.0287769784,479995.0,417
Enfield,2018-07-01,Leasehold,308245.0867768595,285000.0,242
Enfield,2018-10-01,Freehold,552935.1165311653,487500.0,369
Enfield,2018-10-01,Leasehold,319784.252293578,294000.0,218
Enfield,2019-01-01,Freehold,542682.6513761468,469995.0,327
Enfield,2019-01-01,Leasehold,320372.1105527638,300000.0,199
Enfield,2019-04-01,Freehold,560340.6909090909,507500.0,330
Enfield,2019-04-01,Leasehold,347273.73846153845,313000.0,195
Enfield,2019-07-01,Freehold,584428.1215596331,485000.0,436
Enfield,2019-07-01,Leasehold,317943.44583333336,310000.0,240
Enfield,2019-10-01,Freehold,572501.788372093,493000.0,430
Enfield,2019-10-01,Leasehold,329311.2583732057,320000.0,209
Enfield,2020-01-01,Freehold,587549.346749226,485000.0,323
Enfield,2020-01-01,Leasehold,336170.65934065933,308750.0,182
Enfield,2020-04-01,Freehold,578259.2608695652,480000.0,184
Enfield,2020-04-01,Leasehold,316334.2448979592,317000.0,147
Enfield,2020-07-01,Freehold,602487.46749226,500000.0,323
Enfield,2020-07-01,Leasehold,370892.12935323385,350000.0,201
Enfield,2020-10-01,Freehold,599457.094302554,517500.0,509
Enfield,2020-10-01,Leasehold,357362.9254901961,340000.0,255
Enfield,2021-01-01,Freehold,607071.1807747489,535000.0,697
Enfield,2021-01-01,Leasehold,377352.4761904762,340000.0,315
Enfield,2021-04-01,Freehold,626017.0488372094,540000.0,860
Enfield,2021-04-01,Leasehold,367778.87971698114,340000.0,424
Enfield,2021-07-01,Freehold,621383.5599022005,550000.0,409
Enfield,2021-07-01,Leasehold,335634.8193277311,306000.0,238
Enfield,2021-10-01,Freehold,686285.9810725552,522500.0,317
Enfield,2021-10-01,Leasehold,363878.28846153844,333750.0,260
Enfield,2022-01-01,Freehold,639716.3884711779,530000.0,399
Enfield,2022-01-01,Leasehold,355932.69787234045,310000.0,235
Enfield,2022-04-01,Freehold,663216.1320293399,540000.0,409
Enfield,2022-04-01,Leasehold,365832.4423076923,316500.0,260
Enfield,2022-07-01,Freehold,716759.2557172558,585000.0,481
Enfield,2022-07-01,Leasehold,346356.56923076924,327875.0,260
Enfield,2022-10-01,Freehold,711590.7788235294,605000.0,425
Enfield,2022-10-01,Leasehold,366075.8142857143,345000.0,280
Enfield,2023-01-01,Freehold,627847.5163204748,532500.0,337
Enfield,2023-01-01,Leasehold,362204.9479166667,316000.0,192
Enfield,2023-04-01,Freehold,639068.6480836237,540000.0,287
Enfield,2023-04-01,Leasehold,373230.44025157235,326500.0,159
Enfield,2023-07-01,Freehold,660025.698019802,580000.0,404
Enfield,2023-07-01,Leasehold,366720.6666666667,329600.0,192
Enfield,2023-10-01,Freehold,620344.5598802395,530000.0,334
Enfield,2023-10-01,Leasehold,349135.47340425535,328997.5,188
Enfield,2024-01-01,Freehold,624745.9549839229,512000.0,311
Enfield,2024-01-01,Leasehold,350434.5159574468,320000.0,188
Enfield,2024-04-01,Freehold,658362.6714285715,523250.0,350
Enfield,2024-04-01,Leasehold,334124.7159763314,300000.0,169
Enfield,2024-07-01,Freehold,669762.671641791,587500.0,469
Enfield,2024-07-01,Leasehold,358963.46116504853,333000.0,206
Enfield,2024-10-01,Freehold,624524.1418764303,525000.0,437
Enfield,2024-10-01,Leasehold,371293.06074766355,337500.0,214
Enfield,2025-01-01,Freehold,638134.6284246575,555000.0,584
Enfield,2025-01-01,Leasehold,361996.8791946309,343750.0,298
Enfield,2025-04-01,Freehold,680191.751908397,572500.0,262
Enfield,2025-04-01,Leasehold,340951.22222222225,325000.0,144
Enfield,2025-07-01,Freehold,683205.4643678161,595000.0,435
Enfield,2025-07-01,Leasehold,347160.7807486631,322500.0,187
Enfield,2025-10-01,Freehold,623333.4037433155,535000.0,374
Enfield,2025-10-01,Leasehold,328542.61904761905,315000.0,189
Enfield,2026-01-01,Freehold,585649.275510204,542500.0,196
Enfield,2026-01-01,Leasehold,336392.3596491228,325000.0,114
Enfield,2026-04-01,Freehold,671452.4742268041,605675.0,97
Enfield,2026-04-01,Leasehold,315297.1489361702,305000.0,47
Greenwich,2006-01-01,Freehold,246291.65,202125.0,600
Greenwich,2006-01-01,Leasehold,204951.8507751938,189997.5,516
Greenwich,2006-04-01,Freehold,251761.625,210000.0,656
Greenwich,2006-04-01,Leasehold,213999.1838235294,195000.0,544
Greenwich,2006-07-01,Freehold,270681.0249343832,224997.5,762
Greenwich,2006-07-01,Leasehold,230736.9756097561,212500.0,779
Greenwich,2006-10-01,Freehold,256205.6345646438,219247.5,758
Greenwich,2006-10-01,Leasehold,210303.7591776799,195000.0,681
Greenwich,2007-01-01,Freehold,265079.95884146343,223250.0,656
Greenwich,2007-01-01,Leasehold,221907.25853658537,194995.0,615
Greenwich,2007-04-01,Freehold,286445.2352071006,235000.0,676
Greenwich,2007-04-01,Leasehold,224850.26017699114,200000.0,565
Greenwich,2007-07-01,Freehold,300910.16020025034,240000.0,799
Greenwich,2007-07-01,Leasehold,233528.80167597765,205000.0,716
Greenwich,2007-10-01,Freehold,309014.4163763066,240000.0,574
Greenwich,2007-10-01,Leasehold,234866.7027463651,210000.0,619
Greenwich,2008-01-01,Freehold,290645.46682464454,235000.0,422
Greenwich,2008-01-01,Leasehold,228266.52285714285,216000.0,350
Greenwich,2008-04-01,Freehold,333925.8975903614,249000.0,332
Greenwich,2008-04-01,Leasehold,248392.89428571428,235225.0,350
Greenwich,2008-07-01,Freehold,295468.68506493507,234500.0,308
Greenwich,2008-07-01,Leasehold,229117.3490909091,224950.0,275
Greenwich,2008-10-01,Freehold,274711.3052208835,230000.0,249
Greenwich,2008-10-01,Leasehold,193769.64285714287,166500.0,140
Greenwich,2009-01-01,Freehold,264883.19796954317,210000.0,197
Greenwich,2009-01-01,Leasehold,205218.5744680851,174997.5,94
Greenwich,2009-04-01,Freehold,274758.4864864865,219000.0,222
Greenwich,2009-04-01,Leasehold,226366.3680981595,210000.0,163
Greenwich,2009-07-01,Freehold,310191.3194103194,233000.0,407
Greenwich,2009-07-01,Leasehold,240049.69491525425,233000.0,236
Greenwich,2009-10-01,Freehold,277688.0297766749,225000.0,403
Greenwich,2009-10-01,Leasehold,232178.232,207250.0,250
Greenwich,2010-01-01,Freehold,317014.8728522337,245000.0,291
Greenwich,2010-01-01,Leasehold,243251.164893617,239250.0,188
Greenwich,2010-04-01,Freehold,323961.1620795107,250000.0,327
Greenwich,2010-04-01,Leasehold,243634.39175257733,233000.0,194
Greenwich,2010-07-01,Freehold,354848.04545454547,250000.0,396
Greenwich,2010-07-01,Leasehold,260328.0,230000.0,250
Greenwich,2010-10-01,Freehold,300331.1690140845,240000.0,355
Greenwich,2010-10-01,Leasehold,256384.6923076923,247000.0,247
Greenwich,2011-01-01,Freehold,306266.5714285714,244500.0,294
Greenwich,2011-01-01,Leasehold,259474.12376237623,248500.0,202
Greenwich,2011-04-01,Freehold,328621.753894081,250000.0,321
Greenwich,2011-04-01,Leasehold,262664.1883561644,250000.0,292
Greenwich,2011-07-01,Freehold,358903.35626535624,250000.0,407
Greenwich,2011-07-01,Leasehold,264665.51715686277,262275.0,408
Greenwich,2011-10-01,Freehold,328814.00840336137,246000.0,357
Greenwich,2011-10-01,Leasehold,233710.02380952382,210000.0,294
Greenwich,2012-01-01,Freehold,322001.0514285714,248500.0,350
Greenwich,2012-01-01,Leasehold,244303.0523690773,225400.0,401
Greenwich,2012-04-01,Freehold,339515.325,250000.0,320
Greenwich,2012-04-01,Leasehold,260172.38135593222,245000.0,354
Greenwich,2012-07-01,Freehold,339552.44919786096,263500.0,374
Greenwich,2012-07-01,Leasehold,247701.7009063444,235000.0,331
Greenwich,2012-10-01,Freehold,355206.645,265000.0,400
Greenwich,2012-10-01,Leasehold,233554.78193146418,215000.0,321
Greenwich,2013-01-01,Freehold,322480.6773255814,250000.0,344
Greenwich,2013-01-01,Leasehold,264067.239057239,247500.0,297
Greenwich,2013-04-01,Freehold,347484.47826086957,260000.0,345
Greenwich,2013-04-01,Leasehold,289328.13089005236,273750.0,382
Greenwich,2013-07-01,Freehold,386158.97204301076,298000.0,465
Greenwich,2013-07-01,Leasehold,301618.0909090909,265000.0,539
Greenwich,2013-10-01,Freehold,385755.40650406503,290000.0,492
Greenwich,2013-10-01,Leasehold,319821.1066878981,285000.0,628
Greenwich,2014-01-01,Freehold,384736.2942708333,309500.0,384
Greenwich,2014-01-01,Leasehold,304476.9012096774,276500.0,496
Greenwich,2014-04-01,Freehold,423194.9805352798,320000.0,411
Greenwich,2014-04-01,Leasehold,372230.48901734105,347000.0,865
Greenwich,2014-07-01,Freehold,432795.8183556405,334995.0,523
Greenwich,2014-07-01,Leasehold,334038.32938076416,295000.0,759
Greenwich,2014-10-01,Freehold,413968.46770601335,350000.0,449
Greenwich,2014-10-01,Leasehold,327829.5531135531,288000.0,546
Greenwich,2015-01-01,Freehold,424622.9890410959,346500.0,365
Greenwich,2015-01-01,Leasehold,321205.21096345515,285000.0,602
Greenwich,2015-04-01,Freehold,446596.3147632312,352500.0,359
Greenwich,2015-04-01,Leasehold,347621.954248366,315000.0,459
Greenwich,2015-07-01,Freehold,491040.38936170214,387500.0,470
Greenwich,2015-07-01,Leasehold,359046.8177496038,340000.0,631
Greenwich,2015-10-01,Freehold,507248.0977443609,385000.0,399
Greenwich,2015-10-01,Leasehold,396022.0808080808,390000.0,792
Greenwich,2016-01-01,Freehold,499620.3895216401,400000.0,439
Greenwich,2016-01-01,Leasehold,382654.85490196076,355000.0,765
Greenwich,2016-04-01,Freehold,512450.8455882353,435000.0,272
Greenwich,2016-04-01,Leasehold,393262.35141509434,370000.0,424
Greenwich,2016-07-01,Freehold,524371.4801136364,440000.0,352
Greenwich,2016-07-01,Leasehold,406688.46076794656,367944.0,599
Greenwich,2016-10-01,Freehold,494001.31525423727,395000.0,295
Greenwich,2016-10-01,Leasehold,465482.6433021807,445000.0,642
Greenwich,2017-01-01,Freehold,513305.6158730159,410000.0,315
Greenwich,2017-01-01,Leasehold,388176.53919239907,375000.0,421
Greenwich,2017-04-01,Freehold,507555.16099071206,450000.0,323
Greenwich,2017-04-01,Leasehold,425104.8936567164,415500.0,536
Greenwich,2017-07-01,Freehold,544385.5966386554,460000.0,357
Greenwich,2017-07-01,Leasehold,427800.463878327,395000.0,526
Greenwich,2017-10-01,Freehold,540144.8449848024,448000.0,329
Greenwich,2017-10-01,Leasehold,438244.48566610453,429000.0,593
Greenwich,2018-01-01,Freehold,504216.4602076124,435000.0,289
Greenwich,2018-01-01,Leasehold,433824.6625310174,395000.0,403
Greenwich,2018-04-01,Freehold,549699.6324503311,470000.0,302
Greenwich,2018-04-01,Leasehold,415660.3785123967,401000.0,605
Greenwich,2018-07-01,Freehold,563705.9322033898,453125.0,354
Greenwich,2018-07-01,Leasehold,463438.8465189873,457500.0,632
Greenwich,2018-10-01,Freehold,510237.1129568106,435000.0,301
Greenwich,2018-10-01,Leasehold,423243.5078740158,432375.0,508
Greenwich,2019-01-01,Freehold,528707.6197718631,450000.0,263
Greenwich,2019-01-01,Leasehold,479739.4219330855,475000.0,538
Greenwich,2019-04-01,Freehold,531100.5583038869,450000.0,283
Greenwich,2019-04-01,Leasehold,435585.9692307692,413125.0,390
Greenwich,2019-07-01,Freehold,569610.3387978142,485000.0,366
Greenwich,2019-07-01,Leasehold,509063.0571428572,500000.0,560
Greenwich,2019-10-01,Freehold,536369.6918429004,440000.0,331
Greenwich,2019-10-01,Leasehold,450350.2495238095,435000.0,525
Greenwich,2020-01-01,Freehold,559303.0428571429,470000.0,280
Greenwich,2020-01-01,Leasehold,450987.55687203794,467000.0,422
Greenwich,2020-04-01,Freehold,553148.2269503546,440000.0,141
Greenwich,2020-04-01,Leasehold,438426.64351851854,425000.0,216
Greenwich,2020-07-01,Freehold,588237.8181818182,485000.0,275
Greenwich,2020-07-01,Leasehold,434228.07754010695,420000.0,374
Greenwich,2020-10-01,Freehold,594497.9544419134,520000.0,439
Greenwich,2020-10-01,Leasehold,452853.7293577982,455000.0,654
Greenwich,2021-01-01,Freehold,560594.7282229965,490000.0,574
Greenwich,2021-01-01,Leasehold,443838.20550847455,425000.0,472
Greenwich,2021-04-01,Freehold,596014.2546875,500000.0,640
Greenwich,2021-04-01,Leasehold,442076.8021108179,415000.0,758
Greenwich,2021-07-01,Freehold,618615.5753424658,509000.0,292
Greenwich,2021-07-01,Leasehold,417166.1639344262,390000.0,427
Greenwich,2021-10-01,Freehold,584535.6734006734,500000.0,297
Greenwich,2021-10-01,Leasehold,424296.44794188865,415000.0,413
Greenwich,2022-01-01,Freehold,629635.5792880259,510000.0,309
Greenwich,2022-01-01,Leasehold,449073.36666666664,429000.0,420
Greenwich,2022-04-01,Freehold,607317.8454258675,545000.0,317
Greenwich,2022-04-01,Leasehold,462947.85555555555,445000.0,450
Greenwich,2022-07-01,Freehold,688307.8130081301,575000.0,369
Greenwich,2022-07-01,Leasehold,468225.30555555556,465000.0,612
Greenwich,2022-10-01,Freehold,631855.0233918129,535000.0,342
Greenwich,2022-10-01,Leasehold,436173.69246435846,430000.0,491
Greenwich,2023-01-01,Freehold,618542.5443548387,540000.0,248
Greenwich,2023-01-01,Leasehold,421904.1806020067,390000.0,299
Greenwich,2023-04-01,Freehold,567552.0534979424,500000.0,243
Greenwich,2023-04-01,Leasehold,412343.9744680851,397500.0,235
Greenwich,2023-07-01,Freehold,659104.6820987654,538750.0,324
Greenwich,2023-07-01,Leasehold,455178.7166212534,418000.0,367
Greenwich,2023-10-01,Freehold,607703.5253623188,535000.0,276
Greenwich,2023-10-01,Leasehold,403097.380794702,375000.0,302
Greenwich,2024-01-01,Freehold,622672.1265822785,515000.0,237
Greenwich,2024-01-01,Leasehold,455053.92741935485,435000.0,372
Greenwich,2024-04-01,Freehold,652131.8598484849,547500.0,264
Greenwich,2024-04-01,Leasehold,444000.40769230766,430000.0,390
Greenwich,2024-07-01,Freehold,672161.1369509044,565000.0,387
Greenwich,2024-07-01,Leasehold,447573.81074766355,425000.0,428
Greenwich,2024-10-01,Freehold,596372.4005602241,520000.0,357
Greenwich,2024-10-01,Leasehold,424682.803652968,403750.0,438
Greenwich,2025-01-01,Freehold,606697.8633540373,550000.0,483
Greenwich,2025-01-01,Leasehold,439746.18772563175,424900.0,554
Greenwich,2025-04-01,Freehold,666849.881443299,533000.0,194
Greenwich,2025-04-01,Leasehold,425830.51569506724,383150.0,223
Greenwich,2025-07-01,Freehold,621711.4340836013,538995.0,311
Greenwich,2025-07-01,Leasehold,405607.1654676259,385000.0,278
Greenwich,2025-10-01,Freehold,600479.8939393939,510000.0,264
Greenwich,2025-10-01,Leasehold,388961.3632653061,365000.0,245
Greenwich,2026-01-01,Freehold,606596.4485981308,515000.0,214
Greenwich,2026-01-01,Leasehold,393119.27777777775,376100.0,198
Greenwich,2026-04-01,Freehold,646533.8674698796,540000.0,83
Greenwich,2026-04-01,Leasehold,407933.40506329114,375000.0,79
Hackney,2006-01-01,Freehold,366885.9417989418,339000.0,189
Hackney,2006-01-01,Leasehold,223549.142394822,205000.0,618
Hackney,2006-04-01,Freehold,398138.71875,393500.0,192
Hackney,2006-04-01,Leasehold,232530.16315789474,215000.0,570
Hackney,2006-07-01,Freehold,413205.4285714286,400000.0,224
Hackney,2006-07-01,Leasehold,247144.3531598513,232000.0,807
Hackney,2006-10-01,Freehold,433672.23300970875,399500.0,206
Hackney,2006-10-01,Leasehold,245130.01900584795,230000.0,684
Hackney,2007-01-01,Freehold,426999.6113989637,387950.0,193
Hackney,2007-01-01,Leasehold,249390.2248722317,230500.0,587
Hackney,2007-04-01,Freehold,477652.17391304346,459995.0,207
Hackney,2007-04-01,Leasehold,256532.9788639366,239950.0,757
Hackney,2007-07-01,Freehold,514210.2244897959,485000.0,245
Hackney,2007-07-01,Leasehold,276973.70342205325,250000.0,789
Hackney,2007-10-01,Freehold,524115.08666666667,497499.5,150
Hackney,2007-10-01,Leasehold,278727.30222841224,250000.0,718
Hackney,2008-01-01,Freehold,519304.3220338983,500000.0,118
Hackney,2008-01-01,Leasehold,260148.72261072262,245000.0,429
Hackney,2008-04-01,Freehold,506935.66363636364,458375.0,110
Hackney,2008-04-01,Leasehold,294513.8333333333,255550.0,366
Hackney,2008-07-01,Freehold,500649.9315068493,465000.0,73
Hackney,2008-07-01,Leasehold,273612.64310954063,250000.0,283
Hackney,2008-10-01,Freehold,447133.7254901961,440000.0,51
Hackney,2008-10-01,Leasehold,261013.8025477707,240000.0,314
Hackney,2009-01-01,Freehold,461006.7068965517,480000.0,58
Hackney,2009-01-01,Leasehold,280154.76585365855,247500.0,205
Hackney,2009-04-01,Freehold,463911.90476190473,450000.0,63
Hackney,2009-04-01,Leasehold,244862.76070528966,230000.0,397
Hackney,2009-07-01,Freehold,503079.34862385324,485000.0,109
Hackney,2009-07-01,Leasehold,289715.9529411765,280000.0,425
Hackney,2009-10-01,Freehold,497791.9328358209,485000.0,134
Hackney,2009-10-01,Leasehold,276744.26679841895,250000.0,506
Hackney,2010-01-01,Freehold,495978.2589285714,472500.0,112
Hackney,2010-01-01,Leasehold,282538.9854227405,250000.0,343
Hackney,2010-04-01,Freehold,554861.1379310344,541058.5,116
Hackney,2010-04-01,Leasehold,297956.1027568922,255000.0,399
Hackney,2010-07-01,Freehold,570822.4720496894,550000.0,161
Hackney,2010-07-01,Leasehold,290003.293598234,250000.0,453
Hackney,2010-10-01,Freehold,566510.12,575000.0,125
Hackney,2010-10-01,Leasehold,270875.75,249950.0,520
Hackney,2011-01-01,Freehold,548188.1340206185,515000.0,97
Hackney,2011-01-01,Leasehold,283307.7589576547,250000.0,307
Hackney,2011-04-01,Freehold,559628.2293577981,550000.0,109
Hackney,2011-04-01,Leasehold,280088.1023809524,262004.0,420
Hackney,2011-07-01,Freehold,580898.2302631579,522500.0,152
Hackney,2011-07-01,Leasehold,308843.34079173836,288000.0,581
Hackney,2011-10-01,Freehold,548898.6569343066,526000.0,137
Hackney,2011-10-01,Leasehold,306923.5528089888,285000.0,445
Hackney,2012-01-01,Freehold,613156.1538461539,602500.0,104
Hackney,2012-01-01,Leasehold,292888.3095768374,267000.0,449
Hackney,2012-04-01,Freehold,610225.2090909091,591500.0,110
Hackney,2012-04-01,Leasehold,313982.19911504426,289600.0,452
Hackney,2012-07-01,Freehold,642791.2534246575,625000.0,146
Hackney,2012-07-01,Leasehold,335929.3549848943,310000.0,662
Hackney,2012-10-01,Freehold,642108.3360655737,632500.0,122
Hackney,2012-10-01,Leasehold,341715.0134680135,325000.0,594
Hackney,2013-01-01,Freehold,679255.9404761905,612500.0,84
Hackney,2013-01-01,Leasehold,344955.6766743649,310000.0,433
Hackney,2013-04-01,Freehold,668305.8165137614,651000.0,109
Hackney,2013-04-01,Leasehold,383629.3398373984,365000.0,615
Hackney,2013-07-01,Freehold,741643.06993007,678500.0,143
Hackney,2013-07-01,Leasehold,388563.4607250755,357000.0,662
Hackney,2013-10-01,Freehold,755314.2580645161,723176.0,124
Hackney,2013-10-01,Leasehold,376095.40867992764,349950.0,553
Hackney,2014-01-01,Freehold,768421.0679611651,710000.0,103
Hackney,2014-01-01,Leasehold,426039.7104247104,388775.0,518
Hackney,2014-04-01,Freehold,880829.3440860215,880000.0,93
Hackney,2014-04-01,Leasehold,437146.02269288956,415000.0,661
Hackney,2014-07-01,Freehold,949123.6346153846,946247.5,104
Hackney,2014-07-01,Leasehold,454023.8407738095,421535.0,672
Hackney,2014-10-01,Freehold,943485.4536082475,950000.0,97
Hackney,2014-10-01,Leasehold,442844.82166666666,410000.0,600
Hackney,2015-01-01,Freehold,987663.4675324676,982000.0,77
Hackney,2015-01-01,Leasehold,425365.16937354987,389000.0,431
Hackney,2015-04-01,Freehold,942559.4056603773,900000.0,106
Hackney,2015-04-01,Leasehold,489999.0608424337,450000.0,641
Hackney,2015-07-01,Freehold,947067.2314049586,880000.0,121
Hackney,2015-07-01,Leasehold,512979.70550576184,465000.0,781
Hackney,2015-10-01,Freehold,1036488.2368421053,985000.0,114
Hackney,2015-10-01,Leasehold,527067.0504347826,493000.0,575
Hackney,2016-01-01,Freehold,1020190.375,960000.0,112
Hackney,2016-01-01,Leasehold,550732.7799043062,516000.0,627
Hackney,2016-04-01,Freehold,1022857.8529411765,1010500.0,68
Hackney,2016-04-01,Leasehold,510143.2821670429,484995.0,443
Hackney,2016-07-01,Freehold,1093627.1666666667,993750.0,96
Hackney,2016-07-01,Leasehold,521343.6881959911,490000.0,449
Hackney,2016-10-01,Freehold,1023412.1392405063,1055000.0,79
Hackney,2016-10-01,Leasehold,529480.097359736,493500.0,606
Hackney,2017-01-01,Freehold,1070081.6097560977,1063013.5,82
Hackney,2017-01-01,Leasehold,527927.6207627119,485000.0,472
Hackney,2017-04-01,Freehold,1088946.2025316455,971500.0,79
Hackney,2017-04-01,Leasehold,499775.246882793,471500.0,401
Hackney,2017-07-01,Freehold,1124877.1487603306,1150000.0,121
Hackney,2017-07-01,Leasehold,496246.0020618557,475000.0,485
Hackney,2017-10-01,Freehold,1155067.1960784313,1092500.0,102
Hackney,2017-10-01,Leasehold,523596.089668616,522500.0,513
Hackney,2018-01-01,Freehold,1075073.4696969697,979000.0,66
Hackney,2018-01-01,Leasehold,523454.0852713178,500000.0,387
Hackney,2018-04-01,Freehold,1035593.459770115,977000.0,87
Hackney,2018-04-01,Leasehold,528177.1428571428,505000.0,385
Hackney,2018-07-01,Freehold,1108369.6976744186,1102500.0,86
Hackney,2018-07-01,Leasehold,540445.0427046263,497497.5,562
Hackney,2018-10-01,Freehold,1160820.253164557,1090000.0,79
Hackney,2018-10-01,Leasehold,512909.1460674157,500000.0,356
Hackney,2019-01-01,Freehold,1019415.8522727273,972500.0,88
Hackney,2019-01-01,Leasehold,524322.4572072072,515000.0,444
Hackney,2019-04-01,Freehold,981920.8815789474,992500.0,76
Hackney,2019-04-01,Leasehold,504938.13473053894,485000.0,334
Hackney,2019-07-01,Freehold,1101199.0326086956,1039250.0,92
Hackney,2019-07-01,Leasehold,677702.4906542056,612010.0,642
Hackney,2019-10-01,Freehold,1019387.5652173914,995000.0,92
Hackney,2019-10-01,Leasehold,724860.4139693356,600000.0,587
Hackney,2020-01-01,Freehold,1083543.7972972973,1073750.0,74
Hackney,2020-01-01,Leasehold,676679.3146341463,557875.0,410
Hackney,2020-04-01,Freehold,1055788.0,1023750.0,40
Hackney,2020-04-01,Leasehold,610725.9826086956,556700.0,230
Hackney,2020-07-01,Freehold,1216572.0430107526,1175000.0,93
Hackney,2020-07-01,Leasehold,641201.7274472169,605000.0,521
Hackney,2020-10-01,Freehold,1134137.852631579,1120000.0,95
Hackney,2020-10-01,Leasehold,588802.5128205129,550000.0,429
Hackney,2021-01-01,Freehold,1169742.4743589743,1125000.0,156
Hackney,2021-01-01,Leasehold,570171.7275097783,542800.0,767
Hackney,2021-04-01,Freehold,1137448.8413461538,1087500.0,208
Hackney,2021-04-01,Leasehold,600692.4304889741,540000.0,1043
Hackney,2021-07-01,Freehold,1286533.3366336634,1220000.0,101
Hackney,2021-07-01,Leasehold,585313.6182266009,520000.0,406
Hackney,2021-10-01,Freehold,1262884.0,1200000.0,71
Hackney,2021-10-01,Leasehold,570998.0532687651,535000.0,413
Hackney,2022-01-01,Freehold,1279022.8220338982,1248500.0,118
Hackney,2022-01-01,Leasehold,610256.0218340611,590000.0,458
Hackney,2022-04-01,Freehold,1182260.924369748,1035000.0,119
Hackney,2022-04-01,Leasehold,591697.8114035088,554000.0,456
Hackney,2022-07-01,Freehold,1357577.634328358,1210000.0,134
Hackney,2022-07-01,Leasehold,604973.2411467116,535000.0,593
Hackney,2022-10-01,Freehold,1320367.6363636365,1228000.0,99
Hackney,2022-10-01,Leasehold,592827.7642585551,525000.0,526
Hackney,2023-01-01,Freehold,1193660.6341463414,1177500.0,82
Hackney,2023-01-01,Leasehold,614056.2747252748,570000.0,364
Hackney,2023-04-01,Freehold,1234661.0843373493,1250000.0,83
Hackney,2023-04-01,Leasehold,575793.9800664452,520000.0,301
Hackney,2023-07-01,Freehold,1330095.9696969697,1237500.0,99
Hackney,2023-07-01,Leasehold,620243.436440678,550000.0,472
Hackney,2023-10-01,Freehold,1308448.4186046512,1230000.0,86
Hackney,2023-10-01,Leasehold,581970.0435779816,525025.0,436
Hackney,2024-01-01,Freehold,1486452.7027027027,1365000.0,74
Hackney,2024-01-01,Leasehold,569266.9836512262,530000.0,367
Hackney,2024-04-01,Freehold,1165031.1720430108,1150000.0,93
Hackney,2024-04-01,Leasehold,638985.7414965987,572000.0,441
Hackney,2024-07-01,Freehold,1341965.2372881356,1258500.0,118
Hackney,2024-07-01,Leasehold,577537.328820116,533586.0,517
Hackney,2024-10-01,Freehold,1307679.4895833333,1157250.0,96
Hackney,2024-10-01,Leasehold,580108.1567567567,550000.0,555
Hackney,2025-01-01,Freehold,1204938.3602941176,1210000.0,136
Hackney,2025-01-01,Leasehold,576963.6506550219,522025.0,687
Hackney,2025-04-01,Freehold,1388037.9264705882,1403750.0,68
Hackney,2025-04-01,Leasehold,590404.2981132076,555000.0,265
Hackney,2025-07-01,Freehold,1437493.7079646017,1375000.0,113
Hackney,2025-07-01,Leasehold,568927.67695962,533000.0,421
Hackney,2025-10-01,Freehold,1337021.626506024,1195000.0,83
Hackney,2025-10-01,Leasehold,548722.1120943953,520000.0,339
Hackney,2026-01-01,Freehold,1072390.9268292682,955000.0,41
Hackney,2026-01-01,Leasehold,545585.5508474576,500000.0,236
Hackney,2026-04-01,Freehold,1000681.8181818182,808000.0,11
Hackney,2026-04-01,Leasehold,570646.0392156863,527500.0,102
Hammersmith And Fulham,2006-01-01,Freehold,649339.8534201954,586685.0,307
Hammersmith And Fulham,2006-01-01,Leasehold,312771.3314917127,267000.0,543
Hammersmith And Fulham,2006-04-01,Freehold,697233.4199475065,620000.0,381
Hammersmith And Fulham,2006-04-01,Leasehold,332429.17591339647,285000.0,739
Hammersmith And Fulham,2006-07-01,Freehold,724277.3752969122,637000.0,421
Hammersmith And Fulham,2006-07-01,Leasehold,336858.7406417112,300000.0,748
Hammersmith And Fulham,2006-10-01,Freehold,690537.6949152543,628500.0,295
Hammersmith And Fulham,2006-10-01,Leasehold,340822.77662337665,296000.0,770
Hammersmith And Fulham,2007-01-01,Freehold,751350.1331168831,660000.0,308
Hammersmith And Fulham,2007-01-01,Leasehold,379985.5173453997,330000.0,663
Hammersmith And Fulham,2007-04-01,Freehold,876707.5365853659,740000.0,328
Hammersmith And Fulham,2007-04-01,Leasehold,381580.4492753623,350000.0,759
Hammersmith And Fulham,2007-07-01,Freehold,928612.909859155,799950.0,355
Hammersmith And Fulham,2007-07-01,Leasehold,403638.2388663968,365100.0,741
Hammersmith And Fulham,2007-10-01,Freehold,867999.2292682927,750000.0,205
Hammersmith And Fulham,2007-10-01,Leasehold,400973.73863636365,352500.0,528
Hammersmith And Fulham,2008-01-01,Freehold,928374.5974025974,822500.0,154
Hammersmith And Fulham,2008-01-01,Leasehold,445764.7912371134,377500.0,388
Hammersmith And Fulham,2008-04-01,Freehold,827622.9862068966,700000.0,145
Hammersmith And Fulham,2008-04-01,Leasehold,453221.04248366016,361500.0,306
Hammersmith And Fulham,2008-07-01,Freehold,950115.2845528455,800000.0,123
Hammersmith And Fulham,2008-07-01,Leasehold,413177.0330882353,350000.0,272
Hammersmith And Fulham,2008-10-01,Freehold,723462.1272727273,656000.0,110
Hammersmith And Fulham,2008-10-01,Leasehold,344915.6797752809,305005.0,178
Hammersmith And Fulham,2009-01-01,Freehold,776314.4329896907,616000.0,97
Hammersmith And Fulham,2009-01-01,Leasehold,398923.1343283582,320000.0,134
Hammersmith And Fulham,2009-04-01,Freehold,705622.5850340136,650000.0,147
Hammersmith And Fulham,2009-04-01,Leasehold,354960.1198347107,300000.0,242
Hammersmith And Fulham,2009-07-01,Freehold,874363.3870967742,750000.0,279
Hammersmith And Fulham,2009-07-01,Leasehold,370401.7584541063,335000.0,414
Hammersmith And Fulham,2009-10-01,Freehold,940840.4224137932,791793.0,232
Hammersmith And Fulham,2009-10-01,Leasehold,370167.55980861245,345000.0,418
Hammersmith And Fulham,2010-01-01,Freehold,967490.6831683168,827750.0,202
Hammersmith And Fulham,2010-01-01,Leasehold,397103.25217391306,350000.0,345
Hammersmith And Fulham,2010-04-01,Freehold,974196.9272727272,829000.0,220
Hammersmith And Fulham,2010-04-01,Leasehold,424405.5710955711,385000.0,429
Hammersmith And Fulham,2010-07-01,Freehold,1049065.179054054,895000.0,296
Hammersmith And Fulham,2010-07-01,Leasehold,424435.4945054945,380000.0,455
Hammersmith And Fulham,2010-10-01,Freehold,964079.3068783069,795000.0,189
Hammersmith And Fulham,2010-10-01,Leasehold,394488.37851662404,370000.0,391
Hammersmith And Fulham,2011-01-01,Freehold,1099666.3446601941,911500.0,206
Hammersmith And Fulham,2011-01-01,Leasehold,399953.9070351759,355000.0,398
Hammersmith And Fulham,2011-04-01,Freehold,1125308.8584474886,900000.0,219
Hammersmith And Fulham,2011-04-01,Leasehold,432369.4709976798,376000.0,431
Hammersmith And Fulham,2011-07-01,Freehold,1063160.380228137,880000.0,263
Hammersmith And Fulham,2011-07-01,Leasehold,425188.3313131313,395000.0,495
Hammersmith And Fulham,2011-10-01,Freehold,1001325.1422018348,830000.0,218
Hammersmith And Fulham,2011-10-01,Leasehold,423615.0525252525,375000.0,495
Hammersmith And Fulham,2012-01-01,Freehold,1116429.1024096385,945000.0,166
Hammersmith And Fulham,2012-01-01,Leasehold,420293.73170731706,388500.0,410
Hammersmith And Fulham,2012-04-01,Freehold,1142405.5592417063,950000.0,211
Hammersmith And Fulham,2012-04-01,Leasehold,473124.1465517241,417500.0,464
Hammersmith And Fulham,2012-07-01,Freehold,1227026.3056603773,1075000.0,265
Hammersmith And Fulham,2012-07-01,Leasehold,457719.53767820774,400000.0,491
Hammersmith And Fulham,2012-10-01,Freehold,1119682.8544303798,1000000.0,158
Hammersmith And Fulham,2012-10-01,Leasehold,496406.81722689077,436750.0,476
Hammersmith And Fulham,2013-01-01,Freehold,1287666.4635416667,1150000.0,192
Hammersmith And Fulham,2013-01-01,Leasehold,484055.32824427483,425000.0,393
Hammersmith And Fulham,2013-04-01,Freehold,1319194.8502415458,1230000.0,207
Hammersmith And Fulham,2013-04-01,Leasehold,497605.8496993988,430000.0,499
Hammersmith And Fulham,2013-07-01,Freehold,1392986.0856164384,1200000.0,292
Hammersmith And Fulham,2013-07-01,Leasehold,532697.7413533834,485000.0,665
Hammersmith And Fulham,2013-10-01,Freehold,1405694.5913978494,1225000.0,186
Hammersmith And Fulham,2013-10-01,Leasehold,564775.8006872853,490000.0,582
Hammersmith And Fulham,2014-01-01,Freehold,1479591.543956044,1350000.0,182
Hammersmith And Fulham,2014-01-01,Leasehold,575444.0584551148,499950.0,479
Hammersmith And Fulham,2014-04-01,Freehold,1627586.2222222222,1375000.0,171
Hammersmith And Fulham,2014-04-01,Leasehold,595311.8688245316,540000.0,587
Hammersmith And Fulham,2014-07-01,Freehold,1644335.5275229358,1487500.0,218
Hammersmith And Fulham,2014-07-01,Leasehold,659453.0658783783,595000.0,592
Hammersmith And Fulham,2014-10-01,Freehold,1556911.15625,1332500.0,128
Hammersmith And Fulham,2014-10-01,Leasehold,819582.3533190578,640000.0,467
Hammersmith And Fulham,2015-01-01,Freehold,1452895.6454545455,1262500.0,110
Hammersmith And Fulham,2015-01-01,Leasehold,742007.4833333333,585250.0,360
Hammersmith And Fulham,2015-04-01,Freehold,1492983.4237288137,1350000.0,177
Hammersmith And Fulham,2015-04-01,Leasehold,755147.4539748954,614500.0,478
Hammersmith And Fulham,2015-07-01,Freehold,1518560.546875,1355000.0,192
Hammersmith And Fulham,2015-07-01,Leasehold,724557.7225433526,620000.0,519
Hammersmith And Fulham,2015-10-01,Freehold,1538535.9733333334,1350000.0,150
Hammersmith And Fulham,2015-10-01,Leasehold,752064.5237020316,630000.0,443
Hammersmith And Fulham,2016-01-01,Freehold,1578163.68,1400000.0,175
Hammersmith And Fulham,2016-01-01,Leasehold,735108.5305410122,610000.0,573
Hammersmith And Fulham,2016-04-01,Freehold,1575518.0208333333,1380000.0,96
Hammersmith And Fulham,2016-04-01,Leasehold,740292.9556786703,650000.0,361
Hammersmith And Fulham,2016-07-01,Freehold,1432546.7983193276,1285000.0,119
Hammersmith And Fulham,2016-07-01,Leasehold,754341.0176322418,600000.0,397
Hammersmith And Fulham,2016-10-01,Freehold,1605117.2673267326,1475000.0,101
Hammersmith And Fulham,2016-10-01,Leasehold,831684.4466292135,643750.0,356
Hammersmith And Fulham,2017-01-01,Freehold,1448294.1452991453,1290000.0,117
Hammersmith And Fulham,2017-01-01,Leasehold,728294.8852459016,655000.0,366
Hammersmith And Fulham,2017-04-01,Freehold,1506392.3358778625,1350000.0,131
Hammersmith And Fulham,2017-04-01,Leasehold,761842.7021276596,700000.0,423
Hammersmith And Fulham,2017-07-01,Freehold,1609202.1240310078,1497500.0,129
Hammersmith And Fulham,2017-07-01,Leasehold,821791.5091383812,675000.0,383
Hammersmith And Fulham,2017-10-01,Freehold,1514511.7835820895,1260625.0,134
Hammersmith And Fulham,2017-10-01,Leasehold,930023.8532110092,720000.0,436
Hammersmith And Fulham,2018-01-01,Freehold,1549178.8333333333,1362500.0,96
Hammersmith And Fulham,2018-01-01,Leasehold,914679.5464135021,725000.0,474
Hammersmith And Fulham,2018-04-01,Freehold,1410448.2905982905,1280000.0,117
Hammersmith And Fulham,2018-04-01,Leasehold,840436.7044917258,670000.0,423
Hammersmith And Fulham,2018-07-01,Freehold,1513018.9097222222,1335000.0,144
Hammersmith And Fulham,2018-07-01,Leasehold,834179.0332541568,645000.0,421
Hammersmith And Fulham,2018-10-01,Freehold,1449678.4696969697,1242000.0,132
Hammersmith And Fulham,2018-10-01,Leasehold,822815.0164835164,644500.0,364
Hammersmith And Fulham,2019-01-01,Freehold,1571403.3048780488,1412500.0,82
Hammersmith And Fulham,2019-01-01,Leasehold,672654.7279411765,597500.0,272
Hammersmith And Fulham,2019-04-01,Freehold,1458583.8842975206,1300000.0,121
Hammersmith And Fulham,2019-04-01,Leasehold,707026.9078014184,600000.0,282
Hammersmith And Fulham,2019-07-01,Freehold,1499787.7777777778,1336713.0,162
Hammersmith And Fulham,2019-07-01,Leasehold,751003.5126262626,616000.0,396
Hammersmith And Fulham,2019-10-01,Freehold,1641512.2230215827,1435000.0,139
Hammersmith And Fulham,2019-10-01,Leasehold,820438.546875,641762.5,448
Hammersmith And Fulham,2020-01-01,Freehold,1525214.314516129,1325000.0,124
Hammersmith And Fulham,2020-01-01,Leasehold,841031.1944444445,680000.0,432
Hammersmith And Fulham,2020-04-01,Freehold,1655697.9714285715,1419379.5,70
Hammersmith And Fulham,2020-04-01,Leasehold,828259.6776556777,685000.0,273
Hammersmith And Fulham,2020-07-01,Freehold,1622956.8598726115,1500000.0,157
Hammersmith And Fulham,2020-07-01,Leasehold,812826.0721649484,682600.0,388
Hammersmith And Fulham,2020-10-01,Freehold,1499999.4746835444,1342500.0,158
Hammersmith And Fulham,2020-10-01,Leasehold,749423.9920159681,665750.0,501
Hammersmith And Fulham,2021-01-01,Freehold,1555749.7609756098,1375000.0,205
Hammersmith And Fulham,2021-01-01,Leasehold,719803.590443686,640000.0,586
Hammersmith And Fulham,2021-04-01,Freehold,1522197.8512658228,1349000.0,316
Hammersmith And Fulham,2021-04-01,Leasehold,685333.8938547486,616250.0,716
Hammersmith And Fulham,2021-07-01,Freehold,1743986.0331491712,1510000.0,181
Hammersmith And Fulham,2021-07-01,Leasehold,729592.2014652014,610000.0,273
Hammersmith And Fulham,2021-10-01,Freehold,1746249.3223684211,1432500.0,152
Hammersmith And Fulham,2021-10-01,Leasehold,667451.3956043957,600000.0,364
Hammersmith And Fulham,2022-01-01,Freehold,1571110.1974522292,1375000.0,157
Hammersmith And Fulham,2022-01-01,Leasehold,664183.9326683292,585000.0,401
Hammersmith And Fulham,2022-04-01,Freehold,1650524.1445086705,1475000.0,173
Hammersmith And Fulham,2022-04-01,Leasehold,721913.9425,615064.0,400
Hammersmith And Fulham,2022-07-01,Freehold,1824315.610091743,1550000.0,218
Hammersmith And Fulham,2022-07-01,Leasehold,735126.8735362998,600000.0,427
Hammersmith And Fulham,2022-10-01,Freehold,1587668.291970803,1420000.0,137
Hammersmith And Fulham,2022-10-01,Leasehold,754620.6197183098,641900.0,497
Hammersmith And Fulham,2023-01-01,Freehold,1726863.5294117648,1446460.0,119
Hammersmith And Fulham,2023-01-01,Leasehold,875784.051724138,790000.0,522
Hammersmith And Fulham,2023-04-01,Freehold,1688219.7615384615,1486250.0,130
Hammersmith And Fulham,2023-04-01,Leasehold,865630.1482412061,735000.0,398
Hammersmith And Fulham,2023-07-01,Freehold,1750072.3786407767,1519500.0,206
Hammersmith And Fulham,2023-07-01,Leasehold,762405.5019455253,675000.0,514
Hammersmith And Fulham,2023-10-01,Freehold,1546379.61,1412500.0,100
Hammersmith And Fulham,2023-10-01,Leasehold,813272.5887640449,725000.0,445
Hammersmith And Fulham,2024-01-01,Freehold,1733781.0970149254,1460000.0,134
Hammersmith And Fulham,2024-01-01,Leasehold,974787.7395348838,768520.0,430
Hammersmith And Fulham,2024-04-01,Freehold,1775620.1267605633,1536150.0,142
Hammersmith And Fulham,2024-04-01,Leasehold,896578.9976689976,680000.0,429
Hammersmith And Fulham,2024-07-01,Freehold,1802200.1538461538,1590000.0,221
Hammersmith And Fulham,2024-07-01,Leasehold,784480.1067761807,660000.0,487
Hammersmith And Fulham,2024-10-01,Freehold,1711836.3439490446,1528000.0,157
Hammersmith And Fulham,2024-10-01,Leasehold,728806.9415730337,625000.0,445
Hammersmith And Fulham,2025-01-01,Freehold,1599812.0511363635,1325500.0,176
Hammersmith And Fulham,2025-01-01,Leasehold,722174.772113943,600000.0,667
Hammersmith And Fulham,2025-04-01,Freehold,1807086.4736842106,1542500.0,114
Hammersmith And Fulham,2025-04-01,Leasehold,810098.1046511628,660000.0,258
Hammersmith And Fulham,2025-07-01,Freehold,1706648.3798882682,1500000.0,179
Hammersmith And Fulham,2025-07-01,Leasehold,693335.8397790055,607550.5,362
Hammersmith And Fulham,2025-10-01,Freehold,1664547.3904761905,1500000.0,105
Hammersmith And Fulham,2025-10-01,Leasehold,629602.3914473684,581000.0,304
Hammersmith And Fulham,2026-01-01,Freehold,1506872.6949152541,1210000.0,59
Hammersmith And Fulham,2026-01-01,Leasehold,601656.2834224598,570000.0,187
Hammersmith And Fulham,2026-04-01,Freehold,1237409.2857142857,1122500.0,21
Hammersmith And Fulham,2026-04-01,Leasehold,591993.7551020408,525000.0,98
Haringey,2006-01-01,Freehold,360316.7182795699,250000.0,465
Haringey,2006-01-01,Leasehold,212000.74759152214,190000.0,519
Haringey,2006-04-01,Freehold,390884.52692307695,283750.0,520
Haringey,2006-04-01,Leasehold,214896.78792822186,201000.0,613
Haringey,2006-07-01,Freehold,451097.7703826955,300000.0,601
Haringey,2006-07-01,Leasehold,231611.2831737346,215000.0,731
Haringey,2006-10-01,Freehold,419089.8726899384,288000.0,487
Haringey,2006-10-01,Leasehold,229922.52412868632,215000.0,746
Haringey,2007-01-01,Freehold,435007.44,285000.0,475
Haringey,2007-01-01,Leasehold,230898.4633757962,218000.0,628
Haringey,2007-04-01,Freehold,481829.8619153675,330000.0,449
Haringey,2007-04-01,Leasehold,250706.9303482587,239950.0,603
Haringey,2007-07-01,Freehold,523754.8193202147,365000.0,559
Haringey,2007-07-01,Leasehold,268671.6409903714,249950.0,727
Haringey,2007-10-01,Freehold,493441.1074380165,340000.0,363
Haringey,2007-10-01,Leasehold,265968.4022140221,249950.0,542
Haringey,2008-01-01,Freehold,459867.01167315175,325000.0,257
Haringey,2008-01-01,Leasehold,255735.12987012987,240000.0,385
Haringey,2008-04-01,Freehold,510603.65145228215,340000.0,241
Haringey,2008-04-01,Leasehold,264814.40490797546,240000.0,326
Haringey,2008-07-01,Freehold,488475.22330097086,317000.0,206
Haringey,2008-07-01,Leasehold,242981.9409594096,230000.0,271
Haringey,2008-10-01,Freehold,417745.18902439025,293875.0,164
Haringey,2008-10-01,Leasehold,240217.9111111111,226175.0,180
Haringey,2009-01-01,Freehold,405327.5537190083,250000.0,121
Haringey,2009-01-01,Leasehold,229999.8984375,209125.0,128
Haringey,2009-04-01,Freehold,453651.7088607595,312500.0,158
Haringey,2009-04-01,Leasehold,244752.72558139535,230000.0,215
Haringey,2009-07-01,Freehold,493654.13167259784,390100.0,281
Haringey,2009-07-01,Leasehold,260803.5923566879,240000.0,314
Haringey,2009-10-01,Freehold,484479.25,343500.0,288
Haringey,2009-10-01,Leasehold,252002.28531855956,235000.0,361
Haringey,2010-01-01,Freehold,535748.481981982,398750.0,222
Haringey,2010-01-01,Leasehold,266460.2261146497,240000.0,314
Haringey,2010-04-01,Freehold,505427.4496124031,335000.0,258
Haringey,2010-04-01,Leasehold,274825.63265306124,249999.5,294
Haringey,2010-07-01,Freehold,591370.7195945946,413500.0,296
Haringey,2010-07-01,Leasehold,284390.69329896907,250000.0,388
Haringey,2010-10-01,Freehold,534875.9534883721,349500.0,258
Haringey,2010-10-01,Leasehold,289893.6666666667,250000.0,315
Haringey,2011-01-01,Freehold,583461.4977973568,400000.0,227
Haringey,2011-01-01,Leasehold,285308.39453125,248500.0,256
Haringey,2011-04-01,Freehold,514349.56115107914,360000.0,278
Haringey,2011-04-01,Leasehold,283564.39382239385,250000.0,259
Haringey,2011-07-01,Freehold,581363.1415929204,410000.0,339
Haringey,2011-07-01,Leasehold,298542.58771929826,250000.0,342
Haringey,2011-10-01,Freehold,529715.1146788991,360000.0,218
Haringey,2011-10-01,Leasehold,289549.6200527704,267500.0,379
Haringey,2012-01-01,Freehold,536482.8325581396,375000.0,215
Haringey,2012-01-01,Leasehold,288300.40277777775,250000.0,360
Haringey,2012-04-01,Freehold,641014.9078947369,472500.0,228
Haringey,2012-04-01,Leasehold,303230.85,278750.0,280
Haringey,2012-07-01,Freehold,622197.6744186047,465000.0,301
Haringey,2012-07-01,Leasehold,294843.6076233184,265000.0,446
Haringey,2012-10-01,Freehold,587884.3225806452,469500.0,217
Haringey,2012-10-01,Leasehold,306959.6826923077,275000.0,416
Haringey,2013-01-01,Freehold,751935.5096153846,447000.0,208
Haringey,2013-01-01,Leasehold,303022.6231884058,263000.0,345
Haringey,2013-04-01,Freehold,687136.1082251082,473500.0,231
Haringey,2013-04-01,Leasehold,304930.3543307087,285000.0,381
Haringey,2013-07-01,Freehold,734927.275862069,500000.0,319
Haringey,2013-07-01,Leasehold,345441.06511627906,317000.0,430
Haringey,2013-10-01,Freehold,724279.6354166666,500000.0,288
Haringey,2013-10-01,Leasehold,327801.64523281594,292000.0,451
Haringey,2014-01-01,Freehold,668268.9507575758,482500.0,264
Haringey,2014-01-01,Leasehold,352007.93203883496,320000.0,412
Haringey,2014-04-01,Freehold,805758.8625954199,548725.0,262
Haringey,2014-04-01,Leasehold,366488.0354609929,334700.0,423
Haringey,2014-07-01,Freehold,920713.262345679,670000.0,324
Haringey,2014-07-01,Leasehold,390421.134529148,355000.0,446
Haringey,2014-10-01,Freehold,761089.7864768683,531000.0,281
Haringey,2014-10-01,Leasehold,397628.8401826484,364975.0,438
Haringey,2015-01-01,Freehold,690425.6060606061,500000.0,198
Haringey,2015-01-01,Leasehold,378548.88427299703,360000.0,337
Haringey,2015-04-01,Freehold,806079.7362204725,550000.0,254
Haringey,2015-04-01,Leasehold,368723.5295508274,345000.0,423
Haringey,2015-07-01,Freehold,865159.2703583062,640000.0,307
Haringey,2015-07-01,Leasehold,427273.9310344828,382500.0,522
Haringey,2015-10-01,Freehold,940909.6088560886,715000.0,271
Haringey,2015-10-01,Leasehold,432311.3385416667,395000.0,384
Haringey,2016-01-01,Freehold,912794.5019011407,640000.0,263
Haringey,2016-01-01,Leasehold,408274.48681541585,374995.0,493
Haringey,2016-04-01,Freehold,929359.217877095,680000.0,179
Haringey,2016-04-01,Leasehold,412336.9213114754,384000.0,305
Haringey,2016-07-01,Freehold,934534.8211009174,715550.0,218
Haringey,2016-07-01,Leasehold,461027.73580246913,414995.0,405
Haringey,2016-10-01,Freehold,859523.3352272727,650000.0,176
Haringey,2016-10-01,Leasehold,442864.8964143426,420000.0,251
Haringey,2017-01-01,Freehold,917098.5828571429,785000.0,175
Haringey,2017-01-01,Leasehold,490905.85555555555,440000.0,270
Haringey,2017-04-01,Freehold,959270.2732240437,844995.0,183
Haringey,2017-04-01,Leasehold,501923.04240282683,450000.0,283
Haringey,2017-07-01,Freehold,968853.6548672566,742500.0,226
Haringey,2017-07-01,Leasehold,506636.52508361207,465000.0,299
Haringey,2017-10-01,Freehold,925240.8723404255,729500.0,188
Haringey,2017-10-01,Leasehold,517384.3958333333,449500.0,288
Haringey,2018-01-01,Freehold,1034674.9,805000.0,170
Haringey,2018-01-01,Leasehold,500894.9695652174,470000.0,230
Haringey,2018-04-01,Freehold,1007347.7152777778,797000.0,144
Haringey,2018-04-01,Leasehold,497058.50531914894,463625.0,376
Haringey,2018-07-01,Freehold,962871.5296803653,775000.0,219
Haringey,2018-07-01,Leasehold,477979.16374269006,462000.0,342
Haringey,2018-10-01,Freehold,880756.3520408163,672500.0,196
Haringey,2018-10-01,Leasehold,476395.355704698,420000.0,298
Haringey,2019-01-01,Freehold,916385.1724137932,700000.0,174
Haringey,2019-01-01,Leasehold,476211.4166666667,440000.0,252
Haringey,2019-04-01,Freehold,958323.2258064516,781100.0,155
Haringey,2019-04-01,Leasehold,486779.9723320158,442100.0,253
Haringey,2019-07-01,Freehold,926134.3835616439,693000.0,219
Haringey,2019-07-01,Leasehold,479555.40285714285,447975.0,350
Haringey,2019-10-01,Freehold,982996.355140187,741850.0,214
Haringey,2019-10-01,Leasehold,451809.0625,431250.0,304
Haringey,2020-01-01,Freehold,955548.5142857142,737500.0,175
Haringey,2020-01-01,Leasehold,428309.04214559385,405000.0,261
Haringey,2020-04-01,Freehold,881329.7319587629,655000.0,97
Haringey,2020-04-01,Leasehold,455751.3653846154,429500.0,156
Haringey,2020-07-01,Freehold,1023678.2694063927,800000.0,219
Haringey,2020-07-01,Leasehold,487032.3192982456,452000.0,285
Haringey,2020-10-01,Freehold,1026273.2359550562,765000.0,267
Haringey,2020-10-01,Leasehold,497827.6234413965,458000.0,401
Haringey,2021-01-01,Freehold,951098.104477612,735000.0,335
Haringey,2021-01-01,Leasehold,496267.7755102041,479200.0,588
Haringey,2021-04-01,Freehold,961575.3569739952,750000.0,423
Haringey,2021-04-01,Leasehold,503387.3554216867,480000.0,830
Haringey,2021-07-01,Freehold,1147873.8165137614,823500.0,218
Haringey,2021-07-01,Leasehold,488815.94880546076,430000.0,293
Haringey,2021-10-01,Freehold,1029706.469273743,825000.0,179
Haringey,2021-10-01,Leasehold,485017.94405594404,448000.0,286
Haringey,2022-01-01,Freehold,996403.3396226416,772500.0,212
Haringey,2022-01-01,Leasehold,499684.34294871794,452000.0,312
Haringey,2022-04-01,Freehold,1139560.2094240838,800000.0,191
Haringey,2022-04-01,Leasehold,507632.0777777778,485000.0,360
Haringey,2022-07-01,Freehold,1223274.3961661342,900000.0,313
Haringey,2022-07-01,Leasehold,514100.39425051335,477500.0,487
Haringey,2022-10-01,Freehold,1143081.7854251012,862500.0,247
Haringey,2022-10-01,Leasehold,542239.9808102346,505000.0,469
Haringey,2023-01-01,Freehold,1112461.4285714286,876250.0,168
Haringey,2023-01-01,Leasehold,498053.89124668436,465000.0,377
Haringey,2023-04-01,Freehold,1188392.5901639345,885000.0,183
Haringey,2023-04-01,Leasehold,523252.69888475834,465000.0,269
Haringey,2023-07-01,Freehold,1065505.937759336,860000.0,241
Haringey,2023-07-01,Leasehold,538094.4250681199,495000.0,367
Haringey,2023-10-01,Freehold,1031968.4928229665,755000.0,209
Haringey,2023-10-01,Leasehold,495498.9590443686,455000.0,293
Haringey,2024-01-01,Freehold,998115.8322981367,785000.0,161
Haringey,2024-01-01,Leasehold,501916.22330097086,465000.0,309
Haringey,2024-04-01,Freehold,1046611.8539325843,760500.0,178
Haringey,2024-04-01,Leasehold,494267.67731629394,455000.0,313
Haringey,2024-07-01,Freehold,1191456.3320754718,854180.0,265
Haringey,2024-07-01,Leasehold,516249.23387096776,470000.0,372
Haringey,2024-10-01,Freehold,1055130.0684931506,775000.0,219
Haringey,2024-10-01,Leasehold,520125.6827195467,475000.0,353
Haringey,2025-01-01,Freehold,1031454.6880466472,820000.0,343
Haringey,2025-01-01,Leasehold,515575.024911032,487500.0,562
Haringey,2025-04-01,Freehold,1003363.952,795000.0,125
Haringey,2025-04-01,Leasehold,497038.33653846156,463000.0,208
Haringey,2025-07-01,Freehold,1128401.219858156,909500.0,282
Haringey,2025-07-01,Leasehold,513159.64356435643,457500.0,303
Haringey,2025-10-01,Freehold,1122544.5505617978,850000.0,178
Haringey,2025-10-01,Leasehold,499473.39285714284,450000.0,280
Haringey,2026-01-01,Freehold,895665.7394957984,720000.0,119
Haringey,2026-01-01,Leasehold,510903.82658959535,465000.0,173
Haringey,2026-04-01,Freehold,746310.8108108108,600000.0,37
Haringey,2026-04-01,Leasehold,520999.45901639346,468500.0,61
Harrow,2006-01-01,Freehold,311919.36823104694,275000.0,554
Harrow,2006-01-01,Leasehold,202264.29768786128,182000.0,346
Harrow,2006-04-01,Freehold,353303.5442278861,291000.0,667
Harrow,2006-04-01,Leasehold,210455.1173594132,189000.0,409
Harrow,2006-07-01,Freehold,360803.08735332463,300000.0,767
Harrow,2006-07-01,Leasehold,206591.88544152744,189000.0,419
Harrow,2006-10-01,Freehold,350385.9673913043,307000.0,736
Harrow,2006-10-01,Leasehold,219961.38277511962,192750.0,418
Harrow,2007-01-01,Freehold,358153.1320754717,303000.0,583
Harrow,2007-01-01,Leasehold,211079.31894484413,193000.0,417
Harrow,2007-04-01,Freehold,377628.9570247934,325000.0,605
Harrow,2007-04-01,Leasehold,208559.78680203046,195525.0,394
Harrow,2007-07-01,Freehold,414263.1855388813,345000.0,733
Harrow,2007-07-01,Leasehold,222446.7012987013,206000.0,385
Harrow,2007-10-01,Freehold,384557.4508348794,339950.0,539
Harrow,2007-10-01,Leasehold,235797.38055555554,220000.0,360
Harrow,2008-01-01,Freehold,381394.28132992325,327000.0,391
Harrow,2008-01-01,Leasehold,234462.30434782608,220000.0,253
Harrow,2008-04-01,Freehold,400444.05898876407,332000.0,356
Harrow,2008-04-01,Leasehold,227727.82461538463,215625.0,325
Harrow,2008-07-01,Freehold,381515.7659574468,330000.0,282
Harrow,2008-07-01,Leasehold,223599.32777777777,216000.0,180
Harrow,2008-10-01,Freehold,363882.58095238096,300000.0,210
Harrow,2008-10-01,Leasehold,203083.4120879121,182000.0,182
Harrow,2009-01-01,Freehold,317274.4193548387,272500.0,186
Harrow,2009-01-01,Leasehold,194732.81818181818,175000.0,99
Harrow,2009-04-01,Freehold,336206.37647058826,290000.0,255
Harrow,2009-04-01,Leasehold,188191.59259259258,175000.0,135
Harrow,2009-07-01,Freehold,352017.5382653061,300000.0,392
Harrow,2009-07-01,Leasehold,203116.33783783784,187000.0,222
Harrow,2009-10-01,Freehold,353146.45112781954,310000.0,399
Harrow,2009-10-01,Leasehold,205786.99227799228,189000.0,259
Harrow,2010-01-01,Freehold,367095.7020547945,324000.0,292
Harrow,2010-01-01,Leasehold,199418.59770114944,192500.0,174
Harrow,2010-04-01,Freehold,383285.6923076923,325000.0,377
Harrow,2010-04-01,Leasehold,227990.95238095237,207000.0,189
Harrow,2010-07-01,Freehold,403518.52334152337,340000.0,407
Harrow,2010-07-01,Leasehold,219417.53968253967,207000.0,189
Harrow,2010-10-01,Freehold,396554.675,348475.0,400
Harrow,2010-10-01,Leasehold,239880.39662447257,220000.0,237
Harrow,2011-01-01,Freehold,414395.92509363295,330000.0,267
Harrow,2011-01-01,Leasehold,225480.9263803681,217000.0,163
Harrow,2011-04-01,Freehold,391819.9032258064,335000.0,310
Harrow,2011-04-01,Leasehold,229292.03278688525,216750.0,183
Harrow,2011-07-01,Freehold,420460.49103139015,345000.0,446
Harrow,2011-07-01,Leasehold,219467.70046082948,210000.0,217
Harrow,2011-10-01,Freehold,396570.25634517765,340000.0,394
Harrow,2011-10-01,Leasehold,226666.31413612564,214950.0,191
Harrow,2012-01-01,Freehold,389123.8128834356,332500.0,326
Harrow,2012-01-01,Leasehold,213834.38536585367,197000.0,205
Harrow,2012-04-01,Freehold,406795.9783281734,350000.0,323
Harrow,2012-04-01,Leasehold,227419.84375,209000.0,160
Harrow,2012-07-01,Freehold,422150.92071611254,357500.0,391
Harrow,2012-07-01,Leasehold,250800.0,223000.0,238
Harrow,2012-10-01,Freehold,441230.67403314915,375000.0,362
Harrow,2012-10-01,Leasehold,230630.71747211897,215000.0,269
Harrow,2013-01-01,Freehold,417596.62626262626,370000.0,297
Harrow,2013-01-01,Leasehold,232773.8536585366,215000.0,205
Harrow,2013-04-01,Freehold,423805.91825613077,378000.0,367
Harrow,2013-04-01,Leasehold,242517.2060085837,225000.0,233
Harrow,2013-07-01,Freehold,455254.7098214286,384000.0,448
Harrow,2013-07-01,Leasehold,258122.88764044945,232500.0,267
Harrow,2013-10-01,Freehold,473328.9728506787,399975.0,442
Harrow,2013-10-01,Leasehold,268595.8145695364,235000.0,302
Harrow,2014-01-01,Freehold,480397.3002754821,405000.0,363
Harrow,2014-01-01,Leasehold,279744.7653429603,240000.0,277
Harrow,2014-04-01,Freehold,535512.2042440318,428000.0,377
Harrow,2014-04-01,Leasehold,302802.3404255319,250000.0,282
Harrow,2014-07-01,Freehold,545537.9099307159,470000.0,433
Harrow,2014-07-01,Leasehold,287323.62237762235,249999.0,286
Harrow,2014-10-01,Freehold,538393.6947115385,458750.0,416
Harrow,2014-10-01,Leasehold,273433.64664310956,250000.0,283
Harrow,2015-01-01,Freehold,549226.1514285714,469000.0,350
Harrow,2015-01-01,Leasehold,287893.04761904763,260000.0,231
Harrow,2015-04-01,Freehold,574757.3029490616,495000.0,373
Harrow,2015-04-01,Leasehold,322024.1280487805,300000.0,328
Harrow,2015-07-01,Freehold,619656.0676855895,525000.0,458
Harrow,2015-07-01,Leasehold,308432.5164113786,297500.0,457
Harrow,2015-10-01,Freehold,581335.5486111111,521250.0,432
Harrow,2015-10-01,Leasehold,330070.5741935484,300000.0,310
Harrow,2016-01-01,Freehold,626598.4126637555,550000.0,458
Harrow,2016-01-01,Leasehold,326315.0830945559,317000.0,349
Harrow,2016-04-01,Freehold,613783.8815165877,550000.0,211
Harrow,2016-04-01,Leasehold,334029.4112149533,329500.0,214
Harrow,2016-07-01,Freehold,649222.3208191126,575000.0,293
Harrow,2016-07-01,Leasehold,343381.1904761905,334500.0,210
Harrow,2016-10-01,Freehold,613863.1288343559,550000.0,326
Harrow,2016-10-01,Leasehold,368606.4456521739,340000.0,184
Harrow,2017-01-01,Freehold,628576.9929577465,550000.0,284
Harrow,2017-01-01,Leasehold,379040.4246575342,350000.0,219
Harrow,2017-04-01,Freehold,640834.7429718876,590000.0,249
Harrow,2017-04-01,Leasehold,366708.24742268043,340500.0,194
Harrow,2017-07-01,Freehold,644687.9140127389,570000.0,314
Harrow,2017-07-01,Leasehold,379279.4027149321,355000.0,221
Harrow,2017-10-01,Freehold,623262.6963696369,570000.0,303
Harrow,2017-10-01,Leasehold,382400.3640776699,365000.0,206
Harrow,2018-01-01,Freehold,614908.3873517787,565000.0,253
Harrow,2018-01-01,Leasehold,368671.5859030837,360000.0,227
Harrow,2018-04-01,Freehold,618900.7348484849,565000.0,264
Harrow,2018-04-01,Leasehold,377622.4791666667,365000.0,240
Harrow,2018-07-01,Freehold,631357.0820668692,577500.0,329
Harrow,2018-07-01,Leasehold,370920.4591439689,360000.0,257
Harrow,2018-10-01,Freehold,626419.9701986755,553750.0,302
Harrow,2018-10-01,Leasehold,368460.8125,358000.0,240
Harrow,2019-01-01,Freehold,609121.5231316726,555000.0,281
Harrow,2019-01-01,Leasehold,360464.5972696246,350000.0,293
Harrow,2019-04-01,Freehold,612715.5381944445,575000.0,288
Harrow,2019-04-01,Leasehold,387737.3538961039,385000.0,308
Harrow,2019-07-01,Freehold,609440.5533980583,550000.0,309
Harrow,2019-07-01,Leasehold,353664.18888888886,350000.0,270
Harrow,2019-10-01,Freehold,619319.1358024691,560000.0,324
Harrow,2019-10-01,Leasehold,350828.81739130436,350000.0,230
Harrow,2020-01-01,Freehold,613765.231292517,559000.0,294
Harrow,2020-01-01,Leasehold,364617.53100775194,369500.0,258
Harrow,2020-04-01,Freehold,598675.4285714285,550500.0,140
Harrow,2020-04-01,Leasehold,340929.52173913043,350000.0,115
Harrow,2020-07-01,Freehold,664471.6217228464,595000.0,267
Harrow,2020-07-01,Leasehold,367343.28484848485,335000.0,165
Harrow,2020-10-01,Freehold,644753.3602150538,583000.0,372
Harrow,2020-10-01,Leasehold,393739.1245283019,390000.0,265
Harrow,2021-01-01,Freehold,661762.8732394367,600000.0,497
Harrow,2021-01-01,Leasehold,397672.38141025644,374700.0,312
Harrow,2021-04-01,Freehold,656010.3034482759,600000.0,580
Harrow,2021-04-01,Leasehold,384902.43434343435,362000.0,297
Harrow,2021-07-01,Freehold,705552.8303886926,640000.0,283
Harrow,2021-07-01,Leasehold,349323.2465753425,309000.0,146
Harrow,2021-10-01,Freehold,743661.552631579,637500.0,228
Harrow,2021-10-01,Leasehold,366907.23270440253,350000.0,159
Harrow,2022-01-01,Freehold,687227.3985239853,610000.0,271
Harrow,2022-01-01,Leasehold,357657.7195121951,345000.0,164
Harrow,2022-04-01,Freehold,715447.1043165468,631250.0,278
Harrow,2022-04-01,Leasehold,379668.7568493151,362500.0,292
Harrow,2022-07-01,Freehold,778980.3079019074,675000.0,367
Harrow,2022-07-01,Leasehold,401038.23333333334,375000.0,240
Harrow,2022-10-01,Freehold,729121.619205298,646250.0,302
Harrow,2022-10-01,Leasehold,368052.6011560694,340000.0,173
Harrow,2023-01-01,Freehold,824764.9159663866,655000.0,238
Harrow,2023-01-01,Leasehold,370600.9207920792,343750.0,202
Harrow,2023-04-01,Freehold,707427.1105263158,619500.0,190
Harrow,2023-04-01,Leasehold,366010.6487804878,330770.0,205
Harrow,2023-07-01,Freehold,723459.8361204014,632000.0,299
Harrow,2023-07-01,Leasehold,354059.73548387096,336000.0,155
Harrow,2023-10-01,Freehold,732034.5810810811,642500.0,222
Harrow,2023-10-01,Leasehold,377468.25694444444,353500.0,144
Harrow,2024-01-01,Freehold,716686.5213270142,622500.0,211
Harrow,2024-01-01,Leasehold,346595.4253731343,342500.0,134
Harrow,2024-04-01,Freehold,762005.7410358565,655000.0,251
Harrow,2024-04-01,Leasehold,374207.5931034483,350000.0,145
Harrow,2024-07-01,Freehold,732682.8808777429,665000.0,319
Harrow,2024-07-01,Leasehold,393452.7337278107,373000.0,169
Harrow,2024-10-01,Freehold,712221.2307692308,625000.0,299
Harrow,2024-10-01,Leasehold,363242.5988700565,340000.0,177
Harrow,2025-01-01,Freehold,685585.2974358974,625000.0,390
Harrow,2025-01-01,Leasehold,380765.56950672646,364000.0,223
Harrow,2025-04-01,Freehold,768525.2922077922,662250.0,154
Harrow,2025-04-01,Leasehold,358855.7522123894,341220.0,113
Harrow,2025-07-01,Freehold,711801.3147410358,640000.0,251
Harrow,2025-07-01,Leasehold,346653.95652173914,330000.0,115
Harrow,2025-10-01,Freehold,711710.3558558559,635000.0,222
Harrow,2025-10-01,Leasehold,333004.36029411765,330000.0,136
Harrow,2026-01-01,Freehold,697303.4226190476,636250.0,168
Harrow,2026-01-01,Leasehold,333471.6666666667,335000.0,75
Harrow,2026-04-01,Freehold,681765.1515151515,633500.0,66
Harrow,2026-04-01,Leasehold,357024.39024390245,325000.0,41
Havering,2006-01-01,Freehold,240224.20859671303,212000.0,791
Havering,2006-01-01,Leasehold,155387.41176470587,146000.0,255
Havering,2006-04-01,Freehold,243131.13355780023,215500.0,891
Havering,2006-04-01,Leasehold,148574.22310756973,145000.0,251
Havering,2006-07-01,Freehold,253594.19402985074,224995.0,1139
Havering,2006-07-01,Leasehold,158268.20701754387,149995.0,285
Havering,2006-10-01,Freehold,255322.9415992812,225000.0,1113
Havering,2006-10-01,Leasehold,164743.864,158000.0,375
Havering,2007-01-01,Freehold,258171.96926454446,227500.0,911
Havering,2007-01-01,Leasehold,164853.58217270195,159995.0,359
Havering,2007-04-01,Freehold,274861.0910973085,240000.0,966
Havering,2007-04-01,Leasehold,175219.17272727273,171386.0,440
Havering,2007-07-01,Freehold,288050.3220191471,247995.0,1149
Havering,2007-07-01,Leasehold,171178.95882352942,165000.0,340
Havering,2007-10-01,Freehold,274237.8431818182,245000.0,880
Havering,2007-10-01,Leasehold,181473.26683937825,175000.0,386
Havering,2008-01-01,Freehold,274400.91626409016,247000.0,621
Havering,2008-01-01,Leasehold,170005.04166666666,165000.0,216
Havering,2008-04-01,Freehold,286561.65886939573,248000.0,513
Havering,2008-04-01,Leasehold,172536.52466367712,165000.0,223
Havering,2008-07-01,Freehold,284656.036199095,242250.0,442
Havering,2008-07-01,Leasehold,159928.752,158000.0,125
Havering,2008-10-01,Freehold,246778.57142857142,225000.0,364
Havering,2008-10-01,Leasehold,156045.67938931298,157500.0,131
Havering,2009-01-01,Freehold,241918.53153153154,219000.0,222
Havering,2009-01-01,Leasehold,154341.7142857143,143500.0,84
Havering,2009-04-01,Freehold,246029.09685230025,209995.0,413
Havering,2009-04-01,Leasehold,153540.452991453,150000.0,117
Havering,2009-07-01,Freehold,244812.87266553481,214500.0,589
Havering,2009-07-01,Leasehold,150074.42567567568,136250.0,148
Havering,2009-10-01,Freehold,252023.1208791209,229000.0,637
Havering,2009-10-01,Leasehold,156111.3316831683,153250.0,202
Havering,2010-01-01,Freehold,279076.6597938144,232500.0,485
Havering,2010-01-01,Leasehold,152925.3879310345,153500.0,116
Havering,2010-04-01,Freehold,280502.3840445269,240000.0,539
Havering,2010-04-01,Leasehold,161987.72108843538,155000.0,147
Havering,2010-07-01,Freehold,290458.4354304636,245000.0,604
Havering,2010-07-01,Leasehold,165990.43046357617,157000.0,151
Havering,2010-10-01,Freehold,275765.77075812273,240000.0,554
Havering,2010-10-01,Leasehold,157158.52631578947,156000.0,133
Havering,2011-01-01,Freehold,261406.56675062972,230000.0,397
Havering,2011-01-01,Leasehold,154624.83870967742,152000.0,93
Havering,2011-04-01,Freehold,274145.73305954825,232500.0,487
Havering,2011-04-01,Leasehold,167239.82857142857,150000.0,105
Havering,2011-07-01,Freehold,266664.4554140127,232000.0,628
Havering,2011-07-01,Leasehold,151891.3918918919,150000.0,148
Havering,2011-10-01,Freehold,275928.8665540541,245000.0,592
Havering,2011-10-01,Leasehold,158924.20138888888,151250.0,144
Havering,2012-01-01,Freehold,253848.50169491526,226750.0,590
Havering,2012-01-01,Leasehold,152683.94252873564,151750.0,174
Havering,2012-04-01,Freehold,279261.06147540984,245500.0,488
Havering,2012-04-01,Leasehold,159639.57668711655,162000.0,163
Havering,2012-07-01,Freehold,272642.2521294719,245000.0,587
Havering,2012-07-01,Leasehold,152442.86259541984,158000.0,131
Havering,2012-10-01,Freehold,277861.8745318352,245000.0,534
Havering,2012-10-01,Leasehold,155462.53333333333,146747.5,150
Havering,2013-01-01,Freehold,277337.6758474576,242750.0,472
Havering,2013-01-01,Leasehold,157616.2985074627,155000.0,134
Havering,2013-04-01,Freehold,280539.8942807626,245000.0,577
Havering,2013-04-01,Leasehold,161609.79057591624,160000.0,191
Havering,2013-07-01,Freehold,298767.06565656565,250000.0,792
Havering,2013-07-01,Leasehold,169446.6059479554,165000.0,269
Havering,2013-10-01,Freehold,281843.62764771463,248000.0,897
Havering,2013-10-01,Leasehold,154847.87323943662,150000.0,213
Havering,2014-01-01,Freehold,302532.37565445027,259995.0,764
Havering,2014-01-01,Leasehold,168814.28934010153,164995.0,197
Havering,2014-04-01,Freehold,317665.61340206186,280000.0,776
Havering,2014-04-01,Leasehold,173171.7004830918,169000.0,207
Havering,2014-07-01,Freehold,330378.7213740458,285000.0,786
Havering,2014-07-01,Leasehold,188314.12718204487,185000.0,401
Havering,2014-10-01,Freehold,326735.3272962484,289999.0,773
Havering,2014-10-01,Leasehold,182771.08502024293,182500.0,247
Havering,2015-01-01,Freehold,336997.9336650083,292500.0,603
Havering,2015-01-01,Leasehold,192358.3165829146,190000.0,199
Havering,2015-04-01,Freehold,350088.01726844587,304000.0,637
Havering,2015-04-01,Leasehold,202360.58671586716,196000.0,271
Havering,2015-07-01,Freehold,375992.6126526082,325000.0,901
Havering,2015-07-01,Leasehold,210696.80555555556,209995.0,360
Havering,2015-10-01,Freehold,377934.843866171,339995.0,807
Havering,2015-10-01,Leasehold,216493.0,220000.0,370
Havering,2016-01-01,Freehold,399691.9661229611,353000.0,797
Havering,2016-01-01,Leasehold,233485.8679245283,235000.0,371
Havering,2016-04-01,Freehold,404015.6787148594,368497.5,498
Havering,2016-04-01,Leasehold,226039.81900452488,225000.0,221
Havering,2016-07-01,Freehold,419841.5295735901,375000.0,727
Havering,2016-07-01,Leasehold,246569.8901098901,240000.0,273
Havering,2016-10-01,Freehold,420998.4771573604,380000.0,591
Havering,2016-10-01,Leasehold,238966.10671936758,240000.0,253
Havering,2017-01-01,Freehold,428209.22187004756,380000.0,631
Havering,2017-01-01,Leasehold,247435.92481203008,245000.0,266
Havering,2017-04-01,Freehold,422032.29380530975,375000.0,565
Havering,2017-04-01,Leasehold,255921.72195121952,250750.0,205
Havering,2017-07-01,Freehold,439872.3897849462,385000.0,744
Havering,2017-07-01,Leasehold,276484.0036900369,270000.0,271
Havering,2017-10-01,Freehold,441035.65805471124,386500.0,658
Havering,2017-10-01,Leasehold,249655.54705882352,250000.0,170
Havering,2018-01-01,Freehold,423351.86610169493,375500.0,590
Havering,2018-01-01,Leasehold,261442.15697674418,250500.0,172
Havering,2018-04-01,Freehold,442362.49110320286,392125.0,562
Havering,2018-04-01,Leasehold,257233.5,255000.0,202
Havering,2018-07-01,Freehold,428799.60451977403,386250.0,708
Havering,2018-07-01,Leasehold,284138.27659574465,282500.0,282
Havering,2018-10-01,Freehold,429221.7793904209,390000.0,689
Havering,2018-10-01,Leasehold,266489.1152073733,260000.0,217
Havering,2019-01-01,Freehold,423908.81515711645,379995.0,541
Havering,2019-01-01,Leasehold,244251.55483870968,240000.0,155
Havering,2019-04-01,Freehold,427816.35925925925,385000.0,540
Havering,2019-04-01,Leasehold,253184.52380952382,245000.0,147
Havering,2019-07-01,Freehold,437264.20291970804,400000.0,685
Havering,2019-07-01,Leasehold,236496.74556213018,235000.0,169
Havering,2019-10-01,Freehold,445273.37085137086,395000.0,693
Havering,2019-10-01,Leasehold,283257.9365079365,252500.0,189
Havering,2020-01-01,Freehold,446310.6826446281,400000.0,605
Havering,2020-01-01,Leasehold,257944.8051948052,250000.0,154
Havering,2020-04-01,Freehold,427093.587012987,395000.0,385
Havering,2020-04-01,Leasehold,251081.0,250000.0,125
Havering,2020-07-01,Freehold,457921.17391304346,415000.0,598
Havering,2020-07-01,Leasehold,255664.31297709924,250000.0,131
Havering,2020-10-01,Freehold,462217.7438423645,420000.0,812
Havering,2020-10-01,Leasehold,253574.75977653632,250000.0,179
Havering,2021-01-01,Freehold,469250.30247933883,422500.0,1210
Havering,2021-01-01,Leasehold,266433.72302158276,265000.0,278
Havering,2021-04-01,Freehold,484015.6852646638,428500.0,1398
Havering,2021-04-01,Leasehold,260528.4423076923,260000.0,312
Havering,2021-07-01,Freehold,470306.0,428000.0,693
Havering,2021-07-01,Leasehold,260804.4367816092,251000.0,261
Havering,2021-10-01,Freehold,498098.1678700361,440000.0,554
Havering,2021-10-01,Leasehold,266104.83253588516,270000.0,209
Havering,2022-01-01,Freehold,512304.1846846847,460000.0,666
Havering,2022-01-01,Leasehold,256519.9661016949,250000.0,177
Havering,2022-04-01,Freehold,520243.8372827804,465000.0,633
Havering,2022-04-01,Leasehold,275656.9758454106,273000.0,207
Havering,2022-07-01,Freehold,530225.9010043042,480000.0,697
Havering,2022-07-01,Leasehold,280271.80530973454,278500.0,226
Havering,2022-10-01,Freehold,527032.5265486726,485000.0,678
Havering,2022-10-01,Leasehold,289197.962962963,290000.0,270
Havering,2023-01-01,Freehold,521710.1404174573,475000.0,527
Havering,2023-01-01,Leasehold,285984.06926406926,280000.0,231
Havering,2023-04-01,Freehold,530363.0022222223,465000.0,450
Havering,2023-04-01,Leasehold,283629.1614906832,280000.0,161
Havering,2023-07-01,Freehold,525397.2176258992,475000.0,556
Havering,2023-07-01,Leasehold,277758.3216374269,280000.0,171
Havering,2023-10-01,Freehold,517130.5821782178,470000.0,505
Havering,2023-10-01,Leasehold,253275.60975609755,275000.0,164
Havering,2024-01-01,Freehold,493006.0,460000.0,545
Havering,2024-01-01,Leasehold,262039.92700729927,270000.0,137
Havering,2024-04-01,Freehold,509799.6226765799,450000.0,538
Havering,2024-04-01,Leasehold,259685.71895424835,265000.0,153
Havering,2024-07-01,Freehold,530260.1404833837,475000.0,662
Havering,2024-07-01,Leasehold,264050.1923076923,265000.0,182
Havering,2024-10-01,Freehold,514943.11682892905,460000.0,719
Havering,2024-10-01,Leasehold,266614.0,263000.0,169
Havering,2025-01-01,Freehold,535605.5964912281,485000.0,969
Havering,2025-01-01,Leasehold,272579.0306122449,271250.0,196
Havering,2025-04-01,Freehold,531661.1267605633,475000.0,355
Havering,2025-04-01,Leasehold,251699.26605504588,260000.0,109
Havering,2025-07-01,Freehold,539879.9858490566,485000.0,636
Havering,2025-07-01,Leasehold,253803.3536585366,262750.0,164
Havering,2025-10-01,Freehold,524981.0264150944,477750.0,530
Havering,2025-10-01,Leasehold,266978.5447761194,272000.0,134
Havering,2026-01-01,Freehold,517046.0728929385,475000.0,439
Havering,2026-01-01,Leasehold,265865.0,270000.0,130
Havering,2026-04-01,Freehold,514947.80136986304,475000.0,146
Havering,2026-04-01,Leasehold,255810.8108108108,258000.0,37
Hillingdon,2006-01-01,Freehold,278204.050955414,241000.0,785
Hillingdon,2006-01-01,Leasehold,164861.39393939395,153000.0,297
Hillingdon,2006-04-01,Freehold,269713.78415841586,237125.0,1010
Hillingdon,2006-04-01,Leasehold,169119.2581602374,158000.0,337
Hillingdon,2006-07-01,Freehold,292936.35204991087,249950.0,1122
Hillingdon,2006-07-01,Leasehold,171502.25754060326,165000.0,431
Hillingdon,2006-10-01,Freehold,294409.6418338109,250000.0,1047
Hillingdon,2006-10-01,Leasehold,172157.43498817968,160000.0,423
Hillingdon,2007-01-01,Freehold,296982.1204545455,250000.0,880
Hillingdon,2007-01-01,Leasehold,171426.5625,169975.0,352
Hillingdon,2007-04-01,Freehold,302613.4628514056,252350.0,996
Hillingdon,2007-04-01,Leasehold,185083.67076167077,180000.0,407
Hillingdon,2007-07-01,Freehold,316916.3464788732,274000.0,1065
Hillingdon,2007-07-01,Leasehold,188080.1130063966,180000.0,469
Hillingdon,2007-10-01,Freehold,318750.168,277000.0,875
Hillingdon,2007-10-01,Leasehold,192410.52606635072,185000.0,422
Hillingdon,2008-01-01,Freehold,303544.26470588235,262500.0,612
Hillingdon,2008-01-01,Leasehold,196487.20055710306,189950.0,359
Hillingdon,2008-04-01,Freehold,305461.4724689165,270000.0,563
Hillingdon,2008-04-01,Leasehold,205774.62536873156,199950.0,339
Hillingdon,2008-07-01,Freehold,319925.4193548387,269000.0,403
Hillingdon,2008-07-01,Leasehold,202552.44396551725,194975.0,232
Hillingdon,2008-10-01,Freehold,302625.49570200575,250000.0,349
Hillingdon,2008-10-01,Leasehold,209167.60930232558,190000.0,215
Hillingdon,2009-01-01,Freehold,264030.8988764045,230000.0,267
Hillingdon,2009-01-01,Leasehold,193021.92366412215,175000.0,131
Hillingdon,2009-04-01,Freehold,268158.18891687656,235000.0,397
Hillingdon,2009-04-01,Leasehold,198168.44334975368,185000.0,203
Hillingdon,2009-07-01,Freehold,301577.8156862745,250000.0,510
Hillingdon,2009-07-01,Leasehold,182032.59278350516,174500.0,194
Hillingdon,2009-10-01,Freehold,298168.74742268043,250000.0,582
Hillingdon,2009-10-01,Leasehold,183775.53333333333,172625.0,300
Hillingdon,2010-01-01,Freehold,295986.3406862745,264000.0,408
Hillingdon,2010-01-01,Leasehold,183914.35294117648,185000.0,170
Hillingdon,2010-04-01,Freehold,314354.3357142857,275000.0,560
Hillingdon,2010-04-01,Leasehold,179722.52380952382,175000.0,210
Hillingdon,2010-07-01,Freehold,336237.85582822084,282500.0,652
Hillingdon,2010-07-01,Leasehold,187217.79079497908,180000.0,239
Hillingdon,2010-10-01,Freehold,321397.8163934426,275000.0,610
Hillingdon,2010-10-01,Leasehold,193260.60655737706,192000.0,244
Hillingdon,2011-01-01,Freehold,319914.7221095335,275000.0,493
Hillingdon,2011-01-01,Leasehold,190533.95384615383,180000.0,195
Hillingdon,2011-04-01,Freehold,327748.4182156134,275000.0,538
Hillingdon,2011-04-01,Leasehold,192916.575,186750.0,200
Hillingdon,2011-07-01,Freehold,345088.17101449275,289975.0,690
Hillingdon,2011-07-01,Leasehold,188186.65806451612,178000.0,310
Hillingdon,2011-10-01,Freehold,338848.21280276816,284997.5,578
Hillingdon,2011-10-01,Leasehold,193213.87193460492,190000.0,367
Hillingdon,2012-01-01,Freehold,311395.9146825397,270000.0,504
Hillingdon,2012-01-01,Leasehold,195538.15615615615,194000.0,333
Hillingdon,2012-04-01,Freehold,370353.67532467534,305000.0,462
Hillingdon,2012-04-01,Leasehold,206916.27802690584,202000.0,223
Hillingdon,2012-07-01,Freehold,352633.629005059,292000.0,593
Hillingdon,2012-07-01,Leasehold,208010.01045296167,189375.0,287
Hillingdon,2012-10-01,Freehold,350543.0153321976,297000.0,587
Hillingdon,2012-10-01,Leasehold,210147.16825396827,205000.0,315
Hillingdon,2013-01-01,Freehold,344270.88412017166,293500.0,466
Hillingdon,2013-01-01,Leasehold,200514.49545454545,190000.0,220
Hillingdon,2013-04-01,Freehold,341198.9243697479,294000.0,476
Hillingdon,2013-04-01,Leasehold,205556.23236514523,197000.0,241
Hillingdon,2013-07-01,Freehold,348700.72307692305,309000.0,650
Hillingdon,2013-07-01,Leasehold,205354.73883161513,200000.0,291
Hillingdon,2013-10-01,Freehold,373373.65204236005,330000.0,661
Hillingdon,2013-10-01,Leasehold,216566.42331288345,216500.0,326
Hillingdon,2014-01-01,Freehold,383885.49723756907,330000.0,543
Hillingdon,2014-01-01,Leasehold,220719.95375722542,216000.0,346
Hillingdon,2014-04-01,Freehold,397997.00531914894,351000.0,564
Hillingdon,2014-04-01,Leasehold,222884.51890034365,220000.0,291
Hillingdon,2014-07-01,Freehold,423308.5553846154,370000.0,650
Hillingdon,2014-07-01,Leasehold,225155.9149659864,220000.0,294
Hillingdon,2014-10-01,Freehold,437877.3801775148,372500.0,676
Hillingdon,2014-10-01,Leasehold,231833.5134328358,225000.0,335
Hillingdon,2015-01-01,Freehold,438984.4053537285,378500.0,523
Hillingdon,2015-01-01,Leasehold,260399.3153846154,245000.0,260
Hillingdon,2015-04-01,Freehold,430032.4220532319,394975.0,526
Hillingdon,2015-04-01,Leasehold,258610.0194805195,250000.0,308
Hillingdon,2015-07-01,Freehold,475566.14742698194,406000.0,719
Hillingdon,2015-07-01,Leasehold,273764.6963350785,280750.0,382
Hillingdon,2015-10-01,Freehold,487294.3043478261,440000.0,667
Hillingdon,2015-10-01,Leasehold,283155.93277310923,278500.0,357
Hillingdon,2016-01-01,Freehold,515402.671875,436000.0,704
Hillingdon,2016-01-01,Leasehold,293636.05626598466,275000.0,391
Hillingdon,2016-04-01,Freehold,493366.21428571426,450000.0,406
Hillingdon,2016-04-01,Leasehold,330717.47826086957,293000.0,207
Hillingdon,2016-07-01,Freehold,534255.5831702544,465000.0,511
Hillingdon,2016-07-01,Leasehold,282716.97538461536,239950.0,325
Hillingdon,2016-10-01,Freehold,530642.7402061856,465000.0,485
Hillingdon,2016-10-01,Leasehold,308234.84444444446,293500.0,270
Hillingdon,2017-01-01,Freehold,533326.6043478261,465000.0,460
Hillingdon,2017-01-01,Leasehold,314904.46484375,310000.0,256
Hillingdon,2017-04-01,Freehold,530148.6290983607,465000.0,488
Hillingdon,2017-04-01,Leasehold,323216.5789473684,310000.0,304
Hillingdon,2017-07-01,Freehold,534689.3785850861,475000.0,523
Hillingdon,2017-07-01,Leasehold,340129.86376021797,327500.0,367
Hillingdon,2017-10-01,Freehold,518562.86363636365,466500.0,484
Hillingdon,2017-10-01,Leasehold,335842.8821656051,332250.0,314
Hillingdon,2018-01-01,Freehold,520114.43037974683,465000.0,395
Hillingdon,2018-01-01,Leasehold,323156.5443037975,312497.5,316
Hillingdon,2018-04-01,Freehold,522295.84096385544,470000.0,415
Hillingdon,2018-04-01,Leasehold,302451.8515625,290000.0,256
Hillingdon,2018-07-01,Freehold,552153.1504950495,485000.0,505
Hillingdon,2018-07-01,Leasehold,302509.1767068273,295000.0,249
Hillingdon,2018-10-01,Freehold,509999.3713080169,465000.0,474
Hillingdon,2018-10-01,Leasehold,313549.74436090223,305000.0,266
Hillingdon,2019-01-01,Freehold,519737.84367245657,466000.0,403
Hillingdon,2019-01-01,Leasehold,301391.4166666667,300500.0,204
Hillingdon,2019-04-01,Freehold,533572.4547619048,471000.0,420
Hillingdon,2019-04-01,Leasehold,313278.0,302250.0,286
Hillingdon,2019-07-01,Freehold,508631.1513859275,470000.0,469
Hillingdon,2019-07-01,Leasehold,309115.2734375,300000.0,256
Hillingdon,2019-10-01,Freehold,540492.4440298508,479500.0,536
Hillingdon,2019-10-01,Leasehold,314194.89686098654,305000.0,223
Hillingdon,2020-01-01,Freehold,521665.7210884354,470000.0,441
Hillingdon,2020-01-01,Leasehold,315676.3719806763,299995.0,207
Hillingdon,2020-04-01,Freehold,506642.0891089109,455000.0,202
Hillingdon,2020-04-01,Leasehold,311569.90265486727,300000.0,113
Hillingdon,2020-07-01,Freehold,550421.6112469438,499500.0,409
Hillingdon,2020-07-01,Leasehold,316390.4905660377,320000.0,212
Hillingdon,2020-10-01,Freehold,556014.3427230048,495000.0,639
Hillingdon,2020-10-01,Leasehold,348482.15857605176,349950.0,309
Hillingdon,2021-01-01,Freehold,563008.2379713914,505000.0,769
Hillingdon,2021-01-01,Leasehold,328854.1971830986,315000.0,284
Hillingdon,2021-04-01,Freehold,561282.1259105098,505000.0,961
Hillingdon,2021-04-01,Leasehold,344953.6113445378,325000.0,476
Hillingdon,2021-07-01,Freehold,573034.3484486873,520000.0,419
Hillingdon,2021-07-01,Leasehold,335047.64423076925,312000.0,312
Hillingdon,2021-10-01,Freehold,590888.148989899,515000.0,396
Hillingdon,2021-10-01,Leasehold,315576.95075757575,304000.0,264
Hillingdon,2022-01-01,Freehold,581958.625,518500.0,456
Hillingdon,2022-01-01,Leasehold,340635.4609375,321000.0,256
Hillingdon,2022-04-01,Freehold,620476.7129186603,531250.0,418
Hillingdon,2022-04-01,Leasehold,336957.40476190473,326500.0,336
Hillingdon,2022-07-01,Freehold,608734.0981818181,543500.0,550
Hillingdon,2022-07-01,Leasehold,350223.3268608414,335000.0,309
Hillingdon,2022-10-01,Freehold,623886.979253112,565000.0,482
Hillingdon,2022-10-01,Leasehold,357387.9656019656,345000.0,407
Hillingdon,2023-01-01,Freehold,637832.0088495575,563000.0,339
Hillingdon,2023-01-01,Leasehold,331416.18518518517,315000.0,270
Hillingdon,2023-04-01,Freehold,628995.55,545000.0,340
Hillingdon,2023-04-01,Leasehold,360947.95620437956,340030.0,274
Hillingdon,2023-07-01,Freehold,610079.6789838338,550000.0,433
Hillingdon,2023-07-01,Leasehold,321395.2086956522,320000.0,230
Hillingdon,2023-10-01,Freehold,605049.6546961326,540000.0,362
Hillingdon,2023-10-01,Leasehold,318236.44811320753,316250.0,212
Hillingdon,2024-01-01,Freehold,615665.9033149171,540000.0,362
Hillingdon,2024-01-01,Leasehold,306846.9220779221,300000.0,154
Hillingdon,2024-04-01,Freehold,580025.8977900553,535000.0,362
Hillingdon,2024-04-01,Leasehold,313198.8181818182,300000.0,165
Hillingdon,2024-07-01,Freehold,615705.7870182556,556000.0,493
Hillingdon,2024-07-01,Leasehold,320617.4371859296,305000.0,199
Hillingdon,2024-10-01,Freehold,607036.8971193415,560000.0,486
Hillingdon,2024-10-01,Leasehold,307957.72,305000.0,175
Hillingdon,2025-01-01,Freehold,625757.9036334914,552000.0,633
Hillingdon,2025-01-01,Leasehold,335172.2988505747,320000.0,261
Hillingdon,2025-04-01,Freehold,643787.7846153846,581250.0,260
Hillingdon,2025-04-01,Leasehold,342778.6235955056,321000.0,178
Hillingdon,2025-07-01,Freehold,634422.3236714976,567226.0,414
Hillingdon,2025-07-01,Leasehold,325122.06,312500.0,150
Hillingdon,2025-10-01,Freehold,611745.9885057472,550000.0,348
Hillingdon,2025-10-01,Leasehold,309959.1911764706,310000.0,136
Hillingdon,2026-01-01,Freehold,611527.4265734266,568000.0,286
Hillingdon,2026-01-01,Leasehold,287647.1157024793,293000.0,121
Hillingdon,2026-04-01,Freehold,638409.1808510638,560000.0,94
Hillingdon,2026-04-01,Leasehold,305028.350877193,310000.0,57
Hounslow,2006-01-01,Freehold,329695.5143403442,248000.0,523
Hounslow,2006-01-01,Leasehold,219059.04464285713,192000.0,448
Hounslow,2006-04-01,Freehold,336487.38850174216,249950.0,574
Hounslow,2006-04-01,Leasehold,227164.96954314722,199950.0,591
Hounslow,2006-07-01,Freehold,364037.5144654088,260000.0,795
Hounslow,2006-07-01,Leasehold,214547.83950617284,186000.0,567
Hounslow,2006-10-01,Freehold,333464.4191702432,249975.0,699
Hounslow,2006-10-01,Leasehold,223925.01155115513,200000.0,606
Hounslow,2007-01-01,Freehold,342189.60898502497,264950.0,601
Hounslow,2007-01-01,Leasehold,228535.93356643355,207250.0,572
Hounslow,2007-04-01,Freehold,360747.2662229617,275000.0,601
Hounslow,2007-04-01,Leasehold,237058.83473389357,223000.0,714
Hounslow,2007-07-01,Freehold,393511.8257261411,285000.0,723
Hounslow,2007-07-01,Leasehold,244736.01624548738,224000.0,554
Hounslow,2007-10-01,Freehold,412761.797274276,304000.0,587
Hounslow,2007-10-01,Leasehold,254373.65931863728,235000.0,499
Hounslow,2008-01-01,Freehold,402822.3946587537,287500.0,337
Hounslow,2008-01-01,Leasehold,242668.26072607262,214000.0,303
Hounslow,2008-04-01,Freehold,405087.6380368098,275750.0,326
Hounslow,2008-04-01,Leasehold,255348.60705289672,236500.0,397
Hounslow,2008-07-01,Freehold,361321.4945054945,250000.0,273
Hounslow,2008-07-01,Leasehold,238919.54744525548,225000.0,274
Hounslow,2008-10-01,Freehold,360179.84375,250000.0,224
Hounslow,2008-10-01,Leasehold,218717.5,213250.0,188
Hounslow,2009-01-01,Freehold,347329.80606060603,249950.0,165
Hounslow,2009-01-01,Leasehold,207607.6605504587,180000.0,109
Hounslow,2009-04-01,Freehold,338631.3487394958,245000.0,238
Hounslow,2009-04-01,Leasehold,220115.58227848102,205000.0,158
Hounslow,2009-07-01,Freehold,409445.51136363635,268500.0,352
Hounslow,2009-07-01,Leasehold,235074.875,220000.0,208
Hounslow,2009-10-01,Freehold,371793.25217391306,250000.0,345
Hounslow,2009-10-01,Leasehold,230807.21153846153,201975.0,260
Hounslow,2010-01-01,Freehold,408998.02153846156,270000.0,325
Hounslow,2010-01-01,Leasehold,242219.96086956523,206475.0,230
Hounslow,2010-04-01,Freehold,399251.1335311573,275000.0,337
Hounslow,2010-04-01,Leasehold,244065.68384879726,225000.0,291
Hounslow,2010-07-01,Freehold,458734.6596858639,286500.0,382
Hounslow,2010-07-01,Leasehold,249640.39518900344,225000.0,291
Hounslow,2010-10-01,Freehold,391481.2422535211,260000.0,355
Hounslow,2010-10-01,Leasehold,258182.96240601502,221000.0,266
Hounslow,2011-01-01,Freehold,464884.84429065743,297500.0,289
Hounslow,2011-01-01,Leasehold,272226.4404761905,236500.0,168
Hounslow,2011-04-01,Freehold,424524.93506493507,277000.0,308
Hounslow,2011-04-01,Leasehold,250478.06741573033,220000.0,267
Hounslow,2011-07-01,Freehold,462257.757793765,296000.0,417
Hounslow,2011-07-01,Leasehold,245590.79381443298,225000.0,291
Hounslow,2011-10-01,Freehold,435914.7524115756,280000.0,311
Hounslow,2011-10-01,Leasehold,248577.13382899627,220000.0,269
Hounslow,2012-01-01,Freehold,385472.1246376812,250000.0,345
Hounslow,2012-01-01,Leasehold,268394.74368231045,220000.0,277
Hounslow,2012-04-01,Freehold,425130.4556962025,306250.0,316
Hounslow,2012-04-01,Leasehold,304795.2479338843,242500.0,242
Hounslow,2012-07-01,Freehold,456375.74622356496,302500.0,331
Hounslow,2012-07-01,Leasehold,283809.0833333333,240475.0,264
Hounslow,2012-10-01,Freehold,414546.80994152045,309350.0,342
Hounslow,2012-10-01,Leasehold,272159.5814814815,230500.0,270
Hounslow,2013-01-01,Freehold,427231.3875,298475.0,320
Hounslow,2013-01-01,Leasehold,301184.28630705393,232000.0,241
Hounslow,2013-04-01,Freehold,482907.47293447296,325000.0,351
Hounslow,2013-04-01,Leasehold,321554.93454545457,245000.0,275
Hounslow,2013-07-01,Freehold,488424.7663755459,322250.0,458
Hounslow,2013-07-01,Leasehold,280963.5763688761,227500.0,347
Hounslow,2013-10-01,Freehold,505380.5308924485,330000.0,437
Hounslow,2013-10-01,Leasehold,293142.6385542169,229950.0,415
Hounslow,2014-01-01,Freehold,517729.5943661972,350000.0,355
Hounslow,2014-01-01,Leasehold,300107.75,247500.0,396
Hounslow,2014-04-01,Freehold,499811.4985915493,350000.0,355
Hounslow,2014-04-01,Leasehold,338484.4747081712,309975.0,514
Hounslow,2014-07-01,Freehold,583460.8134715026,372500.0,386
Hounslow,2014-07-01,Leasehold,339144.51150895143,275000.0,391
Hounslow,2014-10-01,Freehold,577643.6964769647,370000.0,369
Hounslow,2014-10-01,Leasehold,336767.9519650655,279950.0,458
Hounslow,2015-01-01,Freehold,494373.12218649517,360000.0,311
Hounslow,2015-01-01,Leasehold,339889.52777777775,287500.0,360
Hounslow,2015-04-01,Freehold,577906.8482142857,385000.0,336
Hounslow,2015-04-01,Leasehold,393847.0389016018,317500.0,437
Hounslow,2015-07-01,Freehold,602140.8838383838,400000.0,396
Hounslow,2015-07-01,Leasehold,391384.26206896553,335000.0,435
Hounslow,2015-10-01,Freehold,563063.2864197531,430000.0,405
Hounslow,2015-10-01,Leasehold,384076.0780952381,335000.0,525
Hounslow,2016-01-01,Freehold,601400.0929095355,430000.0,409
Hounslow,2016-01-01,Leasehold,409247.3094262295,339997.5,488
Hounslow,2016-04-01,Freehold,532347.947826087,431000.0,230
Hounslow,2016-04-01,Leasehold,476990.6706231454,409995.0,337
Hounslow,2016-07-01,Freehold,590536.5298245614,440000.0,285
Hounslow,2016-07-01,Leasehold,381772.92307692306,299950.0,403
Hounslow,2016-10-01,Freehold,595180.8474576271,440000.0,295
Hounslow,2016-10-01,Leasehold,331791.3558139535,295000.0,430
Hounslow,2017-01-01,Freehold,702120.8778625954,475000.0,262
Hounslow,2017-01-01,Leasehold,388345.6045751634,330000.0,306
Hounslow,2017-04-01,Freehold,638080.0534351146,462500.0,262
Hounslow,2017-04-01,Leasehold,371061.64,325000.0,300
Hounslow,2017-07-01,Freehold,594275.8156028369,457500.0,282
Hounslow,2017-07-01,Leasehold,400825.0636132315,300000.0,393
Hounslow,2017-10-01,Freehold,632348.4965034965,475500.0,286
Hounslow,2017-10-01,Leasehold,456987.31954022986,350000.0,435
Hounslow,2018-01-01,Freehold,579529.4534883721,459975.0,258
Hounslow,2018-01-01,Leasehold,438123.8020477816,367000.0,293
Hounslow,2018-04-01,Freehold,607647.4501992032,462500.0,251
Hounslow,2018-04-01,Leasehold,457020.8801652893,350000.0,242
Hounslow,2018-07-01,Freehold,584219.73089701,460000.0,301
Hounslow,2018-07-01,Leasehold,402509.37209302327,339500.0,344
Hounslow,2018-10-01,Freehold,648951.897810219,471000.0,274
Hounslow,2018-10-01,Leasehold,400404.2913385827,344250.0,254
Hounslow,2019-01-01,Freehold,578608.0425531915,458000.0,235
Hounslow,2019-01-01,Leasehold,369884.65800865804,330000.0,231
Hounslow,2019-04-01,Freehold,606577.4549763033,460000.0,211
Hounslow,2019-04-01,Leasehold,414789.97607655503,370000.0,209
Hounslow,2019-07-01,Freehold,629198.8923076923,447000.0,260
Hounslow,2019-07-01,Leasehold,385940.95215311006,350000.0,209
Hounslow,2019-10-01,Freehold,634861.8484848485,477000.0,297
Hounslow,2019-10-01,Leasehold,395919.44852941175,353000.0,272
Hounslow,2020-01-01,Freehold,686722.7817460317,495000.0,252
Hounslow,2020-01-01,Leasehold,413338.1547169811,369500.0,265
Hounslow,2020-04-01,Freehold,672909.349593496,505000.0,123
Hounslow,2020-04-01,Leasehold,356975.91803278687,340044.0,122
Hounslow,2020-07-01,Freehold,774887.4092827004,517000.0,237
Hounslow,2020-07-01,Leasehold,386205.9574468085,353000.0,235
Hounslow,2020-10-01,Freehold,721399.6360759494,517500.0,316
Hounslow,2020-10-01,Leasehold,409558.53731343284,380000.0,335
Hounslow,2021-01-01,Freehold,686360.0576441103,525000.0,399
Hounslow,2021-01-01,Leasehold,402159.0425531915,371000.0,329
Hounslow,2021-04-01,Freehold,700663.1151736745,540000.0,547
Hounslow,2021-04-01,Leasehold,429239.97949886107,395000.0,439
Hounslow,2021-07-01,Freehold,747602.0444444445,529000.0,270
Hounslow,2021-07-01,Leasehold,392019.025,341000.0,200
Hounslow,2021-10-01,Freehold,675336.529880478,512500.0,251
Hounslow,2021-10-01,Leasehold,382193.2287581699,326500.0,153
Hounslow,2022-01-01,Freehold,717642.8867924528,520000.0,265
Hounslow,2022-01-01,Leasehold,373943.0680851064,341000.0,235
Hounslow,2022-04-01,Freehold,792120.6055776892,595000.0,251
Hounslow,2022-04-01,Leasehold,430924.7607843137,375000.0,255
Hounslow,2022-07-01,Freehold,880505.8550295858,597475.0,338
Hounslow,2022-07-01,Leasehold,435044.60104986874,415000.0,381
Hounslow,2022-10-01,Freehold,766687.413559322,580500.0,295
Hounslow,2022-10-01,Leasehold,452372.04057279235,415000.0,419
Hounslow,2023-01-01,Freehold,861044.6727272727,578000.0,220
Hounslow,2023-01-01,Leasehold,390231.9575757576,360000.0,330
Hounslow,2023-04-01,Freehold,734289.7897435897,535000.0,195
Hounslow,2023-04-01,Leasehold,479186.07009345794,421875.0,214
Hounslow,2023-07-01,Freehold,807734.160535117,582000.0,299
Hounslow,2023-07-01,Leasehold,472165.1060606061,395000.0,198
Hounslow,2023-10-01,Freehold,647950.6409090909,531250.0,220
Hounslow,2023-10-01,Leasehold,446956.55870445346,422000.0,247
Hounslow,2024-01-01,Freehold,770754.3348017621,543000.0,227
Hounslow,2024-01-01,Leasehold,414141.7918367347,355000.0,245
Hounslow,2024-04-01,Freehold,724837.4087301587,575000.0,252
Hounslow,2024-04-01,Leasehold,434313.9336283186,377500.0,226
Hounslow,2024-07-01,Freehold,745372.4557823129,548500.0,294
Hounslow,2024-07-01,Leasehold,468070.34,394975.0,250
Hounslow,2024-10-01,Freehold,739855.4125,555000.0,320
Hounslow,2024-10-01,Leasehold,453598.3095238095,370000.0,294
Hounslow,2025-01-01,Freehold,761293.9394673123,550000.0,413
Hounslow,2025-01-01,Leasehold,429999.271468144,385000.0,361
Hounslow,2025-04-01,Freehold,805208.1363636364,587500.0,154
Hounslow,2025-04-01,Leasehold,371600.20958083833,325000.0,167
Hounslow,2025-07-01,Freehold,864483.2307692308,578000.0,273
Hounslow,2025-07-01,Leasehold,420926.7361111111,385000.0,216
Hounslow,2025-10-01,Freehold,690029.3984375,567500.0,256
Hounslow,2025-10-01,Leasehold,393846.4342857143,337000.0,175
Hounslow,2026-01-01,Freehold,643478.3715846995,535000.0,183
Hounslow,2026-01-01,Leasehold,405325.731884058,330000.0,138
Hounslow,2026-04-01,Freehold,586038.4107142857,532475.0,56
Hounslow,2026-04-01,Leasehold,400942.8461538461,385000.0,39
Islington,2006-01-01,Freehold,564179.7380952381,515000.0,168
Islington,2006-01-01,Leasehold,277539.8566827697,249350.0,621
Islington,2006-04-01,Freehold,643784.932,559000.0,250
Islington,2006-04-01,Leasehold,281693.33242506813,250000.0,734
Islington,2006-07-01,Freehold,645381.624535316,575000.0,269
Islington,2006-07-01,Leasehold,290027.8100102145,265000.0,979
Islington,2006-10-01,Freehold,727201.1182795699,635000.0,186
Islington,2006-10-01,Leasehold,305456.99880525685,283900.0,837
Islington,2007-01-01,Freehold,675851.7608695652,617500.0,184
Islington,2007-01-01,Leasehold,317948.21361815755,290000.0,749
Islington,2007-04-01,Freehold,791877.3701923077,705000.0,208
Islington,2007-04-01,Leasehold,345646.21320495184,314000.0,727
Islington,2007-07-01,Freehold,836300.1583710407,750000.0,221
Islington,2007-07-01,Leasehold,370112.82229580573,330000.0,906
Islington,2007-10-01,Freehold,827563.2088607595,730000.0,158
Islington,2007-10-01,Leasehold,355844.8466353678,321000.0,639
Islington,2008-01-01,Freehold,750122.4952380953,669000.0,105
Islington,2008-01-01,Leasehold,371870.0055762082,338475.0,538
Islington,2008-04-01,Freehold,796296.8037383178,723000.0,107
Islington,2008-04-01,Leasehold,372696.2404580153,335000.0,524
Islington,2008-07-01,Freehold,848397.5773195876,723000.0,97
Islington,2008-07-01,Leasehold,350288.27066115703,326187.5,484
Islington,2008-10-01,Freehold,771809.2131147541,688000.0,61
Islington,2008-10-01,Leasehold,328284.82885085576,317500.0,409
Islington,2009-01-01,Freehold,711877.0327868853,613000.0,61
Islington,2009-01-01,Leasehold,335212.72354948806,312500.0,293
Islington,2009-04-01,Freehold,656258.8235294118,605000.0,85
Islington,2009-04-01,Leasehold,328225.3837535014,300000.0,357
Islington,2009-07-01,Freehold,805912.84,727500.0,150
Islington,2009-07-01,Leasehold,339665.653250774,310000.0,646
Islington,2009-10-01,Freehold,753892.4214285715,696000.0,140
Islington,2009-10-01,Leasehold,348865.96978851967,315000.0,662
Islington,2010-01-01,Freehold,885130.8224299066,750000.0,107
Islington,2010-01-01,Leasehold,371732.2244488978,336163.0,499
Islington,2010-04-01,Freehold,822074.4316546762,750000.0,139
Islington,2010-04-01,Leasehold,382336.9401408451,345000.0,568
Islington,2010-07-01,Freehold,904727.6012269938,781000.0,163
Islington,2010-07-01,Leasehold,392434.1557251908,350000.0,655
Islington,2010-10-01,Freehold,904526.7080291971,800000.0,137
Islington,2010-10-01,Leasehold,393647.15410958906,365000.0,584
Islington,2011-01-01,Freehold,914516.6788321168,820000.0,137
Islington,2011-01-01,Leasehold,391000.52093023254,346000.0,430
Islington,2011-04-01,Freehold,939235.5798319328,810000.0,119
Islington,2011-04-01,Leasehold,389410.27814569534,355000.0,453
Islington,2011-07-01,Freehold,981321.6413043478,875000.0,184
Islington,2011-07-01,Leasehold,398996.0715421304,355000.0,629
Islington,2011-10-01,Freehold,939513.6796116505,786000.0,103
Islington,2011-10-01,Leasehold,388569.52613240416,362250.0,574
Islington,2012-01-01,Freehold,1016614.84,840000.0,100
Islington,2012-01-01,Leasehold,410797.18871252204,350000.0,567
Islington,2012-04-01,Freehold,1004757.4496644295,900000.0,149
Islington,2012-04-01,Leasehold,431485.6321428571,396000.0,560
Islington,2012-07-01,Freehold,1039731.7880794702,960000.0,151
Islington,2012-07-01,Leasehold,406552.50433526014,361500.0,692
Islington,2012-10-01,Freehold,1018398.6,875000.0,105
Islington,2012-10-01,Leasehold,425731.5531135531,372950.0,546
Islington,2013-01-01,Freehold,1089827.5934065934,948000.0,91
Islington,2013-01-01,Leasehold,443394.1231422505,415000.0,471
Islington,2013-04-01,Freehold,1102625.937007874,986999.0,127
Islington,2013-04-01,Leasehold,458683.7017857143,411750.0,560
Islington,2013-07-01,Freehold,1097551.8767123288,1006499.5,146
Islington,2013-07-01,Leasehold,484347.4731182796,429210.0,744
Islington,2013-10-01,Freehold,1139685.015037594,1000000.0,133
Islington,2013-10-01,Leasehold,484214.2479564033,437000.0,734
Islington,2014-01-01,Freehold,1241911.781512605,1150000.0,119
Islington,2014-01-01,Leasehold,512360.064453125,455000.0,512
Islington,2014-04-01,Freehold,1385542.0508474577,1251500.5,118
Islington,2014-04-01,Leasehold,536626.077294686,490000.0,621
Islington,2014-07-01,Freehold,1350536.9307692307,1283500.0,130
Islington,2014-07-01,Leasehold,555655.7953488372,500000.0,645
Islington,2014-10-01,Freehold,1318253.5840707964,1108000.0,113
Islington,2014-10-01,Leasehold,539194.6434782608,499950.0,575
Islington,2015-01-01,Freehold,1452130.7522935779,1275500.0,109
Islington,2015-01-01,Leasehold,555653.4074889867,499999.5,454
Islington,2015-04-01,Freehold,1405999.6036036036,1300000.0,111
Islington,2015-04-01,Leasehold,611992.6919831224,525000.0,474
Islington,2015-07-01,Freehold,1469775.5882352942,1375000.0,119
Islington,2015-07-01,Leasehold,591164.0523138833,530000.0,497
Islington,2015-10-01,Freehold,1456858.6483516484,1270000.0,91
Islington,2015-10-01,Leasehold,580590.6058091286,525000.0,482
Islington,2016-01-01,Freehold,1486809.3363636364,1290050.0,110
Islington,2016-01-01,Leasehold,622337.3909574468,568500.0,752
Islington,2016-04-01,Freehold,1461804.1272727272,1300000.0,55
Islington,2016-04-01,Leasehold,662702.0050251256,617750.0,398
Islington,2016-07-01,Freehold,1489112.7951807228,1315000.0,83
Islington,2016-07-01,Leasehold,648774.0456521739,542500.0,460
Islington,2016-10-01,Freehold,1401348.9375,1250000.0,80
Islington,2016-10-01,Leasehold,626651.1631578947,566750.0,380
Islington,2017-01-01,Freehold,1464524.6376811594,1330000.0,69
Islington,2017-01-01,Leasehold,591100.7228915662,550000.0,332
Islington,2017-04-01,Freehold,1584332.3372093022,1457500.0,86
Islington,2017-04-01,Leasehold,597964.0030120482,540000.0,332
Islington,2017-07-01,Freehold,1534890.0952380951,1350000.0,105
Islington,2017-07-01,Leasehold,629810.5786666666,548550.0,375
Islington,2017-10-01,Freehold,1372809.884057971,1300000.0,69
Islington,2017-10-01,Leasehold,579303.0156739812,520000.0,319
Islington,2018-01-01,Freehold,1458319.9516129033,1271250.0,62
Islington,2018-01-01,Leasehold,562800.9016393443,500000.0,305
Islington,2018-04-01,Freehold,1494498.7121212122,1362500.0,66
Islington,2018-04-01,Leasehold,586578.9673202614,549129.5,306
Islington,2018-07-01,Freehold,1420300.3333333333,1300000.0,84
Islington,2018-07-01,Leasehold,647159.5386313465,560000.0,453
Islington,2018-10-01,Freehold,1373332.6470588236,1275000.0,85
Islington,2018-10-01,Leasehold,631153.6,538500.0,390
Islington,2019-01-01,Freehold,1268466.2686567164,1185000.0,67
Islington,2019-01-01,Leasehold,565153.8654353562,535000.0,379
Islington,2019-04-01,Freehold,1328465.5529411766,1215000.0,85
Islington,2019-04-01,Leasehold,613856.620498615,537500.0,361
Islington,2019-07-01,Freehold,1463886.693877551,1305000.0,98
Islington,2019-07-01,Leasehold,633823.1042654029,548000.0,422
Islington,2019-10-01,Freehold,1305566.7872340425,1200000.0,94
Islington,2019-10-01,Leasehold,640621.3760217984,565000.0,367
Islington,2020-01-01,Freehold,1462246.0588235294,1350000.0,85
Islington,2020-01-01,Leasehold,639533.5267489712,571750.0,486
Islington,2020-04-01,Freehold,1708349.975,1355000.0,40
Islington,2020-04-01,Leasehold,625454.0625,563250.0,192
Islington,2020-07-01,Freehold,1560094.6236559139,1353750.0,93
Islington,2020-07-01,Leasehold,686458.5211267605,625000.0,355
Islington,2020-10-01,Freehold,1518608.9108910891,1360000.0,101
Islington,2020-10-01,Leasehold,646453.6628352491,580000.0,522
Islington,2021-01-01,Freehold,1485805.9066666667,1322500.0,150
Islington,2021-01-01,Leasehold,655934.1007751938,587500.0,516
Islington,2021-04-01,Freehold,1405674.8397790056,1275000.0,181
Islington,2021-04-01,Leasehold,627052.2957393484,555000.0,798
Islington,2021-07-01,Freehold,1739167.6019417476,1450000.0,103
Islington,2021-07-01,Leasehold,644338.0030769231,580000.0,325
Islington,2021-10-01,Freehold,1668210.6226415094,1432500.0,106
Islington,2021-10-01,Leasehold,672559.6,585000.0,265
Islington,2022-01-01,Freehold,1680408.0294117648,1563500.0,102
Islington,2022-01-01,Leasehold,633774.6832844574,570000.0,341
Islington,2022-04-01,Freehold,1562162.3125,1425000.0,112
Islington,2022-04-01,Leasehold,650642.4200477327,590000.0,419
Islington,2022-07-01,Freehold,1847709.286885246,1550100.0,122
Islington,2022-07-01,Leasehold,641012.766536965,600000.0,514
Islington,2022-10-01,Freehold,1572270.8125,1310000.0,112
Islington,2022-10-01,Leasehold,636894.4342629482,580000.0,502
Islington,2023-01-01,Freehold,1535953.8860759493,1375000.0,79
Islington,2023-01-01,Leasehold,659323.1436619718,605000.0,355
Islington,2023-04-01,Freehold,1836677.7045454546,1837750.0,88
Islington,2023-04-01,Leasehold,670551.6,598500.0,315
Islington,2023-07-01,Freehold,1520261.716535433,1432600.0,127
Islington,2023-07-01,Leasehold,686183.9523809524,610000.0,441
Islington,2023-10-01,Freehold,1648613.424528302,1335000.0,106
Islington,2023-10-01,Leasehold,747022.4771784232,616750.0,482
Islington,2024-01-01,Freehold,1549039.7142857143,1422000.0,77
Islington,2024-01-01,Leasehold,774062.9580052494,675000.0,381
Islington,2024-04-01,Freehold,1791629.34,1625000.0,100
Islington,2024-04-01,Leasehold,735592.1506849315,660000.0,438
Islington,2024-07-01,Freehold,1811770.5663716814,1590000.0,113
Islington,2024-07-01,Leasehold,677916.3813387424,600000.0,493
Islington,2024-10-01,Freehold,1695358.4803921569,1642500.0,102
Islington,2024-10-01,Leasehold,673129.6567460317,580000.0,504
Islington,2025-01-01,Freehold,1612475.7047619047,1400000.0,105
Islington,2025-01-01,Leasehold,616896.2037037037,565000.0,594
Islington,2025-04-01,Freehold,1724773.7575757576,1522500.0,66
Islington,2025-04-01,Leasehold,726286.7649769585,635000.0,217
Islington,2025-07-01,Freehold,1787679.8240740742,1705000.0,108
Islington,2025-07-01,Leasehold,655492.2793017456,592500.0,401
Islington,2025-10-01,Freehold,1715046.4352941175,1500000.0,85
Islington,2025-10-01,Leasehold,645632.73374613,572000.0,323
Islington,2026-01-01,Freehold,1539333.9696969697,1500000.0,33
Islington,2026-01-01,Leasehold,621532.4953271028,561500.0,214
Islington,2026-04-01,Freehold,1549849.5833333333,1547722.5,12
Islington,2026-04-01,Leasehold,591852.0103092784,580000.0,97
Kensington And Chelsea,2006-01-01,Freehold,1795221.882629108,1430000.0,213
Kensington And Chelsea,2006-01-01,Leasehold,544415.5696551724,437500.0,725
Kensington And Chelsea,2006-04-01,Freehold,1853525.2835820895,1475000.0,201
Kensington And Chelsea,2006-04-01,Leasehold,613456.4456641054,450000.0,911
Kensington And Chelsea,2006-07-01,Freehold,2163672.769230769,1565000.0,221
Kensington And Chelsea,2006-07-01,Leasehold,627229.6734913794,449975.0,928
Kensington And Chelsea,2006-10-01,Freehold,1935352.7707317073,1595000.0,205
Kensington And Chelsea,2006-10-01,Leasehold,655480.5125408942,485000.0,917
Kensington And Chelsea,2007-01-01,Freehold,2171439.6748768473,1710000.0,203
Kensington And Chelsea,2007-01-01,Leasehold,737784.8828828828,520000.0,888
Kensington And Chelsea,2007-04-01,Freehold,2469905.351724138,1806599.0,145
Kensington And Chelsea,2007-04-01,Leasehold,731600.5661057692,581500.0,832
Kensington And Chelsea,2007-07-01,Freehold,2710811.3105590064,2100000.0,161
Kensington And Chelsea,2007-07-01,Leasehold,808580.8417266187,610750.0,834
Kensington And Chelsea,2007-10-01,Freehold,2876090.2608695654,2275000.0,92
Kensington And Chelsea,2007-10-01,Leasehold,676993.5769854133,495000.0,617
Kensington And Chelsea,2008-01-01,Freehold,2977456.8533333335,2415000.0,75
Kensington And Chelsea,2008-01-01,Leasehold,816714.3656716418,628750.0,402
Kensington And Chelsea,2008-04-01,Freehold,2837025.294117647,2130000.0,85
Kensington And Chelsea,2008-04-01,Leasehold,904153.4455445545,606500.0,404
Kensington And Chelsea,2008-07-01,Freehold,2448497.0297029703,1870000.0,101
Kensington And Chelsea,2008-07-01,Leasehold,792975.3045977012,593500.0,348
Kensington And Chelsea,2008-10-01,Freehold,2987397.0,1850000.0,67
Kensington And Chelsea,2008-10-01,Leasehold,706079.3671875,499950.0,256
Kensington And Chelsea,2009-01-01,Freehold,2177121.8181818184,1600000.0,55
Kensington And Chelsea,2009-01-01,Leasehold,651409.4959349594,535000.0,246
Kensington And Chelsea,2009-04-01,Freehold,2496392.034090909,1900000.0,88
Kensington And Chelsea,2009-04-01,Leasehold,752650.7071240105,580000.0,379
Kensington And Chelsea,2009-07-01,Freehold,2171378.797202797,1750000.0,143
Kensington And Chelsea,2009-07-01,Leasehold,789231.2235294117,597500.0,510
Kensington And Chelsea,2009-10-01,Freehold,2175582.3781512603,1850000.0,119
Kensington And Chelsea,2009-10-01,Leasehold,752839.3639846743,580000.0,522
Kensington And Chelsea,2010-01-01,Freehold,3020568.403508772,2312500.0,114
Kensington And Chelsea,2010-01-01,Leasehold,848944.9369565217,619999.5,460
Kensington And Chelsea,2010-04-01,Freehold,2388455.4065934066,2000000.0,91
Kensington And Chelsea,2010-04-01,Leasehold,903450.8632162662,650000.0,541
Kensington And Chelsea,2010-07-01,Freehold,3056098.17037037,2350000.0,135
Kensington And Chelsea,2010-07-01,Leasehold,839311.1818181818,634500.0,550
Kensington And Chelsea,2010-10-01,Freehold,3194377.811965812,2500000.0,117
Kensington And Chelsea,2010-10-01,Leasehold,883182.847639485,660000.0,466
Kensington And Chelsea,2011-01-01,Freehold,3169716.272727273,2550000.0,110
Kensington And Chelsea,2011-01-01,Leasehold,904358.38125,650000.0,480
Kensington And Chelsea,2011-04-01,Freehold,2905396.756756757,2350000.0,111
Kensington And Chelsea,2011-04-01,Leasehold,881252.782778865,680000.0,511
Kensington And Chelsea,2011-07-01,Freehold,2948286.132867133,2500000.0,143
Kensington And Chelsea,2011-07-01,Leasehold,892560.082051282,670500.0,585
Kensington And Chelsea,2011-10-01,Freehold,2995392.311827957,2475000.0,93
Kensington And Chelsea,2011-10-01,Leasehold,968815.1236673774,705000.0,469
Kensington And Chelsea,2012-01-01,Freehold,2897963.680412371,2312500.0,97
Kensington And Chelsea,2012-01-01,Leasehold,959749.8395348837,700000.0,430
Kensington And Chelsea,2012-04-01,Freehold,3410531.5803571427,2710500.0,112
Kensington And Chelsea,2012-04-01,Leasehold,1021543.6044444444,738183.0,450
Kensington And Chelsea,2012-07-01,Freehold,3817156.475,2800000.0,120
Kensington And Chelsea,2012-07-01,Leasehold,1115199.12145749,810000.0,494
Kensington And Chelsea,2012-10-01,Freehold,3479792.936170213,2800000.0,94
Kensington And Chelsea,2012-10-01,Leasehold,1057490.0852878464,785000.0,469
Kensington And Chelsea,2013-01-01,Freehold,3430303.019417476,2800000.0,103
Kensington And Chelsea,2013-01-01,Leasehold,1147636.5115207373,795000.0,434
Kensington And Chelsea,2013-04-01,Freehold,3193785.9814814813,2632500.0,108
Kensington And Chelsea,2013-04-01,Leasehold,1186375.0625,817500.0,512
Kensington And Chelsea,2013-07-01,Freehold,3931932.3469387754,3200000.0,147
Kensington And Chelsea,2013-07-01,Leasehold,1238819.2270606533,851000.0,643
Kensington And Chelsea,2013-10-01,Freehold,4269712.697674419,3160000.0,129
Kensington And Chelsea,2013-10-01,Leasehold,1187561.0410958903,855000.0,584
Kensington And Chelsea,2014-01-01,Freehold,4336822.625,3412500.0,120
Kensington And Chelsea,2014-01-01,Leasehold,1335283.6026490065,900000.0,604
Kensington And Chelsea,2014-04-01,Freehold,4633436.212389381,3440000.0,113
Kensington And Chelsea,2014-04-01,Leasehold,1441921.4741935483,1000000.0,620
Kensington And Chelsea,2014-07-01,Freehold,4665928.125,3200000.0,128
Kensington And Chelsea,2014-07-01,Leasehold,1402508.6957328385,1075000.0,539
Kensington And Chelsea,2014-10-01,Freehold,4307547.431578947,3250000.0,95
Kensington And Chelsea,2014-10-01,Leasehold,1515773.2402597403,975000.0,462
Kensington And Chelsea,2015-01-01,Freehold,4406094.37113402,3225000.0,97
Kensington And Chelsea,2015-01-01,Leasehold,1289504.0600858368,987500.0,466
Kensington And Chelsea,2015-04-01,Freehold,3900628.5714285714,3100000.0,70
Kensington And Chelsea,2015-04-01,Leasehold,1590887.2403628118,999000.0,441
Kensington And Chelsea,2015-07-01,Freehold,4445886.99047619,3575000.0,105
Kensington And Chelsea,2015-07-01,Leasehold,1410479.5113122172,1000000.0,442
Kensington And Chelsea,2015-10-01,Freehold,4376724.381578947,3280000.0,76
Kensington And Chelsea,2015-10-01,Leasehold,1521585.5887265136,935000.0,479
Kensington And Chelsea,2016-01-01,Freehold,4629207.3515625,3562500.0,128
Kensington And Chelsea,2016-01-01,Leasehold,1434974.7650602409,1075000.0,664
Kensington And Chelsea,2016-04-01,Freehold,3830511.0,2925000.0,37
Kensington And Chelsea,2016-04-01,Leasehold,1449037.84981685,1036000.0,273
Kensington And Chelsea,2016-07-01,Freehold,3893030.923076923,3325000.0,65
Kensington And Chelsea,2016-07-01,Leasehold,1263491.5381526104,915000.0,249
Kensington And Chelsea,2016-10-01,Freehold,4939648.8,3600000.0,75
Kensington And Chelsea,2016-10-01,Leasehold,1588804.5893416929,1031561.0,319
Kensington And Chelsea,2017-01-01,Freehold,4576558.070422535,3550000.0,71
Kensington And Chelsea,2017-01-01,Leasehold,1524168.603030303,1150000.0,330
Kensington And Chelsea,2017-04-01,Freehold,4590510.903614458,3590000.0,83
Kensington And Chelsea,2017-04-01,Leasehold,1501868.7359050445,1200000.0,337
Kensington And Chelsea,2017-07-01,Freehold,3830941.1585365855,3200000.0,82
Kensington And Chelsea,2017-07-01,Leasehold,1424335.440397351,1000000.0,302
Kensington And Chelsea,2017-10-01,Freehold,3812478.1458333335,2750000.0,48
Kensington And Chelsea,2017-10-01,Leasehold,2046463.29375,1238500.0,320
Kensington And Chelsea,2018-01-01,Freehold,4800318.479452055,3375000.0,73
Kensington And Chelsea,2018-01-01,Leasehold,2099943.0568181816,1317500.0,264
Kensington And Chelsea,2018-04-01,Freehold,4660198.292307693,3330000.0,65
Kensington And Chelsea,2018-04-01,Leasehold,1564296.958955224,1087500.0,268
Kensington And Chelsea,2018-07-01,Freehold,5001835.702970297,3950000.0,101
Kensington And Chelsea,2018-07-01,Leasehold,1335099.9957446808,1015000.0,235
Kensington And Chelsea,2018-10-01,Freehold,3600375.029850746,2950000.0,67
Kensington And Chelsea,2018-10-01,Leasehold,1616697.9713114754,1085000.0,244
Kensington And Chelsea,2019-01-01,Freehold,4529535.8852459015,3510000.0,61
Kensington And Chelsea,2019-01-01,Leasehold,1460390.3151750972,956000.0,257
Kensington And Chelsea,2019-04-01,Freehold,4464275.819277109,3375000.0,83
Kensington And Chelsea,2019-04-01,Leasehold,1834970.1792828685,1060000.0,251
Kensington And Chelsea,2019-07-01,Freehold,4046846.195652174,3232500.0,92
Kensington And Chelsea,2019-07-01,Leasehold,1308425.0805369127,962500.0,298
Kensington And Chelsea,2019-10-01,Freehold,4286163.706666667,3000000.0,75
Kensington And Chelsea,2019-10-01,Leasehold,1398602.660777385,960000.0,283
Kensington And Chelsea,2020-01-01,Freehold,4545637.947368421,3800000.0,95
Kensington And Chelsea,2020-01-01,Leasehold,1454128.64,1048750.0,300
Kensington And Chelsea,2020-04-01,Freehold,4670870.595238095,3975000.0,42
Kensington And Chelsea,2020-04-01,Leasehold,1473388.549382716,1000000.0,162
Kensington And Chelsea,2020-07-01,Freehold,4259743.911111111,2975000.0,90
Kensington And Chelsea,2020-07-01,Leasehold,1511414.5537848605,1000000.0,251
Kensington And Chelsea,2020-10-01,Freehold,4876911.40860215,3500000.0,93
Kensington And Chelsea,2020-10-01,Leasehold,1488913.4936708861,1033750.0,316
Kensington And Chelsea,2021-01-01,Freehold,4838230.048951049,3350000.0,143
Kensington And Chelsea,2021-01-01,Leasehold,1319810.7394540943,975000.0,403
Kensington And Chelsea,2021-04-01,Freehold,4083643.735483871,2975000.0,155
Kensington And Chelsea,2021-04-01,Leasehold,1231035.2429906542,880000.0,535
Kensington And Chelsea,2021-07-01,Freehold,5226570.657407408,3937500.0,108
Kensington And Chelsea,2021-07-01,Leasehold,1846212.4813559323,1187500.0,295
Kensington And Chelsea,2021-10-01,Freehold,4752532.5,3662500.0,80
Kensington And Chelsea,2021-10-01,Leasehold,1608881.3736654804,1049750.0,281
Kensington And Chelsea,2022-01-01,Freehold,5379661.796460177,4250000.0,113
Kensington And Chelsea,2022-01-01,Leasehold,1623418.1517615176,1115000.0,369
Kensington And Chelsea,2022-04-01,Freehold,5182218.491666666,3650000.0,120
Kensington And Chelsea,2022-04-01,Leasehold,1701559.801608579,1150000.0,373
Kensington And Chelsea,2022-07-01,Freehold,6204623.383458647,4200000.0,133
Kensington And Chelsea,2022-07-01,Leasehold,1691825.6741293531,1182500.0,402
Kensington And Chelsea,2022-10-01,Freehold,4787848.484848484,3400000.0,99
Kensington And Chelsea,2022-10-01,Leasehold,1465099.5258620689,967500.0,348
Kensington And Chelsea,2023-01-01,Freehold,5418318.247058824,3350000.0,85
Kensington And Chelsea,2023-01-01,Leasehold,1566699.6816608997,1075000.0,289
Kensington And Chelsea,2023-04-01,Freehold,6146452.413793104,3930000.0,87
Kensington And Chelsea,2023-04-01,Leasehold,1547789.532646048,1055000.0,291
Kensington And Chelsea,2023-07-01,Freehold,4943669.738738739,3450000.0,111
Kensington And Chelsea,2023-07-01,Leasehold,1457481.1140583553,1050000.0,377
Kensington And Chelsea,2023-10-01,Freehold,3691038.6516853934,2900000.0,89
Kensington And Chelsea,2023-10-01,Leasehold,1632403.5438596492,965000.0,285
Kensington And Chelsea,2024-01-01,Freehold,5309625.305084745,4400000.0,59
Kensington And Chelsea,2024-01-01,Leasehold,1585363.064516129,998750.0,310
Kensington And Chelsea,2024-04-01,Freehold,4965775.142857143,3600000.0,91
Kensington And Chelsea,2024-04-01,Leasehold,1526883.8093922653,1000000.0,362
Kensington And Chelsea,2024-07-01,Freehold,4313590.37254902,2937500.0,102
Kensington And Chelsea,2024-07-01,Leasehold,1459291.3951612904,1075000.0,372
Kensington And Chelsea,2024-10-01,Freehold,4204579.413333333,2865000.0,75
Kensington And Chelsea,2024-10-01,Leasehold,1511356.6112600537,994000.0,373
Kensington And Chelsea,2025-01-01,Freehold,3641281.353982301,2600000.0,113
Kensington And Chelsea,2025-01-01,Leasehold,1302419.5228310502,900000.0,438
Kensington And Chelsea,2025-04-01,Freehold,5094333.028985507,3400000.0,69
Kensington And Chelsea,2025-04-01,Leasehold,1554833.0,1150000.0,261
Kensington And Chelsea,2025-07-01,Freehold,4928607.823529412,3700000.0,85
Kensington And Chelsea,2025-07-01,Leasehold,1224348.8417721519,925000.0,316
Kensington And Chelsea,2025-10-01,Freehold,4669976.923076923,3600000.0,65
Kensington And Chelsea,2025-10-01,Leasehold,1132567.056,872500.0,250
Kensington And Chelsea,2026-01-01,Freehold,6280053.571428572,3275000.0,28
Kensington And Chelsea,2026-01-01,Leasehold,1038734.75,822500.0,132
Kensington And Chelsea,2026-04-01,Freehold,3361576.923076923,2285000.0,13
Kensington And Chelsea,2026-04-01,Leasehold,973313.1578947369,790000.0,57
Kingston Upon Thames,2006-01-01,Freehold,348134.9701492537,290250.0,536
Kingston Upon Thames,2006-01-01,Leasehold,202157.21891891892,194000.0,370
Kingston Upon Thames,2006-04-01,Freehold,339887.43387096777,288000.0,620
Kingston Upon Thames,2006-04-01,Leasehold,212849.88440860214,195500.0,372
Kingston Upon Thames,2006-07-01,Freehold,370138.2318471338,320000.0,785
Kingston Upon Thames,2006-07-01,Leasehold,211916.6244635193,205000.0,466
Kingston Upon Thames,2006-10-01,Freehold,389801.86795491143,337000.0,621
Kingston Upon Thames,2006-10-01,Leasehold,222566.59751037345,216500.0,482
Kingston Upon Thames,2007-01-01,Freehold,388328.0884615385,335000.0,520
Kingston Upon Thames,2007-01-01,Leasehold,228442.75510204083,217500.0,392
Kingston Upon Thames,2007-04-01,Freehold,425667.28324697755,350000.0,579
Kingston Upon Thames,2007-04-01,Leasehold,249203.84033613445,242000.0,476
Kingston Upon Thames,2007-07-01,Freehold,438445.24401197606,380750.0,668
Kingston Upon Thames,2007-07-01,Leasehold,249971.4152173913,245000.0,460
Kingston Upon Thames,2007-10-01,Freehold,448148.30501089327,370000.0,459
Kingston Upon Thames,2007-10-01,Leasehold,247893.83377308707,245000.0,379
Kingston Upon Thames,2008-01-01,Freehold,418763.6022727273,365000.0,264
Kingston Upon Thames,2008-01-01,Leasehold,247576.91402714932,240500.0,221
Kingston Upon Thames,2008-04-01,Freehold,442040.3588850174,367000.0,287
Kingston Upon Thames,2008-04-01,Leasehold,250043.13983050847,238475.0,236
Kingston Upon Thames,2008-07-01,Freehold,480364.5962264151,365000.0,265
Kingston Upon Thames,2008-07-01,Leasehold,243706.58278145696,240000.0,151
Kingston Upon Thames,2008-10-01,Freehold,405451.8047337278,340000.0,169
Kingston Upon Thames,2008-10-01,Leasehold,218958.87068965516,210000.0,116
Kingston Upon Thames,2009-01-01,Freehold,375006.48148148146,302500.0,162
Kingston Upon Thames,2009-01-01,Leasehold,200390.04395604396,200000.0,91
Kingston Upon Thames,2009-04-01,Freehold,343919.1397849462,310000.0,279
Kingston Upon Thames,2009-04-01,Leasehold,208058.30578512396,200000.0,121
Kingston Upon Thames,2009-07-01,Freehold,392952.74820143887,330000.0,417
Kingston Upon Thames,2009-07-01,Leasehold,214149.20634920636,210000.0,189
Kingston Upon Thames,2009-10-01,Freehold,419101.6839378238,348725.0,386
Kingston Upon Thames,2009-10-01,Leasehold,221802.62348178137,215000.0,247
Kingston Upon Thames,2010-01-01,Freehold,429507.23642172525,370000.0,313
Kingston Upon Thames,2010-01-01,Leasehold,216341.54106280193,210000.0,207
Kingston Upon Thames,2010-04-01,Freehold,438965.4583333333,375250.0,336
Kingston Upon Thames,2010-04-01,Leasehold,258474.48132780084,235000.0,241
Kingston Upon Thames,2010-07-01,Freehold,469006.9688995215,395000.0,418
Kingston Upon Thames,2010-07-01,Leasehold,243998.1877394636,241000.0,261
Kingston Upon Thames,2010-10-01,Freehold,456899.67914438504,389000.0,374
Kingston Upon Thames,2010-10-01,Leasehold,292973.0048543689,232750.0,206
Kingston Upon Thames,2011-01-01,Freehold,432073.01544401544,366750.0,259
Kingston Upon Thames,2011-01-01,Leasehold,236800.49375,225000.0,160
Kingston Upon Thames,2011-04-01,Freehold,433914.8926380368,374500.0,326
Kingston Upon Thames,2011-04-01,Leasehold,246637.2246696035,239000.0,227
Kingston Upon Thames,2011-07-01,Freehold,451328.8222222222,380000.0,405
Kingston Upon Thames,2011-07-01,Leasehold,249184.22857142857,240000.0,245
Kingston Upon Thames,2011-10-01,Freehold,443866.5,373725.0,380
Kingston Upon Thames,2011-10-01,Leasehold,249553.5903614458,245000.0,249
Kingston Upon Thames,2012-01-01,Freehold,417579.84818481846,350000.0,303
Kingston Upon Thames,2012-01-01,Leasehold,241861.79802955664,232950.0,203
Kingston Upon Thames,2012-04-01,Freehold,455908.7956656347,415000.0,323
Kingston Upon Thames,2012-04-01,Leasehold,267844.387755102,245000.0,196
Kingston Upon Thames,2012-07-01,Freehold,503308.71631205676,405000.0,423
Kingston Upon Thames,2012-07-01,Leasehold,251023.4512195122,243500.0,246
Kingston Upon Thames,2012-10-01,Freehold,466672.291005291,400000.0,378
Kingston Upon Thames,2012-10-01,Leasehold,280116.464028777,254000.0,278
Kingston Upon Thames,2013-01-01,Freehold,490776.2315789474,388000.0,285
Kingston Upon Thames,2013-01-01,Leasehold,260426.45454545456,250000.0,198
Kingston Upon Thames,2013-04-01,Freehold,550282.3651226158,435000.0,367
Kingston Upon Thames,2013-04-01,Leasehold,269587.45019920316,258500.0,251
Kingston Upon Thames,2013-07-01,Freehold,495462.99576271186,435000.0,472
Kingston Upon Thames,2013-07-01,Leasehold,285895.15902964957,260000.0,371
Kingston Upon Thames,2013-10-01,Freehold,509453.3120879121,452500.0,455
Kingston Upon Thames,2013-10-01,Leasehold,300496.44,280000.0,350
Kingston Upon Thames,2014-01-01,Freehold,572408.0614525139,480000.0,358
Kingston Upon Thames,2014-01-01,Leasehold,295389.9328621908,280000.0,283
Kingston Upon Thames,2014-04-01,Freehold,556705.0,495000.0,370
Kingston Upon Thames,2014-04-01,Leasehold,319309.6666666667,297500.0,327
Kingston Upon Thames,2014-07-01,Freehold,622156.1629464285,500000.0,448
Kingston Upon Thames,2014-07-01,Leasehold,378397.3752860412,335000.0,437
Kingston Upon Thames,2014-10-01,Freehold,631233.9873096447,536125.0,394
Kingston Upon Thames,2014-10-01,Leasehold,348049.7619047619,319000.0,378
Kingston Upon Thames,2015-01-01,Freehold,594427.9551724138,536000.0,290
Kingston Upon Thames,2015-01-01,Leasehold,335085.4862745098,309950.0,255
Kingston Upon Thames,2015-04-01,Freehold,637810.5574712644,535000.0,348
Kingston Upon Thames,2015-04-01,Leasehold,334750.9428571428,318000.0,280
Kingston Upon Thames,2015-07-01,Freehold,635135.8082901555,550000.0,386
Kingston Upon Thames,2015-07-01,Leasehold,352438.4899328859,330000.0,298
Kingston Upon Thames,2015-10-01,Freehold,632303.4523227384,550000.0,409
Kingston Upon Thames,2015-10-01,Leasehold,348719.61409395974,340000.0,298
Kingston Upon Thames,2016-01-01,Freehold,683682.1770573566,578600.0,401
Kingston Upon Thames,2016-01-01,Leasehold,387454.456284153,375000.0,366
Kingston Upon Thames,2016-04-01,Freehold,707071.1201716738,615000.0,233
Kingston Upon Thames,2016-04-01,Leasehold,378668.9411764706,370000.0,170
Kingston Upon Thames,2016-07-01,Freehold,657057.572327044,572500.0,318
Kingston Upon Thames,2016-07-01,Leasehold,372016.07,363075.0,200
Kingston Upon Thames,2016-10-01,Freehold,656994.21299639,605000.0,277
Kingston Upon Thames,2016-10-01,Leasehold,373640.7536945813,370000.0,203
Kingston Upon Thames,2017-01-01,Freehold,681752.9843137255,585000.0,255
Kingston Upon Thames,2017-01-01,Leasehold,379722.683908046,368750.0,174
Kingston Upon Thames,2017-04-01,Freehold,718428.6438848921,602500.0,278
Kingston Upon Thames,2017-04-01,Leasehold,386805.2842639594,370000.0,197
Kingston Upon Thames,2017-07-01,Freehold,688333.0638297872,615000.0,376
Kingston Upon Thames,2017-07-01,Leasehold,401039.8222222222,390000.0,180
Kingston Upon Thames,2017-10-01,Freehold,665538.7172413793,585000.0,290
Kingston Upon Thames,2017-10-01,Leasehold,379150.736318408,373000.0,201
Kingston Upon Thames,2018-01-01,Freehold,682021.512605042,622000.0,238
Kingston Upon Thames,2018-01-01,Leasehold,362942.4336734694,350000.0,196
Kingston Upon Thames,2018-04-01,Freehold,733398.4195804195,597500.0,286
Kingston Upon Thames,2018-04-01,Leasehold,385709.9783783784,365000.0,185
Kingston Upon Thames,2018-07-01,Freehold,678609.8988439307,600000.0,346
Kingston Upon Thames,2018-07-01,Leasehold,408594.8240740741,386250.0,216
Kingston Upon Thames,2018-10-01,Freehold,687034.9693251534,585000.0,326
Kingston Upon Thames,2018-10-01,Leasehold,408109.55471698113,375000.0,265
Kingston Upon Thames,2019-01-01,Freehold,635790.1520912547,560000.0,263
Kingston Upon Thames,2019-01-01,Leasehold,416407.9338842975,387500.0,242
Kingston Upon Thames,2019-04-01,Freehold,667885.3629893238,559950.0,281
Kingston Upon Thames,2019-04-01,Leasehold,395663.98913043475,370000.0,184
Kingston Upon Thames,2019-07-01,Freehold,718255.9970845481,620000.0,343
Kingston Upon Thames,2019-07-01,Leasehold,425615.1234567901,397500.0,243
Kingston Upon Thames,2019-10-01,Freehold,741166.1530944626,617000.0,307
Kingston Upon Thames,2019-10-01,Leasehold,390423.32517482515,380000.0,286
Kingston Upon Thames,2020-01-01,Freehold,839461.3433962264,600000.0,265
Kingston Upon Thames,2020-01-01,Leasehold,377923.9516129032,354000.0,186
Kingston Upon Thames,2020-04-01,Freehold,728620.3461538461,572500.0,130
Kingston Upon Thames,2020-04-01,Leasehold,423682.7586206897,375000.0,87
Kingston Upon Thames,2020-07-01,Freehold,745880.1472392638,658000.0,326
Kingston Upon Thames,2020-07-01,Leasehold,395499.01923076925,370000.0,156
Kingston Upon Thames,2020-10-01,Freehold,771828.5111662531,650000.0,403
Kingston Upon Thames,2020-10-01,Leasehold,413486.2745098039,400050.0,255
Kingston Upon Thames,2021-01-01,Freehold,749110.1066907776,650000.0,553
Kingston Upon Thames,2021-01-01,Leasehold,407267.0702875399,390000.0,313
Kingston Upon Thames,2021-04-01,Freehold,756130.8797364086,640000.0,607
Kingston Upon Thames,2021-04-01,Leasehold,403466.9340101523,387000.0,394
Kingston Upon Thames,2021-07-01,Freehold,799689.439882698,695000.0,341
Kingston Upon Thames,2021-07-01,Leasehold,388610.95238095237,352750.0,210
Kingston Upon Thames,2021-10-01,Freehold,839213.4230769231,695000.0,234
Kingston Upon Thames,2021-10-01,Leasehold,396608.6711711712,389500.0,222
Kingston Upon Thames,2022-01-01,Freehold,810431.4833333333,706750.0,300
Kingston Upon Thames,2022-01-01,Leasehold,431201.54260089685,400000.0,223
Kingston Upon Thames,2022-04-01,Freehold,803431.7491638795,690000.0,299
Kingston Upon Thames,2022-04-01,Leasehold,424576.7962962963,387500.0,270
Kingston Upon Thames,2022-07-01,Freehold,882889.1222493887,750103.0,409
Kingston Upon Thames,2022-07-01,Leasehold,460262.1540880503,430000.0,318
Kingston Upon Thames,2022-10-01,Freehold,912125.9273356402,770000.0,289
Kingston Upon Thames,2022-10-01,Leasehold,424344.6323529412,400000.0,340
Kingston Upon Thames,2023-01-01,Freehold,899471.6307053942,772500.0,241
Kingston Upon Thames,2023-01-01,Leasehold,500403.20415224915,435000.0,289
Kingston Upon Thames,2023-04-01,Freehold,869079.0272373541,700000.0,257
Kingston Upon Thames,2023-04-01,Leasehold,477965.0925925926,422500.0,216
Kingston Upon Thames,2023-07-01,Freehold,878545.6280487805,738500.0,328
Kingston Upon Thames,2023-07-01,Leasehold,443131.087431694,399950.0,183
Kingston Upon Thames,2023-10-01,Freehold,839803.3333333334,720000.0,237
Kingston Upon Thames,2023-10-01,Leasehold,412820.859375,382500.0,192
Kingston Upon Thames,2024-01-01,Freehold,760252.2192982456,655000.0,228
Kingston Upon Thames,2024-01-01,Leasehold,379652.80606060603,365000.0,165
Kingston Upon Thames,2024-04-01,Freehold,824584.6577946768,720000.0,263
Kingston Upon Thames,2024-04-01,Leasehold,403392.68292682926,380000.0,164
Kingston Upon Thames,2024-07-01,Freehold,827848.0,702500.0,362
Kingston Upon Thames,2024-07-01,Leasehold,408765.51923076925,385000.0,208
Kingston Upon Thames,2024-10-01,Freehold,773607.0662460568,693500.0,317
Kingston Upon Thames,2024-10-01,Leasehold,395361.73799126636,377500.0,229
Kingston Upon Thames,2025-01-01,Freehold,753795.206632653,682675.0,392
Kingston Upon Thames,2025-01-01,Leasehold,412975.2925925926,401500.0,270
Kingston Upon Thames,2025-04-01,Freehold,762620.945652174,708750.0,184
Kingston Upon Thames,2025-04-01,Leasehold,396895.0737704918,362500.0,122
Kingston Upon Thames,2025-07-01,Freehold,884188.6813559321,792500.0,295
Kingston Upon Thames,2025-07-01,Leasehold,399780.1058823529,386000.0,170
Kingston Upon Thames,2025-10-01,Freehold,801287.9775280899,730000.0,267
Kingston Upon Thames,2025-10-01,Leasehold,388856.8216216216,372500.0,185
Kingston Upon Thames,2026-01-01,Freehold,719247.2662721893,660000.0,169
Kingston Upon Thames,2026-01-01,Leasehold,402945.41739130433,372000.0,115
Kingston Upon Thames,2026-04-01,Freehold,757436.2807017544,664500.0,57
Kingston Upon Thames,2026-04-01,Leasehold,391648.14814814815,375000.0,27
Lambeth,2006-01-01,Freehold,405751.26829268294,365000.0,369
Lambeth,2006-01-01,Leasehold,224904.45626975765,210000.0,949
Lambeth,2006-04-01,Freehold,431597.59545454546,384500.0,440
Lambeth,2006-04-01,Leasehold,238476.13916146298,220000.0,1121
Lambeth,2006-07-01,Freehold,444703.5190311419,390000.0,578
Lambeth,2006-07-01,Leasehold,244776.41672473866,225000.0,1435
Lambeth,2006-10-01,Freehold,448825.41364605544,384000.0,469
Lambeth,2006-10-01,Leasehold,243681.95773584905,228000.0,1325
Lambeth,2007-01-01,Freehold,470389.81030444964,400000.0,427
Lambeth,2007-01-01,Leasehold,254791.70803571428,235000.0,1120
Lambeth,2007-04-01,Freehold,533368.7946859903,460000.0,414
Lambeth,2007-04-01,Leasehold,278208.0804140127,250000.0,1256
Lambeth,2007-07-01,Freehold,566352.2104166667,487500.0,480
Lambeth,2007-07-01,Leasehold,294006.7041053447,265000.0,1291
Lambeth,2007-10-01,Freehold,500501.4689440994,442675.0,322
Lambeth,2007-10-01,Leasehold,283648.22201317025,250000.0,1063
Lambeth,2008-01-01,Freehold,515226.9574468085,446000.0,235
Lambeth,2008-01-01,Leasehold,291051.2072409488,250000.0,801
Lambeth,2008-04-01,Freehold,507452.77669902914,427500.0,206
Lambeth,2008-04-01,Leasehold,286272.20826952526,250000.0,653
Lambeth,2008-07-01,Freehold,575739.229946524,465000.0,187
Lambeth,2008-07-01,Leasehold,280555.8261758691,250000.0,489
Lambeth,2008-10-01,Freehold,470081.73913043475,406000.0,115
Lambeth,2008-10-01,Leasehold,258525.68711656443,230000.0,326
Lambeth,2009-01-01,Freehold,444280.41747572814,376000.0,103
Lambeth,2009-01-01,Leasehold,253567.9203539823,225000.0,226
Lambeth,2009-04-01,Freehold,487381.53211009176,420000.0,109
Lambeth,2009-04-01,Leasehold,261676.88307692308,235000.0,325
Lambeth,2009-07-01,Freehold,507584.5708154506,425000.0,233
Lambeth,2009-07-01,Leasehold,270177.12109375,249972.5,512
Lambeth,2009-10-01,Freehold,524404.024291498,450000.0,247
Lambeth,2009-10-01,Leasehold,278584.5443037975,250000.0,632
Lambeth,2010-01-01,Freehold,525994.8205128205,475000.0,195
Lambeth,2010-01-01,Leasehold,286860.2120075047,259000.0,533
Lambeth,2010-04-01,Freehold,542468.4238683127,455000.0,243
Lambeth,2010-04-01,Leasehold,303105.9695024077,266000.0,623
Lambeth,2010-07-01,Freehold,584068.9196141479,490000.0,311
Lambeth,2010-07-01,Leasehold,300345.3266129032,271000.0,744
Lambeth,2010-10-01,Freehold,544633.2208835342,475000.0,249
Lambeth,2010-10-01,Leasehold,281245.10272873193,250000.0,623
Lambeth,2011-01-01,Freehold,543884.3958333334,490000.0,192
Lambeth,2011-01-01,Leasehold,282507.6805807623,250000.0,551
Lambeth,2011-04-01,Freehold,568419.0190114068,475000.0,263
Lambeth,2011-04-01,Leasehold,297611.65927099844,265000.0,631
Lambeth,2011-07-01,Freehold,617643.2718446602,493000.0,309
Lambeth,2011-07-01,Leasehold,310402.23066666664,282000.0,750
Lambeth,2011-10-01,Freehold,564405.1511627907,500000.0,258
Lambeth,2011-10-01,Leasehold,297597.8529862175,263000.0,653
Lambeth,2012-01-01,Freehold,607647.3293650794,475000.0,252
Lambeth,2012-01-01,Leasehold,284227.011816839,250000.0,677
Lambeth,2012-04-01,Freehold,621228.8841698841,500000.0,259
Lambeth,2012-04-01,Leasehold,316015.0429042904,288250.0,606
Lambeth,2012-07-01,Freehold,622718.7731343283,540000.0,335
Lambeth,2012-07-01,Leasehold,325970.9645390071,300000.0,846
Lambeth,2012-10-01,Freehold,633011.2936507936,525000.0,252
Lambeth,2012-10-01,Leasehold,323310.3133514986,290000.0,734
Lambeth,2013-01-01,Freehold,646159.506849315,545000.0,219
Lambeth,2013-01-01,Leasehold,319402.1754916793,290000.0,661
Lambeth,2013-04-01,Freehold,661044.9641577061,600000.0,279
Lambeth,2013-04-01,Leasehold,335665.86575654155,300000.0,879
Lambeth,2013-07-01,Freehold,702921.9469273743,632500.0,358
Lambeth,2013-07-01,Leasehold,343589.77137176937,323500.0,1006
Lambeth,2013-10-01,Freehold,716128.137195122,635000.0,328
Lambeth,2013-10-01,Leasehold,411095.3780798641,345000.0,1177
Lambeth,2014-01-01,Freehold,785345.4108527132,656450.0,258
Lambeth,2014-01-01,Leasehold,472818.5984930032,350000.0,929
Lambeth,2014-04-01,Freehold,817000.1147540984,750000.0,244
Lambeth,2014-04-01,Leasehold,527591.8365276211,390000.0,887
Lambeth,2014-07-01,Freehold,857531.9316546762,763750.0,278
Lambeth,2014-07-01,Leasehold,434475.4028520499,387747.5,1122
Lambeth,2014-10-01,Freehold,793825.8726415094,713500.0,212
Lambeth,2014-10-01,Leasehold,442510.3062966916,400000.0,937
Lambeth,2015-01-01,Freehold,837544.9181818182,744975.0,220
Lambeth,2015-01-01,Leasehold,455096.1701346389,402000.0,817
Lambeth,2015-04-01,Freehold,866881.174672489,800000.0,229
Lambeth,2015-04-01,Leasehold,449198.06,405250.0,850
Lambeth,2015-07-01,Freehold,938150.8545454545,813013.5,330
Lambeth,2015-07-01,Leasehold,470616.3385518591,430000.0,1022
Lambeth,2015-10-01,Freehold,891820.1950207469,807000.0,241
Lambeth,2015-10-01,Leasehold,455003.9988687783,420000.0,884
Lambeth,2016-01-01,Freehold,957926.6605839416,885125.0,274
Lambeth,2016-01-01,Leasehold,484051.9210779596,465000.0,1039
Lambeth,2016-04-01,Freehold,908174.9240506329,815000.0,158
Lambeth,2016-04-01,Leasehold,527405.8025477707,491500.0,628
Lambeth,2016-07-01,Freehold,930927.1210762332,830000.0,223
Lambeth,2016-07-01,Leasehold,500130.14044213266,455000.0,769
Lambeth,2016-10-01,Freehold,876848.8702702703,775000.0,185
Lambeth,2016-10-01,Leasehold,491566.3888091822,470500.0,697
Lambeth,2017-01-01,Freehold,921696.36,830000.0,175
Lambeth,2017-01-01,Leasehold,490283.76755070203,448000.0,641
Lambeth,2017-04-01,Freehold,973809.8888888889,897500.0,198
Lambeth,2017-04-01,Leasehold,554417.7742690059,485500.0,855
Lambeth,2017-07-01,Freehold,940488.232931727,875000.0,249
Lambeth,2017-07-01,Leasehold,530351.1009296149,469000.0,753
Lambeth,2017-10-01,Freehold,917080.292079208,857500.0,202
Lambeth,2017-10-01,Leasehold,526845.0041493776,470000.0,723
Lambeth,2018-01-01,Freehold,965513.3888888889,851250.0,162
Lambeth,2018-01-01,Leasehold,598163.8161094225,490000.0,658
Lambeth,2018-04-01,Freehold,975187.0056497175,840000.0,177
Lambeth,2018-04-01,Leasehold,590590.0130932897,485000.0,611
Lambeth,2018-07-01,Freehold,964682.6666666666,865000.0,195
Lambeth,2018-07-01,Leasehold,536955.8191823899,465000.0,636
Lambeth,2018-10-01,Freehold,912121.785,847500.0,200
Lambeth,2018-10-01,Leasehold,531497.2351233672,475000.0,689
Lambeth,2019-01-01,Freehold,878969.5639534884,827500.0,172
Lambeth,2019-01-01,Leasehold,514705.6875,452250.0,496
Lambeth,2019-04-01,Freehold,888784.125,780250.0,184
Lambeth,2019-04-01,Leasehold,547304.2467532468,490000.0,693
Lambeth,2019-07-01,Freehold,961682.3355263158,863800.0,304
Lambeth,2019-07-01,Leasehold,542873.2669552669,470000.0,693
Lambeth,2019-10-01,Freehold,911819.9757281553,801250.0,206
Lambeth,2019-10-01,Leasehold,644552.0600315955,477500.0,633
Lambeth,2020-01-01,Freehold,961059.0119047619,868750.0,168
Lambeth,2020-01-01,Leasehold,639042.679245283,517000.0,689
Lambeth,2020-04-01,Freehold,961704.8446601941,920000.0,103
Lambeth,2020-04-01,Leasehold,738078.3424317618,518000.0,403
Lambeth,2020-07-01,Freehold,1049597.2197309418,923000.0,223
Lambeth,2020-07-01,Leasehold,720420.7776203966,563250.0,706
Lambeth,2020-10-01,Freehold,1055644.5496688741,930000.0,302
Lambeth,2020-10-01,Leasehold,598121.745614035,510000.0,912
Lambeth,2021-01-01,Freehold,975240.1690140845,850000.0,355
Lambeth,2021-01-01,Leasehold,576909.8275529866,527000.0,1038
Lambeth,2021-04-01,Freehold,1037876.9771784232,940000.0,482
Lambeth,2021-04-01,Leasehold,542454.6219426974,496000.0,1431
Lambeth,2021-07-01,Freehold,1109939.6793248944,970000.0,237
Lambeth,2021-07-01,Leasehold,532427.5848375452,453300.0,554
Lambeth,2021-10-01,Freehold,1030653.4358974359,910000.0,195
Lambeth,2021-10-01,Leasehold,578273.5894941634,450000.0,514
Lambeth,2022-01-01,Freehold,1072944.2331838566,920000.0,223
Lambeth,2022-01-01,Leasehold,553339.5885245901,480000.0,610
Lambeth,2022-04-01,Freehold,1111753.004385965,981250.0,228
Lambeth,2022-04-01,Leasehold,529857.7272727273,485000.0,682
Lambeth,2022-07-01,Freehold,1104838.7911392406,972500.0,316
Lambeth,2022-07-01,Leasehold,585168.2757871879,498000.0,921
Lambeth,2022-10-01,Freehold,1043628.7603305785,944500.0,242
Lambeth,2022-10-01,Leasehold,552967.9342560554,490000.0,867
Lambeth,2023-01-01,Freehold,1148458.2402597403,920000.0,154
Lambeth,2023-01-01,Leasehold,534675.7917355372,489500.0,605
Lambeth,2023-04-01,Freehold,1042137.9523809524,920000.0,147
Lambeth,2023-04-01,Leasehold,527296.185840708,475000.0,452
Lambeth,2023-07-01,Freehold,1145380.0988593155,1044740.0,263
Lambeth,2023-07-01,Leasehold,541760.8559322034,490000.0,708
Lambeth,2023-10-01,Freehold,1077937.1787709498,950000.0,179
Lambeth,2023-10-01,Leasehold,530709.2802197802,490000.0,728
Lambeth,2024-01-01,Freehold,1058995.7295597484,945000.0,159
Lambeth,2024-01-01,Leasehold,530927.8420138889,471750.0,576
Lambeth,2024-04-01,Freehold,1073714.5846153847,995000.0,195
Lambeth,2024-04-01,Leasehold,518810.1951219512,462500.0,615
Lambeth,2024-07-01,Freehold,1178069.8958333333,1055000.0,288
Lambeth,2024-07-01,Leasehold,533636.7800511509,485500.0,782
Lambeth,2024-10-01,Freehold,1060579.6196581197,935000.0,234
Lambeth,2024-10-01,Leasehold,578432.388746803,486250.0,782
Lambeth,2025-01-01,Freehold,1041981.1614035087,900000.0,285
Lambeth,2025-01-01,Leasehold,517607.239488117,475000.0,1094
Lambeth,2025-04-01,Freehold,1105532.2928571429,995000.0,140
Lambeth,2025-04-01,Leasehold,555433.0408653846,485000.0,416
Lambeth,2025-07-01,Freehold,1168793.7992125985,1025000.0,254
Lambeth,2025-07-01,Leasehold,534008.5106707317,482500.0,656
Lambeth,2025-10-01,Freehold,1080511.5102040817,972500.0,196
Lambeth,2025-10-01,Leasehold,479760.6256684492,450000.0,561
Lambeth,2026-01-01,Freehold,989973.4649122807,903100.0,114
Lambeth,2026-01-01,Leasehold,499391.7124010554,475000.0,379
Lambeth,2026-04-01,Freehold,1023182.1509433963,907000.0,53
Lambeth,2026-04-01,Leasehold,481510.3758389262,475000.0,149
Lewisham,2006-01-01,Freehold,249778.90391459074,235000.0,562
Lewisham,2006-01-01,Leasehold,167103.65625,157000.0,608
Lewisham,2006-04-01,Freehold,269673.8149847095,245000.0,654
Lewisham,2006-04-01,Leasehold,183073.60705596107,170000.0,822
Lewisham,2006-07-01,Freehold,280311.59974093264,248000.0,772
Lewisham,2006-07-01,Leasehold,192592.56354679802,177000.0,1015
Lewisham,2006-10-01,Freehold,283594.33426183846,249995.0,718
Lewisham,2006-10-01,Leasehold,185194.02903600465,173000.0,861
Lewisham,2007-01-01,Freehold,293155.16920731706,250000.0,656
Lewisham,2007-01-01,Leasehold,187970.75897435896,175000.0,780
Lewisham,2007-04-01,Freehold,306600.4431630972,275000.0,607
Lewisham,2007-04-01,Leasehold,195031.2331154684,185000.0,918
Lewisham,2007-07-01,Freehold,321518.07242693775,289995.0,787
Lewisham,2007-07-01,Leasehold,208217.2026342452,195000.0,987
Lewisham,2007-10-01,Freehold,321685.6029684601,295000.0,539
Lewisham,2007-10-01,Leasehold,211174.32891566266,201792.5,830
Lewisham,2008-01-01,Freehold,305115.58181818185,277000.0,385
Lewisham,2008-01-01,Leasehold,206255.50414937758,195000.0,482
Lewisham,2008-04-01,Freehold,322395.476340694,285000.0,317
Lewisham,2008-04-01,Leasehold,204433.7312072893,196000.0,439
Lewisham,2008-07-01,Freehold,308782.1747211896,258000.0,269
Lewisham,2008-07-01,Leasehold,201834.7386759582,192000.0,287
Lewisham,2008-10-01,Freehold,294307.8796296296,250000.0,216
Lewisham,2008-10-01,Leasehold,186689.46511627908,174995.0,215
Lewisham,2009-01-01,Freehold,259710.35164835164,230000.0,182
Lewisham,2009-01-01,Leasehold,182484.48062015505,175000.0,129
Lewisham,2009-04-01,Freehold,265789.15040650405,240000.0,246
Lewisham,2009-04-01,Leasehold,185340.65562913907,173000.0,151
Lewisham,2009-07-01,Freehold,296881.4781420765,250000.0,366
Lewisham,2009-07-01,Leasehold,185548.2426229508,175000.0,305
Lewisham,2009-10-01,Freehold,302969.18550724635,273500.0,345
Lewisham,2009-10-01,Leasehold,186310.86649874056,174995.0,397
Lewisham,2010-01-01,Freehold,321407.6968641115,282500.0,287
Lewisham,2010-01-01,Leasehold,203308.62626262626,186000.0,297
Lewisham,2010-04-01,Freehold,334851.7712418301,276500.0,306
Lewisham,2010-04-01,Leasehold,204290.24853801169,190500.0,342
Lewisham,2010-07-01,Freehold,329678.2481012658,309995.0,395
Lewisham,2010-07-01,Leasehold,203224.39686098654,187475.0,446
Lewisham,2010-10-01,Freehold,349625.4215384615,299995.0,325
Lewisham,2010-10-01,Leasehold,200189.61666666667,185000.0,420
Lewisham,2011-01-01,Freehold,325692.8929765886,280000.0,299
Lewisham,2011-01-01,Leasehold,197083.49596774194,188000.0,248
Lewisham,2011-04-01,Freehold,318795.0963855422,282500.0,332
Lewisham,2011-04-01,Leasehold,201896.41449275363,189000.0,345
Lewisham,2011-07-01,Freehold,346819.1783295711,305000.0,443
Lewisham,2011-07-01,Leasehold,212326.17579908675,205000.0,438
Lewisham,2011-10-01,Freehold,322314.87811634346,287000.0,361
Lewisham,2011-10-01,Leasehold,207960.59615384616,200000.0,416
Lewisham,2012-01-01,Freehold,329756.546031746,295000.0,315
Lewisham,2012-01-01,Leasehold,205481.68514412417,197000.0,451
Lewisham,2012-04-01,Freehold,348813.3477088949,318500.0,371
Lewisham,2012-04-01,Leasehold,214101.49278846153,204000.0,416
Lewisham,2012-07-01,Freehold,379347.82588235295,330000.0,425
Lewisham,2012-07-01,Leasehold,223584.5926724138,215000.0,464
Lewisham,2012-10-01,Freehold,384014.1553133515,331500.0,367
Lewisham,2012-10-01,Leasehold,222190.79574468086,216500.0,470
Lewisham,2013-01-01,Freehold,348884.59375,318500.0,320
Lewisham,2013-01-01,Leasehold,215210.39650872818,206000.0,401
Lewisham,2013-04-01,Freehold,396342.58666666667,350000.0,375
Lewisham,2013-04-01,Leasehold,235725.4391891892,220000.0,592
Lewisham,2013-07-01,Freehold,422435.06126482214,377250.0,506
Lewisham,2013-07-01,Leasehold,242695.6720116618,235000.0,686
Lewisham,2013-10-01,Freehold,418464.036,375000.0,500
Lewisham,2013-10-01,Leasehold,254039.33823529413,245000.0,816
Lewisham,2014-01-01,Freehold,445552.46698113205,415000.0,424
Lewisham,2014-01-01,Leasehold,260175.81050955414,249950.0,628
Lewisham,2014-04-01,Freehold,494801.60869565216,436850.0,414
Lewisham,2014-04-01,Leasehold,284419.5671641791,275000.0,670
Lewisham,2014-07-01,Freehold,508937.54824561405,480000.0,456
Lewisham,2014-07-01,Leasehold,289502.20561941253,275000.0,783
Lewisham,2014-10-01,Freehold,498744.0510948905,460000.0,411
Lewisham,2014-10-01,Leasehold,298712.1763869132,284000.0,703
Lewisham,2015-01-01,Freehold,520890.8869565217,465000.0,345
Lewisham,2015-01-01,Leasehold,295797.4309392265,285000.0,543
Lewisham,2015-04-01,Freehold,508495.08661417325,474000.0,381
Lewisham,2015-04-01,Leasehold,317048.6229946524,317750.0,748
Lewisham,2015-07-01,Freehold,536692.2837573385,485000.0,511
Lewisham,2015-07-01,Leasehold,321572.7164179105,308250.0,670
Lewisham,2015-10-01,Freehold,570378.185882353,515000.0,425
Lewisham,2015-10-01,Leasehold,352683.2335260116,338000.0,865
Lewisham,2016-01-01,Freehold,591079.4611872146,542500.0,438
Lewisham,2016-01-01,Leasehold,349292.887921654,327000.0,919
Lewisham,2016-04-01,Freehold,581506.7575757576,547475.0,264
Lewisham,2016-04-01,Leasehold,378097.55239520955,373000.0,668
Lewisham,2016-07-01,Freehold,602649.3493975904,550000.0,332
Lewisham,2016-07-01,Leasehold,358926.5978835979,347500.0,567
Lewisham,2016-10-01,Freehold,572282.5397923875,555000.0,289
Lewisham,2016-10-01,Leasehold,359483.91760904685,349200.0,619
Lewisham,2017-01-01,Freehold,584120.6319018404,546000.0,326
Lewisham,2017-01-01,Leasehold,351465.1439393939,344000.0,396
Lewisham,2017-04-01,Freehold,593789.1762820513,545625.0,312
Lewisham,2017-04-01,Leasehold,422667.1159618008,410000.0,733
Lewisham,2017-07-01,Freehold,631174.6852367688,610000.0,359
Lewisham,2017-07-01,Leasehold,400026.179916318,390000.0,478
Lewisham,2017-10-01,Freehold,596470.1502890174,540000.0,346
Lewisham,2017-10-01,Leasehold,363182.69762419007,352500.0,463
Lewisham,2018-01-01,Freehold,603200.3484848485,550000.0,264
Lewisham,2018-01-01,Leasehold,358740.63597430405,343128.0,467
Lewisham,2018-04-01,Freehold,584448.8202614379,557500.0,306
Lewisham,2018-04-01,Leasehold,384777.59210526315,380000.0,532
Lewisham,2018-07-01,Freehold,600780.5410764873,560000.0,353
Lewisham,2018-07-01,Leasehold,367780.20971302426,360000.0,453
Lewisham,2018-10-01,Freehold,580167.5074183976,535000.0,337
Lewisham,2018-10-01,Leasehold,406122.949044586,405000.0,628
Lewisham,2019-01-01,Freehold,583771.2698961938,525000.0,289
Lewisham,2019-01-01,Leasehold,367334.5606936416,360000.0,346
Lewisham,2019-04-01,Freehold,593471.1228668942,560000.0,293
Lewisham,2019-04-01,Leasehold,376221.63567839196,364775.0,398
Lewisham,2019-07-01,Freehold,610030.1816091954,586000.0,435
Lewisham,2019-07-01,Leasehold,377433.1513292434,370000.0,489
Lewisham,2019-10-01,Freehold,603369.1428571428,565000.0,329
Lewisham,2019-10-01,Leasehold,377395.73509933776,362000.0,453
Lewisham,2020-01-01,Freehold,639088.40625,562500.0,288
Lewisham,2020-01-01,Leasehold,384522.5622009569,375000.0,418
Lewisham,2020-04-01,Freehold,626782.5103448275,561500.0,145
Lewisham,2020-04-01,Leasehold,394456.43055555556,389997.5,288
Lewisham,2020-07-01,Freehold,657461.9633027522,621000.0,327
Lewisham,2020-07-01,Leasehold,390042.8660287081,375000.0,418
Lewisham,2020-10-01,Freehold,675166.797826087,650000.0,460
Lewisham,2020-10-01,Leasehold,405838.20714285714,400000.0,560
Lewisham,2021-01-01,Freehold,674241.3509369676,630000.0,587
Lewisham,2021-01-01,Leasehold,402049.32166666666,392750.0,600
Lewisham,2021-04-01,Freehold,648593.4134453782,616000.0,595
Lewisham,2021-04-01,Leasehold,396934.3045685279,385000.0,788
Lewisham,2021-07-01,Freehold,704388.0782608696,625000.0,345
Lewisham,2021-07-01,Leasehold,364932.9617117117,350000.0,444
Lewisham,2021-10-01,Freehold,670302.5743944637,625000.0,289
Lewisham,2021-10-01,Leasehold,370061.86029411765,352000.0,408
Lewisham,2022-01-01,Freehold,680495.3588039867,640000.0,301
Lewisham,2022-01-01,Leasehold,386362.46420323325,370500.0,433
Lewisham,2022-04-01,Freehold,690202.913649025,645000.0,359
Lewisham,2022-04-01,Leasehold,385005.2638580931,370000.0,451
Lewisham,2022-07-01,Freehold,759508.9118942731,680000.0,454
Lewisham,2022-07-01,Leasehold,415095.89379084966,390000.0,612
Lewisham,2022-10-01,Freehold,727204.8166259169,687288.0,409
Lewisham,2022-10-01,Leasehold,408419.42273534636,390000.0,563
Lewisham,2023-01-01,Freehold,716957.850877193,659125.0,228
Lewisham,2023-01-01,Leasehold,402993.78423236514,400000.0,482
Lewisham,2023-04-01,Freehold,711189.8,647000.0,215
Lewisham,2023-04-01,Leasehold,380836.50889679714,358050.0,281
Lewisham,2023-07-01,Freehold,749082.8615819209,705000.0,354
Lewisham,2023-07-01,Leasehold,399366.04,400000.0,425
Lewisham,2023-10-01,Freehold,703712.5992509363,645000.0,267
Lewisham,2023-10-01,Leasehold,379463.0717703349,367000.0,418
Lewisham,2024-01-01,Freehold,709699.4791666666,634000.0,240
Lewisham,2024-01-01,Leasehold,380873.71940298507,364000.0,335
Lewisham,2024-04-01,Freehold,728496.7438596492,650000.0,285
Lewisham,2024-04-01,Leasehold,392608.4945652174,385000.0,368
Lewisham,2024-07-01,Freehold,739795.4324324324,692500.0,370
Lewisham,2024-07-01,Leasehold,399488.5185950413,385000.0,484
Lewisham,2024-10-01,Freehold,724024.476744186,678750.0,344
Lewisham,2024-10-01,Leasehold,402327.48214285716,390000.0,448
Lewisham,2025-01-01,Freehold,732692.9334763949,659000.0,466
Lewisham,2025-01-01,Leasehold,406365.13971742545,395000.0,637
Lewisham,2025-04-01,Freehold,720125.9952380953,682500.0,210
Lewisham,2025-04-01,Leasehold,383205.56013745704,365000.0,291
Lewisham,2025-07-01,Freehold,759121.7398373984,720000.0,369
Lewisham,2025-07-01,Leasehold,403519.53678474115,395000.0,367
Lewisham,2025-10-01,Freehold,713325.9691780822,689250.0,292
Lewisham,2025-10-01,Leasehold,388173.243902439,375000.0,369
Lewisham,2026-01-01,Freehold,729803.3846153846,650000.0,195
Lewisham,2026-01-01,Leasehold,386930.15873015876,373500.0,252
Lewisham,2026-04-01,Freehold,741266.1340206185,700000.0,97
Lewisham,2026-04-01,Leasehold,386218.67647058825,385000.0,102
Merton,2006-01-01,Freehold,341856.8865248227,250000.0,564
Merton,2006-01-01,Leasehold,215457.72789115645,203000.0,441
Merton,2006-04-01,Freehold,375210.03945371776,290000.0,659
Merton,2006-04-01,Leasehold,222341.13068181818,201625.0,528
Merton,2006-07-01,Freehold,380006.0694275274,290000.0,821
Merton,2006-07-01,Leasehold,218729.4581881533,198500.0,574
Merton,2006-10-01,Freehold,363940.7903930131,274000.0,687
Merton,2006-10-01,Leasehold,225185.34704830052,205000.0,559
Merton,2007-01-01,Freehold,457919.22325581394,299950.0,645
Merton,2007-01-01,Leasehold,236262.881773399,215000.0,406
Merton,2007-04-01,Freehold,474115.6519083969,309995.0,655
Merton,2007-04-01,Leasehold,246314.57407407407,224997.5,540
Merton,2007-07-01,Freehold,501532.0832137733,332000.0,697
Merton,2007-07-01,Leasehold,258904.31130434782,232995.0,575
Merton,2007-10-01,Freehold,446777.9223826715,320000.0,554
Merton,2007-10-01,Leasehold,259165.6114790287,237500.0,453
Merton,2008-01-01,Freehold,511172.2612137203,327500.0,379
Merton,2008-01-01,Leasehold,255913.3321799308,233000.0,289
Merton,2008-04-01,Freehold,483069.875739645,328500.0,338
Merton,2008-04-01,Leasehold,253944.67791411042,226000.0,326
Merton,2008-07-01,Freehold,456455.01056338026,318500.0,284
Merton,2008-07-01,Leasehold,243158.3391304348,229997.5,230
Merton,2008-10-01,Freehold,419149.8357487923,280000.0,207
Merton,2008-10-01,Leasehold,238628.95652173914,220000.0,207
Merton,2009-01-01,Freehold,464808.22596153844,281250.0,208
Merton,2009-01-01,Leasehold,219928.6,175000.0,105
Merton,2009-04-01,Freehold,374792.4160839161,270000.0,286
Merton,2009-04-01,Leasehold,210574.56074766355,192550.0,214
Merton,2009-07-01,Freehold,478516.786407767,323500.0,412
Merton,2009-07-01,Leasehold,236355.23694779116,212000.0,249
Merton,2009-10-01,Freehold,452726.9090909091,315000.0,429
Merton,2009-10-01,Leasehold,259509.4156626506,229000.0,332
Merton,2010-01-01,Freehold,543449.7217125383,333000.0,327
Merton,2010-01-01,Leasehold,282407.40975609754,235000.0,205
Merton,2010-04-01,Freehold,514873.037037037,365000.0,351
Merton,2010-04-01,Leasehold,292347.71280276816,218500.0,289
Merton,2010-07-01,Freehold,562627.2597402597,380000.0,462
Merton,2010-07-01,Leasehold,247443.95104895104,217875.0,286
Merton,2010-10-01,Freehold,518284.2336683417,345500.0,398
Merton,2010-10-01,Leasehold,296022.97033898305,229975.0,236
Merton,2011-01-01,Freehold,548276.0744680851,360000.0,282
Merton,2011-01-01,Leasehold,266476.41397849465,215000.0,186
Merton,2011-04-01,Freehold,516226.17250673857,340000.0,371
Merton,2011-04-01,Leasehold,271825.6589147287,240000.0,258
Merton,2011-07-01,Freehold,608795.5029354207,395000.0,511
Merton,2011-07-01,Leasehold,269024.65263157897,240000.0,285
Merton,2011-10-01,Freehold,524190.8649289099,368825.0,422
Merton,2011-10-01,Leasehold,247953.70418006432,214000.0,311
Merton,2012-01-01,Freehold,467317.8812154696,320000.0,362
Merton,2012-01-01,Leasehold,249510.33676975945,217000.0,291
Merton,2012-04-01,Freehold,581060.7716763006,392250.0,346
Merton,2012-04-01,Leasehold,260198.98106060605,220000.0,264
Merton,2012-07-01,Freehold,568452.3595744681,410000.0,470
Merton,2012-07-01,Leasehold,263982.96710526315,230000.0,304
Merton,2012-10-01,Freehold,560379.783847981,365000.0,421
Merton,2012-10-01,Leasehold,267495.74029850744,238000.0,335
Merton,2013-01-01,Freehold,606403.0933333334,377000.0,375
Merton,2013-01-01,Leasehold,269860.73333333334,235000.0,285
Merton,2013-04-01,Freehold,621574.0550458715,440000.0,436
Merton,2013-04-01,Leasehold,282538.403785489,249950.0,317
Merton,2013-07-01,Freehold,627975.1666666666,420000.0,552
Merton,2013-07-01,Leasehold,306401.6948228883,270000.0,367
Merton,2013-10-01,Freehold,563397.5140562248,427750.0,498
Merton,2013-10-01,Leasehold,307197.2253164557,250000.0,395
Merton,2014-01-01,Freehold,620797.7185354691,468000.0,437
Merton,2014-01-01,Leasehold,312147.8279883382,250000.0,343
Merton,2014-04-01,Freehold,649858.8197802198,480000.0,455
Merton,2014-04-01,Leasehold,355373.71856287424,295000.0,334
Merton,2014-07-01,Freehold,790450.970464135,494000.0,474
Merton,2014-07-01,Leasehold,368681.44444444444,325000.0,351
Merton,2014-10-01,Freehold,679735.0692520776,455000.0,361
Merton,2014-10-01,Leasehold,347727.14110429445,300187.5,326
Merton,2015-01-01,Freehold,714515.659574468,490000.0,329
Merton,2015-01-01,Leasehold,353361.1753731343,310000.0,268
Merton,2015-04-01,Freehold,703157.8556962025,505000.0,395
Merton,2015-04-01,Leasehold,356649.1262458472,315000.0,301
Merton,2015-07-01,Freehold,779352.5915492958,570000.0,497
Merton,2015-07-01,Leasehold,350936.4415204678,320000.0,342
Merton,2015-10-01,Freehold,693417.4336283186,537500.0,452
Merton,2015-10-01,Leasehold,396591.01219512196,368500.0,328
Merton,2016-01-01,Freehold,746865.9858299595,590000.0,494
Merton,2016-01-01,Leasehold,402481.44240837696,376500.0,382
Merton,2016-04-01,Freehold,735942.7803921569,540000.0,255
Merton,2016-04-01,Leasehold,410250.0794392523,378500.0,214
Merton,2016-07-01,Freehold,772070.6474164134,560000.0,329
Merton,2016-07-01,Leasehold,387201.8193548387,350000.0,310
Merton,2016-10-01,Freehold,744606.753894081,530000.0,321
Merton,2016-10-01,Leasehold,371312.1509433962,345000.0,265
Merton,2017-01-01,Freehold,849498.8829787234,600000.0,282
Merton,2017-01-01,Leasehold,394771.99603174604,350000.0,252
Merton,2017-04-01,Freehold,782204.0078740157,590000.0,381
Merton,2017-04-01,Leasehold,457409.1393442623,380000.0,244
Merton,2017-07-01,Freehold,770028.1360201511,590000.0,397
Merton,2017-07-01,Leasehold,432574.8576388889,370000.0,288
Merton,2017-10-01,Freehold,789569.7930029155,595000.0,343
Merton,2017-10-01,Leasehold,445464.71586715867,380500.0,271
Merton,2018-01-01,Freehold,764272.1722972973,589950.0,296
Merton,2018-01-01,Leasehold,406433.99,365000.0,200
Merton,2018-04-01,Freehold,790710.9014084507,610000.0,284
Merton,2018-04-01,Leasehold,413611.2060085837,368000.0,233
Merton,2018-07-01,Freehold,866464.2607594937,640000.0,395
Merton,2018-07-01,Leasehold,411708.9556451613,385000.0,248
Merton,2018-10-01,Freehold,852165.8250728863,585000.0,343
Merton,2018-10-01,Leasehold,425966.2425531915,375000.0,235
Merton,2019-01-01,Freehold,778164.8158844765,522500.0,277
Merton,2019-01-01,Leasehold,438884.24468085106,365000.0,188
Merton,2019-04-01,Freehold,751786.9744408946,571450.0,313
Merton,2019-04-01,Leasehold,394723.415,361500.0,200
Merton,2019-07-01,Freehold,802774.2845528455,605000.0,369
Merton,2019-07-01,Leasehold,417966.02991452994,375000.0,234
Merton,2019-10-01,Freehold,785803.6408839779,595000.0,362
Merton,2019-10-01,Leasehold,400015.8475336323,375000.0,223
Merton,2020-01-01,Freehold,782245.0747330961,595500.0,281
Merton,2020-01-01,Leasehold,396270.5263157895,365000.0,209
Merton,2020-04-01,Freehold,944306.7341040462,650000.0,173
Merton,2020-04-01,Leasehold,394740.9636363636,385000.0,110
Merton,2020-07-01,Freehold,789881.5046153846,655000.0,325
Merton,2020-07-01,Leasehold,419468.6349206349,390000.0,189
Merton,2020-10-01,Freehold,935846.7467248908,715000.0,458
Merton,2020-10-01,Leasehold,453885.5753424658,401250.0,292
Merton,2021-01-01,Freehold,868758.4413309982,675000.0,571
Merton,2021-01-01,Leasehold,491647.56892230577,442500.0,399
Merton,2021-04-01,Freehold,834566.6542324247,640000.0,697
Merton,2021-04-01,Leasehold,472182.8426724138,435000.0,464
Merton,2021-07-01,Freehold,950544.9891304348,700000.0,368
Merton,2021-07-01,Leasehold,425472.4220532319,387000.0,263
Merton,2021-10-01,Freehold,1042382.1744966443,780000.0,298
Merton,2021-10-01,Leasehold,452739.8924302789,390000.0,251
Merton,2022-01-01,Freehold,965062.7191358025,676000.0,324
Merton,2022-01-01,Leasehold,453516.5605536332,415000.0,289
Merton,2022-04-01,Freehold,992097.850931677,705000.0,322
Merton,2022-04-01,Leasehold,450776.8832116788,418000.0,274
Merton,2022-07-01,Freehold,1065583.1263383299,775000.0,467
Merton,2022-07-01,Leasehold,464739.25139664806,442000.0,358
Merton,2022-10-01,Freehold,967364.1305555556,753000.0,360
Merton,2022-10-01,Leasehold,470055.0251396648,450000.0,358
Merton,2023-01-01,Freehold,946768.87109375,642500.0,256
Merton,2023-01-01,Leasehold,446045.10169491527,420000.0,236
Merton,2023-04-01,Freehold,958525.2771535581,700000.0,267
Merton,2023-04-01,Leasehold,434581.1967213115,385000.0,183
Merton,2023-07-01,Freehold,947416.4188034188,738980.0,351
Merton,2023-07-01,Leasehold,445869.29615384614,405000.0,260
Merton,2023-10-01,Freehold,889072.7793594307,660000.0,281
Merton,2023-10-01,Leasehold,455050.1023255814,399999.0,215
Merton,2024-01-01,Freehold,896698.4820143885,695000.0,278
Merton,2024-01-01,Leasehold,441060.2699115044,400000.0,226
Merton,2024-04-01,Freehold,975515.1176470588,720000.0,289
Merton,2024-04-01,Leasehold,451550.4204081633,410000.0,245
Merton,2024-07-01,Freehold,975019.4962406015,750000.0,399
Merton,2024-07-01,Leasehold,425289.0915750916,400000.0,273
Merton,2024-10-01,Freehold,914327.7771428571,705350.0,350
Merton,2024-10-01,Leasehold,435482.6992753623,396250.0,276
Merton,2025-01-01,Freehold,931343.5261044176,669000.0,498
Merton,2025-01-01,Leasehold,451432.12727272726,420000.0,330
Merton,2025-04-01,Freehold,914722.4776785715,697000.0,224
Merton,2025-04-01,Leasehold,445364.6418918919,408500.0,148
Merton,2025-07-01,Freehold,1076827.5055865922,759000.0,358
Merton,2025-07-01,Leasehold,444909.7727272727,408000.0,220
Merton,2025-10-01,Freehold,985835.2941176471,722500.0,238
Merton,2025-10-01,Leasehold,428455.5343137255,388000.0,204
Merton,2026-01-01,Freehold,775114.3351955307,675000.0,179
Merton,2026-01-01,Leasehold,416905.1171875,397500.0,128
Merton,2026-04-01,Freehold,819598.75,623750.0,84
Merton,2026-04-01,Leasehold,418396.5517241379,384750.0,58
Newham,2006-01-01,Freehold,217042.8962585034,215000.0,588
Newham,2006-01-01,Leasehold,199949.1644736842,180750.0,456
Newham,2006-04-01,Freehold,215832.2325203252,217000.0,615
Newham,2006-04-01,Leasehold,201437.03703703705,175000.0,432
Newham,2006-07-01,Freehold,222946.0758988016,224000.0,751
Newham,2006-07-01,Leasehold,201688.79417879417,171000.0,481
Newham,2006-10-01,Freehold,228266.79624277458,230000.0,692
Newham,2006-10-01,Leasehold,190594.08731808732,165000.0,481
Newham,2007-01-01,Freehold,236869.6438791733,236000.0,629
Newham,2007-01-01,Leasehold,193474.95681818182,171250.0,440
Newham,2007-04-01,Freehold,245737.90526315788,245000.0,570
Newham,2007-04-01,Leasehold,211794.24342105264,179000.0,456
Newham,2007-07-01,Freehold,249027.78531073447,246725.0,708
Newham,2007-07-01,Leasehold,217417.740942029,190000.0,552
Newham,2007-10-01,Freehold,256113.14512922466,249995.0,503
Newham,2007-10-01,Leasehold,221515.1784386617,190000.0,538
Newham,2008-01-01,Freehold,250802.17464114833,249995.0,418
Newham,2008-01-01,Leasehold,248229.43879173291,230000.0,629
Newham,2008-04-01,Freehold,251133.54411764705,248000.0,340
Newham,2008-04-01,Leasehold,256648.85996705107,240000.0,607
Newham,2008-07-01,Freehold,236503.43171806168,235000.0,227
Newham,2008-07-01,Leasehold,209188.11111111112,185000.0,189
Newham,2008-10-01,Freehold,221615.49689440994,214000.0,161
Newham,2008-10-01,Leasehold,197930.30534351146,175000.0,131
Newham,2009-01-01,Freehold,210469.35344827586,205000.0,116
Newham,2009-01-01,Leasehold,225610.51492537314,217500.0,134
Newham,2009-04-01,Freehold,195608.02409638555,190000.0,166
Newham,2009-04-01,Leasehold,212028.5185185185,220000.0,135
Newham,2009-07-01,Freehold,203759.32421875,199000.0,256
Newham,2009-07-01,Leasehold,202104.3404255319,215000.0,141
Newham,2009-10-01,Freehold,219399.04225352113,214000.0,284
Newham,2009-10-01,Leasehold,182400.4385026738,160000.0,187
Newham,2010-01-01,Freehold,224493.50793650793,220500.0,252
Newham,2010-01-01,Leasehold,209954.69005847952,190000.0,171
Newham,2010-04-01,Freehold,230631.50592885376,225000.0,253
Newham,2010-04-01,Leasehold,208284.86813186813,200000.0,182
Newham,2010-07-01,Freehold,228901.07142857142,230000.0,294
Newham,2010-07-01,Leasehold,210356.13245033112,210000.0,151
Newham,2010-10-01,Freehold,231187.192,225000.0,250
Newham,2010-10-01,Leasehold,191470.91176470587,175000.0,136
Newham,2011-01-01,Freehold,220029.5871559633,220000.0,218
Newham,2011-01-01,Leasehold,188777.6301369863,185000.0,146
Newham,2011-04-01,Freehold,225891.50731707318,223000.0,205
Newham,2011-04-01,Leasehold,199912.78881987577,190000.0,161
Newham,2011-07-01,Freehold,226886.36121673003,225000.0,263
Newham,2011-07-01,Leasehold,200426.94578313254,175500.0,166
Newham,2011-10-01,Freehold,231709.96078431373,230000.0,255
Newham,2011-10-01,Leasehold,203742.4019607843,200000.0,204
Newham,2012-01-01,Freehold,232799.95416666666,228250.0,240
Newham,2012-01-01,Leasehold,200464.5750915751,200000.0,273
Newham,2012-04-01,Freehold,234461.23463687152,229000.0,179
Newham,2012-04-01,Leasehold,191517.40833333333,178500.0,120
Newham,2012-07-01,Freehold,237013.64676616914,232500.0,201
Newham,2012-07-01,Leasehold,200298.5052631579,195000.0,190
Newham,2012-10-01,Freehold,233243.61977186313,230000.0,263
Newham,2012-10-01,Leasehold,212631.12552301254,200000.0,239
Newham,2013-01-01,Freehold,237112.82591093116,232000.0,247
Newham,2013-01-01,Leasehold,223091.6626984127,214500.0,252
Newham,2013-04-01,Freehold,241246.2258064516,232500.0,248
Newham,2013-04-01,Leasehold,217855.77911646586,195000.0,249
Newham,2013-07-01,Freehold,252267.66279069768,241750.0,344
Newham,2013-07-01,Leasehold,213386.07357859533,185000.0,299
Newham,2013-10-01,Freehold,258462.08529411766,247000.0,340
Newham,2013-10-01,Leasehold,217005.56373937678,200000.0,353
Newham,2014-01-01,Freehold,270063.7168141593,250000.0,339
Newham,2014-01-01,Leasehold,219990.97859327216,200000.0,327
Newham,2014-04-01,Freehold,293934.5436893204,275000.0,309
Newham,2014-04-01,Leasehold,246758.56844547563,240000.0,431
Newham,2014-07-01,Freehold,313154.73728813557,292250.0,354
Newham,2014-07-01,Leasehold,256561.87344913153,245000.0,403
Newham,2014-10-01,Freehold,314347.03714285715,295000.0,350
Newham,2014-10-01,Leasehold,248671.54494382022,229000.0,356
Newham,2015-01-01,Freehold,329482.7815699659,314500.0,293
Newham,2015-01-01,Leasehold,248984.07829181495,224995.0,281
Newham,2015-04-01,Freehold,338993.26510067115,320000.0,298
Newham,2015-04-01,Leasehold,292595.8,275000.0,425
Newham,2015-07-01,Freehold,355359.409375,335055.5,320
Newham,2015-07-01,Leasehold,293004.15422885574,270747.5,402
Newham,2015-10-01,Freehold,382412.9203821656,354500.0,314
Newham,2015-10-01,Leasehold,321054.4150197628,320000.0,506
Newham,2016-01-01,Freehold,391492.6929133858,380000.0,381
Newham,2016-01-01,Leasehold,314231.04231625836,291000.0,449
Newham,2016-04-01,Freehold,420677.0335195531,395000.0,179
Newham,2016-04-01,Leasehold,316049.5663716814,300000.0,226
Newham,2016-07-01,Freehold,420304.35840707965,400000.0,226
Newham,2016-07-01,Leasehold,313496.32835820894,280000.0,335
Newham,2016-10-01,Freehold,417499.63800904976,390000.0,221
Newham,2016-10-01,Leasehold,392761.73407202214,366033.5,722
Newham,2017-01-01,Freehold,412228.37674418604,400000.0,215
Newham,2017-01-01,Leasehold,393804.6509433962,367725.0,636
Newham,2017-04-01,Freehold,440368.5495495495,410000.0,222
Newham,2017-04-01,Leasehold,419685.32199546485,419850.0,882
Newham,2017-07-01,Freehold,449964.28571428574,415000.0,210
Newham,2017-07-01,Leasehold,390800.51053484605,378000.0,617
Newham,2017-10-01,Freehold,461739.23206751054,430000.0,237
Newham,2017-10-01,Leasehold,386680.8548387097,366250.0,496
Newham,2018-01-01,Freehold,435169.2,413000.0,215
Newham,2018-01-01,Leasehold,431537.8346213292,417000.0,647
Newham,2018-04-01,Freehold,442756.95081967214,420000.0,183
Newham,2018-04-01,Leasehold,446340.4718309859,429919.0,568
Newham,2018-07-01,Freehold,430239.1184834123,414000.0,211
Newham,2018-07-01,Leasehold,420151.14814814815,390000.0,432
Newham,2018-10-01,Freehold,414088.40869565215,400000.0,230
Newham,2018-10-01,Leasehold,419240.1644736842,387500.0,456
Newham,2019-01-01,Freehold,430293.9022988506,407750.0,174
Newham,2019-01-01,Leasehold,432576.6843971631,395622.5,282
Newham,2019-04-01,Freehold,414931.93854748603,400000.0,179
Newham,2019-04-01,Leasehold,401378.9810725552,375000.0,317
Newham,2019-07-01,Freehold,437853.5628415301,400300.0,183
Newham,2019-07-01,Leasehold,444485.75820895523,428025.0,335
Newham,2019-10-01,Freehold,443316.77664974617,417000.0,197
Newham,2019-10-01,Leasehold,438633.16606498195,420000.0,277
Newham,2020-01-01,Freehold,423365.6134969325,400000.0,163
Newham,2020-01-01,Leasehold,393705.22596153844,365000.0,208
Newham,2020-04-01,Freehold,415355.9734513274,415000.0,113
Newham,2020-04-01,Leasehold,407662.15789473685,377552.0,133
Newham,2020-07-01,Freehold,430983.8639053254,418000.0,169
Newham,2020-07-01,Leasehold,447346.6200873362,434000.0,458
Newham,2020-10-01,Freehold,461229.46428571426,445000.0,224
Newham,2020-10-01,Leasehold,471940.128540305,455000.0,459
Newham,2021-01-01,Freehold,455670.2027027027,440000.0,296
Newham,2021-01-01,Leasehold,451829.65800865804,434350.0,462
Newham,2021-04-01,Freehold,473048.10704960837,445000.0,383
Newham,2021-04-01,Leasehold,430644.8070539419,420000.0,482
Newham,2021-07-01,Freehold,464584.2722772277,437000.0,202
Newham,2021-07-01,Leasehold,409303.76208178437,380000.0,269
Newham,2021-10-01,Freehold,511672.75132275134,462000.0,189
Newham,2021-10-01,Leasehold,406335.6706827309,367000.0,249
Newham,2022-01-01,Freehold,482987.6355555556,460000.0,225
Newham,2022-01-01,Leasehold,407895.11627906974,376010.0,344
Newham,2022-04-01,Freehold,493819.7448979592,460000.0,196
Newham,2022-04-01,Leasehold,441887.2485768501,430000.0,527
Newham,2022-07-01,Freehold,502628.652173913,481250.0,230
Newham,2022-07-01,Leasehold,417180.36881188117,397000.0,404
Newham,2022-10-01,Freehold,516861.37401574804,490000.0,254
Newham,2022-10-01,Leasehold,412998.64498644986,400000.0,369
Newham,2023-01-01,Freehold,511823.30113636365,466500.0,176
Newham,2023-01-01,Leasehold,401370.71710526315,385000.0,304
Newham,2023-04-01,Freehold,486495.1127819549,454000.0,133
Newham,2023-04-01,Leasehold,444359.0870967742,444600.0,310
Newham,2023-07-01,Freehold,510448.59574468085,475000.0,188
Newham,2023-07-01,Leasehold,414912.18614718615,392000.0,231
Newham,2023-10-01,Freehold,496252.5833333333,460000.0,168
Newham,2023-10-01,Leasehold,433620.5578512397,412500.0,242
Newham,2024-01-01,Freehold,499544.10493827163,460000.0,162
Newham,2024-01-01,Leasehold,483547.21904761903,455000.0,315
Newham,2024-04-01,Freehold,473312.2402234637,445000.0,179
Newham,2024-04-01,Leasehold,446927.1377952756,417500.0,254
Newham,2024-07-01,Freehold,509369.28773584904,470000.0,212
Newham,2024-07-01,Leasehold,441696.55205047317,435000.0,317
Newham,2024-10-01,Freehold,496252.14414414414,466500.0,222
Newham,2024-10-01,Leasehold,427156.5426829268,422500.0,328
Newham,2025-01-01,Freehold,504436.85762711865,480000.0,295
Newham,2025-01-01,Leasehold,453959.6596638655,446500.0,476
Newham,2025-04-01,Freehold,499437.1076923077,471250.0,130
Newham,2025-04-01,Leasehold,417739.01570680627,380000.0,191
Newham,2025-07-01,Freehold,528463.2135416666,494000.0,192
Newham,2025-07-01,Leasehold,438999.5606060606,410000.0,264
Newham,2025-10-01,Freehold,507245.5,475450.0,182
Newham,2025-10-01,Leasehold,392870.6349206349,360000.0,189
Newham,2026-01-01,Freehold,499794.784,450000.0,125
Newham,2026-01-01,Leasehold,365597.690647482,350000.0,139
Newham,2026-04-01,Freehold,503875.0,476500.0,52
Newham,2026-04-01,Leasehold,368261.4035087719,350000.0,57
Redbridge,2006-01-01,Freehold,278047.02544529265,248500.0,786
Redbridge,2006-01-01,Leasehold,174547.0810810811,165000.0,444
Redbridge,2006-04-01,Freehold,283934.9781704782,250000.0,962
Redbridge,2006-04-01,Leasehold,186521.38461538462,175000.0,494
Redbridge,2006-07-01,Freehold,301635.7563405797,260000.0,1104
Redbridge,2006-07-01,Leasehold,180974.92688172043,168000.0,465
Redbridge,2006-10-01,Freehold,300479.9732718894,264000.0,1085
Redbridge,2006-10-01,Leasehold,187633.72782258064,173342.5,496
Redbridge,2007-01-01,Freehold,306692.7632794457,272000.0,866
Redbridge,2007-01-01,Leasehold,185055.67676767678,174997.5,396
Redbridge,2007-04-01,Freehold,319417.09713024285,285000.0,906
Redbridge,2007-04-01,Leasehold,191658.5010526316,175000.0,475
Redbridge,2007-07-01,Freehold,333995.607,297000.0,1000
Redbridge,2007-07-01,Leasehold,206345.32285115303,192000.0,477
Redbridge,2007-10-01,Freehold,331196.5452380952,299997.5,840
Redbridge,2007-10-01,Leasehold,209505.61583011583,195250.0,518
Redbridge,2008-01-01,Freehold,339832.6218637993,300000.0,558
Redbridge,2008-01-01,Leasehold,217321.08312958435,206000.0,409
Redbridge,2008-04-01,Freehold,332109.18984962406,300000.0,532
Redbridge,2008-04-01,Leasehold,210684.70642201835,207000.0,327
Redbridge,2008-07-01,Freehold,327344.63310961967,285000.0,447
Redbridge,2008-07-01,Leasehold,201279.9224137931,185000.0,232
Redbridge,2008-10-01,Freehold,297393.932885906,250000.0,298
Redbridge,2008-10-01,Leasehold,195042.69090909092,180000.0,220
Redbridge,2009-01-01,Freehold,279459.84146341466,240000.0,246
Redbridge,2009-01-01,Leasehold,170981.23841059604,159995.0,151
Redbridge,2009-04-01,Freehold,294043.1671232877,250000.0,365
Redbridge,2009-04-01,Leasehold,179647.70238095237,170500.0,168
Redbridge,2009-07-01,Freehold,309617.25390625,270000.0,512
Redbridge,2009-07-01,Leasehold,173098.00436681224,165000.0,229
Redbridge,2009-10-01,Freehold,307616.8036072144,278000.0,499
Redbridge,2009-10-01,Leasehold,179974.25,175000.0,380
Redbridge,2010-01-01,Freehold,323497.03846153844,285000.0,442
Redbridge,2010-01-01,Leasehold,199762.36593059936,194000.0,317
Redbridge,2010-04-01,Freehold,319831.5221987315,280000.0,473
Redbridge,2010-04-01,Leasehold,193643.3625730994,190000.0,342
Redbridge,2010-07-01,Freehold,344668.584103512,299995.0,541
Redbridge,2010-07-01,Leasehold,206290.80084745763,186000.0,236
Redbridge,2010-10-01,Freehold,352799.80510440835,305000.0,431
Redbridge,2010-10-01,Leasehold,201652.96153846153,180000.0,182
Redbridge,2011-01-01,Freehold,331479.5052631579,283750.0,380
Redbridge,2011-01-01,Leasehold,202667.47651006712,190000.0,149
Redbridge,2011-04-01,Freehold,329931.57311320753,285000.0,424
Redbridge,2011-04-01,Leasehold,192874.4378698225,184000.0,169
Redbridge,2011-07-01,Freehold,342146.57765151514,300000.0,528
Redbridge,2011-07-01,Leasehold,204496.1321585903,190000.0,227
Redbridge,2011-10-01,Freehold,334627.1121076233,295000.0,446
Redbridge,2011-10-01,Leasehold,202528.51834862385,191000.0,218
Redbridge,2012-01-01,Freehold,334968.22469135805,283000.0,405
Redbridge,2012-01-01,Leasehold,201952.1611111111,191000.0,180
Redbridge,2012-04-01,Freehold,345300.5172413793,305000.0,406
Redbridge,2012-04-01,Leasehold,203619.11180124222,189000.0,161
Redbridge,2012-07-01,Freehold,358904.21894736844,302000.0,475
Redbridge,2012-07-01,Leasehold,204832.34463276836,192000.0,177
Redbridge,2012-10-01,Freehold,335715.5638945233,299995.0,493
Redbridge,2012-10-01,Leasehold,208730.1401869159,185000.0,214
Redbridge,2013-01-01,Freehold,337128.75,287500.0,396
Redbridge,2013-01-01,Leasehold,195279.3267973856,184000.0,153
Redbridge,2013-04-01,Freehold,351357.13006396586,305000.0,469
Redbridge,2013-04-01,Leasehold,192437.0964467005,179500.0,197
Redbridge,2013-07-01,Freehold,387293.03270223754,330000.0,581
Redbridge,2013-07-01,Leasehold,209815.4937759336,197500.0,241
Redbridge,2013-10-01,Freehold,370450.4824707846,322000.0,599
Redbridge,2013-10-01,Leasehold,213995.1379310345,200000.0,319
Redbridge,2014-01-01,Freehold,375838.8171428571,335000.0,525
Redbridge,2014-01-01,Leasehold,214839.10380622838,192500.0,289
Redbridge,2014-04-01,Freehold,391835.5667938931,347250.0,524
Redbridge,2014-04-01,Leasehold,228816.66666666666,200000.0,354
Redbridge,2014-07-01,Freehold,425950.1214642263,377500.0,601
Redbridge,2014-07-01,Leasehold,231747.22340425532,216000.0,376
Redbridge,2014-10-01,Freehold,423992.34574468085,375000.0,564
Redbridge,2014-10-01,Leasehold,243981.125,224136.5,344
Redbridge,2015-01-01,Freehold,435789.4373795761,377500.0,519
Redbridge,2015-01-01,Leasehold,239881.24344569287,225000.0,267
Redbridge,2015-04-01,Freehold,449083.3340857788,395000.0,443
Redbridge,2015-04-01,Leasehold,237722.7577092511,229995.0,227
Redbridge,2015-07-01,Freehold,466595.4578696343,415000.0,629
Redbridge,2015-07-01,Leasehold,254176.4433656958,246000.0,309
Redbridge,2015-10-01,Freehold,484199.8272884283,437500.0,579
Redbridge,2015-10-01,Leasehold,259636.01226993866,249999.5,326
Redbridge,2016-01-01,Freehold,493083.5120772947,450000.0,621
Redbridge,2016-01-01,Leasehold,274023.44,265000.0,375
Redbridge,2016-04-01,Freehold,489647.1921921922,445000.0,333
Redbridge,2016-04-01,Leasehold,287142.9285714286,271500.0,196
Redbridge,2016-07-01,Freehold,517090.0796460177,455000.0,452
Redbridge,2016-07-01,Leasehold,300589.8,290000.0,275
Redbridge,2016-10-01,Freehold,513358.4730941704,470000.0,446
Redbridge,2016-10-01,Leasehold,301208.1320754717,285000.0,265
Redbridge,2017-01-01,Freehold,516631.05454545456,465000.0,385
Redbridge,2017-01-01,Leasehold,301982.4482758621,285000.0,261
Redbridge,2017-04-01,Freehold,523844.02374670183,477500.0,379
Redbridge,2017-04-01,Leasehold,296198.295,280000.0,200
Redbridge,2017-07-01,Freehold,556733.9260042283,480000.0,473
Redbridge,2017-07-01,Leasehold,300748.6794871795,290000.0,234
Redbridge,2017-10-01,Freehold,534770.9105504587,488750.0,436
Redbridge,2017-10-01,Leasehold,316334.6951219512,291250.0,246
Redbridge,2018-01-01,Freehold,530042.3045822103,493000.0,371
Redbridge,2018-01-01,Leasehold,317888.0052910053,297000.0,189
Redbridge,2018-04-01,Freehold,552641.4263565892,487000.0,387
Redbridge,2018-04-01,Leasehold,309961.1935483871,302500.0,186
Redbridge,2018-07-01,Freehold,556493.1258907364,500000.0,421
Redbridge,2018-07-01,Leasehold,334357.7049808429,340000.0,261
Redbridge,2018-10-01,Freehold,570457.6085790885,510000.0,373
Redbridge,2018-10-01,Leasehold,299853.0203045685,290000.0,197
Redbridge,2019-01-01,Freehold,539501.2145110411,475000.0,317
Redbridge,2019-01-01,Leasehold,288430.8255033557,283000.0,149
Redbridge,2019-04-01,Freehold,525650.4444444445,475000.0,315
Redbridge,2019-04-01,Leasehold,286944.06211180124,265000.0,161
Redbridge,2019-07-01,Freehold,569377.326754386,516750.0,456
Redbridge,2019-07-01,Leasehold,280843.5090909091,273500.0,220
Redbridge,2019-10-01,Freehold,563563.5513126492,505000.0,419
Redbridge,2019-10-01,Leasehold,281375.74074074073,276000.0,216
Redbridge,2020-01-01,Freehold,540698.1657458564,480500.0,362
Redbridge,2020-01-01,Leasehold,290445.3020134228,280000.0,149
Redbridge,2020-04-01,Freehold,505042.0252525252,454000.0,198
Redbridge,2020-04-01,Leasehold,300046.23287671234,294000.0,73
Redbridge,2020-07-01,Freehold,548318.7820895523,515000.0,335
Redbridge,2020-07-01,Leasehold,298692.3728813559,288500.0,118
Redbridge,2020-10-01,Freehold,609603.9587628866,550000.0,485
Redbridge,2020-10-01,Leasehold,315955.52777777775,303750.0,144
Redbridge,2021-01-01,Freehold,593774.2675438597,532000.0,684
Redbridge,2021-01-01,Leasehold,343272.52857142856,309250.0,210
Redbridge,2021-04-01,Freehold,595446.601494396,539000.0,803
Redbridge,2021-04-01,Leasehold,330227.57525083615,315000.0,299
Redbridge,2021-07-01,Freehold,626474.2655367232,550000.0,354
Redbridge,2021-07-01,Leasehold,310753.6549707602,300000.0,171
Redbridge,2021-10-01,Freehold,643481.918079096,557500.0,354
Redbridge,2021-10-01,Leasehold,312217.0945945946,294000.0,148
Redbridge,2022-01-01,Freehold,624304.8004807692,540000.0,416
Redbridge,2022-01-01,Leasehold,317164.19170984457,303000.0,193
Redbridge,2022-04-01,Freehold,627753.0192307692,567750.0,364
Redbridge,2022-04-01,Leasehold,306493.09793814435,300000.0,194
Redbridge,2022-07-01,Freehold,668823.4051948052,585000.0,385
Redbridge,2022-07-01,Leasehold,324067.51219512196,300000.0,205
Redbridge,2022-10-01,Freehold,669580.9016018306,575000.0,437
Redbridge,2022-10-01,Leasehold,330987.48677248677,315000.0,189
Redbridge,2023-01-01,Freehold,645029.5531914893,575000.0,329
Redbridge,2023-01-01,Leasehold,311620.6369863014,300000.0,146
Redbridge,2023-04-01,Freehold,621175.1983805668,540000.0,247
Redbridge,2023-04-01,Leasehold,304440.3966942149,285000.0,121
Redbridge,2023-07-01,Freehold,693052.3607954546,577500.0,352
Redbridge,2023-07-01,Leasehold,317512.2165605096,307500.0,157
Redbridge,2023-10-01,Freehold,644113.3786407767,565000.0,309
Redbridge,2023-10-01,Leasehold,322011.13194444444,310000.0,144
Redbridge,2024-01-01,Freehold,628298.6366782007,550000.0,289
Redbridge,2024-01-01,Leasehold,318259.60402684566,310000.0,149
Redbridge,2024-04-01,Freehold,646875.7904761905,573500.0,315
Redbridge,2024-04-01,Leasehold,327732.050955414,322000.0,157
Redbridge,2024-07-01,Freehold,664776.3866666667,571000.0,375
Redbridge,2024-07-01,Leasehold,344404.58860759495,336500.0,158
Redbridge,2024-10-01,Freehold,692351.1774647888,600000.0,355
Redbridge,2024-10-01,Leasehold,342900.20346320345,335000.0,231
Redbridge,2025-01-01,Freehold,650979.0994371482,575000.0,533
Redbridge,2025-01-01,Leasehold,346564.91803278687,340750.0,244
Redbridge,2025-04-01,Freehold,654926.4021164022,586000.0,189
Redbridge,2025-04-01,Leasehold,312288.4682539682,290000.0,126
Redbridge,2025-07-01,Freehold,705895.3069306931,600000.0,404
Redbridge,2025-07-01,Leasehold,345778.43065693433,340000.0,137
Redbridge,2025-10-01,Freehold,645125.8033240997,600000.0,361
Redbridge,2025-10-01,Leasehold,319409.8857142857,307750.0,140
Redbridge,2026-01-01,Freehold,626697.228,587500.0,250
Redbridge,2026-01-01,Leasehold,325528.3173076923,315000.0,104
Redbridge,2026-04-01,Freehold,618232.3943661972,595000.0,71
Redbridge,2026-04-01,Leasehold,335416.6666666667,321250.0,48
Richmond Upon Thames,2006-01-01,Freehold,510216.7975270479,387950.0,647
Richmond Upon Thames,2006-01-01,Leasehold,269458.1775700935,235000.0,428
Richmond Upon Thames,2006-04-01,Freehold,526783.8139534884,415875.0,774
Richmond Upon Thames,2006-04-01,Leasehold,268882.25289256196,245000.0,605
Richmond Upon Thames,2006-07-01,Freehold,572946.5750528541,457750.0,946
Richmond Upon Thames,2006-07-01,Leasehold,277504.46986089647,246500.0,647
Richmond Upon Thames,2006-10-01,Freehold,570491.5978407557,455000.0,741
Richmond Upon Thames,2006-10-01,Leasehold,305553.7718446602,263000.0,618
Richmond Upon Thames,2007-01-01,Freehold,646401.5192629816,480000.0,597
Richmond Upon Thames,2007-01-01,Leasehold,298302.3709369025,250000.0,523
Richmond Upon Thames,2007-04-01,Freehold,641164.9072948329,495000.0,658
Richmond Upon Thames,2007-04-01,Leasehold,322294.2462962963,278250.0,540
Richmond Upon Thames,2007-07-01,Freehold,688960.6739130435,530000.0,874
Richmond Upon Thames,2007-07-01,Leasehold,325752.5894736842,299950.0,570
Richmond Upon Thames,2007-10-01,Freehold,640492.9402697495,515000.0,519
Richmond Upon Thames,2007-10-01,Leasehold,341301.3448275862,300000.0,406
Richmond Upon Thames,2008-01-01,Freehold,658786.6574585636,500000.0,362
Richmond Upon Thames,2008-01-01,Leasehold,332413.11285266455,289000.0,319
Richmond Upon Thames,2008-04-01,Freehold,632080.8728179551,510000.0,401
Richmond Upon Thames,2008-04-01,Leasehold,340686.88095238095,295000.0,336
Richmond Upon Thames,2008-07-01,Freehold,714959.1547277936,498000.0,349
Richmond Upon Thames,2008-07-01,Leasehold,334313.8326693227,297500.0,251
Richmond Upon Thames,2008-10-01,Freehold,584903.5347826087,385000.0,230
Richmond Upon Thames,2008-10-01,Leasehold,286728.0838323353,245000.0,167
Richmond Upon Thames,2009-01-01,Freehold,591773.4697674419,450000.0,215
Richmond Upon Thames,2009-01-01,Leasehold,293851.46616541356,250000.0,133
Richmond Upon Thames,2009-04-01,Freehold,535690.5183098592,442000.0,355
Richmond Upon Thames,2009-04-01,Leasehold,286691.2385786802,242500.0,197
Richmond Upon Thames,2009-07-01,Freehold,618854.7611111111,485000.0,540
Richmond Upon Thames,2009-07-01,Leasehold,302894.4779661017,250000.0,295
Richmond Upon Thames,2009-10-01,Freehold,690450.86,525000.0,550
Richmond Upon Thames,2009-10-01,Leasehold,337130.11075949366,285000.0,316
Richmond Upon Thames,2010-01-01,Freehold,735306.1683937823,546000.0,386
Richmond Upon Thames,2010-01-01,Leasehold,314418.8825622776,277500.0,281
Richmond Upon Thames,2010-04-01,Freehold,669215.889121339,523500.0,478
Richmond Upon Thames,2010-04-01,Leasehold,325527.29761904763,275000.0,336
Richmond Upon Thames,2010-07-01,Freehold,689142.7649006622,536500.0,604
Richmond Upon Thames,2010-07-01,Leasehold,335968.5479452055,290000.0,365
Richmond Upon Thames,2010-10-01,Freehold,715921.1469298246,555750.0,456
Richmond Upon Thames,2010-10-01,Leasehold,336519.6109324759,280000.0,311
Richmond Upon Thames,2011-01-01,Freehold,716392.217721519,525000.0,395
Richmond Upon Thames,2011-01-01,Leasehold,325783.96168582374,280000.0,261
Richmond Upon Thames,2011-04-01,Freehold,697220.9168646081,540000.0,421
Richmond Upon Thames,2011-04-01,Leasehold,335230.5382059801,290000.0,301
Richmond Upon Thames,2011-07-01,Freehold,738401.7598039216,591250.0,612
Richmond Upon Thames,2011-07-01,Leasehold,360160.48579545453,310000.0,352
Richmond Upon Thames,2011-10-01,Freehold,707021.9333333333,550000.0,480
Richmond Upon Thames,2011-10-01,Leasehold,347487.95384615386,288500.0,325
Richmond Upon Thames,2012-01-01,Freehold,738440.7161803714,595000.0,377
Richmond Upon Thames,2012-01-01,Leasehold,327996.5344827586,280600.0,290
Richmond Upon Thames,2012-04-01,Freehold,799578.9033018867,587500.0,424
Richmond Upon Thames,2012-04-01,Leasehold,360869.91847826086,325000.0,368
Richmond Upon Thames,2012-07-01,Freehold,738742.1469115192,615000.0,599
Richmond Upon Thames,2012-07-01,Leasehold,365814.71679197997,319950.0,399
Richmond Upon Thames,2012-10-01,Freehold,763941.9835728953,597450.0,487
Richmond Upon Thames,2012-10-01,Leasehold,397504.1604584527,320000.0,349
Richmond Upon Thames,2013-01-01,Freehold,777418.0081300813,620000.0,369
Richmond Upon Thames,2013-01-01,Leasehold,374990.6109215017,310000.0,293
Richmond Upon Thames,2013-04-01,Freehold,833471.8082474227,675000.0,485
Richmond Upon Thames,2013-04-01,Leasehold,386120.2676056338,310000.0,355
Richmond Upon Thames,2013-07-01,Freehold,892412.1719745223,670000.0,628
Richmond Upon Thames,2013-07-01,Leasehold,377112.76576576574,329975.0,444
Richmond Upon Thames,2013-10-01,Freehold,858850.9840142096,660000.0,563
Richmond Upon Thames,2013-10-01,Leasehold,379243.320754717,330000.0,477
Richmond Upon Thames,2014-01-01,Freehold,875242.4943052392,650000.0,439
Richmond Upon Thames,2014-01-01,Leasehold,424648.43535620056,349950.0,379
Richmond Upon Thames,2014-04-01,Freehold,965582.4724576271,775000.0,472
Richmond Upon Thames,2014-04-01,Leasehold,458999.9038461539,385500.5,364
Richmond Upon Thames,2014-07-01,Freehold,1012611.6452830188,807500.0,530
Richmond Upon Thames,2014-07-01,Leasehold,467817.77045454545,400000.0,440
Richmond Upon Thames,2014-10-01,Freehold,1003924.8832116788,755000.0,411
Richmond Upon Thames,2014-10-01,Leasehold,454495.52791878174,398500.0,394
Richmond Upon Thames,2015-01-01,Freehold,949340.2024169185,750000.0,331
Richmond Upon Thames,2015-01-01,Leasehold,444239.4779661017,410000.0,295
Richmond Upon Thames,2015-04-01,Freehold,1008778.346835443,785000.0,395
Richmond Upon Thames,2015-04-01,Leasehold,446667.3294797688,401000.0,346
Richmond Upon Thames,2015-07-01,Freehold,1031980.7770154374,780000.0,583
Richmond Upon Thames,2015-07-01,Leasehold,469712.81067961163,410000.0,412
Richmond Upon Thames,2015-10-01,Freehold,957390.6291666667,783250.0,480
Richmond Upon Thames,2015-10-01,Leasehold,475591.2425742574,414000.0,404
Richmond Upon Thames,2016-01-01,Freehold,1067311.3047034764,818000.0,489
Richmond Upon Thames,2016-01-01,Leasehold,513774.0064377682,450000.0,466
Richmond Upon Thames,2016-04-01,Freehold,988947.1939799332,800000.0,299
Richmond Upon Thames,2016-04-01,Leasehold,496835.28571428574,460000.0,273
Richmond Upon Thames,2016-07-01,Freehold,1038137.0246305419,850000.0,406
Richmond Upon Thames,2016-07-01,Leasehold,533029.7492163009,460000.0,319
Richmond Upon Thames,2016-10-01,Freehold,911196.5784883721,775000.0,344
Richmond Upon Thames,2016-10-01,Leasehold,488625.28231292515,435250.0,294
Richmond Upon Thames,2017-01-01,Freehold,960610.0028901735,845000.0,346
Richmond Upon Thames,2017-01-01,Leasehold,667594.8557692308,485000.0,312
Richmond Upon Thames,2017-04-01,Freehold,1006415.8207282913,875000.0,357
Richmond Upon Thames,2017-04-01,Leasehold,618448.9685314685,480750.0,286
Richmond Upon Thames,2017-07-01,Freehold,1049590.399558499,864000.0,453
Richmond Upon Thames,2017-07-01,Leasehold,525971.1126760563,453000.0,284
Richmond Upon Thames,2017-10-01,Freehold,958061.9252873564,825000.0,348
Richmond Upon Thames,2017-10-01,Leasehold,525685.3827893175,472000.0,337
Richmond Upon Thames,2018-01-01,Freehold,959888.2935779816,800000.0,327
Richmond Upon Thames,2018-01-01,Leasehold,502199.8205128205,448875.0,234
Richmond Upon Thames,2018-04-01,Freehold,1011491.6927710844,845000.0,332
Richmond Upon Thames,2018-04-01,Leasehold,487371.44696969696,425000.0,264
Richmond Upon Thames,2018-07-01,Freehold,1033507.987755102,860000.0,490
Richmond Upon Thames,2018-07-01,Leasehold,499720.6821192053,436000.0,302
Richmond Upon Thames,2018-10-01,Freehold,1001412.6393034826,801012.5,402
Richmond Upon Thames,2018-10-01,Leasehold,488581.70472440944,426250.0,254
Richmond Upon Thames,2019-01-01,Freehold,1044354.1064516129,850000.0,310
Richmond Upon Thames,2019-01-01,Leasehold,508004.2051282051,428000.0,195
Richmond Upon Thames,2019-04-01,Freehold,1009306.3005617978,822500.0,356
Richmond Upon Thames,2019-04-01,Leasehold,557902.1921182266,437500.0,203
Richmond Upon Thames,2019-07-01,Freehold,1014218.6294642857,840000.0,448
Richmond Upon Thames,2019-07-01,Leasehold,515833.4779661017,425000.0,295
Richmond Upon Thames,2019-10-01,Freehold,989855.0588235294,835000.0,408
Richmond Upon Thames,2019-10-01,Leasehold,522557.4275618375,425000.0,283
Richmond Upon Thames,2020-01-01,Freehold,1066090.4378698224,855000.0,338
Richmond Upon Thames,2020-01-01,Leasehold,527911.4470588235,465550.0,255
Richmond Upon Thames,2020-04-01,Freehold,1132025.294117647,935000.0,170
Richmond Upon Thames,2020-04-01,Leasehold,491958.625,421000.0,128
Richmond Upon Thames,2020-07-01,Freehold,1133381.7762237762,900000.0,429
Richmond Upon Thames,2020-07-01,Leasehold,507883.65843621397,440000.0,243
Richmond Upon Thames,2020-10-01,Freehold,1098791.2342342343,885000.0,555
Richmond Upon Thames,2020-10-01,Leasehold,524143.0157728707,475000.0,317
Richmond Upon Thames,2021-01-01,Freehold,1079846.683029453,850000.0,713
Richmond Upon Thames,2021-01-01,Leasehold,514887.8147208122,450000.0,394
Richmond Upon Thames,2021-04-01,Freehold,1101550.2357414449,890000.0,789
Richmond Upon Thames,2021-04-01,Leasehold,501474.2965235174,445000.0,489
Richmond Upon Thames,2021-07-01,Freehold,1266389.231277533,985500.0,454
Richmond Upon Thames,2021-07-01,Leasehold,486637.2838983051,422500.0,236
Richmond Upon Thames,2021-10-01,Freehold,1224569.7150997152,940000.0,351
Richmond Upon Thames,2021-10-01,Leasehold,558913.7259615385,472500.0,208
Richmond Upon Thames,2022-01-01,Freehold,1224637.203125,977749.5,384
Richmond Upon Thames,2022-01-01,Leasehold,560670.0716845879,450000.0,279
Richmond Upon Thames,2022-04-01,Freehold,1268384.9504950496,957250.0,404
Richmond Upon Thames,2022-04-01,Leasehold,537923.0569395018,470000.0,281
Richmond Upon Thames,2022-07-01,Freehold,1264556.7353463587,1012500.0,563
Richmond Upon Thames,2022-07-01,Leasehold,555176.2407932011,480000.0,353
Richmond Upon Thames,2022-10-01,Freehold,1193115.9426433914,937000.0,401
Richmond Upon Thames,2022-10-01,Leasehold,537689.7794117647,466500.0,340
Richmond Upon Thames,2023-01-01,Freehold,1215002.6053511705,970000.0,299
Richmond Upon Thames,2023-01-01,Leasehold,563343.0222222222,465000.0,225
Richmond Upon Thames,2023-04-01,Freehold,1294622.2402597403,982500.0,308
Richmond Upon Thames,2023-04-01,Leasehold,570565.55,485000.0,200
Richmond Upon Thames,2023-07-01,Freehold,1259853.1843317973,1000000.0,434
Richmond Upon Thames,2023-07-01,Leasehold,567101.5328719723,480000.0,289
Richmond Upon Thames,2023-10-01,Freehold,1136848.7275541795,950000.0,323
Richmond Upon Thames,2023-10-01,Leasehold,553717.876,500000.0,250
Richmond Upon Thames,2024-01-01,Freehold,1142406.0696864112,930000.0,287
Richmond Upon Thames,2024-01-01,Leasehold,507118.02192982455,441000.0,228
Richmond Upon Thames,2024-04-01,Freehold,1173609.501369863,930000.0,365
Richmond Upon Thames,2024-04-01,Leasehold,546855.7327935223,452000.0,247
Richmond Upon Thames,2024-07-01,Freehold,1262193.133611691,1030000.0,479
Richmond Upon Thames,2024-07-01,Leasehold,560379.8778877888,475000.0,303
Richmond Upon Thames,2024-10-01,Freehold,1181886.4135338345,975000.0,399
Richmond Upon Thames,2024-10-01,Leasehold,558239.9009584665,490000.0,313
Richmond Upon Thames,2025-01-01,Freehold,1160444.8641732284,950000.0,508
Richmond Upon Thames,2025-01-01,Leasehold,541362.8225,467500.0,400
Richmond Upon Thames,2025-04-01,Freehold,1345452.55078125,1040500.0,256
Richmond Upon Thames,2025-04-01,Leasehold,576259.1904761905,499950.0,189
Richmond Upon Thames,2025-07-01,Freehold,1272838.7494407159,1035000.0,447
Richmond Upon Thames,2025-07-01,Leasehold,521349.48616600793,470000.0,253
Richmond Upon Thames,2025-10-01,Freehold,1113890.1424418604,943507.0,344
Richmond Upon Thames,2025-10-01,Leasehold,500158.87671232875,467500.0,219
Richmond Upon Thames,2026-01-01,Freehold,1095019.0201005025,835000.0,199
Richmond Upon Thames,2026-01-01,Leasehold,521880.97826086957,465000.0,138
Richmond Upon Thames,2026-04-01,Freehold,918511.0487804879,792500.0,82
Richmond Upon Thames,2026-04-01,Leasehold,574160.4477611941,500000.0,67
Southwark,2006-01-01,Freehold,354516.07,310000.0,300
Southwark,2006-01-01,Leasehold,239611.1332644628,218512.5,968
Southwark,2006-04-01,Freehold,404818.80877742945,341000.0,319
Southwark,2006-04-01,Leasehold,246162.18743563336,219995.0,971
Southwark,2006-07-01,Freehold,424908.32304038,350000.0,421
Southwark,2006-07-01,Leasehold,248897.0600522193,222000.0,1149
Southwark,2006-10-01,Freehold,430330.238372093,376250.0,344
Southwark,2006-10-01,Leasehold,267312.4465849387,242000.0,1142
Southwark,2007-01-01,Freehold,435156.9552238806,385000.0,268
Southwark,2007-01-01,Leasehold,276637.468914647,230000.0,949
Southwark,2007-04-01,Freehold,471768.37151702784,395000.0,323
Southwark,2007-04-01,Leasehold,286522.4265658747,245633.0,926
Southwark,2007-07-01,Freehold,505286.68780487805,435000.0,410
Southwark,2007-07-01,Leasehold,285205.3227467811,249995.0,1165
Southwark,2007-10-01,Freehold,484915.173553719,430000.0,242
Southwark,2007-10-01,Leasehold,304569.96576032223,262500.0,993
Southwark,2008-01-01,Freehold,471443.91715976334,410000.0,169
Southwark,2008-01-01,Leasehold,290290.8494623656,249995.0,651
Southwark,2008-04-01,Freehold,460509.1034482759,404000.0,145
Southwark,2008-04-01,Leasehold,298018.2508474576,250000.0,590
Southwark,2008-07-01,Freehold,455759.05833333335,395000.0,120
Southwark,2008-07-01,Leasehold,310693.00245700247,250000.0,407
Southwark,2008-10-01,Freehold,385138.5961538461,350000.0,104
Southwark,2008-10-01,Leasehold,282889.49,250000.0,300
Southwark,2009-01-01,Freehold,394969.83838383836,345000.0,99
Southwark,2009-01-01,Leasehold,264395.28921568627,234500.0,204
Southwark,2009-04-01,Freehold,419137.1603053435,370000.0,131
Southwark,2009-04-01,Leasehold,294892.13291139243,249995.0,316
Southwark,2009-07-01,Freehold,490218.72807017545,399000.0,228
Southwark,2009-07-01,Leasehold,282611.10172744724,248000.0,521
Southwark,2009-10-01,Freehold,497039.49019607843,435000.0,255
Southwark,2009-10-01,Leasehold,284626.0149501661,245000.0,602
Southwark,2010-01-01,Freehold,547160.7100591715,450000.0,169
Southwark,2010-01-01,Leasehold,306796.63002114167,250000.0,473
Southwark,2010-04-01,Freehold,496641.5442477876,427500.0,226
Southwark,2010-04-01,Leasehold,320086.9430051813,275000.0,579
Southwark,2010-07-01,Freehold,561905.6791044776,452000.0,268
Southwark,2010-07-01,Leasehold,333036.2448979592,287000.0,784
Southwark,2010-10-01,Freehold,512457.9855072464,430000.0,207
Southwark,2010-10-01,Leasehold,323150.25278219394,273000.0,629
Southwark,2011-01-01,Freehold,538715.3743589744,427500.0,195
Southwark,2011-01-01,Leasehold,352464.1223628692,269000.0,474
Southwark,2011-04-01,Freehold,534234.0714285715,469250.0,196
Southwark,2011-04-01,Leasehold,332296.8714524207,288500.0,599
Southwark,2011-07-01,Freehold,593162.4615384615,495000.0,299
Southwark,2011-07-01,Leasehold,351451.26696832577,282500.0,663
Southwark,2011-10-01,Freehold,511624.7129186603,440000.0,209
Southwark,2011-10-01,Leasehold,341038.9395509499,259500.0,579
Southwark,2012-01-01,Freehold,551851.5721393034,472000.0,201
Southwark,2012-01-01,Leasehold,335671.31196581194,290000.0,702
Southwark,2012-04-01,Freehold,527817.75,475000.0,192
Southwark,2012-04-01,Leasehold,399821.9194756554,306250.0,534
Southwark,2012-07-01,Freehold,569584.9597069597,500000.0,273
Southwark,2012-07-01,Leasehold,356978.82352941175,292500.0,629
Southwark,2012-10-01,Freehold,595229.3434782609,500000.0,230
Southwark,2012-10-01,Leasehold,373772.18344155845,290000.0,616
Southwark,2013-01-01,Freehold,574594.1348314607,500000.0,178
Southwark,2013-01-01,Leasehold,336284.6046511628,267500.0,559
Southwark,2013-04-01,Freehold,671361.4780701754,587500.0,228
Southwark,2013-04-01,Leasehold,388516.3715909091,335000.0,880
Southwark,2013-07-01,Freehold,674069.8436363636,625000.0,275
Southwark,2013-07-01,Leasehold,375440.82352941175,307000.0,952
Southwark,2013-10-01,Freehold,711243.910652921,630000.0,291
Southwark,2013-10-01,Leasehold,384799.6707589286,320000.5,896
Southwark,2014-01-01,Freehold,706904.6614583334,647997.5,192
Southwark,2014-01-01,Leasehold,406203.01629072684,340000.0,798
Southwark,2014-04-01,Freehold,841667.3138297872,737500.0,188
Southwark,2014-04-01,Leasehold,439217.4384303112,370000.0,739
Southwark,2014-07-01,Freehold,879853.7689243028,780000.0,251
Southwark,2014-07-01,Leasehold,459565.44550898205,390000.0,835
Southwark,2014-10-01,Freehold,769326.4398148148,702500.0,216
Southwark,2014-10-01,Leasehold,448404.5250379363,395000.0,659
Southwark,2015-01-01,Freehold,782425.0138888889,717000.0,144
Southwark,2015-01-01,Leasehold,473129.6209150327,396500.0,612
Southwark,2015-04-01,Freehold,834181.9470899471,760000.0,189
Southwark,2015-04-01,Leasehold,496846.1617647059,425000.0,748
Southwark,2015-07-01,Freehold,897689.5652173914,758500.0,276
Southwark,2015-07-01,Leasehold,499742.5959367946,430000.0,886
Southwark,2015-10-01,Freehold,855494.7130801688,750000.0,237
Southwark,2015-10-01,Leasehold,559337.8168574402,450000.0,961
Southwark,2016-01-01,Freehold,878798.544680851,790000.0,235
Southwark,2016-01-01,Leasehold,584757.7635574837,450000.0,922
Southwark,2016-04-01,Freehold,858406.6984126985,800000.0,126
Southwark,2016-04-01,Leasehold,598601.041509434,465000.0,530
Southwark,2016-07-01,Freehold,950931.4235294118,792500.0,170
Southwark,2016-07-01,Leasehold,523128.6833930705,465000.0,837
Southwark,2016-10-01,Freehold,919603.9078947369,850000.0,152
Southwark,2016-10-01,Leasehold,641854.9088145896,490000.0,658
Southwark,2017-01-01,Freehold,902207.5244755244,815000.0,143
Southwark,2017-01-01,Leasehold,620510.9716193656,481900.0,599
Southwark,2017-04-01,Freehold,916683.2335766423,800000.0,137
Southwark,2017-04-01,Leasehold,655145.3256704981,529000.0,783
Southwark,2017-07-01,Freehold,964133.8870967742,871000.0,186
Southwark,2017-07-01,Leasehold,530235.2756563246,475100.0,838
Southwark,2017-10-01,Freehold,895521.5838926175,800000.0,149
Southwark,2017-10-01,Leasehold,528666.9431988042,475000.0,669
Southwark,2018-01-01,Freehold,958750.8507462686,827500.0,134
Southwark,2018-01-01,Leasehold,587013.3207885305,480000.0,558
Southwark,2018-04-01,Freehold,962464.7748344371,845000.0,151
Southwark,2018-04-01,Leasehold,590385.9347553325,533500.0,797
Southwark,2018-07-01,Freehold,1017162.1340206185,872500.0,194
Southwark,2018-07-01,Leasehold,602430.929280397,512500.0,806
Southwark,2018-10-01,Freehold,920420.0181818182,821000.0,165
Southwark,2018-10-01,Leasehold,732351.771468144,525000.0,722
Southwark,2019-01-01,Freehold,848778.828358209,782500.0,134
Southwark,2019-01-01,Leasehold,868534.2578125,500000.0,512
Southwark,2019-04-01,Freehold,966105.7183908046,853000.0,174
Southwark,2019-04-01,Leasehold,558721.1795774648,499995.0,568
Southwark,2019-07-01,Freehold,1000882.6208530805,875000.0,211
Southwark,2019-07-01,Leasehold,557732.625,490000.0,688
Southwark,2019-10-01,Freehold,935881.7046632124,810000.0,193
Southwark,2019-10-01,Leasehold,505232.4038461539,469310.0,676
Southwark,2020-01-01,Freehold,992246.2313432836,855000.0,134
Southwark,2020-01-01,Leasehold,547421.9541284404,450000.0,436
Southwark,2020-04-01,Freehold,893416.1460674157,824450.0,89
Southwark,2020-04-01,Leasehold,554850.2237762237,482500.0,286
Southwark,2020-07-01,Freehold,1028323.8315217391,903750.0,184
Southwark,2020-07-01,Leasehold,537845.1441647598,460000.0,437
Southwark,2020-10-01,Freehold,1054949.2598425196,929500.0,254
Southwark,2020-10-01,Leasehold,530381.0326678766,465000.0,551
Southwark,2021-01-01,Freehold,1061692.3678571428,900000.0,280
Southwark,2021-01-01,Leasehold,540243.8173784978,475000.0,679
Southwark,2021-04-01,Freehold,970686.765060241,866500.0,332
Southwark,2021-04-01,Leasehold,525177.2345803842,477500.0,989
Southwark,2021-07-01,Freehold,1147327.7783783784,975000.0,185
Southwark,2021-07-01,Leasehold,517611.2417355372,440750.0,484
Southwark,2021-10-01,Freehold,1111006.3716216215,987500.0,148
Southwark,2021-10-01,Leasehold,581574.9523809524,475000.0,462
Southwark,2022-01-01,Freehold,1064275.1290322582,944825.0,186
Southwark,2022-01-01,Leasehold,521905.12305025995,480000.0,577
Southwark,2022-04-01,Freehold,1075879.6793478262,907500.0,184
Southwark,2022-04-01,Leasehold,540169.5854922279,475000.0,579
Southwark,2022-07-01,Freehold,1138788.1068702291,962500.0,262
Southwark,2022-07-01,Leasehold,546627.9986376022,476750.0,734
Southwark,2022-10-01,Freehold,1118194.8783783785,966500.0,222
Southwark,2022-10-01,Leasehold,527988.5498442368,485000.0,642
Southwark,2023-01-01,Freehold,1069130.7345132744,893250.0,113
Southwark,2023-01-01,Leasehold,556806.7,478750.0,490
Southwark,2023-04-01,Freehold,1157445.5757575757,980000.0,132
Southwark,2023-04-01,Leasehold,591882.2523364486,485000.0,428
Southwark,2023-07-01,Freehold,1212072.863095238,1039250.0,168
Southwark,2023-07-01,Leasehold,634796.4471669219,510000.0,653
Southwark,2023-10-01,Freehold,1080293.2763157894,928700.0,152
Southwark,2023-10-01,Leasehold,558135.859430605,470500.0,562
Southwark,2024-01-01,Freehold,1061780.9378881988,927500.0,161
Southwark,2024-01-01,Leasehold,543905.8581730769,461500.0,416
Southwark,2024-04-01,Freehold,1042684.0425531915,943000.0,141
Southwark,2024-04-01,Leasehold,566908.4991762767,500000.0,607
Southwark,2024-07-01,Freehold,1269750.1215686274,1110000.0,255
Southwark,2024-07-01,Leasehold,530887.2488687782,475000.0,663
Southwark,2024-10-01,Freehold,1084093.4040404041,911250.0,198
Southwark,2024-10-01,Leasehold,549568.9076682316,480000.0,639
Southwark,2025-01-01,Freehold,1056941.3333333333,895000.0,237
Southwark,2025-01-01,Leasehold,516558.6568627451,470500.0,816
Southwark,2025-04-01,Freehold,1098984.060150376,975000.0,133
Southwark,2025-04-01,Leasehold,502430.6161369193,435125.0,409
Southwark,2025-07-01,Freehold,1165224.9741379311,1008000.0,232
Southwark,2025-07-01,Leasehold,529501.3358925144,472390.0,521
Southwark,2025-10-01,Freehold,1129800.9488636365,930000.0,176
Southwark,2025-10-01,Leasehold,494722.01735357917,450000.0,461
Southwark,2026-01-01,Freehold,969489.3720930233,890000.0,86
Southwark,2026-01-01,Leasehold,541206.8106312292,435000.0,301
Southwark,2026-04-01,Freehold,920271.125,762500.0,32
Southwark,2026-04-01,Leasehold,487489.68376068375,462500.0,117
Sutton,2006-01-01,Freehold,281394.90453074436,242975.0,618
Sutton,2006-01-01,Leasehold,157588.69315068494,153000.0,365
Sutton,2006-04-01,Freehold,278904.77009873063,246000.0,709
Sutton,2006-04-01,Leasehold,168685.98945147678,160000.0,474
Sutton,2006-07-01,Freehold,289551.3303684879,250000.0,787
Sutton,2006-07-01,Leasehold,165510.57299270073,161100.0,548
Sutton,2006-10-01,Freehold,297588.2735368957,250000.0,786
Sutton,2006-10-01,Leasehold,173756.53308128545,166500.0,529
Sutton,2007-01-01,Freehold,301734.3381180223,255000.0,627
Sutton,2007-01-01,Leasehold,175835.18997912318,172000.0,479
Sutton,2007-04-01,Freehold,305308.5104477612,269975.0,670
Sutton,2007-04-01,Leasehold,183027.5357142857,175000.0,504
Sutton,2007-07-01,Freehold,327778.43647798744,289500.0,795
Sutton,2007-07-01,Leasehold,188567.2017094017,180000.0,585
Sutton,2007-10-01,Freehold,339420.25974025973,299950.0,616
Sutton,2007-10-01,Leasehold,191712.16916488222,185000.0,467
Sutton,2008-01-01,Freehold,323932.86889460153,280000.0,389
Sutton,2008-01-01,Leasehold,196881.68580060423,187500.0,331
Sutton,2008-04-01,Freehold,338478.67574257427,287750.0,404
Sutton,2008-04-01,Leasehold,188596.17406143344,183000.0,293
Sutton,2008-07-01,Freehold,294356.22185430466,252250.0,302
Sutton,2008-07-01,Leasehold,176105.96412556054,170000.0,223
Sutton,2008-10-01,Freehold,286699.63799283153,245000.0,279
Sutton,2008-10-01,Leasehold,172259.24431818182,168000.0,176
Sutton,2009-01-01,Freehold,252713.98393574296,232500.0,249
Sutton,2009-01-01,Leasehold,154319.0,154000.0,132
Sutton,2009-04-01,Freehold,276970.3988439306,239500.0,346
Sutton,2009-04-01,Leasehold,157935.0544217687,155000.0,147
Sutton,2009-07-01,Freehold,297041.6255319149,250000.0,470
Sutton,2009-07-01,Leasehold,153610.48101265822,155000.0,237
Sutton,2009-10-01,Freehold,301375.7346072187,265000.0,471
Sutton,2009-10-01,Leasehold,163630.24054054054,163125.0,370
Sutton,2010-01-01,Freehold,305617.8242811502,267500.0,313
Sutton,2010-01-01,Leasehold,167916.68072289156,167000.0,166
Sutton,2010-04-01,Freehold,319574.97245179064,280000.0,363
Sutton,2010-04-01,Leasehold,168560.60747663552,165750.0,214
Sutton,2010-07-01,Freehold,318511.7133027523,275475.0,436
Sutton,2010-07-01,Leasehold,177028.74476987447,170000.0,239
Sutton,2010-10-01,Freehold,312666.59684684686,267887.5,444
Sutton,2010-10-01,Leasehold,170626.35820895524,164000.0,201
Sutton,2011-01-01,Freehold,298640.09881422925,250000.0,253
Sutton,2011-01-01,Leasehold,170358.92413793103,164500.0,145
Sutton,2011-04-01,Freehold,333989.7005494505,274500.0,364
Sutton,2011-04-01,Leasehold,174940.42173913043,169500.0,230
Sutton,2011-07-01,Freehold,322537.6229166667,275000.0,480
Sutton,2011-07-01,Leasehold,172614.16058394162,165997.5,274
Sutton,2011-10-01,Freehold,330047.4082568807,277000.0,436
Sutton,2011-10-01,Leasehold,175332.04511278195,170997.5,266
Sutton,2012-01-01,Freehold,322568.4429708223,275000.0,377
Sutton,2012-01-01,Leasehold,176156.7951807229,173000.0,249
Sutton,2012-04-01,Freehold,336593.08099688473,290000.0,321
Sutton,2012-04-01,Leasehold,177230.7619047619,170000.0,210
Sutton,2012-07-01,Freehold,331043.33103448275,287950.0,435
Sutton,2012-07-01,Leasehold,174935.17886178862,172250.0,246
Sutton,2012-10-01,Freehold,332595.1670281996,286000.0,461
Sutton,2012-10-01,Leasehold,177714.75464684016,175000.0,269
Sutton,2013-01-01,Freehold,334899.12941176473,289975.0,340
Sutton,2013-01-01,Leasehold,182842.74641148324,176000.0,209
Sutton,2013-04-01,Freehold,350657.9832535885,305000.0,418
Sutton,2013-04-01,Leasehold,184771.6738197425,183000.0,233
Sutton,2013-07-01,Freehold,351400.28336380253,313000.0,547
Sutton,2013-07-01,Leasehold,190715.38622754492,185000.0,334
Sutton,2013-10-01,Freehold,363688.82884615386,320500.0,520
Sutton,2013-10-01,Leasehold,189418.45386533666,185000.0,401
Sutton,2014-01-01,Freehold,371577.5503355705,333000.0,447
Sutton,2014-01-01,Leasehold,196271.60975609755,192750.0,328
Sutton,2014-04-01,Freehold,406498.8925831202,365000.0,391
Sutton,2014-04-01,Leasehold,210288.35534591196,203375.0,318
Sutton,2014-07-01,Freehold,417530.9229390681,375000.0,558
Sutton,2014-07-01,Leasehold,225876.78208232447,228000.0,413
Sutton,2014-10-01,Freehold,409773.30337078654,375000.0,534
Sutton,2014-10-01,Leasehold,227044.80049261084,227050.0,406
Sutton,2015-01-01,Freehold,408570.79292929295,363500.0,396
Sutton,2015-01-01,Leasehold,228465.25255972697,225000.0,293
Sutton,2015-04-01,Freehold,441109.5086956522,392500.0,460
Sutton,2015-04-01,Leasehold,241408.293768546,235000.0,337
Sutton,2015-07-01,Freehold,449618.32934131735,395000.0,501
Sutton,2015-07-01,Leasehold,253090.5185185185,250000.0,351
Sutton,2015-10-01,Freehold,466435.5660749507,425000.0,507
Sutton,2015-10-01,Leasehold,257727.15347721823,250000.0,417
Sutton,2016-01-01,Freehold,481656.82258064515,434250.0,496
Sutton,2016-01-01,Leasehold,255144.9612590799,261000.0,413
Sutton,2016-04-01,Freehold,488929.1176470588,439975.0,340
Sutton,2016-04-01,Leasehold,271537.1692307692,269125.0,260
Sutton,2016-07-01,Freehold,482966.98501070664,450000.0,467
Sutton,2016-07-01,Leasehold,278984.8721590909,280000.0,352
Sutton,2016-10-01,Freehold,502617.0112866817,430000.0,443
Sutton,2016-10-01,Leasehold,270242.5592841163,260000.0,447
Sutton,2017-01-01,Freehold,489245.2189973615,440000.0,379
Sutton,2017-01-01,Leasehold,288612.6438356164,283500.0,365
Sutton,2017-04-01,Freehold,493992.3475935829,450000.0,374
Sutton,2017-04-01,Leasehold,298879.35463258787,295000.0,313
Sutton,2017-07-01,Freehold,502557.34791666665,460000.0,480
Sutton,2017-07-01,Leasehold,281196.93351800554,280000.0,361
Sutton,2017-10-01,Freehold,495165.27,450000.0,400
Sutton,2017-10-01,Leasehold,278489.7868852459,284000.0,305
Sutton,2018-01-01,Freehold,494055.41752577317,450000.0,388
Sutton,2018-01-01,Leasehold,282158.78923766816,280000.0,223
Sutton,2018-04-01,Freehold,506817.4505208333,476250.0,384
Sutton,2018-04-01,Leasehold,276613.6666666667,279950.0,219
Sutton,2018-07-01,Freehold,507495.96341463417,473307.5,492
Sutton,2018-07-01,Leasehold,279629.8458333333,285000.0,240
Sutton,2018-10-01,Freehold,508264.28571428574,450000.0,406
Sutton,2018-10-01,Leasehold,278615.147766323,280000.0,291
Sutton,2019-01-01,Freehold,486180.7834224599,450000.0,374
Sutton,2019-01-01,Leasehold,270280.8780487805,275000.0,205
Sutton,2019-04-01,Freehold,517406.7808219178,473000.0,365
Sutton,2019-04-01,Leasehold,276841.22596153844,270000.0,208
Sutton,2019-07-01,Freehold,524554.6396588486,475000.0,469
Sutton,2019-07-01,Leasehold,271224.21224489796,267500.0,245
Sutton,2019-10-01,Freehold,495508.6674418605,450000.0,430
Sutton,2019-10-01,Leasehold,266973.48230088496,265000.0,226
Sutton,2020-01-01,Freehold,525236.5710227273,460000.0,352
Sutton,2020-01-01,Leasehold,292465.7322175732,290000.0,239
Sutton,2020-04-01,Freehold,497398.1683168317,455000.0,202
Sutton,2020-04-01,Leasehold,288233.70588235295,283750.0,170
Sutton,2020-07-01,Freehold,547071.6051948052,510000.0,385
Sutton,2020-07-01,Leasehold,292726.86486486485,285500.0,222
Sutton,2020-10-01,Freehold,566068.4215686275,504000.0,510
Sutton,2020-10-01,Leasehold,314219.5893416928,312995.0,319
Sutton,2021-01-01,Freehold,553754.9216216216,506000.0,740
Sutton,2021-01-01,Leasehold,289996.3793103448,287250.0,290
Sutton,2021-04-01,Freehold,552609.1699346405,497000.0,765
Sutton,2021-04-01,Leasehold,286066.23955431755,282000.0,359
Sutton,2021-07-01,Freehold,577622.1176470588,520000.0,408
Sutton,2021-07-01,Leasehold,278917.1241610738,276500.0,298
Sutton,2021-10-01,Freehold,627061.365448505,530000.0,301
Sutton,2021-10-01,Leasehold,281578.70220588235,280000.0,272
Sutton,2022-01-01,Freehold,589138.4570707071,540000.0,396
Sutton,2022-01-01,Leasehold,300119.6763636364,295000.0,275
Sutton,2022-04-01,Freehold,607753.9251336899,550000.0,374
Sutton,2022-04-01,Leasehold,306552.36013986013,300000.0,286
Sutton,2022-07-01,Freehold,634988.8671328671,586500.0,429
Sutton,2022-07-01,Leasehold,309321.9815384615,305000.0,325
Sutton,2022-10-01,Freehold,629617.3076923077,578000.0,429
Sutton,2022-10-01,Leasehold,326891.9825,316500.0,400
Sutton,2023-01-01,Freehold,634875.9322033898,565000.0,354
Sutton,2023-01-01,Leasehold,309700.2580645161,300000.0,279
Sutton,2023-04-01,Freehold,645645.86875,593750.0,320
Sutton,2023-04-01,Leasehold,288672.53731343284,290000.0,201
Sutton,2023-07-01,Freehold,605150.1266846361,565000.0,371
Sutton,2023-07-01,Leasehold,291544.98536585364,290000.0,205
Sutton,2023-10-01,Freehold,599788.3650793651,550000.0,315
Sutton,2023-10-01,Leasehold,283575.73979591834,281250.0,196
Sutton,2024-01-01,Freehold,600802.0326797386,557000.0,306
Sutton,2024-01-01,Leasehold,282760.296969697,280000.0,165
Sutton,2024-04-01,Freehold,619689.5976331361,560000.0,338
Sutton,2024-04-01,Leasehold,290057.5245098039,295000.0,204
Sutton,2024-07-01,Freehold,618364.876744186,570750.0,430
Sutton,2024-07-01,Leasehold,286862.1476190476,291000.0,210
Sutton,2024-10-01,Freehold,618934.3426395939,573250.0,394
Sutton,2024-10-01,Leasehold,291891.85714285716,290000.0,245
Sutton,2025-01-01,Freehold,609225.0641025641,554000.0,546
Sutton,2025-01-01,Leasehold,301328.537704918,305000.0,305
Sutton,2025-04-01,Freehold,624205.1376146789,585000.0,218
Sutton,2025-04-01,Leasehold,284440.6666666667,284000.0,150
Sutton,2025-07-01,Freehold,613646.7395577396,563000.0,407
Sutton,2025-07-01,Leasehold,391093.26804123714,290000.0,194
Sutton,2025-10-01,Freehold,626593.9391025641,580000.0,312
Sutton,2025-10-01,Leasehold,292588.01657458564,292000.0,181
Sutton,2026-01-01,Freehold,560134.2322274882,530000.0,211
Sutton,2026-01-01,Leasehold,289925.0367647059,290000.0,136
Sutton,2026-04-01,Freehold,570646.0843373494,515000.0,83
Sutton,2026-04-01,Leasehold,303084.90566037735,306000.0,53
Tower Hamlets,2006-01-01,Freehold,332103.2824427481,287500.0,131
Tower Hamlets,2006-01-01,Leasehold,255732.67885375494,235000.0,1012
Tower Hamlets,2006-04-01,Freehold,336715.1352941177,325000.0,170
Tower Hamlets,2006-04-01,Leasehold,270764.24048582994,242342.0,1235
Tower Hamlets,2006-07-01,Freehold,376790.75163398695,350000.0,153
Tower Hamlets,2006-07-01,Leasehold,270934.72868217056,245000.0,1290
Tower Hamlets,2006-10-01,Freehold,377127.3,349475.0,130
Tower Hamlets,2006-10-01,Leasehold,289375.0312,249500.0,1250
Tower Hamlets,2007-01-01,Freehold,410439.7016129032,377500.0,124
Tower Hamlets,2007-01-01,Leasehold,294113.5115658363,249950.0,1124
Tower Hamlets,2007-04-01,Freehold,410615.0898203593,400000.0,167
Tower Hamlets,2007-04-01,Leasehold,328641.7654723127,285000.0,1228
Tower Hamlets,2007-07-01,Freehold,450573.4023668639,415000.0,169
Tower Hamlets,2007-07-01,Leasehold,326195.4354716981,285000.0,1325
Tower Hamlets,2007-10-01,Freehold,502258.28205128206,434000.0,117
Tower Hamlets,2007-10-01,Leasehold,334383.7508361204,295316.5,1196
Tower Hamlets,2008-01-01,Freehold,458727.82352941175,405000.0,85
Tower Hamlets,2008-01-01,Leasehold,325105.79143646406,289200.0,724
Tower Hamlets,2008-04-01,Freehold,449411.6307692308,400000.0,65
Tower Hamlets,2008-04-01,Leasehold,324490.6781609195,295000.0,696
Tower Hamlets,2008-07-01,Freehold,413801.9,430000.0,50
Tower Hamlets,2008-07-01,Leasehold,314483.4108108108,273000.0,555
Tower Hamlets,2008-10-01,Freehold,453923.07692307694,380000.0,26
Tower Hamlets,2008-10-01,Leasehold,290519.85399449035,260000.0,363
Tower Hamlets,2009-01-01,Freehold,340994.34210526315,322500.0,38
Tower Hamlets,2009-01-01,Leasehold,302466.7172011662,260000.0,343
Tower Hamlets,2009-04-01,Freehold,342041.6666666667,355000.0,36
Tower Hamlets,2009-04-01,Leasehold,327367.1868131868,292500.0,546
Tower Hamlets,2009-07-01,Freehold,416727.3698630137,369000.0,73
Tower Hamlets,2009-07-01,Leasehold,324671.07366071426,280000.0,896
Tower Hamlets,2009-10-01,Freehold,440833.661971831,417500.0,71
Tower Hamlets,2009-10-01,Leasehold,342448.81790744467,295000.0,994
Tower Hamlets,2010-01-01,Freehold,432317.36486486485,377500.0,74
Tower Hamlets,2010-01-01,Leasehold,339889.7539473684,303800.0,760
Tower Hamlets,2010-04-01,Freehold,448978.115942029,440000.0,69
Tower Hamlets,2010-04-01,Leasehold,330451.32986472425,285000.0,961
Tower Hamlets,2010-07-01,Freehold,490022.2921348315,478000.0,89
Tower Hamlets,2010-07-01,Leasehold,349186.4503990878,305000.0,877
Tower Hamlets,2010-10-01,Freehold,445177.32,444000.0,75
Tower Hamlets,2010-10-01,Leasehold,326219.89557321224,297500.0,881
Tower Hamlets,2011-01-01,Freehold,427934.24528301886,395000.0,53
Tower Hamlets,2011-01-01,Leasehold,338628.358490566,292000.0,689
Tower Hamlets,2011-04-01,Freehold,451923.9090909091,460000.0,66
Tower Hamlets,2011-04-01,Leasehold,332025.3587096774,290000.0,775
Tower Hamlets,2011-07-01,Freehold,477011.7411764706,438888.0,85
Tower Hamlets,2011-07-01,Leasehold,330362.4,290000.0,875
Tower Hamlets,2011-10-01,Freehold,488070.296875,492500.0,64
Tower Hamlets,2011-10-01,Leasehold,341246.5169712794,285000.0,766
Tower Hamlets,2012-01-01,Freehold,486044.578125,458000.0,64
Tower Hamlets,2012-01-01,Leasehold,317054.0551075269,266250.0,744
Tower Hamlets,2012-04-01,Freehold,518169.4605263158,435000.0,76
Tower Hamlets,2012-04-01,Leasehold,350936.2380396733,303000.0,857
Tower Hamlets,2012-07-01,Freehold,534472.4520547945,480000.0,73
Tower Hamlets,2012-07-01,Leasehold,342090.23498964804,305000.0,966
Tower Hamlets,2012-10-01,Freehold,554595.3932584269,480000.0,89
Tower Hamlets,2012-10-01,Leasehold,347864.3474114441,301000.0,734
Tower Hamlets,2013-01-01,Freehold,468413.775862069,442000.0,58
Tower Hamlets,2013-01-01,Leasehold,334045.38,295000.0,850
Tower Hamlets,2013-04-01,Freehold,530785.7733333333,500000.0,75
Tower Hamlets,2013-04-01,Leasehold,365002.1201923077,315000.0,832
Tower Hamlets,2013-07-01,Freehold,570387.7647058824,529000.0,119
Tower Hamlets,2013-07-01,Leasehold,365094.8153078203,315000.0,1202
Tower Hamlets,2013-10-01,Freehold,695083.3023255814,572500.0,86
Tower Hamlets,2013-10-01,Leasehold,397943.589100346,341235.0,1156
Tower Hamlets,2014-01-01,Freehold,653823.5342465753,625000.0,73
Tower Hamlets,2014-01-01,Leasehold,423260.9626391097,368070.0,1258
Tower Hamlets,2014-04-01,Freehold,680587.1153846154,667500.0,78
Tower Hamlets,2014-04-01,Leasehold,442396.8390438247,375000.0,1255
Tower Hamlets,2014-07-01,Freehold,709356.0657894737,650000.0,76
Tower Hamlets,2014-07-01,Leasehold,429016.74347434746,384671.0,1111
Tower Hamlets,2014-10-01,Freehold,802537.1951219512,712250.0,82
Tower Hamlets,2014-10-01,Leasehold,414098.89693593315,375000.0,1077
Tower Hamlets,2015-01-01,Freehold,730226.9836065574,665000.0,61
Tower Hamlets,2015-01-01,Leasehold,415711.4564164649,380000.0,826
Tower Hamlets,2015-04-01,Freehold,735587.0533333333,690000.0,75
Tower Hamlets,2015-04-01,Leasehold,455268.1815446339,415000.0,997
Tower Hamlets,2015-07-01,Freehold,741358.3,709997.5,70
Tower Hamlets,2015-07-01,Leasehold,479100.30891089106,430000.0,1010
Tower Hamlets,2015-10-01,Freehold,837125.3478260869,770000.0,69
Tower Hamlets,2015-10-01,Leasehold,497477.7725409836,430000.0,976
Tower Hamlets,2016-01-01,Freehold,802031.7101449275,700000.0,69
Tower Hamlets,2016-01-01,Leasehold,498732.06373815675,445000.0,1161
Tower Hamlets,2016-04-01,Freehold,873810.6764705882,817500.0,34
Tower Hamlets,2016-04-01,Leasehold,518883.67712550604,470225.0,988
Tower Hamlets,2016-07-01,Freehold,870385.3125,815000.0,48
Tower Hamlets,2016-07-01,Leasehold,504378.69554247265,478950.0,1189
Tower Hamlets,2016-10-01,Freehold,831001.2765957447,775000.0,47
Tower Hamlets,2016-10-01,Leasehold,522824.23381642514,460000.0,1035
Tower Hamlets,2017-01-01,Freehold,905321.4285714285,826500.0,42
Tower Hamlets,2017-01-01,Leasehold,511605.47918781725,460000.0,985
Tower Hamlets,2017-04-01,Freehold,939544.68,825000.0,50
Tower Hamlets,2017-04-01,Leasehold,526222.6352941176,482750.0,850
Tower Hamlets,2017-07-01,Freehold,875739.1304347826,840000.0,46
Tower Hamlets,2017-07-01,Leasehold,565559.6891534391,509000.0,756
Tower Hamlets,2017-10-01,Freehold,863271.7391304348,797500.0,46
Tower Hamlets,2017-10-01,Leasehold,539524.0870185449,480000.0,701
Tower Hamlets,2018-01-01,Freehold,782077.6666666666,712500.0,45
Tower Hamlets,2018-01-01,Leasehold,546219.4152823921,487212.5,602
Tower Hamlets,2018-04-01,Freehold,976381.5789473684,812500.0,38
Tower Hamlets,2018-04-01,Leasehold,596533.1147540984,497247.5,610
Tower Hamlets,2018-07-01,Freehold,892734.693877551,780000.0,49
Tower Hamlets,2018-07-01,Leasehold,498437.70382165606,460000.0,942
Tower Hamlets,2018-10-01,Freehold,845142.1372549019,742500.0,51
Tower Hamlets,2018-10-01,Leasehold,501960.7560386473,460141.0,828
Tower Hamlets,2019-01-01,Freehold,699685.7692307692,660000.0,39
Tower Hamlets,2019-01-01,Leasehold,543621.4492131617,500000.0,699
Tower Hamlets,2019-04-01,Freehold,833902.7777777778,750000.0,36
Tower Hamlets,2019-04-01,Leasehold,502557.31546707504,470000.0,653
Tower Hamlets,2019-07-01,Freehold,920549.9807692308,832500.0,52
Tower Hamlets,2019-07-01,Leasehold,552739.5582524271,500000.0,1030
Tower Hamlets,2019-10-01,Freehold,840196.9361702128,790000.0,47
Tower Hamlets,2019-10-01,Leasehold,561483.9350073856,500000.0,677
Tower Hamlets,2020-01-01,Freehold,783976.7441860465,770000.0,43
Tower Hamlets,2020-01-01,Leasehold,555870.8965517242,511360.0,812
Tower Hamlets,2020-04-01,Freehold,754200.0,747500.0,20
Tower Hamlets,2020-04-01,Leasehold,546583.9652928417,500000.0,461
Tower Hamlets,2020-07-01,Freehold,871362.4716981133,810000.0,53
Tower Hamlets,2020-07-01,Leasehold,561108.7335025381,499974.5,788
Tower Hamlets,2020-10-01,Freehold,832034.0,805000.0,82
Tower Hamlets,2020-10-01,Leasehold,621804.309751434,560000.0,1046
Tower Hamlets,2021-01-01,Freehold,955384.8210526316,840000.0,95
Tower Hamlets,2021-01-01,Leasehold,598806.5622241836,543200.0,1133
Tower Hamlets,2021-04-01,Freehold,812986.8421052631,762500.0,114
Tower Hamlets,2021-04-01,Leasehold,622664.0968129886,560640.0,1663
Tower Hamlets,2021-07-01,Freehold,890645.3333333334,825000.0,69
Tower Hamlets,2021-07-01,Leasehold,612399.9301014657,550000.0,887
Tower Hamlets,2021-10-01,Freehold,924573.1935483871,850000.0,31
Tower Hamlets,2021-10-01,Leasehold,658738.0967741936,541200.0,744
Tower Hamlets,2022-01-01,Freehold,864345.4035087719,840000.0,57
Tower Hamlets,2022-01-01,Leasehold,642023.6113360324,513400.0,741
Tower Hamlets,2022-04-01,Freehold,932416.1333333333,836000.0,75
Tower Hamlets,2022-04-01,Leasehold,585324.916573971,499000.0,899
Tower Hamlets,2022-07-01,Freehold,900087.6056338028,855000.0,71
Tower Hamlets,2022-07-01,Leasehold,620968.7961672473,499575.0,1148
Tower Hamlets,2022-10-01,Freehold,920525.7142857143,867500.0,70
Tower Hamlets,2022-10-01,Leasehold,581597.0247933884,490000.0,847
Tower Hamlets,2023-01-01,Freehold,908288.1111111111,850000.0,45
Tower Hamlets,2023-01-01,Leasehold,561263.7169491525,479750.0,590
Tower Hamlets,2023-04-01,Freehold,840639.1304347826,830000.0,46
Tower Hamlets,2023-04-01,Leasehold,581415.4778325123,476000.0,406
Tower Hamlets,2023-07-01,Freehold,969809.3220338983,830000.0,59
Tower Hamlets,2023-07-01,Leasehold,554099.1142490372,506880.0,779
Tower Hamlets,2023-10-01,Freehold,875662.1891891892,815000.0,37
Tower Hamlets,2023-10-01,Leasehold,532480.144295302,475000.0,596
Tower Hamlets,2024-01-01,Freehold,945844.4444444445,845000.0,45
Tower Hamlets,2024-01-01,Leasehold,525493.8868312758,450000.0,486
Tower Hamlets,2024-04-01,Freehold,901886.1764705882,860000.0,51
Tower Hamlets,2024-04-01,Leasehold,566986.3138461538,500000.0,650
Tower Hamlets,2024-07-01,Freehold,937918.1791044776,900000.0,67
Tower Hamlets,2024-07-01,Leasehold,578684.7597087378,511000.0,824
Tower Hamlets,2024-10-01,Freehold,937865.0793650794,850000.0,63
Tower Hamlets,2024-10-01,Leasehold,591784.1294416244,518750.0,788
Tower Hamlets,2025-01-01,Freehold,950340.9142857143,825500.0,70
Tower Hamlets,2025-01-01,Leasehold,579090.2066298343,482000.0,905
Tower Hamlets,2025-04-01,Freehold,874592.6829268293,850000.0,41
Tower Hamlets,2025-04-01,Leasehold,617656.8477751757,499850.0,427
Tower Hamlets,2025-07-01,Freehold,938178.9275362319,870000.0,69
Tower Hamlets,2025-07-01,Leasehold,552597.3479020979,484000.0,572
Tower Hamlets,2025-10-01,Freehold,1016548.1818181818,870000.0,44
Tower Hamlets,2025-10-01,Leasehold,486893.91964285716,450000.0,448
Tower Hamlets,2026-01-01,Freehold,787737.5,810000.0,40
Tower Hamlets,2026-01-01,Leasehold,481901.72754491016,431250.0,334
Tower Hamlets,2026-04-01,Freehold,837812.5,785000.0,16
Tower Hamlets,2026-04-01,Leasehold,464496.19327731093,450000.0,119
Waltham Forest,2006-01-01,Freehold,240043.72727272726,230000.0,660
Waltham Forest,2006-01-01,Leasehold,155800.5663507109,155000.0,422
Waltham Forest,2006-04-01,Freehold,246400.01668984702,234000.0,719
Waltham Forest,2006-04-01,Leasehold,158428.92857142858,159000.0,434
Waltham Forest,2006-07-01,Freehold,258764.5,243000.0,804
Waltham Forest,2006-07-01,Leasehold,171823.33333333334,167000.0,561
Waltham Forest,2006-10-01,Freehold,262498.03786982247,246000.0,845
Waltham Forest,2006-10-01,Leasehold,179995.17828200973,175000.0,617
Waltham Forest,2007-01-01,Freehold,268871.69894099847,250000.0,661
Waltham Forest,2007-01-01,Leasehold,186834.61165048543,181000.0,515
Waltham Forest,2007-04-01,Freehold,281708.7190201729,260000.0,694
Waltham Forest,2007-04-01,Leasehold,191139.70437956206,190000.0,548
Waltham Forest,2007-07-01,Freehold,297909.06140350876,277750.0,798
Waltham Forest,2007-07-01,Leasehold,193213.6986062718,192362.5,574
Waltham Forest,2007-10-01,Freehold,298049.2431118314,280000.0,617
Waltham Forest,2007-10-01,Leasehold,195998.76543209876,195000.0,486
Waltham Forest,2008-01-01,Freehold,291552.91959798994,270000.0,398
Waltham Forest,2008-01-01,Leasehold,197004.47005988023,195000.0,334
Waltham Forest,2008-04-01,Freehold,290929.91646191647,268000.0,407
Waltham Forest,2008-04-01,Leasehold,190382.08333333334,193500.0,312
Waltham Forest,2008-07-01,Freehold,265785.50151975686,250000.0,329
Waltham Forest,2008-07-01,Leasehold,188821.3829787234,190000.0,235
Waltham Forest,2008-10-01,Freehold,245232.24576271186,238000.0,236
Waltham Forest,2008-10-01,Leasehold,169731.65027322405,173000.0,183
Waltham Forest,2009-01-01,Freehold,239446.4492753623,225000.0,207
Waltham Forest,2009-01-01,Leasehold,159901.41525423728,157500.0,118
Waltham Forest,2009-04-01,Freehold,238322.1856060606,230000.0,264
Waltham Forest,2009-04-01,Leasehold,163290.09448818897,160000.0,127
Waltham Forest,2009-07-01,Freehold,251274.39903846153,239500.0,416
Waltham Forest,2009-07-01,Leasehold,165417.52105263158,162497.5,190
Waltham Forest,2009-10-01,Freehold,256372.4599056604,243250.0,424
Waltham Forest,2009-10-01,Leasehold,169491.7258064516,170000.0,248
Waltham Forest,2010-01-01,Freehold,266091.1419939577,250000.0,331
Waltham Forest,2010-01-01,Leasehold,172988.48484848486,174995.0,165
Waltham Forest,2010-04-01,Freehold,274232.6325301205,250000.0,332
Waltham Forest,2010-04-01,Leasehold,170266.50943396226,166500.0,212
Waltham Forest,2010-07-01,Freehold,279083.2506203474,250000.0,403
Waltham Forest,2010-07-01,Leasehold,176933.31441048035,175000.0,229
Waltham Forest,2010-10-01,Freehold,273223.16180371353,250000.0,377
Waltham Forest,2010-10-01,Leasehold,171020.5280373832,175000.0,214
Waltham Forest,2011-01-01,Freehold,267225.54678362573,250000.0,342
Waltham Forest,2011-01-01,Leasehold,168260.60693641618,169000.0,173
Waltham Forest,2011-04-01,Freehold,274189.4551083591,250000.0,323
Waltham Forest,2011-04-01,Leasehold,170418.4,170000.0,185
Waltham Forest,2011-07-01,Freehold,280841.9638554217,260000.0,415
Waltham Forest,2011-07-01,Leasehold,174479.34262948207,175000.0,251
Waltham Forest,2011-10-01,Freehold,293565.27918781724,268887.5,394
Waltham Forest,2011-10-01,Leasehold,174167.2024291498,170000.0,247
Waltham Forest,2012-01-01,Freehold,274161.4606741573,250000.0,356
Waltham Forest,2012-01-01,Leasehold,173237.08520179373,175000.0,223
Waltham Forest,2012-04-01,Freehold,307591.3595166163,280000.0,331
Waltham Forest,2012-04-01,Leasehold,180513.0891719745,180000.0,157
Waltham Forest,2012-07-01,Freehold,294893.2225,277000.0,400
Waltham Forest,2012-07-01,Leasehold,182803.27601809954,185000.0,221
Waltham Forest,2012-10-01,Freehold,294451.858190709,275000.0,409
Waltham Forest,2012-10-01,Leasehold,180388.36625514404,175000.0,243
Waltham Forest,2013-01-01,Freehold,301678.7543859649,280000.0,342
Waltham Forest,2013-01-01,Leasehold,185853.81614349777,185500.0,223
Waltham Forest,2013-04-01,Freehold,308169.79949238576,288997.5,394
Waltham Forest,2013-04-01,Leasehold,191656.91904761904,193750.0,210
Waltham Forest,2013-07-01,Freehold,334706.64192949905,320000.0,539
Waltham Forest,2013-07-01,Leasehold,203889.7027972028,195750.0,286
Waltham Forest,2013-10-01,Freehold,356482.88045540795,335000.0,527
Waltham Forest,2013-10-01,Leasehold,214214.1151685393,212250.0,356
Waltham Forest,2014-01-01,Freehold,367675.3661971831,351000.0,426
Waltham Forest,2014-01-01,Leasehold,230411.91091954024,230000.0,348
Waltham Forest,2014-04-01,Freehold,397967.85406698566,390000.0,418
Waltham Forest,2014-04-01,Leasehold,243138.5977777778,244500.0,450
Waltham Forest,2014-07-01,Freehold,426098.559454191,410000.0,513
Waltham Forest,2014-07-01,Leasehold,263787.6359550562,260000.0,445
Waltham Forest,2014-10-01,Freehold,423905.5570866142,407000.0,508
Waltham Forest,2014-10-01,Leasehold,268047.762295082,265000.0,366
Waltham Forest,2015-01-01,Freehold,422294.0773067332,400000.0,401
Waltham Forest,2015-01-01,Leasehold,277599.98066298343,267500.0,362
Waltham Forest,2015-04-01,Freehold,441966.0172413793,420000.0,406
Waltham Forest,2015-04-01,Leasehold,299154.88630490954,300000.0,387
Waltham Forest,2015-07-01,Freehold,467486.89107142854,450000.0,560
Waltham Forest,2015-07-01,Leasehold,294330.1646191646,297500.0,407
Waltham Forest,2015-10-01,Freehold,489481.0649606299,475000.0,508
Waltham Forest,2015-10-01,Leasehold,301943.07084468665,305000.0,367
Waltham Forest,2016-01-01,Freehold,505333.4726166329,485000.0,493
Waltham Forest,2016-01-01,Leasehold,319937.6535626536,325000.0,407
Waltham Forest,2016-04-01,Freehold,533786.8666666667,526000.0,270
Waltham Forest,2016-04-01,Leasehold,328102.23920265783,335000.0,301
Waltham Forest,2016-07-01,Freehold,531600.9324324324,511500.0,370
Waltham Forest,2016-07-01,Leasehold,343355.9195402299,345000.0,435
Waltham Forest,2016-10-01,Freehold,535859.8118556701,520000.0,388
Waltham Forest,2016-10-01,Leasehold,364403.0190735695,367500.0,367
Waltham Forest,2017-01-01,Freehold,549969.2117962467,520000.0,373
Waltham Forest,2017-01-01,Leasehold,339987.5941558442,347497.5,308
Waltham Forest,2017-04-01,Freehold,539082.8416422288,520000.0,341
Waltham Forest,2017-04-01,Leasehold,333936.21348314604,330000.0,267
Waltham Forest,2017-07-01,Freehold,556874.7553956835,543000.0,417
Waltham Forest,2017-07-01,Leasehold,343000.8043478261,346000.0,322
Waltham Forest,2017-10-01,Freehold,565487.5984654732,532000.0,391
Waltham Forest,2017-10-01,Leasehold,359887.7463556851,359999.0,343
Waltham Forest,2018-01-01,Freehold,562156.0059701493,530000.0,335
Waltham Forest,2018-01-01,Leasehold,352687.1213389121,357500.0,239
Waltham Forest,2018-04-01,Freehold,551179.552715655,525000.0,313
Waltham Forest,2018-04-01,Leasehold,346096.25163398695,340000.0,306
Waltham Forest,2018-07-01,Freehold,563733.3245823389,550000.0,419
Waltham Forest,2018-07-01,Leasehold,372735.88688946015,376000.0,389
Waltham Forest,2018-10-01,Freehold,566563.6467532468,540000.0,385
Waltham Forest,2018-10-01,Leasehold,389651.3900862069,385500.0,464
Waltham Forest,2019-01-01,Freehold,534973.409556314,515000.0,293
Waltham Forest,2019-01-01,Leasehold,370667.9038461539,382500.0,260
Waltham Forest,2019-04-01,Freehold,563696.0943396227,532500.0,318
Waltham Forest,2019-04-01,Leasehold,394540.2845528455,385000.0,369
Waltham Forest,2019-07-01,Freehold,572349.5214285714,550000.0,420
Waltham Forest,2019-07-01,Leasehold,373378.1855670103,364000.0,388
Waltham Forest,2019-10-01,Freehold,564378.6230366492,539000.0,382
Waltham Forest,2019-10-01,Leasehold,384632.4376731302,390000.0,361
Waltham Forest,2020-01-01,Freehold,551788.4367088608,525000.0,316
Waltham Forest,2020-01-01,Leasehold,374054.90706319705,372500.0,269
Waltham Forest,2020-04-01,Freehold,573565.9509202454,560000.0,163
Waltham Forest,2020-04-01,Leasehold,376656.10752688174,375000.0,186
Waltham Forest,2020-07-01,Freehold,595582.3231707317,565000.0,328
Waltham Forest,2020-07-01,Leasehold,373325.9634551495,368000.0,301
Waltham Forest,2020-10-01,Freehold,609195.1764705882,584295.0,476
Waltham Forest,2020-10-01,Leasehold,385294.26923076925,405000.0,364
Waltham Forest,2021-01-01,Freehold,615638.2805555556,595250.0,720
Waltham Forest,2021-01-01,Leasehold,387832.5190677966,395000.0,472
Waltham Forest,2021-04-01,Freehold,626602.4245880862,596525.0,789
Waltham Forest,2021-04-01,Leasehold,384472.7128547579,390000.0,599
Waltham Forest,2021-07-01,Freehold,641165.3638968482,614000.0,349
Waltham Forest,2021-07-01,Leasehold,372143.4507936508,365000.0,315
Waltham Forest,2021-10-01,Freehold,638197.0479704797,615000.0,271
Waltham Forest,2021-10-01,Leasehold,388609.837535014,397000.0,357
Waltham Forest,2022-01-01,Freehold,627746.4793650793,605000.0,315
Waltham Forest,2022-01-01,Leasehold,389883.8352272727,390000.0,352
Waltham Forest,2022-04-01,Freehold,660034.5549132949,635000.0,346
Waltham Forest,2022-04-01,Leasehold,390979.2274052478,390000.0,343
Waltham Forest,2022-07-01,Freehold,706556.5042553191,685000.0,470
Waltham Forest,2022-07-01,Leasehold,401511.5164835165,400000.0,364
Waltham Forest,2022-10-01,Freehold,684204.0794871795,657500.0,390
Waltham Forest,2022-10-01,Leasehold,421864.5680473373,425000.0,507
Waltham Forest,2023-01-01,Freehold,669066.4189189189,650000.0,296
Waltham Forest,2023-01-01,Leasehold,410918.38378378376,413500.0,370
Waltham Forest,2023-04-01,Freehold,678193.5864661654,647500.0,266
Waltham Forest,2023-04-01,Leasehold,386708.3230088496,385000.0,226
Waltham Forest,2023-07-01,Freehold,681322.7228571429,650000.0,350
Waltham Forest,2023-07-01,Leasehold,406696.94842406875,400000.0,349
Waltham Forest,2023-10-01,Freehold,676451.6265822785,647500.0,316
Waltham Forest,2023-10-01,Leasehold,404120.00890207716,400000.0,337
Waltham Forest,2024-01-01,Freehold,685721.3442028986,662250.0,276
Waltham Forest,2024-01-01,Leasehold,384256.2988047809,387500.0,251
Waltham Forest,2024-04-01,Freehold,656453.6513761468,630000.0,327
Waltham Forest,2024-04-01,Leasehold,386824.33435582824,385000.0,326
Waltham Forest,2024-07-01,Freehold,698646.6082949309,665750.0,434
Waltham Forest,2024-07-01,Leasehold,399758.3839009288,400000.0,323
Waltham Forest,2024-10-01,Freehold,710328.0141176471,680000.0,425
Waltham Forest,2024-10-01,Leasehold,407421.270531401,405000.0,414
Waltham Forest,2025-01-01,Freehold,681017.050816697,640000.0,551
Waltham Forest,2025-01-01,Leasehold,417689.3747609943,420000.0,523
Waltham Forest,2025-04-01,Freehold,700723.6583333333,675500.0,240
Waltham Forest,2025-04-01,Leasehold,386866.53723404254,380000.0,188
Waltham Forest,2025-07-01,Freehold,748888.9459459459,710000.0,370
Waltham Forest,2025-07-01,Leasehold,412143.1561461794,405000.0,301
Waltham Forest,2025-10-01,Freehold,732928.0135501355,710000.0,369
Waltham Forest,2025-10-01,Leasehold,413856.2754098361,405000.0,305
Waltham Forest,2026-01-01,Freehold,715416.8097345133,723750.0,226
Waltham Forest,2026-01-01,Leasehold,409276.25294117647,402000.0,170
Waltham Forest,2026-04-01,Freehold,683943.4299065421,680000.0,107
Waltham Forest,2026-04-01,Leasehold,394676.98529411765,395000.0,68
Wandsworth,2006-01-01,Freehold,519858.00483091787,432500.0,621
Wandsworth,2006-01-01,Leasehold,281057.9290429043,248000.0,1212
Wandsworth,2006-04-01,Freehold,583208.6233766234,477500.0,770
Wandsworth,2006-04-01,Leasehold,296920.2865133623,250000.0,1609
Wandsworth,2006-07-01,Freehold,618694.4433656958,526000.0,927
Wandsworth,2006-07-01,Leasehold,306080.9125,266500.0,1840
Wandsworth,2006-10-01,Freehold,602303.1923583662,496000.0,759
Wandsworth,2006-10-01,Leasehold,322063.7790630422,285000.0,1729
Wandsworth,2007-01-01,Freehold,628792.1624441133,540000.0,671
Wandsworth,2007-01-01,Leasehold,325852.6818495514,295000.0,1449
Wandsworth,2007-04-01,Freehold,702847.4455882353,595000.0,680
Wandsworth,2007-04-01,Leasehold,349308.4260921604,315000.0,1671
Wandsworth,2007-07-01,Freehold,768212.6017262639,669950.0,811
Wandsworth,2007-07-01,Leasehold,352123.0282308657,319950.0,1594
Wandsworth,2007-10-01,Freehold,700606.4585858586,590000.0,495
Wandsworth,2007-10-01,Leasehold,343694.37928007025,310000.0,1139
Wandsworth,2008-01-01,Freehold,661613.4730538923,550000.0,334
Wandsworth,2008-01-01,Leasehold,355903.1640146879,310000.0,817
Wandsworth,2008-04-01,Freehold,686190.6414565826,625000.0,357
Wandsworth,2008-04-01,Leasehold,350656.3988700565,312500.0,885
Wandsworth,2008-07-01,Freehold,721401.2852459017,610000.0,305
Wandsworth,2008-07-01,Leasehold,354951.2322033898,310000.0,590
Wandsworth,2008-10-01,Freehold,563203.4210526316,481000.0,190
Wandsworth,2008-10-01,Leasehold,337945.0909090909,300000.0,517
Wandsworth,2009-01-01,Freehold,600549.2608695652,475000.0,184
Wandsworth,2009-01-01,Leasehold,311526.2757731959,283157.0,388
Wandsworth,2009-04-01,Freehold,596622.1444759207,500000.0,353
Wandsworth,2009-04-01,Leasehold,352446.07325383305,298000.0,587
Wandsworth,2009-07-01,Freehold,684761.1655172413,590000.0,580
Wandsworth,2009-07-01,Leasehold,325964.876146789,290500.0,872
Wandsworth,2009-10-01,Freehold,720615.3225225225,610000.0,555
Wandsworth,2009-10-01,Leasehold,331989.0331858407,295000.0,904
Wandsworth,2010-01-01,Freehold,698394.9486552568,580000.0,409
Wandsworth,2010-01-01,Leasehold,361437.69054054056,320000.0,740
Wandsworth,2010-04-01,Freehold,734963.6106194691,640000.0,452
Wandsworth,2010-04-01,Leasehold,346485.4082568807,310000.0,872
Wandsworth,2010-07-01,Freehold,792965.7708978328,685000.0,646
Wandsworth,2010-07-01,Leasehold,354694.5387062566,317000.0,943
Wandsworth,2010-10-01,Freehold,696061.9160997733,620000.0,441
Wandsworth,2010-10-01,Leasehold,348950.1451027811,315000.0,827
Wandsworth,2011-01-01,Freehold,780822.8292682926,649000.0,369
Wandsworth,2011-01-01,Leasehold,358584.89593495935,310000.0,615
Wandsworth,2011-04-01,Freehold,745474.1209302326,635000.0,430
Wandsworth,2011-04-01,Leasehold,369844.54355400696,335500.0,861
Wandsworth,2011-07-01,Freehold,778554.0651162791,675000.0,645
Wandsworth,2011-07-01,Leasehold,362946.9641760491,327000.0,977
Wandsworth,2011-10-01,Freehold,754042.0764044943,643000.0,445
Wandsworth,2011-10-01,Leasehold,365299.5675965665,330000.0,932
Wandsworth,2012-01-01,Freehold,787906.6814814815,700000.0,405
Wandsworth,2012-01-01,Leasehold,357555.5267379679,317750.0,748
Wandsworth,2012-04-01,Freehold,806852.1328671329,717250.0,429
Wandsworth,2012-04-01,Leasehold,385866.13591160224,346000.0,905
Wandsworth,2012-07-01,Freehold,849989.2460176991,736800.0,565
Wandsworth,2012-07-01,Leasehold,388774.29597388464,365000.0,919
Wandsworth,2012-10-01,Freehold,797905.6441441441,700000.0,444
Wandsworth,2012-10-01,Leasehold,394021.8400900901,360000.0,888
Wandsworth,2013-01-01,Freehold,808468.7196531792,703750.0,346
Wandsworth,2013-01-01,Leasehold,396128.60543337645,359000.0,773
Wandsworth,2013-04-01,Freehold,906526.3478260869,790000.0,460
Wandsworth,2013-04-01,Leasehold,408633.7831775701,380000.0,1070
Wandsworth,2013-07-01,Freehold,958553.1244239631,835000.0,651
Wandsworth,2013-07-01,Leasehold,453765.38250428817,410000.0,1166
Wandsworth,2013-10-01,Freehold,954911.3427991887,810000.0,493
Wandsworth,2013-10-01,Leasehold,456134.65003837296,420000.0,1303
Wandsworth,2014-01-01,Freehold,991128.1627906977,850000.0,430
Wandsworth,2014-01-01,Leasehold,481779.8579881657,444000.0,1014
Wandsworth,2014-04-01,Freehold,1164181.8212669683,991000.0,442
Wandsworth,2014-04-01,Leasehold,523333.5565957447,471471.0,1175
Wandsworth,2014-07-01,Freehold,1154738.0632911392,1029000.0,474
Wandsworth,2014-07-01,Leasehold,528202.0478873239,475000.0,1065
Wandsworth,2014-10-01,Freehold,1056331.7093023255,925000.0,344
Wandsworth,2014-10-01,Leasehold,534059.0110220441,475000.0,998
Wandsworth,2015-01-01,Freehold,1043181.4590163934,915000.0,305
Wandsworth,2015-01-01,Leasehold,526238.969924812,460000.0,798
Wandsworth,2015-04-01,Freehold,1062923.4479768786,903500.0,346
Wandsworth,2015-04-01,Leasehold,540418.5691489362,485000.0,1128
Wandsworth,2015-07-01,Freehold,1115527.1857451403,987000.0,463
Wandsworth,2015-07-01,Leasehold,566216.8361538461,511875.0,1300
Wandsworth,2015-10-01,Freehold,1096870.4623376622,925000.0,385
Wandsworth,2015-10-01,Leasehold,566239.3553648068,504000.0,1165
Wandsworth,2016-01-01,Freehold,1141088.7369519833,965000.0,479
Wandsworth,2016-01-01,Leasehold,639934.1704035874,561500.0,1338
Wandsworth,2016-04-01,Freehold,1095455.8685258965,950000.0,251
Wandsworth,2016-04-01,Leasehold,659530.9533468559,599995.0,986
Wandsworth,2016-07-01,Freehold,1234345.9171270719,1075500.0,362
Wandsworth,2016-07-01,Leasehold,639303.2337938363,570000.0,941
Wandsworth,2016-10-01,Freehold,1139900.2802768166,992500.0,289
Wandsworth,2016-10-01,Leasehold,665380.9094922737,585000.0,906
Wandsworth,2017-01-01,Freehold,1105575.7695167286,975000.0,269
Wandsworth,2017-01-01,Leasehold,700178.4024802706,565000.0,887
Wandsworth,2017-04-01,Freehold,1105789.9463722399,1000000.0,317
Wandsworth,2017-04-01,Leasehold,741141.5792474344,630000.0,877
Wandsworth,2017-07-01,Freehold,1187879.0515463918,1058500.0,388
Wandsworth,2017-07-01,Leasehold,674349.6916735367,587000.0,1213
Wandsworth,2017-10-01,Freehold,1083280.2589928058,918750.0,278
Wandsworth,2017-10-01,Leasehold,661394.6,550000.0,805
Wandsworth,2018-01-01,Freehold,1137540.809352518,1000000.0,278
Wandsworth,2018-01-01,Leasehold,605470.8720588235,535000.0,680
Wandsworth,2018-04-01,Freehold,1133307.813253012,1000000.0,332
Wandsworth,2018-04-01,Leasehold,638400.0903083701,545000.0,908
Wandsworth,2018-07-01,Freehold,1165749.9977064221,992500.0,436
Wandsworth,2018-07-01,Leasehold,600631.7600849257,515000.0,942
Wandsworth,2018-10-01,Freehold,1116711.3582089553,1015000.0,335
Wandsworth,2018-10-01,Leasehold,646925.2306717364,554000.0,789
Wandsworth,2019-01-01,Freehold,1119736.8897338402,950000.0,263
Wandsworth,2019-01-01,Leasehold,596508.3402674592,529140.0,673
Wandsworth,2019-04-01,Freehold,1053200.6241830066,960000.0,306
Wandsworth,2019-04-01,Leasehold,597607.2253731344,558400.0,670
Wandsworth,2019-07-01,Freehold,1179000.11622807,1086750.0,456
Wandsworth,2019-07-01,Leasehold,605525.7333333333,540000.0,990
Wandsworth,2019-10-01,Freehold,1063734.1651917405,975000.0,339
Wandsworth,2019-10-01,Leasehold,646048.6236933798,570000.0,861
Wandsworth,2020-01-01,Freehold,1117791.8553054663,965000.0,311
Wandsworth,2020-01-01,Leasehold,648519.3468795356,576000.0,689
Wandsworth,2020-04-01,Freehold,1159037.4294478528,1060000.0,163
Wandsworth,2020-04-01,Leasehold,612591.2975871314,527000.0,373
Wandsworth,2020-07-01,Freehold,1243531.7414965986,1100000.0,441
Wandsworth,2020-07-01,Leasehold,664583.8545454545,600000.0,715
Wandsworth,2020-10-01,Freehold,1210871.094,1080000.0,500
Wandsworth,2020-10-01,Leasehold,611050.329278888,570000.0,1151
Wandsworth,2021-01-01,Freehold,1206242.5928338761,1038750.0,614
Wandsworth,2021-01-01,Leasehold,584442.7126436782,550000.0,1218
Wandsworth,2021-04-01,Freehold,1164482.1432432432,1055000.0,740
Wandsworth,2021-04-01,Leasehold,595526.4921531702,540000.0,1593
Wandsworth,2021-07-01,Freehold,1405023.627684964,1200000.0,419
Wandsworth,2021-07-01,Leasehold,627336.6552217454,535000.0,699
Wandsworth,2021-10-01,Freehold,1361942.9269005847,1150000.0,342
Wandsworth,2021-10-01,Leasehold,667872.8416547789,540000.0,701
Wandsworth,2022-01-01,Freehold,1297045.4626038782,1120000.0,361
Wandsworth,2022-01-01,Leasehold,699030.6830985915,575000.0,852
Wandsworth,2022-04-01,Freehold,1301847.9448441246,1140000.0,417
Wandsworth,2022-04-01,Leasehold,697504.3817153629,590000.0,1061
Wandsworth,2022-07-01,Freehold,1416486.6751269035,1230000.0,591
Wandsworth,2022-07-01,Leasehold,693592.9848754448,587250.0,1124
Wandsworth,2022-10-01,Freehold,1283979.2825,1195000.0,400
Wandsworth,2022-10-01,Leasehold,752293.7544715448,600000.0,1230
Wandsworth,2023-01-01,Freehold,1318723.6475095786,1100000.0,261
Wandsworth,2023-01-01,Leasehold,706872.9677419355,562850.0,744
Wandsworth,2023-04-01,Freehold,1264487.9078498294,1100000.0,293
Wandsworth,2023-04-01,Leasehold,710850.3304473305,570000.0,693
Wandsworth,2023-07-01,Freehold,1397363.313174946,1250000.0,463
Wandsworth,2023-07-01,Leasehold,698751.8817317846,560000.0,947
Wandsworth,2023-10-01,Freehold,1291447.2397260275,1162500.0,292
Wandsworth,2023-10-01,Leasehold,752929.9098173516,576625.0,876
Wandsworth,2024-01-01,Freehold,1284242.066914498,1110000.0,269
Wandsworth,2024-01-01,Leasehold,677379.8403614458,565125.0,664
Wandsworth,2024-04-01,Freehold,1300161.7744807121,1195000.0,337
Wandsworth,2024-04-01,Leasehold,661436.1412911084,560000.0,821
Wandsworth,2024-07-01,Freehold,1346458.411885246,1194750.0,488
Wandsworth,2024-07-01,Leasehold,630260.54315197,550000.0,1066
Wandsworth,2024-10-01,Freehold,1256695.0541237113,1140000.0,388
Wandsworth,2024-10-01,Leasehold,644971.8867724867,541500.0,945
Wandsworth,2025-01-01,Freehold,1283272.0945626479,1140000.0,423
Wandsworth,2025-01-01,Leasehold,607235.2446043165,525000.0,1251
Wandsworth,2025-04-01,Freehold,1390287.6451612904,1252500.0,248
Wandsworth,2025-04-01,Leasehold,663579.8219633943,600000.0,601
Wandsworth,2025-07-01,Freehold,1406420.2866666666,1298500.0,450
Wandsworth,2025-07-01,Leasehold,609142.3739130435,531000.0,805
Wandsworth,2025-10-01,Freehold,1319657.6491803278,1200000.0,305
Wandsworth,2025-10-01,Leasehold,563765.4289985052,510000.0,669
Wandsworth,2026-01-01,Freehold,1087989.8292682928,902500.0,164
Wandsworth,2026-01-01,Leasehold,552136.2418300654,510000.0,459
Wandsworth,2026-04-01,Freehold,1093863.7735849055,980000.0,53
Wandsworth,2026-04-01,Leasehold,566652.9607843137,523750.0,204
