district,month,tenure,mean,median,n
Barking And Dagenham,2006-01-01,Freehold,178467.73619631902,165000.0,163
Barking And Dagenham,2006-01-01,Leasehold,126849.66666666667,130000.0,45
Barking And Dagenham,2006-02-01,Freehold,183981.70792079208,173000.0,202
Barking And Dagenham,2006-02-01,Leasehold,132238.81818181818,129995.0,55
Barking And Dagenham,2006-03-01,Freehold,182014.87190082646,170000.0,242
Barking And Dagenham,2006-03-01,Leasehold,132795.44642857142,136422.0,56
Barking And Dagenham,2006-04-01,Freehold,184559.7064676617,173000.0,201
Barking And Dagenham,2006-04-01,Leasehold,131557.96226415093,135000.0,53
Barking And Dagenham,2006-05-01,Freehold,188278.27093596058,176995.0,203
Barking And Dagenham,2006-05-01,Leasehold,133015.6349206349,133000.0,63
Barking And Dagenham,2006-06-01,Freehold,182933.20164609054,175000.0,243
Barking And Dagenham,2006-06-01,Leasehold,141473.03921568627,139995.0,102
Barking And Dagenham,2006-07-01,Freehold,187063.96153846153,178000.0,260
Barking And Dagenham,2006-07-01,Leasehold,142078.77659574468,139995.0,94
Barking And Dagenham,2006-08-01,Freehold,187451.57295373664,175000.0,281
Barking And Dagenham,2006-08-01,Leasehold,137544.39393939395,139997.5,66
Barking And Dagenham,2006-09-01,Freehold,189369.60580912864,179000.0,241
Barking And Dagenham,2006-09-01,Leasehold,132154.45205479453,130000.0,73
Barking And Dagenham,2006-10-01,Freehold,190449.08,179497.5,250
Barking And Dagenham,2006-10-01,Leasehold,139740.59770114944,136000.0,87
Barking And Dagenham,2006-11-01,Freehold,189586.38461538462,180000.0,286
Barking And Dagenham,2006-11-01,Leasehold,143076.15853658537,135000.0,82
Barking And Dagenham,2006-12-01,Freehold,194019.77178423238,180000.0,241
Barking And Dagenham,2006-12-01,Leasehold,138256.63043478262,137250.0,92
Barking And Dagenham,2007-01-01,Freehold,197104.35406698566,185000.0,209
Barking And Dagenham,2007-01-01,Leasehold,136015.28301886792,135000.0,53
Barking And Dagenham,2007-02-01,Freehold,197024.8525345622,185000.0,217
Barking And Dagenham,2007-02-01,Leasehold,140584.07142857142,139191.0,70
Barking And Dagenham,2007-03-01,Freehold,201298.07480314962,187750.0,254
Barking And Dagenham,2007-03-01,Leasehold,138017.0,135000.0,87
Barking And Dagenham,2007-04-01,Freehold,204115.8465116279,190000.0,215
Barking And Dagenham,2007-04-01,Leasehold,133303.84057971014,135000.0,69
Barking And Dagenham,2007-05-01,Freehold,204302.28151260506,190000.0,238
Barking And Dagenham,2007-05-01,Leasehold,148991.989010989,137769.0,91
Barking And Dagenham,2007-06-01,Freehold,207289.18359375,195000.0,256
Barking And Dagenham,2007-06-01,Leasehold,164015.2411764706,165000.0,170
Barking And Dagenham,2007-07-01,Freehold,213631.9190140845,200000.0,284
Barking And Dagenham,2007-07-01,Leasehold,142920.95505617978,142500.0,89
Barking And Dagenham,2007-08-01,Freehold,208925.6366906475,200000.0,278
Barking And Dagenham,2007-08-01,Leasehold,157826.15652173912,155000.0,115
Barking And Dagenham,2007-09-01,Freehold,214270.93032786885,200625.0,244
Barking And Dagenham,2007-09-01,Leasehold,154006.85483870967,149500.0,62
Barking And Dagenham,2007-10-01,Freehold,211848.32669322708,199995.0,251
Barking And Dagenham,2007-10-01,Leasehold,174080.06451612903,165000.0,155
Barking And Dagenham,2007-11-01,Freehold,221599.72540983607,211000.0,244
Barking And Dagenham,2007-11-01,Leasehold,162971.39285714287,152000.0,84
Barking And Dagenham,2007-12-01,Freehold,214955.72289156626,200000.0,166
Barking And Dagenham,2007-12-01,Leasehold,166212.9411764706,162225.0,102
Barking And Dagenham,2008-01-01,Freehold,218552.8417721519,205000.0,158
Barking And Dagenham,2008-01-01,Leasehold,161206.70175438595,156000.0,57
Barking And Dagenham,2008-02-01,Freehold,215277.39428571428,210000.0,175
Barking And Dagenham,2008-02-01,Leasehold,147552.9090909091,142000.0,55
Barking And Dagenham,2008-03-01,Freehold,221590.40625,205000.0,160
Barking And Dagenham,2008-03-01,Leasehold,164493.92857142858,159500.0,42
Barking And Dagenham,2008-04-01,Freehold,219415.14705882352,205000.0,136
Barking And Dagenham,2008-04-01,Leasehold,155331.83333333334,150000.0,66
Barking And Dagenham,2008-05-01,Freehold,215050.1376146789,210000.0,109
Barking And Dagenham,2008-05-01,Leasehold,142802.43902439025,143000.0,41
Barking And Dagenham,2008-06-01,Freehold,206524.5132743363,197000.0,113
Barking And Dagenham,2008-06-01,Leasehold,156218.7837837838,155000.0,37
Barking And Dagenham,2008-07-01,Freehold,205551.92592592593,195000.0,81
Barking And Dagenham,2008-07-01,Leasehold,148316.72413793104,149995.0,29
Barking And Dagenham,2008-08-01,Freehold,215974.72222222222,210620.0,90
Barking And Dagenham,2008-08-01,Leasehold,143666.66666666666,142500.0,18
Barking And Dagenham,2008-09-01,Freehold,197546.20289855072,190000.0,69
Barking And Dagenham,2008-09-01,Leasehold,129638.88888888889,127500.0,18
Barking And Dagenham,2008-10-01,Freehold,202488.0158730159,188000.0,63
Barking And Dagenham,2008-10-01,Leasehold,146839.8,135000.0,25
Barking And Dagenham,2008-11-01,Freehold,203813.9,205750.0,50
Barking And Dagenham,2008-11-01,Leasehold,170621.44444444444,186944.0,27
Barking And Dagenham,2008-12-01,Freehold,198358.97435897434,179000.0,39
Barking And Dagenham,2008-12-01,Leasehold,165324.88461538462,172437.5,52
Barking And Dagenham,2009-01-01,Freehold,188401.36363636365,168000.0,33
Barking And Dagenham,2009-01-01,Leasehold,149929.6875,155312.5,16
Barking And Dagenham,2009-02-01,Freehold,190926.82926829267,175000.0,41
Barking And Dagenham,2009-02-01,Leasehold,127800.0,130000.0,10
Barking And Dagenham,2009-03-01,Freehold,179667.83333333334,176500.0,42
Barking And Dagenham,2009-03-01,Leasehold,131571.41666666666,114750.0,12
Barking And Dagenham,2009-04-01,Freehold,171336.6326530612,158000.0,49
Barking And Dagenham,2009-04-01,Leasehold,120142.85714285714,117500.0,14
Barking And Dagenham,2009-05-01,Freehold,169220.5357142857,165000.0,56
Barking And Dagenham,2009-05-01,Leasehold,133995.45454545456,140000.0,11
Barking And Dagenham,2009-06-01,Freehold,168019.14864864864,161000.0,74
Barking And Dagenham,2009-06-01,Leasehold,136366.0,130000.0,15
Barking And Dagenham,2009-07-01,Freehold,181584.26506024096,170000.0,83
Barking And Dagenham,2009-07-01,Leasehold,135946.25,141000.0,28
Barking And Dagenham,2009-08-01,Freehold,183601.63043478262,169000.0,92
Barking And Dagenham,2009-08-01,Leasehold,137241.07142857142,141000.0,28
Barking And Dagenham,2009-09-01,Freehold,172296.81818181818,165000.0,99
Barking And Dagenham,2009-09-01,Leasehold,131746.25,122270.0,72
Barking And Dagenham,2009-10-01,Freehold,178538.06451612903,168750.0,124
Barking And Dagenham,2009-10-01,Leasehold,124936.0,119995.0,23
Barking And Dagenham,2009-11-01,Freehold,183949.45544554456,168000.0,101
Barking And Dagenham,2009-11-01,Leasehold,115109.91071428571,107000.0,56
Barking And Dagenham,2009-12-01,Freehold,182796.161971831,168500.0,142
Barking And Dagenham,2009-12-01,Leasehold,141399.66666666666,145000.0,45
Barking And Dagenham,2010-01-01,Freehold,186069.50819672132,185000.0,61
Barking And Dagenham,2010-01-01,Leasehold,124520.41666666667,122000.0,12
Barking And Dagenham,2010-02-01,Freehold,185082.0588235294,170000.0,85
Barking And Dagenham,2010-02-01,Leasehold,118213.80952380953,113000.0,21
Barking And Dagenham,2010-03-01,Freehold,191537.80952380953,180000.0,105
Barking And Dagenham,2010-03-01,Leasehold,119486.33333333333,122500.0,30
Barking And Dagenham,2010-04-01,Freehold,192202.09302325582,174000.0,86
Barking And Dagenham,2010-04-01,Leasehold,135180.3947368421,130125.0,38
Barking And Dagenham,2010-05-01,Freehold,199618.7162162162,186250.0,74
Barking And Dagenham,2010-05-01,Leasehold,139517.92156862744,130125.0,51
Barking And Dagenham,2010-06-01,Freehold,197898.8064516129,187000.0,93
Barking And Dagenham,2010-06-01,Leasehold,141536.22641509434,138000.0,53
Barking And Dagenham,2010-07-01,Freehold,199744.07079646018,185000.0,113
Barking And Dagenham,2010-07-01,Leasehold,138860.3111111111,135000.0,45
Barking And Dagenham,2010-08-01,Freehold,193207.38095238095,180000.0,84
Barking And Dagenham,2010-08-01,Leasehold,147858.65853658537,139000.0,41
Barking And Dagenham,2010-09-01,Freehold,200947.88764044945,193500.0,89
Barking And Dagenham,2010-09-01,Leasehold,155009.2,139950.0,25
Barking And Dagenham,2010-10-01,Freehold,192003.908045977,182000.0,87
Barking And Dagenham,2010-10-01,Leasehold,149292.24137931035,134000.0,29
Barking And Dagenham,2010-11-01,Freehold,191497.04444444444,177750.0,90
Barking And Dagenham,2010-11-01,Leasehold,150516.25,136750.0,28
Barking And Dagenham,2010-12-01,Freehold,197809.156626506,185000.0,83
Barking And Dagenham,2010-12-01,Leasehold,149102.8947368421,159997.5,38
Barking And Dagenham,2011-01-01,Freehold,199218.82352941178,182500.0,68
Barking And Dagenham,2011-01-01,Leasehold,136201.04,135000.0,25
Barking And Dagenham,2011-02-01,Freehold,184601.62686567163,173000.0,67
Barking And Dagenham,2011-02-01,Leasehold,146400.96153846153,141000.0,26
Barking And Dagenham,2011-03-01,Freehold,195685.36144578314,175000.0,83
Barking And Dagenham,2011-03-01,Leasehold,154835.22222222222,164170.5,54
Barking And Dagenham,2011-04-01,Freehold,186978.06097560975,175000.0,82
Barking And Dagenham,2011-04-01,Leasehold,149469.51428571428,140000.0,35
Barking And Dagenham,2011-05-01,Freehold,189259.26666666666,173000.0,75
Barking And Dagenham,2011-05-01,Leasehold,142290.13888888888,145000.0,36
Barking And Dagenham,2011-06-01,Freehold,192083.55172413794,178000.0,87
Barking And Dagenham,2011-06-01,Leasehold,143394.693877551,145000.0,49
Barking And Dagenham,2011-07-01,Freehold,187320.33980582524,177000.0,103
Barking And Dagenham,2011-07-01,Leasehold,131758.58333333334,138500.0,24
Barking And Dagenham,2011-08-01,Freehold,205443.8785046729,200000.0,107
Barking And Dagenham,2011-08-01,Leasehold,132362.5,130000.0,20
Barking And Dagenham,2011-09-01,Freehold,199348.49557522123,185000.0,113
Barking And Dagenham,2011-09-01,Leasehold,124263.75,126750.0,32
Barking And Dagenham,2011-10-01,Freehold,188620.78260869565,173000.0,115
Barking And Dagenham,2011-10-01,Leasehold,123755.0,130000.0,27
Barking And Dagenham,2011-11-01,Freehold,196977.72549019608,181500.0,102
Barking And Dagenham,2011-11-01,Leasehold,117456.52173913043,125000.0,23
Barking And Dagenham,2011-12-01,Freehold,199299.10416666666,185000.0,96
Barking And Dagenham,2011-12-01,Leasehold,128662.13333333333,125000.0,15
Barking And Dagenham,2012-01-01,Freehold,192675.3076923077,186000.0,65
Barking And Dagenham,2012-01-01,Leasehold,123737.1875,123500.0,16
Barking And Dagenham,2012-02-01,Freehold,188812.74468085106,176426.5,94
Barking And Dagenham,2012-02-01,Leasehold,134270.6896551724,125000.0,29
Barking And Dagenham,2012-03-01,Freehold,196122.75373134328,181500.0,134
Barking And Dagenham,2012-03-01,Leasehold,140240.89285714287,124997.5,28
Barking And Dagenham,2012-04-01,Freehold,186823.0357142857,176000.0,56
Barking And Dagenham,2012-04-01,Leasehold,140346.15384615384,123000.0,13
Barking And Dagenham,2012-05-01,Freehold,197518.0625,188250.0,80
Barking And Dagenham,2012-05-01,Leasehold,113499.77272727272,107500.0,22
Barking And Dagenham,2012-06-01,Freehold,195570.7,177500.0,70
Barking And Dagenham,2012-06-01,Leasehold,145627.71929824562,136000.0,57
Barking And Dagenham,2012-07-01,Freehold,194191.13829787233,183000.0,94
Barking And Dagenham,2012-07-01,Leasehold,148584.63414634147,147500.0,41
Barking And Dagenham,2012-08-01,Freehold,196339.42105263157,186500.0,95
Barking And Dagenham,2012-08-01,Leasehold,146175.65384615384,129000.0,26
Barking And Dagenham,2012-09-01,Freehold,193836.6911764706,184000.0,68
Barking And Dagenham,2012-09-01,Leasehold,141340.68181818182,130000.0,22
Barking And Dagenham,2012-10-01,Freehold,197870.06493506493,187000.0,77
Barking And Dagenham,2012-10-01,Leasehold,146462.96296296295,135000.0,27
Barking And Dagenham,2012-11-01,Freehold,197640.11627906977,184000.0,86
Barking And Dagenham,2012-11-01,Leasehold,156415.69444444444,144500.0,36
Barking And Dagenham,2012-12-01,Freehold,205400.93333333332,190000.0,75
Barking And Dagenham,2012-12-01,Leasehold,152639.35897435897,134995.0,39
Barking And Dagenham,2013-01-01,Freehold,189278.35820895524,178000.0,67
Barking And Dagenham,2013-01-01,Leasehold,155197.8,125000.0,25
Barking And Dagenham,2013-02-01,Freehold,199521.78651685393,193000.0,89
Barking And Dagenham,2013-02-01,Leasehold,158282.66666666666,140000.0,30
Barking And Dagenham,2013-03-01,Freehold,194832.93506493507,181000.0,77
Barking And Dagenham,2013-03-01,Leasehold,152788.68421052632,136000.0,19
Barking And Dagenham,2013-04-01,Freehold,194446.44736842104,182250.0,76
Barking And Dagenham,2013-04-01,Leasehold,141588.38709677418,125000.0,31
Barking And Dagenham,2013-05-01,Freehold,198136.72413793104,190000.0,87
Barking And Dagenham,2013-05-01,Leasehold,159203.44444444444,146000.0,45
Barking And Dagenham,2013-06-01,Freehold,208266.26373626373,196000.0,91
Barking And Dagenham,2013-06-01,Leasehold,154766.70731707316,145000.0,41
Barking And Dagenham,2013-07-01,Freehold,197965.45967741936,193500.0,124
Barking And Dagenham,2013-07-01,Leasehold,129870.73170731707,123000.0,41
Barking And Dagenham,2013-08-01,Freehold,207131.6607142857,195000.0,112
Barking And Dagenham,2013-08-01,Leasehold,163243.64197530865,148000.0,81
Barking And Dagenham,2013-09-01,Freehold,203499.2857142857,189500.0,119
Barking And Dagenham,2013-09-01,Leasehold,133586.95652173914,125000.0,23
Barking And Dagenham,2013-10-01,Freehold,201418.6535433071,192000.0,127
Barking And Dagenham,2013-10-01,Leasehold,132452.96875,129500.0,32
Barking And Dagenham,2013-11-01,Freehold,215143.2890625,200000.0,128
Barking And Dagenham,2013-11-01,Leasehold,158994.1447368421,149750.0,76
Barking And Dagenham,2013-12-01,Freehold,216402.81739130436,205000.0,115
Barking And Dagenham,2013-12-01,Leasehold,160999.88764044945,154800.0,89
Barking And Dagenham,2014-01-01,Freehold,217015.86597938143,210000.0,97
Barking And Dagenham,2014-01-01,Leasehold,143878.26086956522,140000.0,23
Barking And Dagenham,2014-02-01,Freehold,210245.01754385966,205000.0,114
Barking And Dagenham,2014-02-01,Leasehold,138983.0,133747.5,30
Barking And Dagenham,2014-03-01,Freehold,231674.0254237288,217500.0,118
Barking And Dagenham,2014-03-01,Leasehold,142558.82352941178,142500.0,34
Barking And Dagenham,2014-04-01,Freehold,229356.59663865546,220000.0,119
Barking And Dagenham,2014-04-01,Leasehold,141513.33333333334,143250.0,30
Barking And Dagenham,2014-05-01,Freehold,229033.17073170733,219000.0,123
Barking And Dagenham,2014-05-01,Leasehold,135340.3125,133500.0,32
Barking And Dagenham,2014-06-01,Freehold,235119.33628318584,231000.0,113
Barking And Dagenham,2014-06-01,Leasehold,144078.20512820513,147000.0,39
Barking And Dagenham,2014-07-01,Freehold,233772.7205882353,224500.0,136
Barking And Dagenham,2014-07-01,Leasehold,177898.24561403508,165000.0,57
Barking And Dagenham,2014-08-01,Freehold,243840.085106383,245000.0,141
Barking And Dagenham,2014-08-01,Leasehold,175319.3396226415,164995.0,53
Barking And Dagenham,2014-09-01,Freehold,242408.8650793651,235000.0,126
Barking And Dagenham,2014-09-01,Leasehold,176498.52272727274,163000.0,44
Barking And Dagenham,2014-10-01,Freehold,243171.31578947368,239000.0,152
Barking And Dagenham,2014-10-01,Leasehold,167491.16438356164,165000.0,73
Barking And Dagenham,2014-11-01,Freehold,247248.42307692306,240000.0,130
Barking And Dagenham,2014-11-01,Leasehold,177561.71186440677,170000.0,59
Barking And Dagenham,2014-12-01,Freehold,256272.86,245000.0,150
Barking And Dagenham,2014-12-01,Leasehold,177922.6567164179,175497.5,134
Barking And Dagenham,2015-01-01,Freehold,250195.0,240000.0,126
Barking And Dagenham,2015-01-01,Leasehold,157863.9705882353,162250.0,68
Barking And Dagenham,2015-02-01,Freehold,261627.87769784173,250000.0,139
Barking And Dagenham,2015-02-01,Leasehold,169674.70588235295,167000.0,34
Barking And Dagenham,2015-03-01,Freehold,250402.76859504133,240000.0,121
Barking And Dagenham,2015-03-01,Leasehold,158847.71739130435,155500.0,46
Barking And Dagenham,2015-04-01,Freehold,260017.29591836734,247500.0,98
Barking And Dagenham,2015-04-01,Leasehold,172285.306122449,166000.0,49
Barking And Dagenham,2015-05-01,Freehold,264348.7037037037,250000.0,108
Barking And Dagenham,2015-05-01,Leasehold,167652.7,163997.5,50
Barking And Dagenham,2015-06-01,Freehold,268826.0431654676,255000.0,139
Barking And Dagenham,2015-06-01,Leasehold,176034.2857142857,171750.0,56
Barking And Dagenham,2015-07-01,Freehold,283403.731884058,275000.0,138
Barking And Dagenham,2015-07-01,Leasehold,185523.6,175500.0,50
Barking And Dagenham,2015-08-01,Freehold,276862.12598425196,270000.0,127
Barking And Dagenham,2015-08-01,Leasehold,185260.4255319149,177500.0,47
Barking And Dagenham,2015-09-01,Freehold,286247.7972027972,271000.0,143
Barking And Dagenham,2015-09-01,Leasehold,178315.4255319149,184000.0,47
Barking And Dagenham,2015-10-01,Freehold,293088.29931972787,275000.0,147
Barking And Dagenham,2015-10-01,Leasehold,180055.98795180724,180000.0,83
Barking And Dagenham,2015-11-01,Freehold,291777.91338582675,280000.0,127
Barking And Dagenham,2015-11-01,Leasehold,193083.9375,185000.0,80
Barking And Dagenham,2015-12-01,Freehold,296268.47826086957,291000.0,138
Barking And Dagenham,2015-12-01,Leasehold,193074.54545454544,189997.5,88
Barking And Dagenham,2016-01-01,Freehold,295853.5632183908,282000.0,87
Barking And Dagenham,2016-01-01,Leasehold,190249.61666666667,189995.0,60
Barking And Dagenham,2016-02-01,Freehold,312549.3801652893,294000.0,121
Barking And Dagenham,2016-02-01,Leasehold,200871.94805194804,199995.0,77
Barking And Dagenham,2016-03-01,Freehold,313821.54411764705,300000.0,204
Barking And Dagenham,2016-03-01,Leasehold,198402.78761061947,202500.0,113
Barking And Dagenham,2016-04-01,Freehold,325062.5824175824,310000.0,91
Barking And Dagenham,2016-04-01,Leasehold,204232.7027027027,195000.0,37
Barking And Dagenham,2016-05-01,Freehold,325816.22,316500.0,100
Barking And Dagenham,2016-05-01,Leasehold,197828.42105263157,203750.0,38
Barking And Dagenham,2016-06-01,Freehold,327466.3629032258,312500.0,124
Barking And Dagenham,2016-06-01,Leasehold,206695.3488372093,212500.0,43
Barking And Dagenham,2016-07-01,Freehold,331045.0387596899,320000.0,129
Barking And Dagenham,2016-07-01,Leasehold,196901.08695652173,190000.0,46
Barking And Dagenham,2016-08-01,Freehold,324831.9051724138,320500.0,116
Barking And Dagenham,2016-08-01,Leasehold,214658.57142857142,210500.0,35
Barking And Dagenham,2016-09-01,Freehold,341359.5323741007,325000.0,139
Barking And Dagenham,2016-09-01,Leasehold,204591.46341463414,210000.0,41
Barking And Dagenham,2016-10-01,Freehold,330669.59016393445,325000.0,122
Barking And Dagenham,2016-10-01,Leasehold,208839.2857142857,203000.0,28
Barking And Dagenham,2016-11-01,Freehold,335446.73983739835,325000.0,123
Barking And Dagenham,2016-11-01,Leasehold,201955.0,215000.0,47
Barking And Dagenham,2016-12-01,Freehold,326984.6052631579,315000.0,114
Barking And Dagenham,2016-12-01,Leasehold,290485.71428571426,225000.0,35
Barking And Dagenham,2017-01-01,Freehold,322376.79545454547,310000.0,88
Barking And Dagenham,2017-01-01,Leasehold,211035.0588235294,215000.0,34
Barking And Dagenham,2017-02-01,Freehold,329689.1666666667,315500.0,102
Barking And Dagenham,2017-02-01,Leasehold,214021.0606060606,217800.0,33
Barking And Dagenham,2017-03-01,Freehold,334683.07092198584,320000.0,141
Barking And Dagenham,2017-03-01,Leasehold,237989.45205479453,234995.0,73
Barking And Dagenham,2017-04-01,Freehold,329573.26666666666,315000.0,75
Barking And Dagenham,2017-04-01,Leasehold,254250.625,251495.0,40
Barking And Dagenham,2017-05-01,Freehold,341938.45871559635,330000.0,109
Barking And Dagenham,2017-05-01,Leasehold,245767.8431372549,235000.0,51
Barking And Dagenham,2017-06-01,Freehold,329720.6198347107,319000.0,121
Barking And Dagenham,2017-06-01,Leasehold,226015.5737704918,223000.0,61
Barking And Dagenham,2017-07-01,Freehold,331980.90476190473,320000.0,105
Barking And Dagenham,2017-07-01,Leasehold,237159.06976744186,230000.0,43
Barking And Dagenham,2017-08-01,Freehold,336187.4910714286,330000.0,112
Barking And Dagenham,2017-08-01,Leasehold,226797.02702702704,222500.0,37
Barking And Dagenham,2017-09-01,Freehold,334009.33644859813,320000.0,107
Barking And Dagenham,2017-09-01,Leasehold,252356.203125,249997.5,64
Barking And Dagenham,2017-10-01,Freehold,327539.3396226415,307250.0,106
Barking And Dagenham,2017-10-01,Leasehold,252263.16666666666,251474.0,84
Barking And Dagenham,2017-11-01,Freehold,329207.0,320000.0,115
Barking And Dagenham,2017-11-01,Leasehold,251387.5,252497.5,70
Barking And Dagenham,2017-12-01,Freehold,337475.96153846156,325000.0,104
Barking And Dagenham,2017-12-01,Leasehold,232427.13559322033,235000.0,59
Barking And Dagenham,2018-01-01,Freehold,323054.78723404254,319750.0,94
Barking And Dagenham,2018-01-01,Leasehold,257469.7142857143,250000.0,49
Barking And Dagenham,2018-02-01,Freehold,344131.6037735849,335000.0,106
Barking And Dagenham,2018-02-01,Leasehold,235956.57142857142,245000.0,35
Barking And Dagenham,2018-03-01,Freehold,330467.2429906542,315000.0,107
Barking And Dagenham,2018-03-01,Leasehold,246502.43243243243,245000.0,37
Barking And Dagenham,2018-04-01,Freehold,334873.417721519,315000.0,79
Barking And Dagenham,2018-04-01,Leasehold,260274.73684210525,286995.0,57
Barking And Dagenham,2018-05-01,Freehold,328158.1632653061,321500.0,98
Barking And Dagenham,2018-05-01,Leasehold,272623.62903225806,272750.0,62
Barking And Dagenham,2018-06-01,Freehold,337143.0882352941,325550.0,102
Barking And Dagenham,2018-06-01,Leasehold,271294.3384615385,285000.0,65
Barking And Dagenham,2018-07-01,Freehold,329017.2272727273,320000.0,110
Barking And Dagenham,2018-07-01,Leasehold,266659.2921348315,265000.0,89
Barking And Dagenham,2018-08-01,Freehold,330444.95,315000.0,100
Barking And Dagenham,2018-08-01,Leasehold,243550.23255813954,249995.0,43
Barking And Dagenham,2018-09-01,Freehold,349549.71,335000.0,100
Barking And Dagenham,2018-09-01,Leasehold,233350.8108108108,246000.0,37
Barking And Dagenham,2018-10-01,Freehold,345056.5420560748,335000.0,107
Barking And Dagenham,2018-10-01,Leasehold,235626.914893617,227000.0,47
Barking And Dagenham,2018-11-01,Freehold,342516.93548387097,327750.0,124
Barking And Dagenham,2018-11-01,Leasehold,266154.54545454547,257995.0,33
Barking And Dagenham,2018-12-01,Freehold,335086.2696629214,325000.0,89
Barking And Dagenham,2018-12-01,Leasehold,273000.10638297873,277000.0,47
Barking And Dagenham,2019-01-01,Freehold,340425.0,322500.0,78
Barking And Dagenham,2019-01-01,Leasehold,231694.83870967742,220000.0,31
Barking And Dagenham,2019-02-01,Freehold,343522.7272727273,329250.0,88
Barking And Dagenham,2019-02-01,Leasehold,232851.05405405405,232000.0,37
Barking And Dagenham,2019-03-01,Freehold,347123.76666666666,334500.0,120
Barking And Dagenham,2019-03-01,Leasehold,208555.37037037036,225000.0,27
Barking And Dagenham,2019-04-01,Freehold,353262.0481927711,335000.0,83
Barking And Dagenham,2019-04-01,Leasehold,225660.0,212500.0,25
Barking And Dagenham,2019-05-01,Freehold,349012.1951219512,330000.0,82
Barking And Dagenham,2019-05-01,Leasehold,244134.75,225000.0,20
Barking And Dagenham,2019-06-01,Freehold,345136.5421686747,325000.0,83
Barking And Dagenham,2019-06-01,Leasehold,206000.64285714287,202500.0,28
Barking And Dagenham,2019-07-01,Freehold,340778.75268817204,320000.0,93
Barking And Dagenham,2019-07-01,Leasehold,284546.84210526315,300000.0,76
Barking And Dagenham,2019-08-01,Freehold,351753.61788617884,345000.0,123
Barking And Dagenham,2019-08-01,Leasehold,263126.4285714286,240000.0,49
Barking And Dagenham,2019-09-01,Freehold,342574.6907216495,330000.0,97
Barking And Dagenham,2019-09-01,Leasehold,243168.0,235000.0,30
Barking And Dagenham,2019-10-01,Freehold,340962.0816326531,330000.0,98
Barking And Dagenham,2019-10-01,Leasehold,232532.83333333334,220000.0,30
Barking And Dagenham,2019-11-01,Freehold,339616.89814814815,320000.0,108
Barking And Dagenham,2019-11-01,Leasehold,285233.26086956525,260000.0,23
Barking And Dagenham,2019-12-01,Freehold,336779.81707317074,325000.0,82
Barking And Dagenham,2019-12-01,Leasehold,248738.69565217392,205000.0,23
Barking And Dagenham,2020-01-01,Freehold,344060.2409638554,330000.0,83
Barking And Dagenham,2020-01-01,Leasehold,361682.77777777775,449000.0,36
Barking And Dagenham,2020-02-01,Freehold,347668.81395348837,330000.0,86
Barking And Dagenham,2020-02-01,Leasehold,243104.83870967742,225000.0,31
Barking And Dagenham,2020-03-01,Freehold,333811.71875,329000.0,64
Barking And Dagenham,2020-03-01,Leasehold,264509.3023255814,262500.0,43
Barking And Dagenham,2020-04-01,Freehold,347257.57575757575,350000.0,33
Barking And Dagenham,2020-04-01,Leasehold,252675.0,243500.0,16
Barking And Dagenham,2020-05-01,Freehold,344380.38095238095,331500.0,42
Barking And Dagenham,2020-05-01,Leasehold,278749.375,246000.0,8
Barking And Dagenham,2020-06-01,Freehold,345136.0655737705,338000.0,61
Barking And Dagenham,2020-06-01,Leasehold,236904.16666666666,227500.0,24
Barking And Dagenham,2020-07-01,Freehold,341413.7931034483,335000.0,58
Barking And Dagenham,2020-07-01,Leasehold,304283.6666666667,320000.0,45
Barking And Dagenham,2020-08-01,Freehold,355571.4285714286,331000.0,84
Barking And Dagenham,2020-08-01,Leasehold,279633.8181818182,288000.0,33
Barking And Dagenham,2020-09-01,Freehold,359793.9156626506,340000.0,83
Barking And Dagenham,2020-09-01,Leasehold,249900.0,240000.0,29
Barking And Dagenham,2020-10-01,Freehold,356247.76785714284,345000.0,112
Barking And Dagenham,2020-10-01,Leasehold,255552.43902439025,260000.0,41
Barking And Dagenham,2020-11-01,Freehold,355166.7804878049,335505.0,82
Barking And Dagenham,2020-11-01,Leasehold,234606.0606060606,232000.0,33
Barking And Dagenham,2020-12-01,Freehold,376694.27678571426,364000.0,112
Barking And Dagenham,2020-12-01,Leasehold,275825.8064516129,263000.0,31
Barking And Dagenham,2021-01-01,Freehold,387870.10256410256,370500.0,78
Barking And Dagenham,2021-01-01,Leasehold,239266.60606060605,228000.0,33
Barking And Dagenham,2021-02-01,Freehold,372891.3043478261,350000.0,138
Barking And Dagenham,2021-02-01,Leasehold,265350.0,260000.0,45
Barking And Dagenham,2021-03-01,Freehold,365576.1134751773,350000.0,141
Barking And Dagenham,2021-03-01,Leasehold,275809.1935483871,275000.0,93
Barking And Dagenham,2021-04-01,Freehold,360621.21495327103,347000.0,107
Barking And Dagenham,2021-04-01,Leasehold,264077.96875,257500.0,32
Barking And Dagenham,2021-05-01,Freehold,370344.6043956044,353000.0,91
Barking And Dagenham,2021-05-01,Leasehold,266512.44444444444,264495.0,45
Barking And Dagenham,2021-06-01,Freehold,381521.3273542601,357500.0,223
Barking And Dagenham,2021-06-01,Leasehold,236702.12765957447,220000.0,47
Barking And Dagenham,2021-07-01,Freehold,322842.14285714284,323062.5,42
Barking And Dagenham,2021-07-01,Leasehold,224250.0625,220000.0,16
Barking And Dagenham,2021-08-01,Freehold,370440.7534246575,355000.0,73
Barking And Dagenham,2021-08-01,Leasehold,256669.23076923078,240000.0,26
Barking And Dagenham,2021-09-01,Freehold,385381.09375,360000.0,160
Barking And Dagenham,2021-09-01,Leasehold,273490.09803921566,257000.0,51
Barking And Dagenham,2021-10-01,Freehold,387586.6,380000.0,75
Barking And Dagenham,2021-10-01,Leasehold,245086.125,249997.5,40
Barking And Dagenham,2021-11-01,Freehold,385152.6794871795,369000.0,78
Barking And Dagenham,2021-11-01,Leasehold,256136.25,255247.5,60
Barking And Dagenham,2021-12-01,Freehold,384584.17721518985,375000.0,79
Barking And Dagenham,2021-12-01,Leasehold,259877.8392857143,257497.5,56
Barking And Dagenham,2022-01-01,Freehold,396778.5714285714,380500.0,70
Barking And Dagenham,2022-01-01,Leasehold,294959.5,303247.5,40
Barking And Dagenham,2022-02-01,Freehold,402670.5882352941,390000.0,85
Barking And Dagenham,2022-02-01,Leasehold,223617.85714285713,219000.0,28
Barking And Dagenham,2022-03-01,Freehold,397008.03571428574,376000.0,112
Barking And Dagenham,2022-03-01,Leasehold,313614.53571428574,320000.0,84
Barking And Dagenham,2022-04-01,Freehold,407120.6976744186,385000.0,86
Barking And Dagenham,2022-04-01,Leasehold,238996.59375,231000.0,32
Barking And Dagenham,2022-05-01,Freehold,408181.08108108107,390000.0,74
Barking And Dagenham,2022-05-01,Leasehold,270327.01923076925,266245.0,52
Barking And Dagenham,2022-06-01,Freehold,418635.5263157895,408000.0,76
Barking And Dagenham,2022-06-01,Leasehold,270397.6842105263,261997.5,38
Barking And Dagenham,2022-07-01,Freehold,438364.3023255814,430000.0,129
Barking And Dagenham,2022-07-01,Leasehold,270902.1698113208,265000.0,53
Barking And Dagenham,2022-08-01,Freehold,414628.5119047619,398000.0,84
Barking And Dagenham,2022-08-01,Leasehold,293754.296875,284500.0,64
Barking And Dagenham,2022-09-01,Freehold,418930.06741573033,410000.0,89
Barking And Dagenham,2022-09-01,Leasehold,336336.091954023,334495.0,87
Barking And Dagenham,2022-10-01,Freehold,414807.36559139786,405000.0,93
Barking And Dagenham,2022-10-01,Leasehold,263128.82352941175,260000.0,34
Barking And Dagenham,2022-11-01,Freehold,408643.3333333333,400000.0,84
Barking And Dagenham,2022-11-01,Leasehold,287854.64285714284,276000.0,42
Barking And Dagenham,2022-12-01,Freehold,418432.037037037,412000.0,81
Barking And Dagenham,2022-12-01,Leasehold,271078.04347826086,266000.0,46
Barking And Dagenham,2023-01-01,Freehold,399891.2162162162,408000.0,74
Barking And Dagenham,2023-01-01,Leasehold,292035.09433962265,270995.0,53
Barking And Dagenham,2023-02-01,Freehold,406923.07692307694,400000.0,65
Barking And Dagenham,2023-02-01,Leasehold,242163.27586206896,257000.0,29
Barking And Dagenham,2023-03-01,Freehold,428705.4938271605,410000.0,81
Barking And Dagenham,2023-03-01,Leasehold,270670.96774193546,265000.0,31
Barking And Dagenham,2023-04-01,Freehold,414063.38636363635,410000.0,44
Barking And Dagenham,2023-04-01,Leasehold,304658.1666666667,311500.0,30
Barking And Dagenham,2023-05-01,Freehold,394362.8064516129,387500.0,62
Barking And Dagenham,2023-05-01,Leasehold,279083.6666666667,262500.0,30
Barking And Dagenham,2023-06-01,Freehold,413688.40579710144,380000.0,69
Barking And Dagenham,2023-06-01,Leasehold,353033.23529411765,353000.0,51
Barking And Dagenham,2023-07-01,Freehold,417017.4,415750.0,70
Barking And Dagenham,2023-07-01,Leasehold,312421.93846153846,320000.0,65
Barking And Dagenham,2023-08-01,Freehold,420063.2911392405,415000.0,79
Barking And Dagenham,2023-08-01,Leasehold,277711.07692307694,264405.0,39
Barking And Dagenham,2023-09-01,Freehold,408773.3333333333,400000.0,75
Barking And Dagenham,2023-09-01,Leasehold,291776.86666666664,265000.0,30
Barking And Dagenham,2023-10-01,Freehold,410688.1666666667,397500.0,84
Barking And Dagenham,2023-10-01,Leasehold,265476.2,250000.0,25
Barking And Dagenham,2023-11-01,Freehold,408081.08108108107,400000.0,74
Barking And Dagenham,2023-11-01,Leasehold,235899.8,244000.0,25
Barking And Dagenham,2023-12-01,Freehold,398717.7419354839,400000.0,62
Barking And Dagenham,2023-12-01,Leasehold,266114.5263157895,262500.0,19
Barking And Dagenham,2024-01-01,Freehold,381692.3076923077,362500.0,65
Barking And Dagenham,2024-01-01,Leasehold,269093.7105263158,257747.5,38
Barking And Dagenham,2024-02-01,Freehold,411161.29032258067,407500.0,62
Barking And Dagenham,2024-02-01,Leasehold,243962.59259259258,240000.0,27
Barking And Dagenham,2024-03-01,Freehold,400442.9696969697,390000.0,66
Barking And Dagenham,2024-03-01,Leasehold,253899.75,245500.0,20
Barking And Dagenham,2024-04-01,Freehold,404733.93617021275,400000.0,47
Barking And Dagenham,2024-04-01,Leasehold,239867.2,244000.0,25
Barking And Dagenham,2024-05-01,Freehold,400923.1707317073,396000.0,82
Barking And Dagenham,2024-05-01,Leasehold,241128.3448275862,245000.0,29
Barking And Dagenham,2024-06-01,Freehold,400424.48529411765,390000.0,68
Barking And Dagenham,2024-06-01,Leasehold,216448.0,215000.0,30
Barking And Dagenham,2024-07-01,Freehold,416749.9285714286,408000.0,70
Barking And Dagenham,2024-07-01,Leasehold,197715.9090909091,218000.0,22
Barking And Dagenham,2024-08-01,Freehold,398545.3768115942,385000.0,69
Barking And Dagenham,2024-08-01,Leasehold,230378.125,236500.0,40
Barking And Dagenham,2024-09-01,Freehold,396152.11267605633,390000.0,71
Barking And Dagenham,2024-09-01,Leasehold,273057.77777777775,263000.0,45
Barking And Dagenham,2024-10-01,Freehold,390432.4666666667,385000.0,75
Barking And Dagenham,2024-10-01,Leasehold,276232.60869565216,264750.0,46
Barking And Dagenham,2024-11-01,Freehold,428553.3980582524,410000.0,103
Barking And Dagenham,2024-11-01,Leasehold,309535.8695652174,297000.0,46
Barking And Dagenham,2024-12-01,Freehold,409590.3614457831,400000.0,83
Barking And Dagenham,2024-12-01,Leasehold,259416.2162162162,250000.0,37
Barking And Dagenham,2025-01-01,Freehold,422838.46153846156,405000.0,65
Barking And Dagenham,2025-01-01,Leasehold,247856.0606060606,250000.0,33
Barking And Dagenham,2025-02-01,Freehold,410057.8947368421,400000.0,95
Barking And Dagenham,2025-02-01,Leasehold,244467.74193548388,235000.0,31
Barking And Dagenham,2025-03-01,Freehold,419135.4166666667,401750.0,192
Barking And Dagenham,2025-03-01,Leasehold,270433.3333333333,250000.0,45
Barking And Dagenham,2025-04-01,Freehold,436086.2068965517,425000.0,29
Barking And Dagenham,2025-04-01,Leasehold,252666.25,252500.0,12
Barking And Dagenham,2025-05-01,Freehold,416635.08771929826,400000.0,57
Barking And Dagenham,2025-05-01,Leasehold,255074.07407407407,240000.0,27
Barking And Dagenham,2025-06-01,Freehold,415379.25925925927,400000.0,54
Barking And Dagenham,2025-06-01,Leasehold,247050.0,250000.0,25
Barking And Dagenham,2025-07-01,Freehold,419902.43023255817,425000.0,86
Barking And Dagenham,2025-07-01,Leasehold,240793.10344827586,240000.0,29
Barking And Dagenham,2025-08-01,Freehold,423244.72826086957,400000.0,92
Barking And Dagenham,2025-08-01,Leasehold,224545.45454545456,237500.0,22
Barking And Dagenham,2025-09-01,Freehold,417614.6103896104,408000.0,77
Barking And Dagenham,2025-09-01,Leasehold,262226.0,240000.0,25
Barking And Dagenham,2025-10-01,Freehold,411557.6923076923,395000.0,91
Barking And Dagenham,2025-10-01,Leasehold,230311.53846153847,239500.0,26
Barking And Dagenham,2025-11-01,Freehold,425721.3333333333,410000.0,75
Barking And Dagenham,2025-11-01,Leasehold,213950.0,220000.0,17
Barking And Dagenham,2025-12-01,Freehold,411532.406779661,410000.0,59
Barking And Dagenham,2025-12-01,Leasehold,206928.57142857142,210000.0,21
Barking And Dagenham,2026-01-01,Freehold,426036.36363636365,420000.0,55
Barking And Dagenham,2026-01-01,Leasehold,226000.0,247500.0,8
Barking And Dagenham,2026-02-01,Freehold,416828.9166666667,400000.0,48
Barking And Dagenham,2026-02-01,Leasehold,228394.73684210525,230000.0,19
Barking And Dagenham,2026-03-01,Freehold,1149489.5833333333,403500.0,48
Barking And Dagenham,2026-03-01,Leasehold,213355.26315789475,200000.0,19
Barking And Dagenham,2026-04-01,Freehold,405975.60975609755,405000.0,41
Barking And Dagenham,2026-04-01,Leasehold,256714.2857142857,267500.0,14
Barking And Dagenham,2026-05-01,Freehold,446555.55555555556,433000.0,18
Barking And Dagenham,2026-05-01,Leasehold,244500.0,259000.0,6
Barnet,2006-01-01,Freehold,432369.0294117647,330000.0,238
Barnet,2006-01-01,Leasehold,213987.5072463768,192715.0,207
Barnet,2006-02-01,Freehold,390053.04858299595,335000.0,247
Barnet,2006-02-01,Leasehold,212783.6,192000.0,205
Barnet,2006-03-01,Freehold,412489.5,325500.0,262
Barnet,2006-03-01,Leasehold,222003.431372549,205000.0,255
Barnet,2006-04-01,Freehold,483454.9375,350000.0,240
Barnet,2006-04-01,Leasehold,235504.00892857142,198000.0,224
Barnet,2006-05-01,Freehold,404964.6859205776,354995.0,277
Barnet,2006-05-01,Leasehold,215833.08482142858,195375.0,224
Barnet,2006-06-01,Freehold,433974.1508379888,347500.0,358
Barnet,2006-06-01,Leasehold,225037.67368421052,211500.0,285
Barnet,2006-07-01,Freehold,453478.4458438287,370000.0,397
Barnet,2006-07-01,Leasehold,225178.07037037038,204500.0,270
Barnet,2006-08-01,Freehold,449875.9115479115,370000.0,407
Barnet,2006-08-01,Leasehold,228945.78595317726,212000.0,299
Barnet,2006-09-01,Freehold,445320.11676646705,365000.0,334
Barnet,2006-09-01,Leasehold,238061.60805860805,207200.0,273
Barnet,2006-10-01,Freehold,447279.69453376206,365000.0,311
Barnet,2006-10-01,Leasehold,235398.53956834532,209000.0,278
Barnet,2006-11-01,Freehold,424903.8103448276,340000.0,348
Barnet,2006-11-01,Leasehold,234229.75444839857,213500.0,281
Barnet,2006-12-01,Freehold,466837.85284280934,369950.0,299
Barnet,2006-12-01,Leasehold,237961.53797468354,224250.0,316
Barnet,2007-01-01,Freehold,432931.86971830984,363750.0,284
Barnet,2007-01-01,Leasehold,243271.2888888889,220000.0,225
Barnet,2007-02-01,Freehold,450311.78544061305,365000.0,261
Barnet,2007-02-01,Leasehold,248518.75313807532,220000.0,239
Barnet,2007-03-01,Freehold,491102.3954983923,367500.0,311
Barnet,2007-03-01,Leasehold,241968.33783783784,222750.0,296
Barnet,2007-04-01,Freehold,436989.9568345324,352500.0,278
Barnet,2007-04-01,Leasehold,249125.4214876033,220000.0,242
Barnet,2007-05-01,Freehold,479505.09589041094,384750.0,292
Barnet,2007-05-01,Leasehold,262439.5789473684,227500.0,285
Barnet,2007-06-01,Freehold,528814.3027522935,400000.0,327
Barnet,2007-06-01,Leasehold,246733.47777777776,228000.0,360
Barnet,2007-07-01,Freehold,554097.4207650273,408975.0,366
Barnet,2007-07-01,Leasehold,265373.75577557756,245000.0,303
Barnet,2007-08-01,Freehold,464639.6306818182,413975.0,352
Barnet,2007-08-01,Leasehold,268392.89337175793,249000.0,347
Barnet,2007-09-01,Freehold,545303.6237942122,420000.0,311
Barnet,2007-09-01,Leasehold,273404.2523076923,249950.0,325
Barnet,2007-10-01,Freehold,526953.8612903226,436225.0,310
Barnet,2007-10-01,Leasehold,287894.48328267474,246500.0,329
Barnet,2007-11-01,Freehold,527363.4980988593,422500.0,263
Barnet,2007-11-01,Leasehold,279865.16974169743,240000.0,271
Barnet,2007-12-01,Freehold,517917.70588235295,416250.0,170
Barnet,2007-12-01,Leasehold,256918.69,240626.0,200
Barnet,2008-01-01,Freehold,584669.3267973856,450000.0,153
Barnet,2008-01-01,Leasehold,260991.5931372549,234975.0,204
Barnet,2008-02-01,Freehold,468094.475,384500.0,160
Barnet,2008-02-01,Leasehold,246039.75647668395,237500.0,193
Barnet,2008-03-01,Freehold,716245.5,420000.0,132
Barnet,2008-03-01,Leasehold,267761.4417475728,233975.0,206
Barnet,2008-04-01,Freehold,529387.2721088436,395000.0,147
Barnet,2008-04-01,Leasehold,238672.92485549132,221950.0,173
Barnet,2008-05-01,Freehold,495958.1751412429,415000.0,177
Barnet,2008-05-01,Leasehold,286003.37563451775,247000.0,197
Barnet,2008-06-01,Freehold,507814.72222222225,473750.0,126
Barnet,2008-06-01,Leasehold,357961.3487179487,245000.0,195
Barnet,2008-07-01,Freehold,483388.15646258503,390000.0,147
Barnet,2008-07-01,Leasehold,233864.0782122905,235000.0,179
Barnet,2008-08-01,Freehold,520196.6785714286,430225.0,140
Barnet,2008-08-01,Leasehold,254975.29090909092,229500.0,110
Barnet,2008-09-01,Freehold,593787.7795275591,421750.0,127
Barnet,2008-09-01,Leasehold,269639.42342342343,233000.0,111
Barnet,2008-10-01,Freehold,548558.243902439,375000.0,123
Barnet,2008-10-01,Leasehold,268895.6581196581,242500.0,117
Barnet,2008-11-01,Freehold,459746.4534883721,372500.0,86
Barnet,2008-11-01,Leasehold,258886.4516129032,210000.0,93
Barnet,2008-12-01,Freehold,444479.2763157895,365000.0,76
Barnet,2008-12-01,Leasehold,243368.09016393442,225312.5,122
Barnet,2009-01-01,Freehold,713992.2839506173,365000.0,81
Barnet,2009-01-01,Leasehold,234659.0163934426,215000.0,61
Barnet,2009-02-01,Freehold,507864.5569620253,375000.0,79
Barnet,2009-02-01,Leasehold,242460.44736842104,212500.0,76
Barnet,2009-03-01,Freehold,420695.65753424657,345000.0,73
Barnet,2009-03-01,Leasehold,226283.5340909091,213750.0,88
Barnet,2009-04-01,Freehold,423728.05102040817,360000.0,98
Barnet,2009-04-01,Leasehold,238649.94565217392,200500.0,92
Barnet,2009-05-01,Freehold,479347.8487394958,380000.0,119
Barnet,2009-05-01,Leasehold,262096.88888888888,230000.0,81
Barnet,2009-06-01,Freehold,473002.7419354839,360000.0,124
Barnet,2009-06-01,Leasehold,296937.20652173914,210000.0,92
Barnet,2009-07-01,Freehold,461314.8442211055,368500.0,199
Barnet,2009-07-01,Leasehold,286937.4621212121,229000.0,132
Barnet,2009-08-01,Freehold,479720.5263157895,385000.0,190
Barnet,2009-08-01,Leasehold,236973.528,220000.0,125
Barnet,2009-09-01,Freehold,498430.6896551724,395000.0,203
Barnet,2009-09-01,Leasehold,248270.149068323,224000.0,161
Barnet,2009-10-01,Freehold,460256.76785714284,377500.0,224
Barnet,2009-10-01,Leasehold,255104.1724137931,211525.5,174
Barnet,2009-11-01,Freehold,457305.2315270936,400000.0,203
Barnet,2009-11-01,Leasehold,275171.5705521472,220000.0,163
Barnet,2009-12-01,Freehold,459400.523364486,386250.0,214
Barnet,2009-12-01,Leasehold,292134.575,222000.0,160
Barnet,2010-01-01,Freehold,533027.2322580646,430000.0,155
Barnet,2010-01-01,Leasehold,275604.347826087,245000.0,115
Barnet,2010-02-01,Freehold,533913.9130434783,410000.0,161
Barnet,2010-02-01,Leasehold,295239.39830508473,235000.0,118
Barnet,2010-03-01,Freehold,553449.9593023256,421500.0,172
Barnet,2010-03-01,Leasehold,302447.73333333334,236500.0,150
Barnet,2010-04-01,Freehold,549413.3776223776,425000.0,143
Barnet,2010-04-01,Leasehold,268643.6349206349,235000.0,126
Barnet,2010-05-01,Freehold,498700.44329896907,422750.0,194
Barnet,2010-05-01,Leasehold,263757.59722222225,248000.0,144
Barnet,2010-06-01,Freehold,568158.4239631336,445000.0,217
Barnet,2010-06-01,Leasehold,284728.20855614974,245000.0,187
Barnet,2010-07-01,Freehold,636402.1450980392,445000.0,255
Barnet,2010-07-01,Leasehold,303008.1942857143,232500.0,175
Barnet,2010-08-01,Freehold,548470.5172413794,449950.0,261
Barnet,2010-08-01,Leasehold,317970.3448275862,240000.0,174
Barnet,2010-09-01,Freehold,685276.2657004831,465000.0,207
Barnet,2010-09-01,Leasehold,283615.76804123714,235000.0,194
Barnet,2010-10-01,Freehold,593650.4151785715,465000.0,224
Barnet,2010-10-01,Leasehold,250092.8025477707,228500.0,157
Barnet,2010-11-01,Freehold,579755.8133971292,440000.0,209
Barnet,2010-11-01,Leasehold,263130.8695652174,240000.0,161
Barnet,2010-12-01,Freehold,523034.5590062112,422500.0,161
Barnet,2010-12-01,Leasehold,280774.31506849313,237250.0,146
Barnet,2011-01-01,Freehold,629544.7388059702,470000.0,134
Barnet,2011-01-01,Leasehold,275759.6608695652,231000.0,115
Barnet,2011-02-01,Freehold,603788.2032520325,435000.0,123
Barnet,2011-02-01,Leasehold,302225.6666666667,245000.0,111
Barnet,2011-03-01,Freehold,712407.0,462500.0,187
Barnet,2011-03-01,Leasehold,281503.9203539823,230000.0,113
Barnet,2011-04-01,Freehold,599852.4896551725,407500.0,145
Barnet,2011-04-01,Leasehold,268508.02752293576,235000.0,109
Barnet,2011-05-01,Freehold,477949.387755102,425000.0,147
Barnet,2011-05-01,Leasehold,301028.7631578947,260750.0,152
Barnet,2011-06-01,Freehold,474288.4638554217,425000.0,166
Barnet,2011-06-01,Leasehold,279994.641509434,250000.0,159
Barnet,2011-07-01,Freehold,526101.6771300448,457000.0,223
Barnet,2011-07-01,Leasehold,259326.1447368421,231500.0,152
Barnet,2011-08-01,Freehold,569954.668292683,489000.0,205
Barnet,2011-08-01,Leasehold,262295.23121387284,232000.0,173
Barnet,2011-09-01,Freehold,598037.5022222223,480000.0,225
Barnet,2011-09-01,Leasehold,299930.3591160221,242000.0,181
Barnet,2011-10-01,Freehold,543604.2078651686,453750.0,178
Barnet,2011-10-01,Leasehold,278070.7912087912,250000.0,182
Barnet,2011-11-01,Freehold,694478.75,433500.0,172
Barnet,2011-11-01,Leasehold,280923.2745098039,249950.0,204
Barnet,2011-12-01,Freehold,579733.9518716577,450000.0,187
Barnet,2011-12-01,Leasehold,281410.2701421801,243000.0,211
Barnet,2012-01-01,Freehold,580751.6387096774,457500.0,155
Barnet,2012-01-01,Leasehold,289496.72483221476,241000.0,149
Barnet,2012-02-01,Freehold,621841.6174496644,485000.0,149
Barnet,2012-02-01,Leasehold,324990.40606060607,249999.0,165
Barnet,2012-03-01,Freehold,520949.07746478874,441000.0,142
Barnet,2012-03-01,Leasehold,244565.98222222223,230000.0,225
Barnet,2012-04-01,Freehold,662878.2397260274,500000.0,146
Barnet,2012-04-01,Leasehold,318755.89130434784,261250.0,138
Barnet,2012-05-01,Freehold,587239.2513368984,473720.0,187
Barnet,2012-05-01,Leasehold,299650.3012820513,250000.0,156
Barnet,2012-06-01,Freehold,616941.3553299493,499999.0,197
Barnet,2012-06-01,Leasehold,280756.1595744681,249950.0,188
Barnet,2012-07-01,Freehold,693038.0514285715,499950.0,175
Barnet,2012-07-01,Leasehold,282101.1342281879,249999.0,149
Barnet,2012-08-01,Freehold,584333.2318181818,462500.0,220
Barnet,2012-08-01,Leasehold,315049.32386363635,249972.5,176
Barnet,2012-09-01,Freehold,587359.2592592592,485000.0,189
Barnet,2012-09-01,Leasehold,278498.828125,250000.0,192
Barnet,2012-10-01,Freehold,608379.5370370371,467500.0,162
Barnet,2012-10-01,Leasehold,334634.8202247191,262000.0,178
Barnet,2012-11-01,Freehold,545000.8222222222,452500.0,180
Barnet,2012-11-01,Leasehold,267388.98125,246000.0,160
Barnet,2012-12-01,Freehold,580997.893081761,437500.0,159
Barnet,2012-12-01,Leasehold,400867.7843137255,247000.0,153
Barnet,2013-01-01,Freehold,619371.7142857143,510000.0,175
Barnet,2013-01-01,Leasehold,302883.58895705524,250000.0,163
Barnet,2013-02-01,Freehold,638382.3924050633,497499.5,158
Barnet,2013-02-01,Leasehold,318289.55828220857,248000.0,163
Barnet,2013-03-01,Freehold,736915.0726256983,455000.0,179
Barnet,2013-03-01,Leasehold,281512.7704918033,249950.0,244
Barnet,2013-04-01,Freehold,573899.7922077922,480000.0,154
Barnet,2013-04-01,Leasehold,279091.9893617021,251000.0,188
Barnet,2013-05-01,Freehold,633865.1183431953,465000.0,169
Barnet,2013-05-01,Leasehold,273677.5341880342,246250.0,234
Barnet,2013-06-01,Freehold,710455.8524590164,480000.0,183
Barnet,2013-06-01,Leasehold,312227.5100671141,262000.0,149
Barnet,2013-07-01,Freehold,679871.5823293172,499950.0,249
Barnet,2013-07-01,Leasehold,353476.6359223301,250000.0,206
Barnet,2013-08-01,Freehold,657800.578313253,499999.0,249
Barnet,2013-08-01,Leasehold,286665.875,250000.0,256
Barnet,2013-09-01,Freehold,679853.8599033817,510000.0,207
Barnet,2013-09-01,Leasehold,272694.5,248000.0,206
Barnet,2013-10-01,Freehold,672944.2731092437,507475.0,238
Barnet,2013-10-01,Leasehold,318030.57948717946,275000.0,195
Barnet,2013-11-01,Freehold,706405.4429223745,525000.0,219
Barnet,2013-11-01,Leasehold,300022.51442307694,264500.0,208
Barnet,2013-12-01,Freehold,617786.4640883978,530000.0,181
Barnet,2013-12-01,Leasehold,303926.22777777776,264375.0,180
Barnet,2014-01-01,Freehold,687385.2602040817,585000.0,196
Barnet,2014-01-01,Leasehold,352190.4647887324,272000.0,213
Barnet,2014-02-01,Freehold,801306.1396648044,535000.0,179
Barnet,2014-02-01,Leasehold,313657.6037735849,268975.0,212
Barnet,2014-03-01,Freehold,683728.4946808511,511250.0,188
Barnet,2014-03-01,Leasehold,316229.614973262,275000.0,187
Barnet,2014-04-01,Freehold,740421.7471910112,585000.0,178
Barnet,2014-04-01,Leasehold,312986.74774774775,275000.0,222
Barnet,2014-05-01,Freehold,702680.6270270271,575000.0,185
Barnet,2014-05-01,Leasehold,342154.9421052632,275000.0,190
Barnet,2014-06-01,Freehold,703365.4673913043,575000.0,184
Barnet,2014-06-01,Leasehold,360646.9487179487,315000.0,234
Barnet,2014-07-01,Freehold,816203.8130081301,602500.0,246
Barnet,2014-07-01,Leasehold,355893.8473282443,319500.0,262
Barnet,2014-08-01,Freehold,803204.8378378379,651000.0,222
Barnet,2014-08-01,Leasehold,376432.610619469,315000.0,226
Barnet,2014-09-01,Freehold,810234.0093457944,640000.0,214
Barnet,2014-09-01,Leasehold,366127.145,318500.0,200
Barnet,2014-10-01,Freehold,724197.6859903382,580000.0,207
Barnet,2014-10-01,Leasehold,339280.0429184549,300000.0,233
Barnet,2014-11-01,Freehold,688193.6280487805,585300.0,164
Barnet,2014-11-01,Leasehold,346502.725,317500.0,200
Barnet,2014-12-01,Freehold,680540.4303030303,575000.0,165
Barnet,2014-12-01,Leasehold,410495.70967741933,330000.0,217
Barnet,2015-01-01,Freehold,681679.6358381503,560000.0,173
Barnet,2015-01-01,Leasehold,434235.5988023952,335000.0,167
Barnet,2015-02-01,Freehold,718163.1012658228,596250.0,158
Barnet,2015-02-01,Leasehold,439207.7487684729,340000.0,203
Barnet,2015-03-01,Freehold,764672.5855263158,600000.0,152
Barnet,2015-03-01,Leasehold,420509.23456790124,345000.0,243
Barnet,2015-04-01,Freehold,797996.0863309352,615000.0,139
Barnet,2015-04-01,Leasehold,412456.6477272727,345000.0,176
Barnet,2015-05-01,Freehold,647135.0359281438,580000.0,167
Barnet,2015-05-01,Leasehold,404076.04761904763,345000.0,189
Barnet,2015-06-01,Freehold,700937.8,630000.0,195
Barnet,2015-06-01,Leasehold,416296.2394957983,387500.0,238
Barnet,2015-07-01,Freehold,786681.4791666666,650000.0,240
Barnet,2015-07-01,Leasehold,338432.9756097561,330000.0,205
Barnet,2015-08-01,Freehold,702736.6418604652,600000.0,215
Barnet,2015-08-01,Leasehold,392238.385026738,340000.0,187
Barnet,2015-09-01,Freehold,887795.9282051282,655000.0,195
Barnet,2015-09-01,Leasehold,404728.6637931034,347850.0,232
Barnet,2015-10-01,Freehold,787378.1856540084,630000.0,237
Barnet,2015-10-01,Leasehold,406773.92953020136,350000.0,298
Barnet,2015-11-01,Freehold,821702.1830985915,680000.0,213
Barnet,2015-11-01,Leasehold,405052.2536231884,347000.0,276
Barnet,2015-12-01,Freehold,767716.286516854,640000.0,178
Barnet,2015-12-01,Leasehold,418194.4899328859,365750.0,298
Barnet,2016-01-01,Freehold,805193.0061728396,670000.0,162
Barnet,2016-01-01,Leasehold,401469.10555555555,365000.0,180
Barnet,2016-02-01,Freehold,758474.373493976,649975.0,166
Barnet,2016-02-01,Leasehold,427002.06796116504,370250.0,206
Barnet,2016-03-01,Freehold,864974.4872521247,692500.0,353
Barnet,2016-03-01,Leasehold,420939.2589473684,360000.0,475
Barnet,2016-04-01,Freehold,781138.0344827586,650000.0,87
Barnet,2016-04-01,Leasehold,481161.58278145693,369950.0,151
Barnet,2016-05-01,Freehold,778337.2368421053,674500.0,152
Barnet,2016-05-01,Leasehold,455869.39830508473,400000.0,236
Barnet,2016-06-01,Freehold,759602.2471910112,662500.0,178
Barnet,2016-06-01,Leasehold,436438.265993266,407500.0,297
Barnet,2016-07-01,Freehold,781318.8888888889,670000.0,180
Barnet,2016-07-01,Leasehold,434093.70192307694,389975.0,208
Barnet,2016-08-01,Freehold,751081.4733727811,655000.0,169
Barnet,2016-08-01,Leasehold,399273.39303482586,375000.0,201
Barnet,2016-09-01,Freehold,770170.7142857143,670000.0,182
Barnet,2016-09-01,Leasehold,469062.6639676113,420000.0,247
Barnet,2016-10-01,Freehold,782817.9310344828,675000.0,145
Barnet,2016-10-01,Leasehold,407103.5333333333,383500.0,210
Barnet,2016-11-01,Freehold,797311.7449664429,685000.0,149
Barnet,2016-11-01,Leasehold,403045.1666666667,389000.0,222
Barnet,2016-12-01,Freehold,846680.6121212121,735000.0,165
Barnet,2016-12-01,Leasehold,430810.7783018868,390000.0,212
Barnet,2017-01-01,Freehold,819927.8260869565,664750.0,115
Barnet,2017-01-01,Leasehold,457189.8939393939,375000.0,132
Barnet,2017-02-01,Freehold,810195.6785714285,725000.0,140
Barnet,2017-02-01,Leasehold,426938.97005988023,390000.0,167
Barnet,2017-03-01,Freehold,1000586.3618421053,697500.0,152
Barnet,2017-03-01,Leasehold,448515.10833333334,426750.0,240
Barnet,2017-04-01,Freehold,957414.1538461539,722500.0,130
Barnet,2017-04-01,Leasehold,551879.2285714286,445000.0,140
Barnet,2017-05-01,Freehold,888887.7823129252,735000.0,147
Barnet,2017-05-01,Leasehold,473892.2393617021,450000.0,188
Barnet,2017-06-01,Freehold,835489.4693877551,745000.0,147
Barnet,2017-06-01,Leasehold,541830.3280632411,442000.0,253
Barnet,2017-07-01,Freehold,883626.4025974026,691250.0,154
Barnet,2017-07-01,Leasehold,430338.04848484846,386000.0,165
Barnet,2017-08-01,Freehold,832804.0238095238,665500.0,168
Barnet,2017-08-01,Leasehold,563280.2978723404,420000.0,188
Barnet,2017-09-01,Freehold,831275.754385965,750000.0,171
Barnet,2017-09-01,Leasehold,487485.0961538461,425000.0,156
Barnet,2017-10-01,Freehold,876286.9139784946,731000.0,186
Barnet,2017-10-01,Leasehold,451176.14093959733,400000.0,149
Barnet,2017-11-01,Freehold,841158.0,742500.0,150
Barnet,2017-11-01,Leasehold,423812.0552147239,400000.0,163
Barnet,2017-12-01,Freehold,824473.9263803681,745000.0,163
Barnet,2017-12-01,Leasehold,604992.7446808511,410000.0,141
Barnet,2018-01-01,Freehold,806359.9159663866,745000.0,119
Barnet,2018-01-01,Leasehold,391356.9173553719,375000.0,121
Barnet,2018-02-01,Freehold,881723.515625,752500.0,128
Barnet,2018-02-01,Leasehold,427921.75939849624,402000.0,133
Barnet,2018-03-01,Freehold,1005934.3624161074,760000.0,149
Barnet,2018-03-01,Leasehold,445212.3219178082,392500.0,146
Barnet,2018-04-01,Freehold,864073.9043478261,650000.0,115
Barnet,2018-04-01,Leasehold,495405.6484848485,410000.0,165
Barnet,2018-05-01,Freehold,756239.0,635000.0,117
Barnet,2018-05-01,Leasehold,435493.275862069,399000.0,116
Barnet,2018-06-01,Freehold,791058.328358209,706000.0,134
Barnet,2018-06-01,Leasehold,419530.10238907847,425000.0,293
Barnet,2018-07-01,Freehold,899376.2792207792,720500.0,154
Barnet,2018-07-01,Leasehold,426090.43859649124,399950.0,171
Barnet,2018-08-01,Freehold,802603.4162162162,740000.0,185
Barnet,2018-08-01,Leasehold,446072.0380952381,415750.0,210
Barnet,2018-09-01,Freehold,910136.8613138687,750000.0,137
Barnet,2018-09-01,Leasehold,465066.4898989899,430000.0,198
Barnet,2018-10-01,Freehold,886278.3783783783,747000.0,148
Barnet,2018-10-01,Leasehold,450927.0294117647,405000.0,170
Barnet,2018-11-01,Freehold,874787.514084507,710125.0,142
Barnet,2018-11-01,Leasehold,461811.0,429950.0,167
Barnet,2018-12-01,Freehold,764885.106870229,710000.0,131
Barnet,2018-12-01,Leasehold,480985.45098039217,424500.0,204
Barnet,2019-01-01,Freehold,886178.4180327869,695000.0,122
Barnet,2019-01-01,Leasehold,455846.91124260356,435000.0,169
Barnet,2019-02-01,Freehold,797053.2110091744,700000.0,109
Barnet,2019-02-01,Leasehold,457446.17482517485,425000.0,143
Barnet,2019-03-01,Freehold,802630.8225806452,655625.0,124
Barnet,2019-03-01,Leasehold,419654.8051948052,391250.0,154
Barnet,2019-04-01,Freehold,861638.9925925926,675000.0,135
Barnet,2019-04-01,Leasehold,448956.8097826087,417212.5,184
Barnet,2019-05-01,Freehold,733607.7265625,675000.0,128
Barnet,2019-05-01,Leasehold,429717.97340425535,419000.0,188
Barnet,2019-06-01,Freehold,911584.6046511628,685000.0,129
Barnet,2019-06-01,Leasehold,458904.078125,434500.0,256
Barnet,2019-07-01,Freehold,845597.5796178344,720000.0,157
Barnet,2019-07-01,Leasehold,445759.4347826087,405000.0,161
Barnet,2019-08-01,Freehold,841789.5159574468,736000.0,188
Barnet,2019-08-01,Leasehold,438090.34574468085,426250.0,188
Barnet,2019-09-01,Freehold,855924.9384615384,677500.0,130
Barnet,2019-09-01,Leasehold,489516.5096774194,407952.0,155
Barnet,2019-10-01,Freehold,728929.9371069182,685000.0,159
Barnet,2019-10-01,Leasehold,453554.2888888889,405000.0,135
Barnet,2019-11-01,Freehold,860686.3636363636,683750.0,154
Barnet,2019-11-01,Leasehold,468217.8456375839,400000.0,149
Barnet,2019-12-01,Freehold,850295.6507936508,660000.0,126
Barnet,2019-12-01,Leasehold,480338.54198473284,440000.0,131
Barnet,2020-01-01,Freehold,993860.9016393443,670000.0,122
Barnet,2020-01-01,Leasehold,426594.10714285716,387500.0,112
Barnet,2020-02-01,Freehold,840893.5810810811,673500.0,148
Barnet,2020-02-01,Leasehold,470738.2231404959,385000.0,121
Barnet,2020-03-01,Freehold,907528.3835616439,752500.0,146
Barnet,2020-03-01,Leasehold,436076.5028571429,430000.0,175
Barnet,2020-04-01,Freehold,864349.1643835617,742000.0,73
Barnet,2020-04-01,Leasehold,503276.59574468085,395000.0,47
Barnet,2020-05-01,Freehold,825119.2173913043,705000.0,46
Barnet,2020-05-01,Leasehold,427640.4117647059,427500.0,34
Barnet,2020-06-01,Freehold,943843.2989690722,685000.0,97
Barnet,2020-06-01,Leasehold,432664.6666666667,385000.0,75
Barnet,2020-07-01,Freehold,867046.7214285714,659750.0,140
Barnet,2020-07-01,Leasehold,453371.9396551724,422500.0,116
Barnet,2020-08-01,Freehold,872007.6783216783,693350.0,143
Barnet,2020-08-01,Leasehold,480314.453125,424750.0,128
Barnet,2020-09-01,Freehold,902047.164893617,752500.0,188
Barnet,2020-09-01,Leasehold,497464.34065934067,450000.0,182
Barnet,2020-10-01,Freehold,925195.0261780105,715000.0,191
Barnet,2020-10-01,Leasehold,474593.0895522388,410000.0,201
Barnet,2020-11-01,Freehold,932948.4708737864,725000.0,206
Barnet,2020-11-01,Leasehold,457127.17441860464,400000.0,172
Barnet,2020-12-01,Freehold,926459.7058823529,731500.0,221
Barnet,2020-12-01,Leasehold,448540.5829959514,425000.0,247
Barnet,2021-01-01,Freehold,930724.8380952381,805000.0,210
Barnet,2021-01-01,Leasehold,450181.24822695035,384120.0,141
Barnet,2021-02-01,Freehold,885318.6227272727,729999.5,220
Barnet,2021-02-01,Leasehold,460602.44102564105,410000.0,195
Barnet,2021-03-01,Freehold,862092.700258398,750000.0,387
Barnet,2021-03-01,Leasehold,460899.2535714286,420000.0,280
Barnet,2021-04-01,Freehold,914768.2717948718,735000.0,195
Barnet,2021-04-01,Leasehold,427573.79375,385750.0,160
Barnet,2021-05-01,Freehold,829340.4551282051,682500.0,156
Barnet,2021-05-01,Leasehold,442827.4453125,390026.5,128
Barnet,2021-06-01,Freehold,959590.36,775000.0,600
Barnet,2021-06-01,Leasehold,477214.1948051948,430000.0,539
Barnet,2021-07-01,Freehold,1011488.4615384615,830000.0,39
Barnet,2021-07-01,Leasehold,431663.69863013696,410000.0,73
Barnet,2021-08-01,Freehold,1162638.184,790000.0,125
Barnet,2021-08-01,Leasehold,476375.7033898305,402076.5,118
Barnet,2021-09-01,Freehold,893523.4147157191,760000.0,299
Barnet,2021-09-01,Leasehold,465967.9792387543,434000.0,289
Barnet,2021-10-01,Freehold,1085210.9326923077,800000.0,104
Barnet,2021-10-01,Leasehold,442456.3560606061,456500.0,132
Barnet,2021-11-01,Freehold,1060957.719745223,810360.0,157
Barnet,2021-11-01,Leasehold,483366.176,405000.0,125
Barnet,2021-12-01,Freehold,1025230.1392405063,840000.0,158
Barnet,2021-12-01,Leasehold,483130.9591836735,450000.0,196
Barnet,2022-01-01,Freehold,1043940.0896551724,830000.0,145
Barnet,2022-01-01,Leasehold,497519.6611570248,413500.0,121
Barnet,2022-02-01,Freehold,928502.1951219512,760000.0,164
Barnet,2022-02-01,Leasehold,506489.8131868132,437500.0,182
Barnet,2022-03-01,Freehold,1282263.797927461,785000.0,193
Barnet,2022-03-01,Leasehold,476857.0763052209,466000.0,249
Barnet,2022-04-01,Freehold,1050208.864516129,850000.0,155
Barnet,2022-04-01,Leasehold,452645.949044586,415000.0,157
Barnet,2022-05-01,Freehold,1082142.0847457626,799950.0,177
Barnet,2022-05-01,Leasehold,489811.7807486631,425000.0,187
Barnet,2022-06-01,Freehold,1033668.9402173914,818250.0,184
Barnet,2022-06-01,Leasehold,532298.6278195488,460000.0,266
Barnet,2022-07-01,Freehold,936368.063583815,800000.0,173
Barnet,2022-07-01,Leasehold,452527.92063492065,410000.0,189
Barnet,2022-08-01,Freehold,1112771.607142857,830000.0,196
Barnet,2022-08-01,Leasehold,491048.5847953216,455000.0,171
Barnet,2022-09-01,Freehold,1045931.4212962963,795000.0,216
Barnet,2022-09-01,Leasehold,473029.9826839827,455000.0,231
Barnet,2022-10-01,Freehold,1106130.3488372094,859000.0,172
Barnet,2022-10-01,Leasehold,513638.4666666667,450000.0,180
Barnet,2022-11-01,Freehold,1016613.3522727273,850000.0,176
Barnet,2022-11-01,Leasehold,454388.9128440367,420000.0,218
Barnet,2022-12-01,Freehold,1143726.3445945946,842500.0,148
Barnet,2022-12-01,Leasehold,480246.9029535865,445000.0,237
Barnet,2023-01-01,Freehold,961164.7851851851,800000.0,135
Barnet,2023-01-01,Leasehold,601694.4920634921,435000.0,126
Barnet,2023-02-01,Freehold,1123981.6513761468,855000.0,109
Barnet,2023-02-01,Leasehold,501938.77358490566,461500.0,106
Barnet,2023-03-01,Freehold,1024235.7983193278,820000.0,119
Barnet,2023-03-01,Leasehold,491332.3333333333,422000.0,213
Barnet,2023-04-01,Freehold,892006.0212765958,737500.0,94
Barnet,2023-04-01,Leasehold,451119.4252873563,405000.0,87
Barnet,2023-05-01,Freehold,900565.8666666667,718750.0,90
Barnet,2023-05-01,Leasehold,458032.9802631579,404987.5,152
Barnet,2023-06-01,Freehold,1167100.3643410853,850000.0,129
Barnet,2023-06-01,Leasehold,485740.4285714286,435000.0,147
Barnet,2023-07-01,Freehold,1093197.3684210526,829000.0,152
Barnet,2023-07-01,Leasehold,470284.9326923077,406250.0,104
Barnet,2023-08-01,Freehold,968314.06,817500.0,150
Barnet,2023-08-01,Leasehold,451177.0,410000.0,125
Barnet,2023-09-01,Freehold,1178348.7753623188,842500.0,138
Barnet,2023-09-01,Leasehold,454292.821656051,415000.0,157
Barnet,2023-10-01,Freehold,1113324.375,825000.0,136
Barnet,2023-10-01,Leasehold,456981.47101449274,435000.0,138
Barnet,2023-11-01,Freehold,1044392.2426470588,822500.0,136
Barnet,2023-11-01,Leasehold,491330.3625,432500.0,160
Barnet,2023-12-01,Freehold,989295.9166666666,726000.0,120
Barnet,2023-12-01,Leasehold,448210.99029126216,399000.0,103
Barnet,2024-01-01,Freehold,940250.3925925926,800000.0,135
Barnet,2024-01-01,Leasehold,463212.1649484536,400000.0,97
Barnet,2024-02-01,Freehold,1051513.6792452831,767500.0,106
Barnet,2024-02-01,Leasehold,433917.9212598425,400000.0,127
Barnet,2024-03-01,Freehold,1078825.294117647,822620.0,136
Barnet,2024-03-01,Leasehold,435299.7641509434,402500.0,106
Barnet,2024-04-01,Freehold,1101204.5454545454,823000.0,121
Barnet,2024-04-01,Leasehold,541877.3275862068,402500.0,116
Barnet,2024-05-01,Freehold,916634.7077922078,810000.0,154
Barnet,2024-05-01,Leasehold,446914.56,420000.0,125
Barnet,2024-06-01,Freehold,1100480.809859155,827500.0,142
Barnet,2024-06-01,Leasehold,454152.7923497268,415000.0,183
Barnet,2024-07-01,Freehold,1143285.7258064516,840000.0,186
Barnet,2024-07-01,Leasehold,463309.104,416000.0,125
Barnet,2024-08-01,Freehold,1027402.137755102,852500.0,196
Barnet,2024-08-01,Leasehold,456766.56934306567,405000.0,137
Barnet,2024-09-01,Freehold,852082.8467153285,775000.0,137
Barnet,2024-09-01,Leasehold,503138.95070422534,416000.0,142
Barnet,2024-10-01,Freehold,1092418.7700534759,770000.0,187
Barnet,2024-10-01,Leasehold,478603.2574850299,435000.0,167
Barnet,2024-11-01,Freehold,1007012.9565217391,847750.0,138
Barnet,2024-11-01,Leasehold,479092.16438356164,415000.0,146
Barnet,2024-12-01,Freehold,907015.6474820144,750000.0,139
Barnet,2024-12-01,Leasehold,472628.0202020202,430000.0,198
Barnet,2025-01-01,Freehold,918307.3648648649,760000.0,148
Barnet,2025-01-01,Leasehold,469746.3165467626,425280.0,139
Barnet,2025-02-01,Freehold,925715.076433121,750000.0,157
Barnet,2025-02-01,Leasehold,453482.5172413793,415000.0,145
Barnet,2025-03-01,Freehold,879089.3779069767,710750.0,344
Barnet,2025-03-01,Leasehold,457342.93472584855,420000.0,383
Barnet,2025-04-01,Freehold,1060178.3018867925,850000.0,53
Barnet,2025-04-01,Leasehold,445544.3209876543,396625.0,81
Barnet,2025-05-01,Freehold,1131285.1844660195,820000.0,103
Barnet,2025-05-01,Leasehold,618604.9206349206,459000.0,126
Barnet,2025-06-01,Freehold,1036556.2115384615,825000.0,156
Barnet,2025-06-01,Leasehold,481859.23423423426,400000.0,111
Barnet,2025-07-01,Freehold,947927.283018868,765000.0,159
Barnet,2025-07-01,Leasehold,562431.1428571428,425000.0,105
Barnet,2025-08-01,Freehold,947602.6490066225,810000.0,151
Barnet,2025-08-01,Leasehold,388040.4666666667,360000.0,105
Barnet,2025-09-01,Freehold,988763.4430379746,815000.0,158
Barnet,2025-09-01,Leasehold,445858.46078431373,399975.0,102
Barnet,2025-10-01,Freehold,936672.6228571428,813000.0,175
Barnet,2025-10-01,Leasehold,456858.16346153844,398750.0,104
Barnet,2025-11-01,Freehold,1069371.5447154471,817000.0,123
Barnet,2025-11-01,Leasehold,416742.02127659577,387500.0,94
Barnet,2025-12-01,Freehold,819471.0,665500.0,100
Barnet,2025-12-01,Leasehold,433088.02803738316,375000.0,107
Barnet,2026-01-01,Freehold,861935.2210526316,749000.0,95
Barnet,2026-01-01,Leasehold,422291.14492753625,390000.0,69
Barnet,2026-02-01,Freehold,910004.0206185566,760000.0,97
Barnet,2026-02-01,Leasehold,410809.6935483871,371250.0,62
Barnet,2026-03-01,Freehold,801007.7582417582,737500.0,91
Barnet,2026-03-01,Leasehold,377112.96,365000.0,75
Barnet,2026-04-01,Freehold,770090.0,722500.0,50
Barnet,2026-04-01,Leasehold,390762.0,380000.0,50
Barnet,2026-05-01,Freehold,813891.304347826,680000.0,23
Barnet,2026-05-01,Leasehold,491157.8947368421,470000.0,19
Bexley,2006-01-01,Freehold,225738.3818181818,214500.0,220
Bexley,2006-01-01,Leasehold,138223.6231884058,135000.0,69
Bexley,2006-02-01,Freehold,213305.7330316742,200000.0,221
Bexley,2006-02-01,Leasehold,135200.23255813954,136250.0,86
Bexley,2006-03-01,Freehold,225729.17824773415,209950.0,331
Bexley,2006-03-01,Leasehold,128487.87387387388,125000.0,111
Bexley,2006-04-01,Freehold,232770.9961832061,213250.0,262
Bexley,2006-04-01,Leasehold,142461.0606060606,133500.0,66
Bexley,2006-05-01,Freehold,222494.4691780822,215000.0,292
Bexley,2006-05-01,Leasehold,137014.21348314607,136000.0,89
Bexley,2006-06-01,Freehold,226005.30107526883,210000.0,372
Bexley,2006-06-01,Leasehold,133203.6274509804,129247.5,102
Bexley,2006-07-01,Freehold,225150.4361111111,210000.0,360
Bexley,2006-07-01,Leasehold,138269.48979591837,140000.0,98
Bexley,2006-08-01,Freehold,239286.9890410959,222500.0,365
Bexley,2006-08-01,Leasehold,142687.94444444444,141500.0,108
Bexley,2006-09-01,Freehold,229426.01162790696,212000.0,344
Bexley,2006-09-01,Leasehold,141821.21818181817,135500.0,110
Bexley,2006-10-01,Freehold,233898.40740740742,220000.0,378
Bexley,2006-10-01,Leasehold,143794.9,140500.0,110
Bexley,2006-11-01,Freehold,235794.28070175438,225000.0,342
Bexley,2006-11-01,Leasehold,138471.94285714286,133000.0,105
Bexley,2006-12-01,Freehold,242015.2301369863,225000.0,365
Bexley,2006-12-01,Leasehold,161361.2421875,154750.0,128
Bexley,2007-01-01,Freehold,235110.54697986576,223000.0,298
Bexley,2007-01-01,Leasehold,149358.25,147000.0,100
Bexley,2007-02-01,Freehold,232685.07382550335,219997.5,298
Bexley,2007-02-01,Leasehold,147613.38461538462,145500.0,91
Bexley,2007-03-01,Freehold,238694.9331210191,226750.0,314
Bexley,2007-03-01,Leasehold,144326.82692307694,144500.0,104
Bexley,2007-04-01,Freehold,251174.64259927798,227000.0,277
Bexley,2007-04-01,Leasehold,155110.49462365592,155000.0,93
Bexley,2007-05-01,Freehold,249623.27272727274,230000.0,308
Bexley,2007-05-01,Leasehold,151415.4606741573,153000.0,89
Bexley,2007-06-01,Freehold,247989.08459214502,239000.0,331
Bexley,2007-06-01,Leasehold,149813.4820143885,150000.0,139
Bexley,2007-07-01,Freehold,255551.50659630608,238000.0,379
Bexley,2007-07-01,Leasehold,154954.16666666666,150500.0,126
Bexley,2007-08-01,Freehold,253779.30508474575,245000.0,413
Bexley,2007-08-01,Leasehold,152765.06382978722,153000.0,141
Bexley,2007-09-01,Freehold,248806.64261168384,232500.0,291
Bexley,2007-09-01,Leasehold,151662.5145631068,150000.0,103
Bexley,2007-10-01,Freehold,245838.92067988668,230000.0,353
Bexley,2007-10-01,Leasehold,153359.55238095237,153000.0,105
Bexley,2007-11-01,Freehold,261084.1387096774,241500.0,310
Bexley,2007-11-01,Leasehold,148990.10869565216,153750.0,92
Bexley,2007-12-01,Freehold,253268.39814814815,235000.0,216
Bexley,2007-12-01,Leasehold,163625.1724137931,160000.0,87
Bexley,2008-01-01,Freehold,251789.47894736842,240000.0,190
Bexley,2008-01-01,Leasehold,155625.0806451613,160000.0,62
Bexley,2008-02-01,Freehold,244021.9,227250.0,200
Bexley,2008-02-01,Leasehold,151836.51162790696,151750.0,86
Bexley,2008-03-01,Freehold,258828.53333333333,238000.0,165
Bexley,2008-03-01,Leasehold,157937.8088235294,158000.0,68
Bexley,2008-04-01,Freehold,249165.93373493975,245000.0,166
Bexley,2008-04-01,Leasehold,157851.9696969697,155000.0,66
Bexley,2008-05-01,Freehold,253005.15337423314,238000.0,163
Bexley,2008-05-01,Leasehold,158335.6,154750.0,70
Bexley,2008-06-01,Freehold,240568.9319727891,232000.0,147
Bexley,2008-06-01,Leasehold,152097.14285714287,152250.0,70
Bexley,2008-07-01,Freehold,251838.03144654087,231000.0,159
Bexley,2008-07-01,Leasehold,157329.71153846153,149250.0,52
Bexley,2008-08-01,Freehold,245711.65972222222,230000.0,144
Bexley,2008-08-01,Leasehold,151401.27450980392,155000.0,51
Bexley,2008-09-01,Freehold,246077.34653465348,227000.0,101
Bexley,2008-09-01,Leasehold,172768.27380952382,177500.0,84
Bexley,2008-10-01,Freehold,241364.91666666666,220000.0,120
Bexley,2008-10-01,Leasehold,145700.95238095237,140000.0,42
Bexley,2008-11-01,Freehold,235044.24242424243,215000.0,99
Bexley,2008-11-01,Leasehold,145999.97368421053,145000.0,38
Bexley,2008-12-01,Freehold,221662.19642857142,209833.0,112
Bexley,2008-12-01,Leasehold,148021.73913043478,149500.0,46
Bexley,2009-01-01,Freehold,234464.26785714287,210000.0,56
Bexley,2009-01-01,Leasehold,154857.92307692306,150000.0,26
Bexley,2009-02-01,Freehold,222959.8148148148,196000.0,81
Bexley,2009-02-01,Leasehold,135297.38095238095,137000.0,21
Bexley,2009-03-01,Freehold,205196.585106383,196250.0,94
Bexley,2009-03-01,Leasehold,131612.90322580645,135000.0,31
Bexley,2009-04-01,Freehold,220943.6036036036,212000.0,111
Bexley,2009-04-01,Leasehold,135863.26923076922,133750.0,26
Bexley,2009-05-01,Freehold,212357.77083333334,207500.0,144
Bexley,2009-05-01,Leasehold,143046.71875,145000.0,32
Bexley,2009-06-01,Freehold,222066.70547945207,209250.0,146
Bexley,2009-06-01,Leasehold,150366.5,146750.0,30
Bexley,2009-07-01,Freehold,230009.77540106952,212000.0,187
Bexley,2009-07-01,Leasehold,142534.53488372092,139995.0,43
Bexley,2009-08-01,Freehold,223871.7027027027,207500.0,185
Bexley,2009-08-01,Leasehold,136865.60975609755,137000.0,41
Bexley,2009-09-01,Freehold,237405.61797752808,210000.0,178
Bexley,2009-09-01,Leasehold,143335.7142857143,150000.0,35
Bexley,2009-10-01,Freehold,237344.36842105264,214000.0,190
Bexley,2009-10-01,Leasehold,145825.44186046513,147500.0,43
Bexley,2009-11-01,Freehold,225798.7748344371,214000.0,151
Bexley,2009-11-01,Leasehold,143727.27272727274,143500.0,44
Bexley,2009-12-01,Freehold,226728.73873873873,215000.0,222
Bexley,2009-12-01,Leasehold,152179.42647058822,154375.0,68
Bexley,2010-01-01,Freehold,231099.7247706422,225000.0,109
Bexley,2010-01-01,Leasehold,145544.11764705883,138750.0,17
Bexley,2010-02-01,Freehold,247830.78723404257,230000.0,141
Bexley,2010-02-01,Leasehold,152835.0,148500.0,39
Bexley,2010-03-01,Freehold,243581.5923566879,225000.0,157
Bexley,2010-03-01,Leasehold,142746.17647058822,146875.0,34
Bexley,2010-04-01,Freehold,243995.1393939394,229000.0,165
Bexley,2010-04-01,Leasehold,149391.8918918919,147500.0,37
Bexley,2010-05-01,Freehold,241284.4064171123,226000.0,187
Bexley,2010-05-01,Leasehold,141869.66666666666,137000.0,48
Bexley,2010-06-01,Freehold,236541.2,225000.0,175
Bexley,2010-06-01,Leasehold,144780.0,150000.0,33
Bexley,2010-07-01,Freehold,254689.48039215687,235000.0,204
Bexley,2010-07-01,Leasehold,143810.0,135000.0,45
Bexley,2010-08-01,Freehold,246999.13705583755,235000.0,197
Bexley,2010-08-01,Leasehold,147178.30188679244,152000.0,53
Bexley,2010-09-01,Freehold,248993.67403314917,230000.0,181
Bexley,2010-09-01,Leasehold,153567.6,156000.0,50
Bexley,2010-10-01,Freehold,248579.3505154639,233500.0,194
Bexley,2010-10-01,Leasehold,131802.63157894736,130000.0,38
Bexley,2010-11-01,Freehold,245327.125748503,232500.0,167
Bexley,2010-11-01,Leasehold,135786.58536585365,135000.0,41
Bexley,2010-12-01,Freehold,259709.68253968254,236325.0,126
Bexley,2010-12-01,Leasehold,139162.02702702704,145000.0,37
Bexley,2011-01-01,Freehold,242648.5945945946,235000.0,111
Bexley,2011-01-01,Leasehold,143627.5,132975.0,56
Bexley,2011-02-01,Freehold,241593.2142857143,232750.0,112
Bexley,2011-02-01,Leasehold,144152.77777777778,140000.0,36
Bexley,2011-03-01,Freehold,236262.8633093525,225000.0,139
Bexley,2011-03-01,Leasehold,138030.0,136500.0,40
Bexley,2011-04-01,Freehold,252663.00675675675,242750.0,148
Bexley,2011-04-01,Leasehold,146135.8,143000.0,50
Bexley,2011-05-01,Freehold,252563.64285714287,234000.0,168
Bexley,2011-05-01,Leasehold,136660.5357142857,140000.0,28
Bexley,2011-06-01,Freehold,252706.20297029702,235000.0,202
Bexley,2011-06-01,Leasehold,136104.04255319148,135000.0,47
Bexley,2011-07-01,Freehold,248909.6739130435,235000.0,184
Bexley,2011-07-01,Leasehold,142816.25,136500.0,40
Bexley,2011-08-01,Freehold,251275.48087431694,235000.0,183
Bexley,2011-08-01,Leasehold,138177.5,140000.0,38
Bexley,2011-09-01,Freehold,251726.66990291263,228750.0,206
Bexley,2011-09-01,Leasehold,145978.83720930232,146000.0,43
Bexley,2011-10-01,Freehold,241461.55102040817,228250.0,196
Bexley,2011-10-01,Leasehold,137144.73684210525,141500.0,38
Bexley,2011-11-01,Freehold,248205.20652173914,231997.5,184
Bexley,2011-11-01,Leasehold,135145.27272727274,137500.0,55
Bexley,2011-12-01,Freehold,247465.56097560975,230000.0,205
Bexley,2011-12-01,Leasehold,134917.95454545456,128500.0,44
Bexley,2012-01-01,Freehold,236572.4081632653,225000.0,147
Bexley,2012-01-01,Leasehold,142659.25,141500.0,40
Bexley,2012-02-01,Freehold,266320.55244755244,240000.0,143
Bexley,2012-02-01,Leasehold,140645.3076923077,140000.0,39
Bexley,2012-03-01,Freehold,236747.60465116278,225000.0,215
Bexley,2012-03-01,Leasehold,151650.98484848486,154500.0,66
Bexley,2012-04-01,Freehold,251412.9527559055,238000.0,127
Bexley,2012-04-01,Leasehold,146171.85483870967,145000.0,62
Bexley,2012-05-01,Freehold,261948.63924050634,237500.0,158
Bexley,2012-05-01,Leasehold,148482.54545454544,145000.0,55
Bexley,2012-06-01,Freehold,257058.70833333334,241500.0,168
Bexley,2012-06-01,Leasehold,151208.15476190476,147950.0,84
Bexley,2012-07-01,Freehold,254390.85507246378,240000.0,207
Bexley,2012-07-01,Leasehold,142928.98648648648,139500.0,74
Bexley,2012-08-01,Freehold,264715.3946188341,246000.0,223
Bexley,2012-08-01,Leasehold,149275.68181818182,148000.0,66
Bexley,2012-09-01,Freehold,250271.07894736843,225000.0,152
Bexley,2012-09-01,Leasehold,147386.6379310345,143000.0,58
Bexley,2012-10-01,Freehold,247264.49738219896,239999.0,191
Bexley,2012-10-01,Leasehold,144926.36,144000.0,75
Bexley,2012-11-01,Freehold,258314.46766169154,242500.0,201
Bexley,2012-11-01,Leasehold,147823.76829268291,140000.0,82
Bexley,2012-12-01,Freehold,262611.85714285716,248750.0,168
Bexley,2012-12-01,Leasehold,167453.3924050633,162500.0,79
Bexley,2013-01-01,Freehold,262954.92142857146,240000.0,140
Bexley,2013-01-01,Leasehold,154536.51162790696,153000.0,43
Bexley,2013-02-01,Freehold,264766.1907894737,247750.0,152
Bexley,2013-02-01,Leasehold,154882.88372093023,144000.0,43
Bexley,2013-03-01,Freehold,252906.70658682636,230000.0,167
Bexley,2013-03-01,Leasehold,146736.8275862069,142247.5,58
Bexley,2013-04-01,Freehold,267998.69942196534,249000.0,173
Bexley,2013-04-01,Leasehold,148893.59375,143247.5,64
Bexley,2013-05-01,Freehold,256295.8318965517,244000.0,232
Bexley,2013-05-01,Leasehold,166780.25490196078,157000.0,51
Bexley,2013-06-01,Freehold,265699.4968553459,250000.0,159
Bexley,2013-06-01,Leasehold,158777.311827957,150000.0,93
Bexley,2013-07-01,Freehold,263063.0090909091,246000.0,220
Bexley,2013-07-01,Leasehold,159157.77922077922,148950.0,77
Bexley,2013-08-01,Freehold,261574.3464285714,249995.0,280
Bexley,2013-08-01,Leasehold,150594.0918367347,146950.0,98
Bexley,2013-09-01,Freehold,268357.01762114535,250000.0,227
Bexley,2013-09-01,Leasehold,157909.0804597701,148000.0,87
Bexley,2013-10-01,Freehold,268320.48230088496,249475.0,226
Bexley,2013-10-01,Leasehold,160485.70408163266,150500.0,98
Bexley,2013-11-01,Freehold,278980.17529880477,250000.0,251
Bexley,2013-11-01,Leasehold,157505.37894736842,150000.0,95
Bexley,2013-12-01,Freehold,271554.89830508473,250000.0,236
Bexley,2013-12-01,Leasehold,167010.43037974683,166500.0,79
Bexley,2014-01-01,Freehold,279090.6844444444,250000.0,225
Bexley,2014-01-01,Leasehold,158429.27586206896,160000.0,87
Bexley,2014-02-01,Freehold,283725.66222222225,268000.0,225
Bexley,2014-02-01,Leasehold,162033.78666666665,162500.0,75
Bexley,2014-03-01,Freehold,278676.2976744186,250000.0,215
Bexley,2014-03-01,Leasehold,158258.57142857142,162000.0,77
Bexley,2014-04-01,Freehold,288192.5355191257,260000.0,183
Bexley,2014-04-01,Leasehold,160707.58241758242,160000.0,91
Bexley,2014-05-01,Freehold,290353.09722222225,280000.0,216
Bexley,2014-05-01,Leasehold,176287.98245614034,169995.0,57
Bexley,2014-06-01,Freehold,316810.6141078838,298000.0,241
Bexley,2014-06-01,Leasehold,176138.02325581395,172995.0,86
Bexley,2014-07-01,Freehold,313495.97540983604,300000.0,244
Bexley,2014-07-01,Leasehold,182366.12213740457,187500.0,131
Bexley,2014-08-01,Freehold,317192.34154929576,299995.0,284
Bexley,2014-08-01,Leasehold,175747.33333333334,167000.0,87
Bexley,2014-09-01,Freehold,314689.792,294997.5,250
Bexley,2014-09-01,Leasehold,182565.45977011495,185000.0,87
Bexley,2014-10-01,Freehold,323685.52653061226,305000.0,245
Bexley,2014-10-01,Leasehold,175515.0,180000.0,102
Bexley,2014-11-01,Freehold,319886.78873239434,290000.0,213
Bexley,2014-11-01,Leasehold,165555.95283018867,155995.0,106
Bexley,2014-12-01,Freehold,322822.69547325105,300500.0,243
Bexley,2014-12-01,Leasehold,178506.77272727274,182250.0,110
Bexley,2015-01-01,Freehold,316741.3212435233,300000.0,193
Bexley,2015-01-01,Leasehold,180833.6,183000.0,75
Bexley,2015-02-01,Freehold,323403.4450867052,300000.0,173
Bexley,2015-02-01,Leasehold,177669.75409836066,177500.0,61
Bexley,2015-03-01,Freehold,317897.7445652174,305250.0,184
Bexley,2015-03-01,Leasehold,178936.91176470587,185000.0,68
Bexley,2015-04-01,Freehold,331667.23560209427,315000.0,191
Bexley,2015-04-01,Leasehold,177938.27160493826,182000.0,81
Bexley,2015-05-01,Freehold,328530.8963963964,315000.0,222
Bexley,2015-05-01,Leasehold,181263.5185185185,170750.0,108
Bexley,2015-06-01,Freehold,336079.7937219731,315000.0,223
Bexley,2015-06-01,Leasehold,179772.16666666666,175000.0,150
Bexley,2015-07-01,Freehold,360214.81412639405,330000.0,269
Bexley,2015-07-01,Leasehold,188251.24489795917,187500.0,147
Bexley,2015-08-01,Freehold,347271.109375,326500.0,256
Bexley,2015-08-01,Leasehold,199887.55813953487,193050.0,86
Bexley,2015-09-01,Freehold,352340.093220339,325000.0,236
Bexley,2015-09-01,Leasehold,197058.9247311828,187995.0,93
Bexley,2015-10-01,Freehold,348463.316,335000.0,250
Bexley,2015-10-01,Leasehold,191257.8103448276,185250.0,116
Bexley,2015-11-01,Freehold,356264.0786026201,350000.0,229
Bexley,2015-11-01,Leasehold,190100.66326530612,183872.5,98
Bexley,2015-12-01,Freehold,373316.2886178862,350000.0,246
Bexley,2015-12-01,Leasehold,201698.10975609755,205500.0,82
Bexley,2016-01-01,Freehold,397050.0867052023,360500.0,173
Bexley,2016-01-01,Leasehold,202798.18181818182,200000.0,55
Bexley,2016-02-01,Freehold,385531.2,364995.0,195
Bexley,2016-02-01,Leasehold,247268.3853211009,249950.0,109
Bexley,2016-03-01,Freehold,368902.4210526316,350000.0,285
Bexley,2016-03-01,Leasehold,215644.23611111112,220612.5,144
Bexley,2016-04-01,Freehold,383683.44516129035,361000.0,155
Bexley,2016-04-01,Leasehold,241190.28070175438,242000.0,57
Bexley,2016-05-01,Freehold,384334.93827160494,359500.0,162
Bexley,2016-05-01,Leasehold,212790.65217391305,205000.0,69
Bexley,2016-06-01,Freehold,387034.4095744681,370000.0,188
Bexley,2016-06-01,Leasehold,222396.4,230000.0,75
Bexley,2016-07-01,Freehold,398189.02803738316,370250.0,214
Bexley,2016-07-01,Leasehold,223937.03296703298,220000.0,91
Bexley,2016-08-01,Freehold,385607.14027149323,365000.0,221
Bexley,2016-08-01,Leasehold,230922.7397260274,237500.0,73
Bexley,2016-09-01,Freehold,404385.07042253524,380000.0,213
Bexley,2016-09-01,Leasehold,226419.15294117646,231000.0,85
Bexley,2016-10-01,Freehold,399090.21078431373,380000.0,204
Bexley,2016-10-01,Leasehold,208593.42105263157,214250.0,76
Bexley,2016-11-01,Freehold,387933.7549019608,365000.0,204
Bexley,2016-11-01,Leasehold,224504.73333333334,230000.0,75
Bexley,2016-12-01,Freehold,391819.3546511628,366250.0,172
Bexley,2016-12-01,Leasehold,228369.39759036145,243000.0,83
Bexley,2017-01-01,Freehold,395775.6046511628,375250.0,172
Bexley,2017-01-01,Leasehold,214933.30188679244,225000.0,53
Bexley,2017-02-01,Freehold,393293.9226519337,370000.0,181
Bexley,2017-02-01,Leasehold,234005.44776119402,238000.0,67
Bexley,2017-03-01,Freehold,390384.87709497206,367000.0,179
Bexley,2017-03-01,Leasehold,221691.338028169,230000.0,71
Bexley,2017-04-01,Freehold,378095.0240963855,358500.0,166
Bexley,2017-04-01,Leasehold,229816.2258064516,232500.0,62
Bexley,2017-05-01,Freehold,405368.1705882353,384500.0,170
Bexley,2017-05-01,Leasehold,237249.90625,246500.0,64
Bexley,2017-06-01,Freehold,389953.88349514565,365000.0,206
Bexley,2017-06-01,Leasehold,249862.88043478262,252000.0,92
Bexley,2017-07-01,Freehold,403330.44390243903,376000.0,205
Bexley,2017-07-01,Leasehold,273532.59493670886,256000.0,79
Bexley,2017-08-01,Freehold,413407.2715517241,380000.0,232
Bexley,2017-08-01,Leasehold,284609.0571428572,270000.0,105
Bexley,2017-09-01,Freehold,414548.62295081967,385000.0,183
Bexley,2017-09-01,Leasehold,209362.93333333332,200000.0,75
Bexley,2017-10-01,Freehold,406068.45454545453,382750.0,220
Bexley,2017-10-01,Leasehold,225961.28787878787,238000.0,66
Bexley,2017-11-01,Freehold,404720.8851674641,380000.0,209
Bexley,2017-11-01,Leasehold,240772.5,238250.0,82
Bexley,2017-12-01,Freehold,408248.6633165829,380500.0,199
Bexley,2017-12-01,Leasehold,260930.2676056338,250000.0,71
Bexley,2018-01-01,Freehold,410497.5590062112,395000.0,161
Bexley,2018-01-01,Leasehold,240350.15873015873,247000.0,63
Bexley,2018-02-01,Freehold,399681.11464968155,385000.0,157
Bexley,2018-02-01,Leasehold,258427.46268656716,250000.0,67
Bexley,2018-03-01,Freehold,400154.8136645963,380000.0,161
Bexley,2018-03-01,Leasehold,229605.06493506493,237000.0,77
Bexley,2018-04-01,Freehold,392648.0963855422,370000.0,166
Bexley,2018-04-01,Leasehold,243531.35593220338,245000.0,59
Bexley,2018-05-01,Freehold,398514.6779661017,375000.0,177
Bexley,2018-05-01,Leasehold,232402.45098039217,230000.0,51
Bexley,2018-06-01,Freehold,403517.8453038674,389000.0,181
Bexley,2018-06-01,Leasehold,250220.2380952381,242000.0,63
Bexley,2018-07-01,Freehold,422572.5635359116,397750.0,181
Bexley,2018-07-01,Leasehold,275522.90277777775,249999.5,72
Bexley,2018-08-01,Freehold,420511.15418502205,381000.0,227
Bexley,2018-08-01,Leasehold,262247.7611940298,250000.0,67
Bexley,2018-09-01,Freehold,419445.51396648044,400000.0,179
Bexley,2018-09-01,Leasehold,242888.3606557377,250000.0,61
Bexley,2018-10-01,Freehold,397204.43119266053,378000.0,218
Bexley,2018-10-01,Leasehold,258503.17460317462,255000.0,63
Bexley,2018-11-01,Freehold,416289.8214285714,380500.0,224
Bexley,2018-11-01,Leasehold,260569.88505747126,245000.0,87
Bexley,2018-12-01,Freehold,399832.1644736842,382500.0,152
Bexley,2018-12-01,Leasehold,262601.25,255500.0,80
Bexley,2019-01-01,Freehold,403706.96774193546,387000.0,155
Bexley,2019-01-01,Leasehold,243347.6862745098,245000.0,51
Bexley,2019-02-01,Freehold,416675.9539473684,397000.0,152
Bexley,2019-02-01,Leasehold,251142.046875,243128.0,64
Bexley,2019-03-01,Freehold,410051.7528735632,390000.0,174
Bexley,2019-03-01,Leasehold,243634.78,243000.0,50
Bexley,2019-04-01,Freehold,409998.75757575757,395000.0,165
Bexley,2019-04-01,Leasehold,246145.0,255000.0,51
Bexley,2019-05-01,Freehold,400744.7582417582,385000.0,182
Bexley,2019-05-01,Leasehold,236824.568627451,230000.0,51
Bexley,2019-06-01,Freehold,424239.1569767442,390250.0,172
Bexley,2019-06-01,Leasehold,212645.82539682538,202000.0,63
Bexley,2019-07-01,Freehold,407060.6183574879,385000.0,207
Bexley,2019-07-01,Leasehold,244317.46031746033,247500.0,63
Bexley,2019-08-01,Freehold,416230.0431034483,392250.0,232
Bexley,2019-08-01,Leasehold,244150.28985507245,252500.0,69
Bexley,2019-09-01,Freehold,401150.76666666666,380000.0,210
Bexley,2019-09-01,Leasehold,235201.5185185185,235500.0,54
Bexley,2019-10-01,Freehold,416907.24378109456,395000.0,201
Bexley,2019-10-01,Leasehold,237121.53846153847,240000.0,65
Bexley,2019-11-01,Freehold,411369.3216080402,380000.0,199
Bexley,2019-11-01,Leasehold,230842.85714285713,237500.0,56
Bexley,2019-12-01,Freehold,447039.9175824176,416250.0,182
Bexley,2019-12-01,Leasehold,230299.0,240000.0,50
Bexley,2020-01-01,Freehold,431575.4658385093,395000.0,161
Bexley,2020-01-01,Leasehold,222670.45454545456,231250.0,44
Bexley,2020-02-01,Freehold,406794.1712707182,385000.0,181
Bexley,2020-02-01,Leasehold,230250.78125,238750.0,64
Bexley,2020-03-01,Freehold,424738.5576923077,420000.0,208
Bexley,2020-03-01,Leasehold,237604.06779661018,235000.0,59
Bexley,2020-04-01,Freehold,406542.5925925926,386000.0,81
Bexley,2020-04-01,Leasehold,233886.36363636365,250400.0,22
Bexley,2020-05-01,Freehold,398238.8888888889,385000.0,90
Bexley,2020-05-01,Leasehold,225761.33333333334,227000.0,15
Bexley,2020-06-01,Freehold,435124.654676259,415000.0,139
Bexley,2020-06-01,Leasehold,244039.21568627452,245000.0,51
Bexley,2020-07-01,Freehold,455246.7721518987,427500.0,158
Bexley,2020-07-01,Leasehold,246246.15384615384,245000.0,65
Bexley,2020-08-01,Freehold,442708.7700534759,425000.0,187
Bexley,2020-08-01,Leasehold,236170.765625,240000.0,64
Bexley,2020-09-01,Freehold,444307.79591836734,415000.0,196
Bexley,2020-09-01,Leasehold,246036.125,240000.0,40
Bexley,2020-10-01,Freehold,440889.97857142857,415000.0,280
Bexley,2020-10-01,Leasehold,255333.33333333334,256000.0,48
Bexley,2020-11-01,Freehold,446361.4356435643,416500.0,202
Bexley,2020-11-01,Leasehold,249580.7068965517,259000.0,58
Bexley,2020-12-01,Freehold,445827.9961832061,425000.0,262
Bexley,2020-12-01,Leasehold,242328.87323943662,250000.0,71
Bexley,2021-01-01,Freehold,453335.1287553648,430000.0,233
Bexley,2021-01-01,Leasehold,228980.11363636365,240000.0,44
Bexley,2021-02-01,Freehold,445263.1596091205,428000.0,307
Bexley,2021-02-01,Leasehold,268738.9813084112,268995.0,107
Bexley,2021-03-01,Freehold,459981.86247086246,440000.0,429
Bexley,2021-03-01,Leasehold,252963.5344827586,255000.0,116
Bexley,2021-04-01,Freehold,432015.2837209302,410000.0,215
Bexley,2021-04-01,Leasehold,280710.9405940594,285000.0,101
Bexley,2021-05-01,Freehold,440569.95,416125.0,200
Bexley,2021-05-01,Leasehold,257241.58333333334,256250.0,60
Bexley,2021-06-01,Freehold,474248.26916524704,450000.0,587
Bexley,2021-06-01,Leasehold,281056.73943661974,280000.0,142
Bexley,2021-07-01,Freehold,445470.0,387500.0,74
Bexley,2021-07-01,Leasehold,289532.3015873016,285000.0,63
Bexley,2021-08-01,Freehold,446489.4055944056,425000.0,143
Bexley,2021-08-01,Leasehold,274987.92553191487,271000.0,94
Bexley,2021-09-01,Freehold,459339.9075907591,432500.0,303
Bexley,2021-09-01,Leasehold,263130.5714285714,253500.0,147
Bexley,2021-10-01,Freehold,444255.4166666667,423750.0,120
Bexley,2021-10-01,Leasehold,268816.88,261000.0,50
Bexley,2021-11-01,Freehold,459124.6951219512,437000.0,164
Bexley,2021-11-01,Leasehold,292537.8640776699,281995.0,103
Bexley,2021-12-01,Freehold,508643.46113989636,460000.0,193
Bexley,2021-12-01,Leasehold,276729.3827160494,275000.0,81
Bexley,2022-01-01,Freehold,485804.6046511628,445000.0,129
Bexley,2022-01-01,Leasehold,255136.91666666666,259000.0,60
Bexley,2022-02-01,Freehold,474289.64024390245,445500.0,164
Bexley,2022-02-01,Leasehold,267789.6376811594,255000.0,69
Bexley,2022-03-01,Freehold,480905.43654822337,453000.0,197
Bexley,2022-03-01,Leasehold,259188.5945945946,259500.0,74
Bexley,2022-04-01,Freehold,478930.0,475000.0,176
Bexley,2022-04-01,Leasehold,234783.89830508476,245000.0,59
Bexley,2022-05-01,Freehold,487419.74011299433,450000.0,177
Bexley,2022-05-01,Leasehold,261965.07575757575,255000.0,66
Bexley,2022-06-01,Freehold,504427.47530864197,475000.0,162
Bexley,2022-06-01,Leasehold,325077.7368421053,330000.0,95
Bexley,2022-07-01,Freehold,488288.7535545024,470000.0,211
Bexley,2022-07-01,Leasehold,282164.85507246375,276000.0,69
Bexley,2022-08-01,Freehold,508424.0291262136,471000.0,206
Bexley,2022-08-01,Leasehold,275702.4647887324,285000.0,71
Bexley,2022-09-01,Freehold,500120.1948717949,480000.0,195
Bexley,2022-09-01,Leasehold,291758.9423076923,291000.0,104
Bexley,2022-10-01,Freehold,512540.39269406395,480000.0,219
Bexley,2022-10-01,Leasehold,294604.0114942529,295000.0,87
Bexley,2022-11-01,Freehold,511530.6976744186,475000.0,215
Bexley,2022-11-01,Leasehold,312271.4285714286,324000.0,105
Bexley,2022-12-01,Freehold,502079.97142857144,470000.0,175
Bexley,2022-12-01,Leasehold,331046.3354037267,324000.0,161
Bexley,2023-01-01,Freehold,476954.3385826772,455000.0,127
Bexley,2023-01-01,Leasehold,336774.3801652893,328800.0,121
Bexley,2023-02-01,Freehold,478080.6589147287,455000.0,129
Bexley,2023-02-01,Leasehold,274771.63265306124,265000.0,49
Bexley,2023-03-01,Freehold,499555.0566037736,455000.0,159
Bexley,2023-03-01,Leasehold,284328.3582089552,285000.0,67
Bexley,2023-04-01,Freehold,479417.25,450000.0,104
Bexley,2023-04-01,Leasehold,258218.0487804878,250000.0,41
Bexley,2023-05-01,Freehold,468794.2300884956,433000.0,113
Bexley,2023-05-01,Leasehold,244556.5849056604,245000.0,53
Bexley,2023-06-01,Freehold,491682.9226519337,460000.0,181
Bexley,2023-06-01,Leasehold,269919.88,264500.0,50
Bexley,2023-07-01,Freehold,477455.44444444444,465000.0,135
Bexley,2023-07-01,Leasehold,268076.55555555556,272000.0,45
Bexley,2023-08-01,Freehold,484896.978021978,454750.0,182
Bexley,2023-08-01,Leasehold,248259.52380952382,245000.0,63
Bexley,2023-09-01,Freehold,490090.63694267516,455000.0,157
Bexley,2023-09-01,Leasehold,268411.5882352941,263500.0,68
Bexley,2023-10-01,Freehold,491457.8675496689,455000.0,151
Bexley,2023-10-01,Leasehold,244027.24528301886,250000.0,53
Bexley,2023-11-01,Freehold,491962.3333333333,446250.0,150
Bexley,2023-11-01,Leasehold,265973.6842105263,262000.0,57
Bexley,2023-12-01,Freehold,484982.7966101695,445000.0,118
Bexley,2023-12-01,Leasehold,259727.48780487804,260000.0,41
Bexley,2024-01-01,Freehold,444404.91071428574,425000.0,112
Bexley,2024-01-01,Leasehold,281685.32608695654,285000.0,46
Bexley,2024-02-01,Freehold,500963.04,460000.0,125
Bexley,2024-02-01,Leasehold,259204.43181818182,270000.0,44
Bexley,2024-03-01,Freehold,489547.4632352941,453500.0,136
Bexley,2024-03-01,Leasehold,297770.75,287500.0,60
Bexley,2024-04-01,Freehold,514463.3333333333,473500.0,135
Bexley,2024-04-01,Leasehold,287513.0,292500.0,50
Bexley,2024-05-01,Freehold,481043.02659574465,450000.0,188
Bexley,2024-05-01,Leasehold,260059.78260869565,263125.0,46
Bexley,2024-06-01,Freehold,511309.14173228346,475000.0,127
Bexley,2024-06-01,Leasehold,281750.68518518517,283000.0,54
Bexley,2024-07-01,Freehold,488645.5837320574,462500.0,209
Bexley,2024-07-01,Leasehold,271264.49275362317,270500.0,69
Bexley,2024-08-01,Freehold,489498.31651376147,450000.0,218
Bexley,2024-08-01,Leasehold,266883.25,270000.0,60
Bexley,2024-09-01,Freehold,508397.7093596059,465000.0,203
Bexley,2024-09-01,Leasehold,275381.9672131148,267050.0,61
Bexley,2024-10-01,Freehold,481603.65566037735,460000.0,212
Bexley,2024-10-01,Leasehold,271137.6153846154,260000.0,65
Bexley,2024-11-01,Freehold,484751.0310880829,460000.0,193
Bexley,2024-11-01,Leasehold,264686.0,265000.0,50
Bexley,2024-12-01,Freehold,484554.29608938546,452000.0,179
Bexley,2024-12-01,Leasehold,262355.8947368421,260000.0,57
Bexley,2025-01-01,Freehold,506062.62376237626,475000.0,202
Bexley,2025-01-01,Leasehold,260113.63636363635,260000.0,55
Bexley,2025-02-01,Freehold,492334.1339285714,463000.0,224
Bexley,2025-02-01,Leasehold,283500.0,272500.0,58
Bexley,2025-03-01,Freehold,498812.77981651376,465000.0,436
Bexley,2025-03-01,Leasehold,268331.2626262626,275000.0,99
Bexley,2025-04-01,Freehold,473362.2549019608,425000.0,51
Bexley,2025-04-01,Leasehold,227159.2142857143,243500.0,28
Bexley,2025-05-01,Freehold,491130.30303030304,455000.0,99
Bexley,2025-05-01,Leasehold,258355.26315789475,252500.0,38
Bexley,2025-06-01,Freehold,470800.79285714286,450000.0,140
Bexley,2025-06-01,Leasehold,246994.79166666666,259000.0,48
Bexley,2025-07-01,Freehold,506943.3064516129,482500.0,186
Bexley,2025-07-01,Leasehold,245517.76785714287,250250.0,56
Bexley,2025-08-01,Freehold,494046.4123222749,470000.0,211
Bexley,2025-08-01,Leasehold,268838.23529411765,277000.0,51
Bexley,2025-09-01,Freehold,507068.68208092486,480000.0,173
Bexley,2025-09-01,Leasehold,275202.3404255319,290000.0,47
Bexley,2025-10-01,Freehold,506549.9903846154,461000.0,208
Bexley,2025-10-01,Leasehold,247052.32558139536,253000.0,43
Bexley,2025-11-01,Freehold,487251.695035461,475000.0,141
Bexley,2025-11-01,Leasehold,267718.3333333333,272500.0,60
Bexley,2025-12-01,Freehold,493271.1755725191,460000.0,131
Bexley,2025-12-01,Leasehold,274075.0,268500.0,40
Bexley,2026-01-01,Freehold,496259.79591836734,465000.0,98
Bexley,2026-01-01,Leasehold,253308.33333333334,262500.0,30
Bexley,2026-02-01,Freehold,464051.19658119656,450000.0,117
Bexley,2026-02-01,Leasehold,243638.88888888888,247750.0,36
Bexley,2026-03-01,Freehold,499762.3416666667,454000.0,120
Bexley,2026-03-01,Leasehold,256363.63636363635,265000.0,33
Bexley,2026-04-01,Freehold,493309.70652173914,475000.0,92
Bexley,2026-04-01,Leasehold,257312.5,277500.0,24
Bexley,2026-05-01,Freehold,437328.125,422500.0,32
Bexley,2026-05-01,Leasehold,234900.0,239500.0,10
Brent,2006-01-01,Freehold,339763.093220339,302500.0,118
Brent,2006-01-01,Leasehold,198046.0583941606,183500.0,137
Brent,2006-02-01,Freehold,332151.75247524754,292000.0,101
Brent,2006-02-01,Leasehold,207676.02608695652,196000.0,115
Brent,2006-03-01,Freehold,337913.8344370861,282000.0,151
Brent,2006-03-01,Leasehold,206113.6847826087,192425.0,184
Brent,2006-04-01,Freehold,331598.14074074075,285000.0,135
Brent,2006-04-01,Leasehold,192975.4834437086,178000.0,151
Brent,2006-05-01,Freehold,377129.99333333335,317500.0,150
Brent,2006-05-01,Leasehold,207773.94594594595,195000.0,185
Brent,2006-06-01,Freehold,379639.0,318000.0,173
Brent,2006-06-01,Leasehold,211660.75,191500.0,172
Brent,2006-07-01,Freehold,377793.58192090393,314950.0,177
Brent,2006-07-01,Leasehold,223035.26903553298,212500.0,197
Brent,2006-08-01,Freehold,374165.9948453608,320500.0,194
Brent,2006-08-01,Leasehold,217873.48401826483,211000.0,219
Brent,2006-09-01,Freehold,375011.0153846154,317000.0,195
Brent,2006-09-01,Leasehold,208164.8,195000.0,210
Brent,2006-10-01,Freehold,384230.5714285714,320500.0,154
Brent,2006-10-01,Leasehold,229544.1658986175,216000.0,217
Brent,2006-11-01,Freehold,372386.4906832298,320000.0,161
Brent,2006-11-01,Leasehold,224255.44329896907,209975.0,194
Brent,2006-12-01,Freehold,369672.66878980893,316000.0,157
Brent,2006-12-01,Leasehold,224391.956284153,210000.0,183
Brent,2007-01-01,Freehold,395410.6707317073,348500.0,164
Brent,2007-01-01,Leasehold,229018.34579439252,212975.0,214
Brent,2007-02-01,Freehold,376638.6377952756,340000.0,127
Brent,2007-02-01,Leasehold,235005.76162790696,212250.0,172
Brent,2007-03-01,Freehold,379013.27464788733,329500.0,142
Brent,2007-03-01,Leasehold,230643.72413793104,210000.0,203
Brent,2007-04-01,Freehold,410047.012987013,349950.0,154
Brent,2007-04-01,Leasehold,236049.79411764705,214500.0,170
Brent,2007-05-01,Freehold,400521.5864197531,366000.0,162
Brent,2007-05-01,Leasehold,240238.125,229975.0,232
Brent,2007-06-01,Freehold,453605.39877300616,362000.0,163
Brent,2007-06-01,Leasehold,241450.29752066114,229975.0,242
Brent,2007-07-01,Freehold,457513.44041450776,360000.0,193
Brent,2007-07-01,Leasehold,260030.05652173914,249000.0,230
Brent,2007-08-01,Freehold,444929.1462264151,363000.0,212
Brent,2007-08-01,Leasehold,258771.3976833977,245000.0,259
Brent,2007-09-01,Freehold,421366.2030075188,350000.0,133
Brent,2007-09-01,Leasehold,264696.87192118226,249995.0,203
Brent,2007-10-01,Freehold,419770.7337662338,349475.0,154
Brent,2007-10-01,Leasehold,256964.78431372548,245100.0,204
Brent,2007-11-01,Freehold,418376.025477707,355000.0,157
Brent,2007-11-01,Leasehold,255375.06818181818,240000.0,220
Brent,2007-12-01,Freehold,401057.00854700856,330000.0,117
Brent,2007-12-01,Leasehold,266801.71527777775,236000.0,144
Brent,2008-01-01,Freehold,459403.76470588235,367500.0,102
Brent,2008-01-01,Leasehold,258912.11009174312,238200.0,109
Brent,2008-02-01,Freehold,415849.60204081633,353750.0,98
Brent,2008-02-01,Leasehold,248564.92857142858,228500.0,140
Brent,2008-03-01,Freehold,434701.13483146066,365000.0,89
Brent,2008-03-01,Leasehold,244686.44871794872,237247.5,156
Brent,2008-04-01,Freehold,416042.3490566038,360000.0,106
Brent,2008-04-01,Leasehold,240658.72535211267,225000.0,142
Brent,2008-05-01,Freehold,423686.170212766,345500.0,94
Brent,2008-05-01,Leasehold,249337.0,225500.0,100
Brent,2008-06-01,Freehold,513982.17391304346,432000.0,69
Brent,2008-06-01,Leasehold,244087.97959183675,230000.0,98
Brent,2008-07-01,Freehold,478761.25,385000.0,80
Brent,2008-07-01,Leasehold,239063.57647058825,222000.0,85
Brent,2008-08-01,Freehold,445279.4520547945,340000.0,73
Brent,2008-08-01,Leasehold,231589.55223880598,230000.0,67
Brent,2008-09-01,Freehold,462446.49122807017,375000.0,57
Brent,2008-09-01,Leasehold,242373.93023255814,235500.0,86
Brent,2008-10-01,Freehold,402453.2405063291,330000.0,79
Brent,2008-10-01,Leasehold,221368.39130434784,217920.0,69
Brent,2008-11-01,Freehold,394323.9130434783,340000.0,46
Brent,2008-11-01,Leasehold,230338.24324324325,204500.0,74
Brent,2008-12-01,Freehold,362108.4222222222,290000.0,45
Brent,2008-12-01,Leasehold,238799.8,212500.0,50
Brent,2009-01-01,Freehold,351698.3333333333,296000.0,30
Brent,2009-01-01,Leasehold,214210.11363636365,196792.5,44
Brent,2009-02-01,Freehold,342505.71428571426,293750.0,35
Brent,2009-02-01,Leasehold,213173.69565217392,200000.0,23
Brent,2009-03-01,Freehold,410958.3333333333,312000.0,36
Brent,2009-03-01,Leasehold,228142.0,212720.0,35
Brent,2009-04-01,Freehold,345120.4893617021,320000.0,47
Brent,2009-04-01,Leasehold,243814.15094339623,240000.0,53
Brent,2009-05-01,Freehold,422063.6170212766,330000.0,47
Brent,2009-05-01,Leasehold,228022.08,213000.0,50
Brent,2009-06-01,Freehold,411270.75471698114,328000.0,53
Brent,2009-06-01,Leasehold,252584.61538461538,240000.0,52
Brent,2009-07-01,Freehold,450378.0625,355000.0,80
Brent,2009-07-01,Leasehold,220932.74626865672,200000.0,67
Brent,2009-08-01,Freehold,416542.5256410256,358750.0,78
Brent,2009-08-01,Leasehold,238873.76923076922,216750.0,78
Brent,2009-09-01,Freehold,411705.48780487804,327500.0,82
Brent,2009-09-01,Leasehold,229705.88235294117,226500.0,68
Brent,2009-10-01,Freehold,459388.4125,359975.0,80
Brent,2009-10-01,Leasehold,244021.26605504588,248275.0,109
Brent,2009-11-01,Freehold,434587.5,342750.0,84
Brent,2009-11-01,Leasehold,246679.03773584907,232500.0,106
Brent,2009-12-01,Freehold,448266.69369369367,349500.0,111
Brent,2009-12-01,Leasehold,227366.65161290322,205000.0,155
Brent,2010-01-01,Freehold,373928.3783783784,326375.0,74
Brent,2010-01-01,Leasehold,242119.32894736843,225000.0,76
Brent,2010-02-01,Freehold,454259.63157894736,355000.0,57
Brent,2010-02-01,Leasehold,236479.95505617978,215000.0,89
Brent,2010-03-01,Freehold,395846.7105263158,325000.0,76
Brent,2010-03-01,Leasehold,240102.8918918919,226250.0,148
Brent,2010-04-01,Freehold,535870.1492537314,375000.0,67
Brent,2010-04-01,Leasehold,254941.4214876033,235000.0,121
Brent,2010-05-01,Freehold,450997.19101123593,365000.0,89
Brent,2010-05-01,Leasehold,235568.70192307694,219000.0,104
Brent,2010-06-01,Freehold,478498.76543209876,360000.0,81
Brent,2010-06-01,Leasehold,240296.23571428572,222000.0,140
Brent,2010-07-01,Freehold,536873.5042735043,395000.0,117
Brent,2010-07-01,Leasehold,258023.48484848486,246000.0,132
Brent,2010-08-01,Freehold,495360.8695652174,400000.0,115
Brent,2010-08-01,Leasehold,261921.12068965516,239000.0,116
Brent,2010-09-01,Freehold,446464.1176470588,370000.0,85
Brent,2010-09-01,Leasehold,258127.67213114753,245000.0,122
Brent,2010-10-01,Freehold,511871.8113207547,391750.0,106
Brent,2010-10-01,Leasehold,249714.40566037735,231000.0,106
Brent,2010-11-01,Freehold,468201.1011235955,375000.0,89
Brent,2010-11-01,Leasehold,245208.0693069307,235000.0,101
Brent,2010-12-01,Freehold,498781.9130434783,402500.0,92
Brent,2010-12-01,Leasehold,227288.30701754385,210000.0,114
Brent,2011-01-01,Freehold,467959.5238095238,384000.0,63
Brent,2011-01-01,Leasehold,263183.7727272727,242500.0,88
Brent,2011-02-01,Freehold,479464.3898305085,348000.0,59
Brent,2011-02-01,Leasehold,240515.23376623375,224950.0,77
Brent,2011-03-01,Freehold,495705.36842105264,363824.0,76
Brent,2011-03-01,Leasehold,242305.93548387097,228000.0,93
Brent,2011-04-01,Freehold,467825.2659574468,356250.0,94
Brent,2011-04-01,Leasehold,258675.56976744186,240000.0,86
Brent,2011-05-01,Freehold,496664.1058823529,360000.0,85
Brent,2011-05-01,Leasehold,265742.5,229000.0,86
Brent,2011-06-01,Freehold,466399.6666666667,371000.0,84
Brent,2011-06-01,Leasehold,249317.09,249950.0,100
Brent,2011-07-01,Freehold,490034.14285714284,392500.0,84
Brent,2011-07-01,Leasehold,273850.4273504274,250000.0,117
Brent,2011-08-01,Freehold,430886.58415841585,370000.0,101
Brent,2011-08-01,Leasehold,290580.68316831684,249950.0,101
Brent,2011-09-01,Freehold,507706.396039604,400000.0,101
Brent,2011-09-01,Leasehold,256850.93457943926,235000.0,107
Brent,2011-10-01,Freehold,450691.5,349000.0,94
Brent,2011-10-01,Leasehold,276427.39814814815,248997.5,108
Brent,2011-11-01,Freehold,457497.5346534653,395000.0,101
Brent,2011-11-01,Leasehold,266948.85576923075,234500.0,104
Brent,2011-12-01,Freehold,447234.0103092783,362000.0,97
Brent,2011-12-01,Leasehold,273291.592920354,250000.0,113
Brent,2012-01-01,Freehold,581188.4146341464,413500.0,82
Brent,2012-01-01,Leasehold,261870.26373626373,247500.0,91
Brent,2012-02-01,Freehold,449926.1111111111,394000.0,90
Brent,2012-02-01,Leasehold,240305.64516129033,220000.0,62
Brent,2012-03-01,Freehold,472366.2948717949,372475.0,78
Brent,2012-03-01,Leasehold,250446.75609756098,232000.0,123
Brent,2012-04-01,Freehold,486156.80303030304,408500.0,66
Brent,2012-04-01,Leasehold,274745.5223880597,230000.0,67
Brent,2012-05-01,Freehold,423371.4285714286,370000.0,49
Brent,2012-05-01,Leasehold,288796.2025316456,274500.0,79
Brent,2012-06-01,Freehold,578556.0133333333,410000.0,75
Brent,2012-06-01,Leasehold,287450.65789473685,267500.0,76
Brent,2012-07-01,Freehold,551032.7160493827,410000.0,81
Brent,2012-07-01,Leasehold,285188.7610619469,268000.0,113
Brent,2012-08-01,Freehold,631687.8205128205,482500.0,78
Brent,2012-08-01,Leasehold,318918.66990291263,293000.0,103
Brent,2012-09-01,Freehold,571468.1460674157,424000.0,89
Brent,2012-09-01,Leasehold,281693.05555555556,246500.0,108
Brent,2012-10-01,Freehold,527290.0,400500.0,80
Brent,2012-10-01,Leasehold,313168.0989010989,275000.0,91
Brent,2012-11-01,Freehold,499958.4235294118,385000.0,85
Brent,2012-11-01,Leasehold,297864.5537190083,249950.0,121
Brent,2012-12-01,Freehold,545616.2195121951,371500.0,82
Brent,2012-12-01,Leasehold,302930.2242990654,280000.0,107
Brent,2013-01-01,Freehold,604120.4081632653,390000.0,49
Brent,2013-01-01,Leasehold,268351.64285714284,249500.0,84
Brent,2013-02-01,Freehold,498644.375,399975.0,72
Brent,2013-02-01,Leasehold,285057.6288659794,249999.0,97
Brent,2013-03-01,Freehold,517561.3243243243,387500.0,74
Brent,2013-03-01,Leasehold,288687.5,267500.0,112
Brent,2013-04-01,Freehold,559946.3768115942,420000.0,69
Brent,2013-04-01,Leasehold,314928.1609195402,284950.0,87
Brent,2013-05-01,Freehold,597308.9743589744,405000.0,78
Brent,2013-05-01,Leasehold,286282.0833333333,250000.0,120
Brent,2013-06-01,Freehold,563809.6774193548,450000.0,93
Brent,2013-06-01,Leasehold,314930.6465517241,289000.0,116
Brent,2013-07-01,Freehold,621440.291262136,425000.0,103
Brent,2013-07-01,Leasehold,319952.6666666667,320000.0,102
Brent,2013-08-01,Freehold,676704.84,513500.0,100
Brent,2013-08-01,Leasehold,354924.1923076923,338000.0,130
Brent,2013-09-01,Freehold,609366.8289473684,492500.0,76
Brent,2013-09-01,Leasehold,298317.1544715447,262500.0,123
Brent,2013-10-01,Freehold,624744.3820224719,428000.0,89
Brent,2013-10-01,Leasehold,319109.07843137253,282500.0,153
Brent,2013-11-01,Freehold,673141.1504424779,500000.0,113
Brent,2013-11-01,Leasehold,310277.5061728395,250000.0,162
Brent,2013-12-01,Freehold,577299.9902912622,451500.0,103
Brent,2013-12-01,Leasehold,317306.46268656716,275500.0,134
Brent,2014-01-01,Freehold,779217.2413793104,625000.0,87
Brent,2014-01-01,Leasehold,321021.3805970149,286250.0,134
Brent,2014-02-01,Freehold,599330.1752577319,441000.0,97
Brent,2014-02-01,Leasehold,329358.32330827066,302500.0,133
Brent,2014-03-01,Freehold,588932.4025974026,470000.0,77
Brent,2014-03-01,Leasehold,307783.23076923075,291250.0,156
Brent,2014-04-01,Freehold,653847.3793103448,510000.0,87
Brent,2014-04-01,Leasehold,330236.8064516129,300000.0,155
Brent,2014-05-01,Freehold,682276.1904761905,477500.0,84
Brent,2014-05-01,Leasehold,351195.0857142857,312500.0,140
Brent,2014-06-01,Freehold,586781.9381443299,430000.0,97
Brent,2014-06-01,Leasehold,346715.661971831,326750.0,142
Brent,2014-07-01,Freehold,726643.4122807018,523500.0,114
Brent,2014-07-01,Leasehold,356514.4938271605,320000.0,162
Brent,2014-08-01,Freehold,663270.7979797979,549950.0,99
Brent,2014-08-01,Leasehold,351855.5073529412,325077.5,136
Brent,2014-09-01,Freehold,683000.5434782609,510000.0,92
Brent,2014-09-01,Leasehold,349008.512987013,295000.0,154
Brent,2014-10-01,Freehold,629342.3195876288,525000.0,97
Brent,2014-10-01,Leasehold,318026.24358974356,275000.0,156
Brent,2014-11-01,Freehold,669632.7777777778,537500.0,90
Brent,2014-11-01,Leasehold,348827.0076335878,320000.0,131
Brent,2014-12-01,Freehold,785017.3157894737,575000.0,95
Brent,2014-12-01,Leasehold,352219.95652173914,302500.0,138
Brent,2015-01-01,Freehold,665616.9883720931,492475.0,86
Brent,2015-01-01,Leasehold,345949.7623762376,325000.0,101
Brent,2015-02-01,Freehold,639570.75,520000.0,72
Brent,2015-02-01,Leasehold,369031.41025641025,327000.0,117
Brent,2015-03-01,Freehold,812743.5897435897,555000.0,78
Brent,2015-03-01,Leasehold,388221.69811320753,370000.0,159
Brent,2015-04-01,Freehold,632958.1081081082,523500.0,74
Brent,2015-04-01,Leasehold,368753.94736842107,325000.0,114
Brent,2015-05-01,Freehold,658998.4923076923,525000.0,65
Brent,2015-05-01,Leasehold,410590.6632653061,375000.0,98
Brent,2015-06-01,Freehold,753419.5773195876,550000.0,97
Brent,2015-06-01,Leasehold,385392.38425925927,355125.0,216
Brent,2015-07-01,Freehold,747227.2952380952,575000.0,105
Brent,2015-07-01,Leasehold,400831.6115384615,365475.0,260
Brent,2015-08-01,Freehold,780231.3186813187,625000.0,91
Brent,2015-08-01,Leasehold,392574.0232558139,365995.0,215
Brent,2015-09-01,Freehold,738969.4302325582,557500.0,86
Brent,2015-09-01,Leasehold,396347.9310344828,380000.0,232
Brent,2015-10-01,Freehold,796645.1914893617,645000.0,94
Brent,2015-10-01,Leasehold,395336.52777777775,349000.0,144
Brent,2015-11-01,Freehold,631190.1136363636,554000.0,88
Brent,2015-11-01,Leasehold,373663.1203007519,322000.0,133
Brent,2015-12-01,Freehold,826606.0470588235,627500.0,85
Brent,2015-12-01,Leasehold,390831.41441441444,346897.0,111
Brent,2016-01-01,Freehold,738646.0111111111,593500.0,90
Brent,2016-01-01,Leasehold,413729.7205882353,381000.0,136
Brent,2016-02-01,Freehold,847106.1643835617,646000.0,73
Brent,2016-02-01,Leasehold,414659.35074626864,370250.0,134
Brent,2016-03-01,Freehold,748228.6649746193,600000.0,197
Brent,2016-03-01,Leasehold,380629.3553459119,349950.0,318
Brent,2016-04-01,Freehold,861883.3333333334,680000.0,39
Brent,2016-04-01,Leasehold,408919.21238938055,369000.0,113
Brent,2016-05-01,Freehold,758684.375,625000.0,48
Brent,2016-05-01,Leasehold,416709.50505050505,390000.0,99
Brent,2016-06-01,Freehold,753304.2391304348,660000.0,46
Brent,2016-06-01,Leasehold,396783.20207253884,375000.0,193
Brent,2016-07-01,Freehold,833023.3636363636,587500.0,66
Brent,2016-07-01,Leasehold,420072.63157894736,380000.0,190
Brent,2016-08-01,Freehold,733168.7222222222,627500.0,54
Brent,2016-08-01,Leasehold,410465.2408759124,385000.0,137
Brent,2016-09-01,Freehold,749662.2692307692,574250.0,52
Brent,2016-09-01,Leasehold,507415.04347826086,471400.0,230
Brent,2016-10-01,Freehold,728160.7692307692,592000.0,65
Brent,2016-10-01,Leasehold,418483.7278106509,360000.0,169
Brent,2016-11-01,Freehold,743681.25,622500.0,56
Brent,2016-11-01,Leasehold,385151.63636363635,366750.0,198
Brent,2016-12-01,Freehold,689586.3636363636,540000.0,55
Brent,2016-12-01,Leasehold,438839.37606837606,420000.0,117
Brent,2017-01-01,Freehold,769405.8571428572,585000.0,56
Brent,2017-01-01,Leasehold,423258.6538461539,431250.0,104
Brent,2017-02-01,Freehold,683533.64,542500.0,50
Brent,2017-02-01,Leasehold,447572.8431372549,418625.0,102
Brent,2017-03-01,Freehold,833321.2903225806,617500.0,62
Brent,2017-03-01,Leasehold,449874.7619047619,415000.0,105
Brent,2017-04-01,Freehold,820367.2545454545,615000.0,55
Brent,2017-04-01,Leasehold,442892.8990825688,409000.0,109
Brent,2017-05-01,Freehold,887365.6440677966,695000.0,59
Brent,2017-05-01,Leasehold,461570.2181818182,429000.0,165
Brent,2017-06-01,Freehold,855152.5641025641,710000.0,78
Brent,2017-06-01,Leasehold,438728.8125,413000.0,160
Brent,2017-07-01,Freehold,768401.7647058824,616500.0,68
Brent,2017-07-01,Leasehold,418588.02962962963,395000.0,135
Brent,2017-08-01,Freehold,850297.5,710000.0,60
Brent,2017-08-01,Leasehold,458943.17475728155,452500.0,103
Brent,2017-09-01,Freehold,800780.5064935065,635000.0,77
Brent,2017-09-01,Leasehold,430103.8461538461,360000.0,78
Brent,2017-10-01,Freehold,674480.7894736842,599995.0,57
Brent,2017-10-01,Leasehold,410386.3220338983,385000.0,59
Brent,2017-11-01,Freehold,838286.274509804,600000.0,51
Brent,2017-11-01,Leasehold,460039.58156028367,450000.0,141
Brent,2017-12-01,Freehold,902666.7808219178,666000.0,73
Brent,2017-12-01,Leasehold,473445.1234567901,450000.0,81
Brent,2018-01-01,Freehold,761369.0476190476,612500.0,42
Brent,2018-01-01,Leasehold,412784.05797101447,382000.0,69
Brent,2018-02-01,Freehold,848241.9,650000.0,50
Brent,2018-02-01,Leasehold,394226.6666666667,380475.0,60
Brent,2018-03-01,Freehold,786426.3636363636,635000.0,55
Brent,2018-03-01,Leasehold,451363.65853658534,432000.0,82
Brent,2018-04-01,Freehold,831281.02,609500.0,50
Brent,2018-04-01,Leasehold,426987.1794871795,405000.0,78
Brent,2018-05-01,Freehold,709465.1162790698,630000.0,43
Brent,2018-05-01,Leasehold,433317.62352941174,405000.0,85
Brent,2018-06-01,Freehold,876172.7083333334,630000.0,48
Brent,2018-06-01,Leasehold,472288.55140186916,450000.0,107
Brent,2018-07-01,Freehold,793640.0,605000.0,74
Brent,2018-07-01,Leasehold,448490.59731543623,440000.0,149
Brent,2018-08-01,Freehold,1056821.633802817,800000.0,71
Brent,2018-08-01,Leasehold,417388.7891156463,410000.0,147
Brent,2018-09-01,Freehold,882992.4305555555,660000.0,72
Brent,2018-09-01,Leasehold,440935.9888888889,436250.0,90
Brent,2018-10-01,Freehold,683813.3636363636,600000.0,55
Brent,2018-10-01,Leasehold,478559.07766990294,441000.0,103
Brent,2018-11-01,Freehold,794741.0714285715,575000.0,56
Brent,2018-11-01,Leasehold,510917.17475728155,499999.0,103
Brent,2018-12-01,Freehold,725870.0,570000.0,59
Brent,2018-12-01,Leasehold,440195.45,420000.0,100
Brent,2019-01-01,Freehold,740942.0454545454,559250.0,44
Brent,2019-01-01,Leasehold,454954.8611111111,430000.0,72
Brent,2019-02-01,Freehold,873530.612244898,725000.0,49
Brent,2019-02-01,Leasehold,450417.4603174603,427500.0,63
Brent,2019-03-01,Freehold,868247.0588235294,700000.0,51
Brent,2019-03-01,Leasehold,423812.6956521739,372000.0,69
Brent,2019-04-01,Freehold,812321.4,698750.0,40
Brent,2019-04-01,Leasehold,432079.23076923075,395000.0,65
Brent,2019-05-01,Freehold,796911.3103448276,642500.0,58
Brent,2019-05-01,Leasehold,409801.4367816092,388500.0,87
Brent,2019-06-01,Freehold,680105.2368421053,567500.0,38
Brent,2019-06-01,Leasehold,409006.8181818182,352000.0,66
Brent,2019-07-01,Freehold,819707.1428571428,647500.0,70
Brent,2019-07-01,Leasehold,426581.72463768115,390000.0,69
Brent,2019-08-01,Freehold,890053.4310344828,635850.0,58
Brent,2019-08-01,Leasehold,466785.71428571426,445000.0,77
Brent,2019-09-01,Freehold,660886.6071428572,585000.0,56
Brent,2019-09-01,Leasehold,485205.7662337662,440000.0,77
Brent,2019-10-01,Freehold,922720.5223880596,675000.0,67
Brent,2019-10-01,Leasehold,450414.86486486485,423750.0,74
Brent,2019-11-01,Freehold,935657.7777777778,691000.0,72
Brent,2019-11-01,Leasehold,292700.42696629214,171000.0,178
Brent,2019-12-01,Freehold,896694.1525423729,612000.0,59
Brent,2019-12-01,Leasehold,423364.26666666666,407500.0,75
Brent,2020-01-01,Freehold,745499.0384615385,561250.0,52
Brent,2020-01-01,Leasehold,427113.1282051282,407925.0,78
Brent,2020-02-01,Freehold,885078.5,595000.0,50
Brent,2020-02-01,Leasehold,440245.15178571426,435000.0,112
Brent,2020-03-01,Freehold,686898.947368421,570000.0,57
Brent,2020-03-01,Leasehold,438267.2643678161,413000.0,87
Brent,2020-04-01,Freehold,858868.28,600000.0,25
Brent,2020-04-01,Leasehold,402855.44444444444,425000.0,45
Brent,2020-05-01,Freehold,873536.8235294118,630000.0,34
Brent,2020-05-01,Leasehold,344793.4146341463,335000.0,41
Brent,2020-06-01,Freehold,979124.9642857143,665000.0,28
Brent,2020-06-01,Leasehold,413650.67307692306,403750.0,52
Brent,2020-07-01,Freehold,825092.7777777778,638000.0,54
Brent,2020-07-01,Leasehold,454361.91780821915,425000.0,73
Brent,2020-08-01,Freehold,993683.35,742500.0,60
Brent,2020-08-01,Leasehold,472417.6373626374,450000.0,91
Brent,2020-09-01,Freehold,1016178.5254237289,792000.0,59
Brent,2020-09-01,Leasehold,449041.5520833333,398000.0,96
Brent,2020-10-01,Freehold,925075.4634146341,685000.0,82
Brent,2020-10-01,Leasehold,429794.5575221239,404000.0,113
Brent,2020-11-01,Freehold,833909.7792207792,680000.0,77
Brent,2020-11-01,Leasehold,460823.8095238095,439000.0,84
Brent,2020-12-01,Freehold,773945.1219512195,660000.0,82
Brent,2020-12-01,Leasehold,464068.0737704918,459250.0,122
Brent,2021-01-01,Freehold,958018.5185185185,740000.0,81
Brent,2021-01-01,Leasehold,444617.21698113205,435000.0,106
Brent,2021-02-01,Freehold,800838.8095238095,658500.0,84
Brent,2021-02-01,Leasehold,426806.0975609756,400000.0,123
Brent,2021-03-01,Freehold,814246.808,630000.0,125
Brent,2021-03-01,Leasehold,440101.137755102,400000.0,196
Brent,2021-04-01,Freehold,799657.2164948453,612000.0,97
Brent,2021-04-01,Leasehold,430029.91875,399700.0,160
Brent,2021-05-01,Freehold,760332.7941176471,612500.0,68
Brent,2021-05-01,Leasehold,446618.2366412214,420000.0,131
Brent,2021-06-01,Freehold,824893.8310502283,687500.0,219
Brent,2021-06-01,Leasehold,477975.96226415096,457000.0,318
Brent,2021-07-01,Freehold,977242.0,730000.0,25
Brent,2021-07-01,Leasehold,413512.5,397000.0,48
Brent,2021-08-01,Freehold,969093.2432432432,640000.0,37
Brent,2021-08-01,Leasehold,415299.41538461536,400000.0,65
Brent,2021-09-01,Freehold,879666.5178571428,672500.0,112
Brent,2021-09-01,Leasehold,459977.7559055118,445000.0,127
Brent,2021-10-01,Freehold,846542.8571428572,700000.0,28
Brent,2021-10-01,Leasehold,377160.5111111111,358000.0,45
Brent,2021-11-01,Freehold,927717.5925925926,713500.0,54
Brent,2021-11-01,Leasehold,450013.06451612903,410250.0,62
Brent,2021-12-01,Freehold,986752.9433962264,750000.0,53
Brent,2021-12-01,Leasehold,461961.1728395062,417500.0,81
Brent,2022-01-01,Freehold,1000562.3921568628,820000.0,51
Brent,2022-01-01,Leasehold,429306.95238095237,415000.0,84
Brent,2022-02-01,Freehold,1042563.6363636364,752500.0,66
Brent,2022-02-01,Leasehold,430183.1,412000.0,100
Brent,2022-03-01,Freehold,830012.987012987,675000.0,77
Brent,2022-03-01,Leasehold,456088.72307692305,450150.0,130
Brent,2022-04-01,Freehold,924682.4193548387,697500.0,62
Brent,2022-04-01,Leasehold,458467.3333333333,447500.0,120
Brent,2022-05-01,Freehold,1015121.2191780822,745000.0,73
Brent,2022-05-01,Leasehold,463122.80373831774,450000.0,107
Brent,2022-06-01,Freehold,963868.1325301204,665000.0,83
Brent,2022-06-01,Leasehold,461448.53529411764,463750.0,170
Brent,2022-07-01,Freehold,1016612.1739130435,765000.0,92
Brent,2022-07-01,Leasehold,504667.9664804469,494000.0,179
Brent,2022-08-01,Freehold,983944.2307692308,762500.0,78
Brent,2022-08-01,Leasehold,479352.36363636365,447500.0,176
Brent,2022-09-01,Freehold,993812.0909090909,785000.0,77
Brent,2022-09-01,Leasehold,508794.9579831933,465000.0,119
Brent,2022-10-01,Freehold,1036033.7142857143,872500.0,70
Brent,2022-10-01,Leasehold,476234.0930232558,465000.0,129
Brent,2022-11-01,Freehold,974504.578313253,715000.0,83
Brent,2022-11-01,Leasehold,457523.55,447500.0,120
Brent,2022-12-01,Freehold,943254.7260273972,715000.0,73
Brent,2022-12-01,Leasehold,476480.8163265306,450000.0,98
Brent,2023-01-01,Freehold,917343.7291666666,761250.0,48
Brent,2023-01-01,Leasehold,438607.68604651163,397500.0,86
Brent,2023-02-01,Freehold,832633.2564102564,700000.0,39
Brent,2023-02-01,Leasehold,430074.0,400000.0,75
Brent,2023-03-01,Freehold,940223.275862069,712500.0,58
Brent,2023-03-01,Leasehold,419555.23622047243,380240.0,127
Brent,2023-04-01,Freehold,1086883.6538461538,882500.0,52
Brent,2023-04-01,Leasehold,474248.0327868852,445000.0,61
Brent,2023-05-01,Freehold,854122.641509434,680000.0,53
Brent,2023-05-01,Leasehold,420882.97872340423,355000.0,47
Brent,2023-06-01,Freehold,870065.3174603175,705000.0,63
Brent,2023-06-01,Leasehold,511096.247706422,485000.0,109
Brent,2023-07-01,Freehold,1071653.4259259258,809525.0,54
Brent,2023-07-01,Leasehold,471662.90625,446500.0,96
Brent,2023-08-01,Freehold,946420.1298701299,800000.0,77
Brent,2023-08-01,Leasehold,491009.14444444445,461500.0,90
Brent,2023-09-01,Freehold,1002795.2380952381,780000.0,63
Brent,2023-09-01,Leasehold,475689.7088607595,442000.0,79
Brent,2023-10-01,Freehold,1113252.5,745000.0,58
Brent,2023-10-01,Leasehold,418916.52173913043,380000.0,69
Brent,2023-11-01,Freehold,911663.5535714285,695000.0,56
Brent,2023-11-01,Leasehold,471105.34831460676,410000.0,89
Brent,2023-12-01,Freehold,854166.6666666666,685000.0,39
Brent,2023-12-01,Leasehold,435107.05555555556,385636.0,72
Brent,2024-01-01,Freehold,1004048.5882352941,727500.0,68
Brent,2024-01-01,Leasehold,502167.56451612903,455400.0,62
Brent,2024-02-01,Freehold,912405.737704918,700000.0,61
Brent,2024-02-01,Leasehold,430543.34920634923,405000.0,63
Brent,2024-03-01,Freehold,837158.3333333334,640000.0,45
Brent,2024-03-01,Leasehold,420750.0,398000.0,53
Brent,2024-04-01,Freehold,933156.9016393443,700000.0,61
Brent,2024-04-01,Leasehold,479201.3888888889,420000.0,72
Brent,2024-05-01,Freehold,841205.3571428572,680000.0,56
Brent,2024-05-01,Leasehold,490410.8714285714,441250.0,70
Brent,2024-06-01,Freehold,1039506.8181818182,775500.0,66
Brent,2024-06-01,Leasehold,527456.6176470588,477500.0,68
Brent,2024-07-01,Freehold,1040918.1764705882,910000.0,68
Brent,2024-07-01,Leasehold,442221.6913580247,399999.0,81
Brent,2024-08-01,Freehold,1005902.5,722500.0,72
Brent,2024-08-01,Leasehold,468065.53846153844,455000.0,91
Brent,2024-09-01,Freehold,1070338.051948052,825000.0,77
Brent,2024-09-01,Leasehold,511897.25274725276,440000.0,91
Brent,2024-10-01,Freehold,904806.5567010309,700000.0,97
Brent,2024-10-01,Leasehold,494032.23423423426,475000.0,111
Brent,2024-11-01,Freehold,889014.6,660000.0,75
Brent,2024-11-01,Leasehold,480086.3367346939,454999.5,98
Brent,2024-12-01,Freehold,898982.5,672000.0,60
Brent,2024-12-01,Leasehold,461207.9569892473,445000.0,93
Brent,2025-01-01,Freehold,958397.3913043478,685000.0,69
Brent,2025-01-01,Leasehold,468544.38144329895,430000.0,97
Brent,2025-02-01,Freehold,806890.5797101449,618500.0,69
Brent,2025-02-01,Leasehold,464747.46,443000.0,100
Brent,2025-03-01,Freehold,749925.0787878787,625000.0,165
Brent,2025-03-01,Leasehold,467159.17703349283,435000.0,209
Brent,2025-04-01,Freehold,803352.9411764706,680000.0,17
Brent,2025-04-01,Leasehold,515805.55555555556,412500.0,36
Brent,2025-05-01,Freehold,897370.02,717500.0,50
Brent,2025-05-01,Leasehold,516299.32692307694,493600.0,156
Brent,2025-06-01,Freehold,924387.9672131147,700000.0,61
Brent,2025-06-01,Leasehold,481601.0707964602,465000.0,113
Brent,2025-07-01,Freehold,1214995.703125,840000.0,64
Brent,2025-07-01,Leasehold,478001.8965517241,405000.0,87
Brent,2025-08-01,Freehold,930836.0952380953,735000.0,63
Brent,2025-08-01,Leasehold,452291.38095238095,415000.0,84
Brent,2025-09-01,Freehold,1055409.4642857143,817475.0,56
Brent,2025-09-01,Leasehold,465977.5076923077,415000.0,65
Brent,2025-10-01,Freehold,960452.9459459459,702500.0,74
Brent,2025-10-01,Leasehold,434129.5180722892,385000.0,83
Brent,2025-11-01,Freehold,1026091.6666666666,731500.0,60
Brent,2025-11-01,Leasehold,468901.25352112675,435000.0,71
Brent,2025-12-01,Freehold,833318.0555555555,693500.0,36
Brent,2025-12-01,Leasehold,475444.28571428574,435000.0,70
Brent,2026-01-01,Freehold,690305.1818181818,610000.0,44
Brent,2026-01-01,Leasehold,424233.05,394661.0,40
Brent,2026-02-01,Freehold,813455.0,597500.0,30
Brent,2026-02-01,Leasehold,415918.6046511628,380000.0,43
Brent,2026-03-01,Freehold,788214.2571428572,667000.0,35
Brent,2026-03-01,Leasehold,496311.88636363635,480000.0,44
Brent,2026-04-01,Freehold,813901.724137931,695000.0,29
Brent,2026-04-01,Leasehold,419839.375,400000.0,32
Brent,2026-05-01,Freehold,731384.6153846154,645000.0,13
Brent,2026-05-01,Leasehold,544000.0,590000.0,12
Bromley,2006-01-01,Freehold,310871.57478005864,260000.0,341
Bromley,2006-01-01,Leasehold,193318.25966850828,172500.0,181
Bromley,2006-02-01,Freehold,305160.6676056338,265000.0,355
Bromley,2006-02-01,Leasehold,193749.35675675675,182800.0,185
Bromley,2006-03-01,Freehold,331748.61946902657,268750.0,452
Bromley,2006-03-01,Leasehold,188168.0,173500.0,235
Bromley,2006-04-01,Freehold,316904.6625310174,270000.0,403
Bromley,2006-04-01,Leasehold,179303.55865921787,170000.0,179
Bromley,2006-05-01,Freehold,309679.00884955755,269475.0,452
Bromley,2006-05-01,Leasehold,190716.2564102564,172000.0,234
Bromley,2006-06-01,Freehold,335526.1,284500.0,570
Bromley,2006-06-01,Leasehold,188930.8045112782,175475.0,266
Bromley,2006-07-01,Freehold,338272.51423487545,283500.0,562
Bromley,2006-07-01,Leasehold,189558.1626984127,169975.0,252
Bromley,2006-08-01,Freehold,330086.50505050505,289950.0,594
Bromley,2006-08-01,Leasehold,191502.77205882352,175000.0,272
Bromley,2006-09-01,Freehold,332586.2081339713,285000.0,418
Bromley,2006-09-01,Leasehold,185815.97627118643,172000.0,295
Bromley,2006-10-01,Freehold,343689.83108108107,294500.0,444
Bromley,2006-10-01,Leasehold,201003.77380952382,185000.0,252
Bromley,2006-11-01,Freehold,337139.3776824034,285000.0,466
Bromley,2006-11-01,Leasehold,203322.41791044775,181000.0,268
Bromley,2006-12-01,Freehold,331876.6987060998,280000.0,541
Bromley,2006-12-01,Leasehold,197602.23106060605,175500.0,264
Bromley,2007-01-01,Freehold,338443.5223880597,292000.0,402
Bromley,2007-01-01,Leasehold,192307.95305164318,176800.0,213
Bromley,2007-02-01,Freehold,356645.3157894737,284000.0,361
Bromley,2007-02-01,Leasehold,196971.71186440677,176250.0,236
Bromley,2007-03-01,Freehold,355282.08849557524,303500.0,452
Bromley,2007-03-01,Leasehold,206385.48109965635,185000.0,291
Bromley,2007-04-01,Freehold,358298.9330024814,305000.0,403
Bromley,2007-04-01,Leasehold,219637.7619047619,202000.0,231
Bromley,2007-05-01,Freehold,374412.9659090909,300000.0,440
Bromley,2007-05-01,Leasehold,199845.99585062242,190000.0,241
Bromley,2007-06-01,Freehold,367936.0091074681,300000.0,549
Bromley,2007-06-01,Leasehold,202284.48913043478,187875.0,276
Bromley,2007-07-01,Freehold,389368.1411992263,317000.0,517
Bromley,2007-07-01,Leasehold,221220.8275862069,199995.0,232
Bromley,2007-08-01,Freehold,380460.2425307557,322000.0,569
Bromley,2007-08-01,Leasehold,210962.87698412698,205000.0,252
Bromley,2007-09-01,Freehold,375995.1985472155,310000.0,413
Bromley,2007-09-01,Leasehold,214379.67142857143,198250.0,210
Bromley,2007-10-01,Freehold,418992.06976744183,325000.0,430
Bromley,2007-10-01,Leasehold,212339.04219409282,199995.0,237
Bromley,2007-11-01,Freehold,362192.3387850467,312500.0,428
Bromley,2007-11-01,Leasehold,225427.68852459016,205500.0,244
Bromley,2007-12-01,Freehold,408414.2826855124,322500.0,283
Bromley,2007-12-01,Leasehold,217253.14197530865,209950.0,162
Bromley,2008-01-01,Freehold,369630.7453703704,315000.0,216
Bromley,2008-01-01,Leasehold,209446.42857142858,198750.0,126
Bromley,2008-02-01,Freehold,372000.611814346,316000.0,237
Bromley,2008-02-01,Leasehold,216013.38823529411,200750.0,170
Bromley,2008-03-01,Freehold,353968.92173913046,305000.0,230
Bromley,2008-03-01,Leasehold,208548.55737704918,190000.0,122
Bromley,2008-04-01,Freehold,368247.0210084034,317750.0,238
Bromley,2008-04-01,Leasehold,224445.28169014084,203500.0,142
Bromley,2008-05-01,Freehold,326341.2396313364,283500.0,217
Bromley,2008-05-01,Leasehold,203008.9455782313,193000.0,147
Bromley,2008-06-01,Freehold,372807.81862745096,302500.0,204
Bromley,2008-06-01,Leasehold,210666.93827160494,198999.5,162
Bromley,2008-07-01,Freehold,422016.80555555556,311000.0,216
Bromley,2008-07-01,Leasehold,207535.95,188000.0,100
Bromley,2008-08-01,Freehold,372085.11267605633,288450.0,213
Bromley,2008-08-01,Leasehold,198598.27777777778,192500.0,90
Bromley,2008-09-01,Freehold,357985.67261904763,301000.0,168
Bromley,2008-09-01,Leasehold,211434.50704225354,200000.0,71
Bromley,2008-10-01,Freehold,341332.79032258067,289500.0,186
Bromley,2008-10-01,Leasehold,201335.17283950618,185000.0,81
Bromley,2008-11-01,Freehold,290114.18620689656,250000.0,145
Bromley,2008-11-01,Leasehold,189795.33898305084,175000.0,59
Bromley,2008-12-01,Freehold,310836.4658385093,265000.0,161
Bromley,2008-12-01,Leasehold,204220.42105263157,191250.0,76
Bromley,2009-01-01,Freehold,333636.41739130433,250000.0,115
Bromley,2009-01-01,Leasehold,224006.9298245614,183500.0,57
Bromley,2009-02-01,Freehold,363397.58771929826,250000.0,114
Bromley,2009-02-01,Leasehold,199763.97777777776,190000.0,45
Bromley,2009-03-01,Freehold,319737.15862068965,250000.0,145
Bromley,2009-03-01,Leasehold,191431.6037735849,172500.0,53
Bromley,2009-04-01,Freehold,316333.8703703704,250000.0,162
Bromley,2009-04-01,Leasehold,198202.66666666666,195000.0,75
Bromley,2009-05-01,Freehold,289607.9895833333,250000.0,192
Bromley,2009-05-01,Leasehold,198744.88571428572,181500.0,70
Bromley,2009-06-01,Freehold,340361.6990291262,281250.0,206
Bromley,2009-06-01,Leasehold,200394.8842105263,185000.0,95
Bromley,2009-07-01,Freehold,353009.40625,292000.0,288
Bromley,2009-07-01,Leasehold,189657.6976744186,175000.0,129
Bromley,2009-08-01,Freehold,340754.52777777775,280500.0,288
Bromley,2009-08-01,Leasehold,184210.94444444444,180000.0,108
Bromley,2009-09-01,Freehold,335492.05466237944,295000.0,311
Bromley,2009-09-01,Leasehold,197448.92913385827,183000.0,127
Bromley,2009-10-01,Freehold,374734.0989010989,299997.5,364
Bromley,2009-10-01,Leasehold,195574.42201834862,176600.0,109
Bromley,2009-11-01,Freehold,381929.28623188403,311250.0,276
Bromley,2009-11-01,Leasehold,178617.63157894736,175000.0,114
Bromley,2009-12-01,Freehold,359397.68168168166,308500.0,333
Bromley,2009-12-01,Leasehold,189411.8304093567,172000.0,171
Bromley,2010-01-01,Freehold,353759.4716981132,310000.0,212
Bromley,2010-01-01,Leasehold,201863.13186813187,192950.0,91
Bromley,2010-02-01,Freehold,350799.6051502146,300000.0,233
Bromley,2010-02-01,Leasehold,197273.5,179250.0,70
Bromley,2010-03-01,Freehold,359180.2173913043,295000.0,230
Bromley,2010-03-01,Leasehold,204131.5760869565,195500.0,92
Bromley,2010-04-01,Freehold,387814.344,302500.0,250
Bromley,2010-04-01,Leasehold,224240.35185185185,195250.0,108
Bromley,2010-05-01,Freehold,366654.27413127414,305000.0,259
Bromley,2010-05-01,Leasehold,206921.7857142857,192500.0,98
Bromley,2010-06-01,Freehold,383084.5498392283,323500.0,311
Bromley,2010-06-01,Leasehold,207750.73282442748,200000.0,131
Bromley,2010-07-01,Freehold,406156.2831858407,345000.0,339
Bromley,2010-07-01,Leasehold,193555.76229508198,194975.0,122
Bromley,2010-08-01,Freehold,382330.0996563574,327000.0,291
Bromley,2010-08-01,Leasehold,212318.92913385827,191000.0,127
Bromley,2010-09-01,Freehold,394020.05925925926,326750.0,270
Bromley,2010-09-01,Leasehold,212616.9243697479,194995.0,119
Bromley,2010-10-01,Freehold,373084.39215686277,319500.0,255
Bromley,2010-10-01,Leasehold,194815.5462184874,187500.0,119
Bromley,2010-11-01,Freehold,371410.69874476985,311000.0,239
Bromley,2010-11-01,Leasehold,200575.0,192250.0,100
Bromley,2010-12-01,Freehold,377918.4166666667,317000.0,240
Bromley,2010-12-01,Leasehold,211919.85840707965,195000.0,113
Bromley,2011-01-01,Freehold,352738.3,300000.0,160
Bromley,2011-01-01,Leasehold,215032.2602739726,200000.0,73
Bromley,2011-02-01,Freehold,359348.00904977374,300000.0,221
Bromley,2011-02-01,Leasehold,190314.13043478262,174500.0,92
Bromley,2011-03-01,Freehold,406949.1951219512,300000.0,205
Bromley,2011-03-01,Leasehold,225380.40952380953,193000.0,105
Bromley,2011-04-01,Freehold,392824.6076923077,319000.0,260
Bromley,2011-04-01,Leasehold,226214.20833333334,200000.0,96
Bromley,2011-05-01,Freehold,348451.2085308057,310000.0,211
Bromley,2011-05-01,Leasehold,217120.6222222222,208500.0,90
Bromley,2011-06-01,Freehold,389416.8682170543,320000.0,258
Bromley,2011-06-01,Leasehold,209551.09836065574,181250.0,122
Bromley,2011-07-01,Freehold,403873.7673716012,350000.0,331
Bromley,2011-07-01,Leasehold,217574.44545454546,186875.0,110
Bromley,2011-08-01,Freehold,400001.4459459459,337550.0,296
Bromley,2011-08-01,Leasehold,208041.35,194378.0,100
Bromley,2011-09-01,Freehold,405262.93140794226,335000.0,277
Bromley,2011-09-01,Leasehold,213020.34782608695,183000.0,115
Bromley,2011-10-01,Freehold,396100.9841897233,320000.0,253
Bromley,2011-10-01,Leasehold,203223.83177570094,191000.0,107
Bromley,2011-11-01,Freehold,388415.5392857143,315000.0,280
Bromley,2011-11-01,Leasehold,197073.6607142857,184000.0,112
Bromley,2011-12-01,Freehold,406730.7679738562,350000.0,306
Bromley,2011-12-01,Leasehold,201199.89304812835,191500.0,187
Bromley,2012-01-01,Freehold,376374.9875518672,316000.0,241
Bromley,2012-01-01,Leasehold,194372.94736842104,193000.0,95
Bromley,2012-02-01,Freehold,375428.35555555555,320000.0,225
Bromley,2012-02-01,Leasehold,214002.1739130435,193000.0,115
Bromley,2012-03-01,Freehold,340724.3085106383,286500.0,282
Bromley,2012-03-01,Leasehold,211828.54054054053,194000.0,148
Bromley,2012-04-01,Freehold,379058.9621621622,340000.0,185
Bromley,2012-04-01,Leasehold,226503.06451612903,217000.0,93
Bromley,2012-05-01,Freehold,384741.6373626374,322500.0,273
Bromley,2012-05-01,Leasehold,221887.2831858407,207500.0,113
Bromley,2012-06-01,Freehold,395518.97841726616,336000.0,278
Bromley,2012-06-01,Leasehold,214812.16853932585,204000.0,178
Bromley,2012-07-01,Freehold,399651.9672131148,325000.0,305
Bromley,2012-07-01,Leasehold,222073.61290322582,191500.0,155
Bromley,2012-08-01,Freehold,408875.91223404254,357750.0,376
Bromley,2012-08-01,Leasehold,218421.13194444444,185000.0,144
Bromley,2012-09-01,Freehold,391175.3833992095,322500.0,253
Bromley,2012-09-01,Leasehold,214527.3085106383,206750.0,94
Bromley,2012-10-01,Freehold,379242.9708737864,325000.0,309
Bromley,2012-10-01,Leasehold,229150.41401273885,202000.0,157
Bromley,2012-11-01,Freehold,399372.3049180328,345000.0,305
Bromley,2012-11-01,Leasehold,229332.7894736842,210000.0,152
Bromley,2012-12-01,Freehold,387865.6630824373,355000.0,279
Bromley,2012-12-01,Leasehold,229219.46666666667,209500.0,105
Bromley,2013-01-01,Freehold,383138.6403940887,315000.0,203
Bromley,2013-01-01,Leasehold,222657.0612244898,194875.0,98
Bromley,2013-02-01,Freehold,364088.13333333336,320000.0,195
Bromley,2013-02-01,Leasehold,207897.24770642203,198000.0,109
Bromley,2013-03-01,Freehold,387626.5263157895,347500.0,228
Bromley,2013-03-01,Leasehold,216416.54761904763,207500.0,84
Bromley,2013-04-01,Freehold,383692.5964912281,315000.0,228
Bromley,2013-04-01,Leasehold,220593.0341880342,206000.0,117
Bromley,2013-05-01,Freehold,399243.23125,345000.0,320
Bromley,2013-05-01,Leasehold,225350.10191082803,210000.0,157
Bromley,2013-06-01,Freehold,413529.8172413793,358499.5,290
Bromley,2013-06-01,Leasehold,223904.37062937062,215000.0,143
Bromley,2013-07-01,Freehold,402743.54761904763,344000.0,378
Bromley,2013-07-01,Leasehold,222526.8375,215000.0,160
Bromley,2013-08-01,Freehold,422104.43859649124,361500.0,399
Bromley,2013-08-01,Leasehold,225112.45029239767,220000.0,171
Bromley,2013-09-01,Freehold,425641.1482558139,367500.0,344
Bromley,2013-09-01,Leasehold,219230.5393939394,215000.0,165
Bromley,2013-10-01,Freehold,452982.92583120207,365000.0,391
Bromley,2013-10-01,Leasehold,233011.3950617284,215000.0,162
Bromley,2013-11-01,Freehold,432489.49376558606,365000.0,401
Bromley,2013-11-01,Leasehold,225554.65094339623,225000.0,212
Bromley,2013-12-01,Freehold,454940.91343283583,378000.0,335
Bromley,2013-12-01,Leasehold,245816.91666666666,235200.0,180
Bromley,2014-01-01,Freehold,455918.18709677417,385000.0,310
Bromley,2014-01-01,Leasehold,227835.34158415842,224997.5,202
Bromley,2014-02-01,Freehold,431762.4355828221,380000.0,326
Bromley,2014-02-01,Leasehold,245268.66666666666,246916.5,192
Bromley,2014-03-01,Freehold,431110.6201550388,375000.0,258
Bromley,2014-03-01,Leasehold,243318.81502890174,215000.0,173
Bromley,2014-04-01,Freehold,455621.79153094464,396995.0,307
Bromley,2014-04-01,Leasehold,258680.44186046513,243000.0,172
Bromley,2014-05-01,Freehold,482844.09215017065,426000.0,293
Bromley,2014-05-01,Leasehold,274047.4364640884,249950.0,181
Bromley,2014-06-01,Freehold,493450.49845201237,425000.0,323
Bromley,2014-06-01,Leasehold,260270.34078212292,236000.0,179
Bromley,2014-07-01,Freehold,519332.6147757256,447500.0,379
Bromley,2014-07-01,Leasehold,275116.4466019418,250000.0,206
Bromley,2014-08-01,Freehold,485675.03225806454,430000.0,372
Bromley,2014-08-01,Leasehold,265727.1825726141,250000.0,241
Bromley,2014-09-01,Freehold,498420.7639751553,425000.0,322
Bromley,2014-09-01,Leasehold,275469.8975903614,250000.0,166
Bromley,2014-10-01,Freehold,481299.48753462604,425000.0,361
Bromley,2014-10-01,Leasehold,264219.4103773585,250000.0,212
Bromley,2014-11-01,Freehold,495367.2689393939,435000.0,264
Bromley,2014-11-01,Leasehold,258785.1851851852,249497.5,162
Bromley,2014-12-01,Freehold,492875.39329268294,420000.0,328
Bromley,2014-12-01,Leasehold,271339.08875739644,250000.0,169
Bromley,2015-01-01,Freehold,505776.69314079423,425000.0,277
Bromley,2015-01-01,Leasehold,267821.80451127817,250000.0,133
Bromley,2015-02-01,Freehold,492188.756097561,438250.0,246
Bromley,2015-02-01,Leasehold,266376.161971831,245000.0,142
Bromley,2015-03-01,Freehold,477641.61904761905,413750.0,252
Bromley,2015-03-01,Leasehold,288041.43448275863,250000.0,145
Bromley,2015-04-01,Freehold,488425.8594771242,427500.0,306
Bromley,2015-04-01,Leasehold,278329.0,265000.0,150
Bromley,2015-05-01,Freehold,518895.5737179487,450000.0,312
Bromley,2015-05-01,Leasehold,287750.4352331606,275000.0,193
Bromley,2015-06-01,Freehold,528875.70609319,437500.0,279
Bromley,2015-06-01,Leasehold,304598.2131147541,280000.0,183
Bromley,2015-07-01,Freehold,515493.81546134665,472000.0,401
Bromley,2015-07-01,Leasehold,295341.0170940171,278997.5,234
Bromley,2015-08-01,Freehold,599171.3693181818,485000.0,352
Bromley,2015-08-01,Leasehold,311935.94240837696,300000.0,191
Bromley,2015-09-01,Freehold,523715.0811594203,451500.0,345
Bromley,2015-09-01,Leasehold,297762.5661375661,277500.0,189
Bromley,2015-10-01,Freehold,544775.6920980926,470000.0,367
Bromley,2015-10-01,Leasehold,296968.0896860987,291000.0,223
Bromley,2015-11-01,Freehold,533554.7611464969,475000.0,314
Bromley,2015-11-01,Leasehold,293418.1465968586,290000.0,191
Bromley,2015-12-01,Freehold,535862.128,480000.0,375
Bromley,2015-12-01,Leasehold,312471.9090909091,300000.0,176
Bromley,2016-01-01,Freehold,535100.0,480000.0,264
Bromley,2016-01-01,Leasehold,320382.84810126584,314000.0,158
Bromley,2016-02-01,Freehold,554951.4008264462,476000.0,242
Bromley,2016-02-01,Leasehold,299184.9662162162,290000.0,148
Bromley,2016-03-01,Freehold,569346.2438478747,490000.0,447
Bromley,2016-03-01,Leasehold,319160.8783783784,305000.0,296
Bromley,2016-04-01,Freehold,518664.0622222222,461000.0,225
Bromley,2016-04-01,Leasehold,314178.26086956525,300000.0,115
Bromley,2016-05-01,Freehold,535252.9330985915,499950.0,284
Bromley,2016-05-01,Leasehold,331579.7083333333,317500.0,120
Bromley,2016-06-01,Freehold,589461.3010752688,515000.0,279
Bromley,2016-06-01,Leasehold,352485.91503267974,330000.0,153
Bromley,2016-07-01,Freehold,573955.5921985816,493500.0,282
Bromley,2016-07-01,Leasehold,330622.2580645161,325000.0,155
Bromley,2016-08-01,Freehold,577712.1780821917,517500.0,292
Bromley,2016-08-01,Leasehold,318515.5594405594,315000.0,143
Bromley,2016-09-01,Freehold,581185.655737705,495500.0,244
Bromley,2016-09-01,Leasehold,342885.7089552239,320000.0,134
Bromley,2016-10-01,Freehold,591933.8172043011,515000.0,279
Bromley,2016-10-01,Leasehold,350685.26785714284,350000.0,168
Bromley,2016-11-01,Freehold,558867.0729613734,505050.0,233
Bromley,2016-11-01,Leasehold,347697.823943662,326000.0,142
Bromley,2016-12-01,Freehold,571564.8326996198,520000.0,263
Bromley,2016-12-01,Leasehold,328691.80203045683,307500.0,197
Bromley,2017-01-01,Freehold,580365.4727272728,512500.0,220
Bromley,2017-01-01,Leasehold,345088.275862069,330000.0,116
Bromley,2017-02-01,Freehold,555874.3953488372,500000.0,172
Bromley,2017-02-01,Leasehold,350913.25396825396,325000.0,126
Bromley,2017-03-01,Freehold,569127.9387755102,510000.0,245
Bromley,2017-03-01,Leasehold,337757.4404761905,314000.0,168
Bromley,2017-04-01,Freehold,602593.4433497537,503000.0,203
Bromley,2017-04-01,Leasehold,323244.7083333333,315225.0,120
Bromley,2017-05-01,Freehold,592994.303030303,522500.0,231
Bromley,2017-05-01,Leasehold,340620.552238806,327500.0,134
Bromley,2017-06-01,Freehold,605788.8910891089,531000.0,303
Bromley,2017-06-01,Leasehold,334092.1387283237,310000.0,173
Bromley,2017-07-01,Freehold,620397.3092783506,570000.0,291
Bromley,2017-07-01,Leasehold,344768.42424242425,319000.0,132
Bromley,2017-08-01,Freehold,570289.4804804805,515000.0,333
Bromley,2017-08-01,Leasehold,346178.89937106916,349000.0,159
Bromley,2017-09-01,Freehold,596203.4809688581,530000.0,289
Bromley,2017-09-01,Leasehold,349681.2794117647,335000.0,136
Bromley,2017-10-01,Freehold,572465.187279152,520000.0,283
Bromley,2017-10-01,Leasehold,345840.7196969697,335000.0,132
Bromley,2017-11-01,Freehold,584182.55859375,530000.0,256
Bromley,2017-11-01,Leasehold,346262.2786885246,324561.5,122
Bromley,2017-12-01,Freehold,576490.5471698113,515000.0,265
Bromley,2017-12-01,Leasehold,325645.31111111114,305000.0,135
Bromley,2018-01-01,Freehold,559794.6614583334,516000.0,192
Bromley,2018-01-01,Leasehold,339654.94845360826,320000.0,97
Bromley,2018-02-01,Freehold,547050.2019704434,502000.0,203
Bromley,2018-02-01,Leasehold,341697.59433962265,318500.0,106
Bromley,2018-03-01,Freehold,626931.032388664,515000.0,247
Bromley,2018-03-01,Leasehold,329707.299270073,320000.0,137
Bromley,2018-04-01,Freehold,579254.8038277512,509000.0,209
Bromley,2018-04-01,Leasehold,348668.23125,350000.0,160
Bromley,2018-05-01,Freehold,567824.7929515418,520000.0,227
Bromley,2018-05-01,Leasehold,334997.0967741936,330000.0,124
Bromley,2018-06-01,Freehold,600731.8392857143,525000.0,280
Bromley,2018-06-01,Leasehold,335681.6015625,329500.0,128
Bromley,2018-07-01,Freehold,569182.5555555555,525000.0,270
Bromley,2018-07-01,Leasehold,347450.06293706293,329500.0,143
Bromley,2018-08-01,Freehold,580330.584375,516500.0,320
Bromley,2018-08-01,Leasehold,353147.03883495147,325000.0,206
Bromley,2018-09-01,Freehold,604336.308,535000.0,250
Bromley,2018-09-01,Leasehold,359989.3859649123,328500.0,114
Bromley,2018-10-01,Freehold,582260.5457746478,523750.0,284
Bromley,2018-10-01,Leasehold,351621.36363636365,340000.0,154
Bromley,2018-11-01,Freehold,588568.4204545454,530000.0,264
Bromley,2018-11-01,Leasehold,348812.3566878981,340000.0,157
Bromley,2018-12-01,Freehold,567937.037735849,516250.0,212
Bromley,2018-12-01,Leasehold,340719.82857142854,313750.0,140
Bromley,2019-01-01,Freehold,565960.9615384615,505000.0,182
Bromley,2019-01-01,Leasehold,313873.021978022,300000.0,91
Bromley,2019-02-01,Freehold,585551.4047619047,506625.0,210
Bromley,2019-02-01,Leasehold,334960.2755905512,325000.0,127
Bromley,2019-03-01,Freehold,521396.88940092165,485000.0,217
Bromley,2019-03-01,Leasehold,357599.57627118647,330000.0,118
Bromley,2019-04-01,Freehold,595899.7055837563,510000.0,197
Bromley,2019-04-01,Leasehold,351432.2266666667,333500.0,150
Bromley,2019-05-01,Freehold,552570.4391304348,497475.0,230
Bromley,2019-05-01,Leasehold,346100.08633093524,332500.0,139
Bromley,2019-06-01,Freehold,574886.2222222222,517500.0,225
Bromley,2019-06-01,Leasehold,327576.85950413224,315000.0,121
Bromley,2019-07-01,Freehold,577266.6272189349,525000.0,338
Bromley,2019-07-01,Leasehold,338556.3896103896,327000.0,154
Bromley,2019-08-01,Freehold,604814.896969697,525000.0,330
Bromley,2019-08-01,Leasehold,347879.3333333333,328500.0,162
Bromley,2019-09-01,Freehold,585537.7638376384,537000.0,271
Bromley,2019-09-01,Leasehold,330167.1982758621,326000.0,116
Bromley,2019-10-01,Freehold,589182.9836601308,506000.0,306
Bromley,2019-10-01,Leasehold,339118.43333333335,310500.0,150
Bromley,2019-11-01,Freehold,599737.3263888889,550000.0,288
Bromley,2019-11-01,Leasehold,348424.7744360902,312500.0,133
Bromley,2019-12-01,Freehold,593742.6102362205,530000.0,254
Bromley,2019-12-01,Leasehold,339097.54032258067,330750.0,124
Bromley,2020-01-01,Freehold,584355.4156378601,510000.0,243
Bromley,2020-01-01,Leasehold,336531.3432835821,314500.0,134
Bromley,2020-02-01,Freehold,576337.9759036144,515000.0,249
Bromley,2020-02-01,Leasehold,336896.9658119658,335000.0,117
Bromley,2020-03-01,Freehold,575299.9601593625,510000.0,251
Bromley,2020-03-01,Leasehold,345366.9319727891,330000.0,147
Bromley,2020-04-01,Freehold,602550.3932584269,500000.0,89
Bromley,2020-04-01,Leasehold,315860.0,305000.0,50
Bromley,2020-05-01,Freehold,554536.8181818182,498000.0,99
Bromley,2020-05-01,Leasehold,280344.72602739726,280000.0,73
Bromley,2020-06-01,Freehold,621453.804347826,525000.0,184
Bromley,2020-06-01,Leasehold,305493.5064935065,280000.0,77
Bromley,2020-07-01,Freehold,634325.3968253968,545000.0,252
Bromley,2020-07-01,Leasehold,344330.0,325000.0,100
Bromley,2020-08-01,Freehold,601694.9400749063,520000.0,267
Bromley,2020-08-01,Leasehold,352727.77777777775,366250.0,90
Bromley,2020-09-01,Freehold,628748.7111111111,545000.0,315
Bromley,2020-09-01,Leasehold,333523.75247524754,312500.0,101
Bromley,2020-10-01,Freehold,642941.2752808989,575500.0,356
Bromley,2020-10-01,Leasehold,329736.95652173914,315000.0,138
Bromley,2020-11-01,Freehold,617354.3575949367,560386.0,316
Bromley,2020-11-01,Leasehold,355653.72222222225,337500.0,144
Bromley,2020-12-01,Freehold,616191.8188405797,560000.0,414
Bromley,2020-12-01,Leasehold,361527.6923076923,350000.0,130
Bromley,2021-01-01,Freehold,597682.3708206686,545000.0,329
Bromley,2021-01-01,Leasehold,349645.2252252252,347500.0,111
Bromley,2021-02-01,Freehold,624471.9384615384,545000.0,390
Bromley,2021-02-01,Leasehold,383273.37579617836,335000.0,157
Bromley,2021-03-01,Freehold,635435.3817292006,562500.0,613
Bromley,2021-03-01,Leasehold,339690.7368421053,318000.0,247
Bromley,2021-04-01,Freehold,613863.1487341772,560000.0,316
Bromley,2021-04-01,Leasehold,373528.37226277374,348000.0,137
Bromley,2021-05-01,Freehold,693887.76953125,599500.0,256
Bromley,2021-05-01,Leasehold,370557.9646017699,330000.0,113
Bromley,2021-06-01,Freehold,678222.1053180397,581250.0,959
Bromley,2021-06-01,Leasehold,383397.6632653061,355000.0,392
Bromley,2021-07-01,Freehold,645095.5147058824,550000.0,68
Bromley,2021-07-01,Leasehold,312166.6666666667,284250.0,72
Bromley,2021-08-01,Freehold,701177.5327102804,547500.0,214
Bromley,2021-08-01,Leasehold,324757.474137931,314500.0,116
Bromley,2021-09-01,Freehold,666366.1046511628,590000.0,430
Bromley,2021-09-01,Leasehold,341366.7415254237,322000.0,236
Bromley,2021-10-01,Freehold,650606.4670658683,576000.0,167
Bromley,2021-10-01,Leasehold,318340.63157894736,310000.0,95
Bromley,2021-11-01,Freehold,625978.0508474576,560750.0,236
Bromley,2021-11-01,Leasehold,332102.64166666666,314125.5,120
Bromley,2021-12-01,Freehold,682058.5708812261,610500.0,261
Bromley,2021-12-01,Leasehold,348208.8394160584,330000.0,137
Bromley,2022-01-01,Freehold,657615.9417475729,575650.0,206
Bromley,2022-01-01,Leasehold,337394.962962963,322500.0,108
Bromley,2022-02-01,Freehold,689752.8776371308,610000.0,237
Bromley,2022-02-01,Leasehold,341835.72602739726,341250.0,146
Bromley,2022-03-01,Freehold,739826.524590164,618500.0,244
Bromley,2022-03-01,Leasehold,371075.03184713377,335000.0,157
Bromley,2022-04-01,Freehold,775406.1866666666,611000.0,225
Bromley,2022-04-01,Leasehold,356050.736196319,343500.0,163
Bromley,2022-05-01,Freehold,716750.0084033613,625000.0,238
Bromley,2022-05-01,Leasehold,337535.78571428574,333250.0,140
Bromley,2022-06-01,Freehold,704679.0075471698,635000.0,265
Bromley,2022-06-01,Leasehold,368385.86614173226,355000.0,127
Bromley,2022-07-01,Freehold,735211.2751677852,650000.0,298
Bromley,2022-07-01,Leasehold,360127.84795321635,350000.0,171
Bromley,2022-08-01,Freehold,713575.7412587412,652500.0,286
Bromley,2022-08-01,Leasehold,354082.8830409357,345000.0,171
Bromley,2022-09-01,Freehold,749215.3519736842,634500.0,304
Bromley,2022-09-01,Leasehold,362974.7267759563,349000.0,183
Bromley,2022-10-01,Freehold,738159.7293729373,655000.0,303
Bromley,2022-10-01,Leasehold,372193.01470588235,350500.0,136
Bromley,2022-11-01,Freehold,712079.1267123288,635000.0,292
Bromley,2022-11-01,Leasehold,370552.28571428574,359000.0,175
Bromley,2022-12-01,Freehold,706863.3307692307,607500.0,260
Bromley,2022-12-01,Leasehold,373189.6896551724,360000.0,174
Bromley,2023-01-01,Freehold,701763.8670886076,609000.0,158
Bromley,2023-01-01,Leasehold,344924.39215686277,328750.0,102
Bromley,2023-02-01,Freehold,650050.0,575000.0,163
Bromley,2023-02-01,Leasehold,354822.43902439025,361500.0,123
Bromley,2023-03-01,Freehold,743505.3596059113,620000.0,203
Bromley,2023-03-01,Leasehold,335703.6956521739,330000.0,115
Bromley,2023-04-01,Freehold,691232.9261744966,597000.0,149
Bromley,2023-04-01,Leasehold,353472.0714285714,328000.0,70
Bromley,2023-05-01,Freehold,697282.947368421,600000.0,171
Bromley,2023-05-01,Leasehold,345263.2876712329,315000.0,73
Bromley,2023-06-01,Freehold,714558.4577114428,618000.0,201
Bromley,2023-06-01,Leasehold,347278.2027027027,322500.0,74
Bromley,2023-07-01,Freehold,705888.725490196,632500.0,204
Bromley,2023-07-01,Leasehold,362787.8947368421,350000.0,95
Bromley,2023-08-01,Freehold,686743.031372549,612500.0,255
Bromley,2023-08-01,Leasehold,357839.7863247863,343000.0,117
Bromley,2023-09-01,Freehold,697344.7920353982,608000.0,226
Bromley,2023-09-01,Leasehold,365997.81451612903,347500.0,124
Bromley,2023-10-01,Freehold,686399.562248996,600000.0,249
Bromley,2023-10-01,Leasehold,345100.39830508473,322500.0,118
Bromley,2023-11-01,Freehold,691038.9174757282,597500.0,206
Bromley,2023-11-01,Leasehold,326727.29357798165,320000.0,109
Bromley,2023-12-01,Freehold,722056.6972972973,615000.0,185
Bromley,2023-12-01,Leasehold,328343.6170212766,305500.0,94
Bromley,2024-01-01,Freehold,681266.4923076923,585000.0,195
Bromley,2024-01-01,Leasehold,391874.9404761905,342500.0,84
Bromley,2024-02-01,Freehold,658785.632183908,560000.0,174
Bromley,2024-02-01,Leasehold,343619.5652173913,315000.0,92
Bromley,2024-03-01,Freehold,658673.5179487179,588200.0,195
Bromley,2024-03-01,Leasehold,327379.40594059404,315000.0,101
Bromley,2024-04-01,Freehold,679227.6455026455,600000.0,189
Bromley,2024-04-01,Leasehold,337396.6847826087,311000.0,92
Bromley,2024-05-01,Freehold,719379.6666666666,600000.0,246
Bromley,2024-05-01,Leasehold,350859.3663366337,330000.0,101
Bromley,2024-06-01,Freehold,711710.3450980393,620000.0,255
Bromley,2024-06-01,Leasehold,331229.32692307694,317500.0,104
Bromley,2024-07-01,Freehold,648684.5310344828,590000.0,290
Bromley,2024-07-01,Leasehold,365061.53594771243,356500.0,153
Bromley,2024-08-01,Freehold,742900.0757575758,644000.0,330
Bromley,2024-08-01,Leasehold,354669.8951048951,331000.0,143
Bromley,2024-09-01,Freehold,655399.1016949152,592250.0,236
Bromley,2024-09-01,Leasehold,339985.1937984496,327000.0,129
Bromley,2024-10-01,Freehold,731971.4710144928,637500.0,276
Bromley,2024-10-01,Leasehold,339606.95652173914,326000.0,115
Bromley,2024-11-01,Freehold,687042.7673611111,624500.0,288
Bromley,2024-11-01,Leasehold,362982.8057553957,340000.0,139
Bromley,2024-12-01,Freehold,686735.6180257511,610000.0,233
Bromley,2024-12-01,Leasehold,331868.8484848485,319750.0,132
Bromley,2025-01-01,Freehold,745847.0976744186,650000.0,215
Bromley,2025-01-01,Leasehold,337226.8367346939,320000.0,98
Bromley,2025-02-01,Freehold,727268.1527272727,635000.0,275
Bromley,2025-02-01,Leasehold,359171.7747747748,327500.0,111
Bromley,2025-03-01,Freehold,670042.5628318584,595000.0,565
Bromley,2025-03-01,Leasehold,364897.4194756554,350000.0,267
Bromley,2025-04-01,Freehold,791874.6666666666,730000.0,75
Bromley,2025-04-01,Leasehold,358168.55102040817,300000.0,49
Bromley,2025-05-01,Freehold,728741.9620253164,650000.0,158
Bromley,2025-05-01,Leasehold,348212.9397590361,327500.0,83
Bromley,2025-06-01,Freehold,720733.9288702928,620000.0,239
Bromley,2025-06-01,Leasehold,346035.202020202,330000.0,99
Bromley,2025-07-01,Freehold,725254.3225806452,652500.0,248
Bromley,2025-07-01,Leasehold,342674.3839285714,350000.0,112
Bromley,2025-08-01,Freehold,695767.2044609665,600000.0,269
Bromley,2025-08-01,Leasehold,346529.5363636364,329250.0,110
Bromley,2025-09-01,Freehold,690580.3951612903,627500.0,248
Bromley,2025-09-01,Leasehold,342685.0961538461,325000.0,104
Bromley,2025-10-01,Freehold,706071.5840707965,612500.0,226
Bromley,2025-10-01,Leasehold,368641.8918918919,325000.0,111
Bromley,2025-11-01,Freehold,712925.864978903,645000.0,237
Bromley,2025-11-01,Leasehold,368732.1089108911,342250.0,101
Bromley,2025-12-01,Freehold,652363.6666666666,600000.0,180
Bromley,2025-12-01,Leasehold,342872.9885057471,325000.0,87
Bromley,2026-01-01,Freehold,649435.7988505748,606250.0,174
Bromley,2026-01-01,Leasehold,353694.0298507463,352000.0,67
Bromley,2026-02-01,Freehold,662889.4736842106,614000.0,133
Bromley,2026-02-01,Leasehold,325459.67741935485,325500.0,62
Bromley,2026-03-01,Freehold,671272.5157232705,600000.0,159
Bromley,2026-03-01,Leasehold,363972.2297297297,374000.0,74
Bromley,2026-04-01,Freehold,630514.0495867769,595000.0,121
Bromley,2026-04-01,Leasehold,375484.126984127,340000.0,63
Bromley,2026-05-01,Freehold,637507.2549019608,595000.0,51
Bromley,2026-05-01,Leasehold,302925.0,309000.0,20
Camden,2006-01-01,Freehold,885404.7619047619,627500.0,63
Camden,2006-01-01,Leasehold,364806.2390438247,315000.0,251
Camden,2006-02-01,Freehold,921119.5918367347,730000.0,49
Camden,2006-02-01,Leasehold,381197.5605381166,315000.0,223
Camden,2006-03-01,Freehold,1160082.1739130435,845000.0,69
Camden,2006-03-01,Leasehold,363722.2440677966,310000.0,295
Camden,2006-04-01,Freehold,869208.1632653062,650000.0,49
Camden,2006-04-01,Leasehold,378217.15789473685,318000.0,266
Camden,2006-05-01,Freehold,1017895.7962962963,772500.0,54
Camden,2006-05-01,Leasehold,399749.4892086331,313750.0,278
Camden,2006-06-01,Freehold,927299.3235294118,687500.0,68
Camden,2006-06-01,Leasehold,364639.5813953488,305000.0,301
Camden,2006-07-01,Freehold,1118670.0,817500.0,50
Camden,2006-07-01,Leasehold,376874.8768328446,315000.0,341
Camden,2006-08-01,Freehold,1240979.857142857,927500.0,70
Camden,2006-08-01,Leasehold,378794.5940054496,334000.0,367
Camden,2006-09-01,Freehold,1108666.5689655172,762500.0,58
Camden,2006-09-01,Leasehold,381936.52662721893,320000.0,338
Camden,2006-10-01,Freehold,1173130.0263157894,780500.0,38
Camden,2006-10-01,Leasehold,374423.9283387622,315000.0,307
Camden,2006-11-01,Freehold,1089345.0943396227,775000.0,53
Camden,2006-11-01,Leasehold,414961.93356643355,365000.0,286
Camden,2006-12-01,Freehold,1139381.935483871,790000.0,62
Camden,2006-12-01,Leasehold,433203.17957746476,368750.0,284
Camden,2007-01-01,Freehold,1337304.2549019607,815000.0,51
Camden,2007-01-01,Leasehold,444040.66,363750.0,250
Camden,2007-02-01,Freehold,1166681.914893617,775000.0,47
Camden,2007-02-01,Leasehold,461283.5473251029,360000.0,243
Camden,2007-03-01,Freehold,1080973.4042553192,820000.0,47
Camden,2007-03-01,Leasehold,437971.55972696247,365000.0,293
Camden,2007-04-01,Freehold,1092069.607142857,802500.0,28
Camden,2007-04-01,Leasehold,424050.59751037345,367500.0,241
Camden,2007-05-01,Freehold,1221575.0,765750.0,30
Camden,2007-05-01,Leasehold,416551.7021276596,359975.0,282
Camden,2007-06-01,Freehold,1474341.4905660378,885000.0,53
Camden,2007-06-01,Leasehold,451369.07473309606,365000.0,281
Camden,2007-07-01,Freehold,1666491.1458333333,1350000.0,48
Camden,2007-07-01,Leasehold,494913.09,420000.0,300
Camden,2007-08-01,Freehold,1262541.0175438595,960000.0,57
Camden,2007-08-01,Leasehold,459150.3865814697,375000.0,313
Camden,2007-09-01,Freehold,1201159.1842105263,877497.5,38
Camden,2007-09-01,Leasehold,448942.29850746266,383750.0,268
Camden,2007-10-01,Freehold,1414543.0555555555,906000.0,36
Camden,2007-10-01,Leasehold,443576.7749077491,395000.0,271
Camden,2007-11-01,Freehold,1096572.2972972973,817500.0,37
Camden,2007-11-01,Leasehold,447592.5924369748,387250.0,238
Camden,2007-12-01,Freehold,1258818.1818181819,837000.0,22
Camden,2007-12-01,Leasehold,471113.09589041094,385000.0,219
Camden,2008-01-01,Freehold,1420948.2758620689,1150000.0,29
Camden,2008-01-01,Leasehold,478074.0319148936,422500.0,188
Camden,2008-02-01,Freehold,1843519.5652173914,1406500.0,23
Camden,2008-02-01,Leasehold,567275.0,400000.0,169
Camden,2008-03-01,Freehold,1348400.0,1050000.0,25
Camden,2008-03-01,Leasehold,471259.8263888889,345000.0,144
Camden,2008-04-01,Freehold,1823778.7142857143,1235000.0,21
Camden,2008-04-01,Leasehold,516499.28873239434,400000.0,142
Camden,2008-05-01,Freehold,1917096.641025641,1415000.0,39
Camden,2008-05-01,Leasehold,522568.7151162791,382500.0,172
Camden,2008-06-01,Freehold,1372841.3870967743,959000.0,31
Camden,2008-06-01,Leasehold,559884.9523809524,450000.0,210
Camden,2008-07-01,Freehold,1548280.487804878,1100000.0,41
Camden,2008-07-01,Leasehold,525925.1739130435,458000.0,161
Camden,2008-08-01,Freehold,1219340.0,995000.0,25
Camden,2008-08-01,Leasehold,521315.6453900709,400000.0,141
Camden,2008-09-01,Freehold,1367840.7407407407,1080000.0,27
Camden,2008-09-01,Leasehold,436581.71223021584,365000.0,139
Camden,2008-10-01,Freehold,1727210.5263157894,900000.0,19
Camden,2008-10-01,Leasehold,478720.07766990294,388000.0,103
Camden,2008-11-01,Freehold,1788357.142857143,925000.0,14
Camden,2008-11-01,Leasehold,504569.7619047619,400000.0,105
Camden,2008-12-01,Freehold,1221111.111111111,797500.0,9
Camden,2008-12-01,Leasehold,400795.4918032787,297883.5,122
Camden,2009-01-01,Freehold,1047928.5714285715,825000.0,21
Camden,2009-01-01,Leasehold,456852.6842105263,310000.0,76
Camden,2009-02-01,Freehold,2337894.933333333,1290000.0,15
Camden,2009-02-01,Leasehold,443780.62666666665,375000.0,75
Camden,2009-03-01,Freehold,1663843.2727272727,754026.0,22
Camden,2009-03-01,Leasehold,429748.88,362500.0,100
Camden,2009-04-01,Freehold,949034.6153846154,735000.0,26
Camden,2009-04-01,Leasehold,395881.79411764705,352000.0,102
Camden,2009-05-01,Freehold,1429142.8214285714,807500.0,28
Camden,2009-05-01,Leasehold,412259.06870229007,350000.0,131
Camden,2009-06-01,Freehold,1296411.111111111,825000.0,45
Camden,2009-06-01,Leasehold,434825.8102189781,360000.0,137
Camden,2009-07-01,Freehold,969972.6444444444,815000.0,45
Camden,2009-07-01,Leasehold,502948.07650273223,417500.0,183
Camden,2009-08-01,Freehold,1253170.2127659575,875000.0,47
Camden,2009-08-01,Leasehold,479442.6918604651,372500.0,172
Camden,2009-09-01,Freehold,1039002.6315789474,897975.0,38
Camden,2009-09-01,Leasehold,425972.0794392523,355000.0,214
Camden,2009-10-01,Freehold,1241211.2,975000.0,50
Camden,2009-10-01,Leasehold,500431.4512820513,405000.0,195
Camden,2009-11-01,Freehold,1207068.9655172413,775000.0,29
Camden,2009-11-01,Leasehold,442087.8989361702,375000.0,188
Camden,2009-12-01,Freehold,1304121.6216216215,900000.0,37
Camden,2009-12-01,Leasehold,472196.0329218107,390000.0,243
Camden,2010-01-01,Freehold,1366427.923076923,945000.0,39
Camden,2010-01-01,Leasehold,542488.186440678,420000.0,177
Camden,2010-02-01,Freehold,2147567.935483871,1150000.0,31
Camden,2010-02-01,Leasehold,514683.2948717949,405000.0,156
Camden,2010-03-01,Freehold,2326585.606060606,1745000.0,33
Camden,2010-03-01,Leasehold,466941.6972972973,382600.0,185
Camden,2010-04-01,Freehold,1353418.75,950000.0,24
Camden,2010-04-01,Leasehold,480290.78231292515,385000.0,147
Camden,2010-05-01,Freehold,1060577.8148148148,780000.0,27
Camden,2010-05-01,Leasehold,532608.4322580645,417000.0,155
Camden,2010-06-01,Freehold,1218803.3783783785,999900.0,37
Camden,2010-06-01,Leasehold,522473.08121827414,420000.0,197
Camden,2010-07-01,Freehold,1631986.517857143,1282500.0,56
Camden,2010-07-01,Leasehold,647120.4444444445,480000.0,252
Camden,2010-08-01,Freehold,1740986.6666666667,1175000.0,45
Camden,2010-08-01,Leasehold,573279.1298701299,450000.0,231
Camden,2010-09-01,Freehold,1724979.9130434783,1200000.0,46
Camden,2010-09-01,Leasehold,532488.8274336283,431000.0,226
Camden,2010-10-01,Freehold,1912071.875,1435000.0,48
Camden,2010-10-01,Leasehold,534271.7351351351,455000.0,185
Camden,2010-11-01,Freehold,1383338.1578947369,893000.0,38
Camden,2010-11-01,Leasehold,518246.4651162791,440000.0,215
Camden,2010-12-01,Freehold,1488294.0,1035000.0,25
Camden,2010-12-01,Leasehold,545859.3131313132,450000.0,198
Camden,2011-01-01,Freehold,1810893.780487805,1204500.0,41
Camden,2011-01-01,Leasehold,552611.0497237568,453750.0,181
Camden,2011-02-01,Freehold,1617272.0857142857,1084300.0,35
Camden,2011-02-01,Leasehold,526234.2708333334,412500.0,144
Camden,2011-03-01,Freehold,2101875.0,1325000.0,40
Camden,2011-03-01,Leasehold,630452.8709677419,427500.0,155
Camden,2011-04-01,Freehold,1820582.829787234,1350000.0,47
Camden,2011-04-01,Leasehold,564752.9285714285,415000.0,168
Camden,2011-05-01,Freehold,1532841.9444444445,807500.0,18
Camden,2011-05-01,Leasehold,445354.23287671234,375000.0,146
Camden,2011-06-01,Freehold,1200364.1666666667,932500.0,30
Camden,2011-06-01,Leasehold,523438.43216080405,455000.0,199
Camden,2011-07-01,Freehold,1451038.3953488371,1150000.0,43
Camden,2011-07-01,Leasehold,594228.4792626728,465250.0,217
Camden,2011-08-01,Freehold,2205175.2564102565,1100000.0,39
Camden,2011-08-01,Leasehold,540194.44,400000.0,225
Camden,2011-09-01,Freehold,1683417.775,1250000.0,40
Camden,2011-09-01,Leasehold,548116.6422413794,452500.0,232
Camden,2011-10-01,Freehold,1327635.606060606,900000.0,33
Camden,2011-10-01,Leasehold,546978.4155251142,425000.0,219
Camden,2011-11-01,Freehold,1361671.5945945946,883000.0,37
Camden,2011-11-01,Leasehold,474202.1988304094,405000.0,171
Camden,2011-12-01,Freehold,1195596.2758620689,950000.0,29
Camden,2011-12-01,Leasehold,576709.5878787879,475000.0,165
Camden,2012-01-01,Freehold,1706284.0,1115000.0,32
Camden,2012-01-01,Leasehold,579430.4794520548,430000.0,146
Camden,2012-02-01,Freehold,1418365.0,999975.0,30
Camden,2012-02-01,Leasehold,564274.4444444445,392000.0,135
Camden,2012-03-01,Freehold,1894115.53125,1212500.0,32
Camden,2012-03-01,Leasehold,556990.2666666667,417250.0,180
Camden,2012-04-01,Freehold,1903842.0526315789,1450000.0,19
Camden,2012-04-01,Leasehold,558000.3260869565,459250.0,138
Camden,2012-05-01,Freehold,1472530.2727272727,1300000.0,33
Camden,2012-05-01,Leasehold,536866.7380952381,450000.0,168
Camden,2012-06-01,Freehold,1822136.7647058824,1212500.0,34
Camden,2012-06-01,Leasehold,651355.2716763006,430000.0,173
Camden,2012-07-01,Freehold,1937208.205882353,1482500.0,34
Camden,2012-07-01,Leasehold,631348.8303571428,481000.0,224
Camden,2012-08-01,Freehold,1624591.9166666667,1157500.0,36
Camden,2012-08-01,Leasehold,660232.2547169811,468500.0,212
Camden,2012-09-01,Freehold,2759144.5714285714,1555000.0,28
Camden,2012-09-01,Leasehold,562192.6497461929,490000.0,197
Camden,2012-10-01,Freehold,2196569.4166666665,1575000.0,36
Camden,2012-10-01,Leasehold,684701.609929078,470000.0,141
Camden,2012-11-01,Freehold,1375713.6363636365,1112500.0,22
Camden,2012-11-01,Leasehold,555608.8888888889,470000.0,189
Camden,2012-12-01,Freehold,1558515.3636363635,1355000.0,22
Camden,2012-12-01,Leasehold,636863.2711864407,525000.0,177
Camden,2013-01-01,Freehold,1779736.111111111,1452500.0,36
Camden,2013-01-01,Leasehold,497609.95566502464,390000.0,203
Camden,2013-02-01,Freehold,2382393.4782608696,2250000.0,23
Camden,2013-02-01,Leasehold,698340.5111111111,475000.0,135
Camden,2013-03-01,Freehold,1885352.6315789474,1248000.0,19
Camden,2013-03-01,Leasehold,600016.417218543,462500.0,151
Camden,2013-04-01,Freehold,1678500.0,1415000.0,27
Camden,2013-04-01,Leasehold,666923.0585106383,545000.0,188
Camden,2013-05-01,Freehold,1413047.448275862,1145000.0,29
Camden,2013-05-01,Leasehold,628515.0666666667,540000.0,225
Camden,2013-06-01,Freehold,1971427.9545454546,1376190.0,44
Camden,2013-06-01,Leasehold,577777.8639053254,500000.0,169
Camden,2013-07-01,Freehold,1791468.0,1297500.0,50
Camden,2013-07-01,Leasehold,750448.8265682657,575000.0,271
Camden,2013-08-01,Freehold,1883877.403508772,1410000.0,57
Camden,2013-08-01,Leasehold,698168.0550847457,588125.0,236
Camden,2013-09-01,Freehold,2171353.2439024393,1750000.0,41
Camden,2013-09-01,Leasehold,692972.329218107,538000.0,243
Camden,2013-10-01,Freehold,1597317.1142857142,1260000.0,35
Camden,2013-10-01,Leasehold,632799.6872037915,515000.0,211
Camden,2013-11-01,Freehold,1861611.638888889,1537500.0,36
Camden,2013-11-01,Leasehold,674118.6740088105,500000.0,227
Camden,2013-12-01,Freehold,2405043.4782608696,1655000.0,23
Camden,2013-12-01,Leasehold,733467.3522727273,600000.0,264
Camden,2014-01-01,Freehold,1870591.9655172413,1445000.0,29
Camden,2014-01-01,Leasehold,743937.3222748815,560000.0,211
Camden,2014-02-01,Freehold,1802917.7419354839,1450000.0,31
Camden,2014-02-01,Leasehold,717057.025974026,600000.0,154
Camden,2014-03-01,Freehold,2319875.5,1607500.0,32
Camden,2014-03-01,Leasehold,658213.1782178218,542500.0,202
Camden,2014-04-01,Freehold,1962180.4642857143,1453000.0,28
Camden,2014-04-01,Leasehold,758004.7404580152,628750.0,262
Camden,2014-05-01,Freehold,2077489.7096774194,1770000.0,31
Camden,2014-05-01,Leasehold,765148.9052631579,650125.0,190
Camden,2014-06-01,Freehold,2235247.35,1620000.0,40
Camden,2014-06-01,Leasehold,727457.3736263736,585000.0,182
Camden,2014-07-01,Freehold,2480576.923076923,2000000.0,39
Camden,2014-07-01,Leasehold,824666.6212765957,620000.0,235
Camden,2014-08-01,Freehold,2868354.727272727,1675000.0,33
Camden,2014-08-01,Leasehold,795237.7901785715,650000.0,224
Camden,2014-09-01,Freehold,1967488.8387096773,1800000.0,31
Camden,2014-09-01,Leasehold,766304.1827411167,625000.0,197
Camden,2014-10-01,Freehold,2284476.5625,1400000.0,32
Camden,2014-10-01,Leasehold,859884.7894736842,629500.0,190
Camden,2014-11-01,Freehold,2796729.1666666665,2250000.0,24
Camden,2014-11-01,Leasehold,720951.9787234042,580000.0,141
Camden,2014-12-01,Freehold,2052169.696969697,1550000.0,33
Camden,2014-12-01,Leasehold,794416.967948718,623250.0,156
Camden,2015-01-01,Freehold,2332055.3703703703,1757000.0,27
Camden,2015-01-01,Leasehold,723502.7046979866,645000.0,149
Camden,2015-02-01,Freehold,2373534.090909091,1525000.0,22
Camden,2015-02-01,Leasehold,736795.7674418605,575000.0,129
Camden,2015-03-01,Freehold,2266614.814814815,1700000.0,27
Camden,2015-03-01,Leasehold,744843.2901554405,579000.0,193
Camden,2015-04-01,Freehold,1624142.857142857,1525000.0,21
Camden,2015-04-01,Leasehold,695275.1376811594,580000.0,138
Camden,2015-05-01,Freehold,1851816.6666666667,1407500.0,24
Camden,2015-05-01,Leasehold,791895.0125786164,637500.0,159
Camden,2015-06-01,Freehold,3142510.8260869565,1750000.0,23
Camden,2015-06-01,Leasehold,808642.1676300578,635000.0,173
Camden,2015-07-01,Freehold,2282144.488888889,1980000.0,45
Camden,2015-07-01,Leasehold,1171985.0572687224,650000.0,227
Camden,2015-08-01,Freehold,2414602.0833333335,1426000.0,24
Camden,2015-08-01,Leasehold,810311.6010638297,683950.0,188
Camden,2015-09-01,Freehold,2788746.25,2022500.0,28
Camden,2015-09-01,Leasehold,894726.9624413146,650000.0,213
Camden,2015-10-01,Freehold,2471747.8571428573,2112500.0,28
Camden,2015-10-01,Leasehold,828246.3085106383,695000.0,188
Camden,2015-11-01,Freehold,2848240.7407407407,2025000.0,27
Camden,2015-11-01,Leasehold,858224.8894009216,735000.0,217
Camden,2015-12-01,Freehold,1665156.4642857143,1525000.0,28
Camden,2015-12-01,Leasehold,836373.367816092,658000.0,174
Camden,2016-01-01,Freehold,2340481.4814814813,2250000.0,27
Camden,2016-01-01,Leasehold,882928.0482758621,725000.0,145
Camden,2016-02-01,Freehold,2295290.290322581,2050000.0,31
Camden,2016-02-01,Leasehold,814893.6,657000.0,140
Camden,2016-03-01,Freehold,2732307.2916666665,1640000.0,48
Camden,2016-03-01,Leasehold,956394.7694369974,695000.0,373
Camden,2016-04-01,Freehold,2171083.4444444445,1650000.0,18
Camden,2016-04-01,Leasehold,691673.7410714285,582500.0,112
Camden,2016-05-01,Freehold,2192933.3333333335,1775000.0,15
Camden,2016-05-01,Leasehold,855305.0103092784,625000.0,97
Camden,2016-06-01,Freehold,1657944.4444444445,1536500.0,18
Camden,2016-06-01,Leasehold,839153.9826589596,670000.0,173
Camden,2016-07-01,Freehold,2388378.3,1611000.0,20
Camden,2016-07-01,Leasehold,712915.9857142858,655250.0,140
Camden,2016-08-01,Freehold,2881386.3636363638,2349000.0,22
Camden,2016-08-01,Leasehold,782212.7363636363,664000.0,110
Camden,2016-09-01,Freehold,2284821.4285714286,1560000.0,21
Camden,2016-09-01,Leasehold,757298.6363636364,603000.0,132
Camden,2016-10-01,Freehold,2492478.0,1605000.0,25
Camden,2016-10-01,Leasehold,763090.5895522388,660000.0,134
Camden,2016-11-01,Freehold,2549375.0,1713750.0,30
Camden,2016-11-01,Leasehold,911794.3902439025,675000.0,123
Camden,2016-12-01,Freehold,2745166.6666666665,2275000.0,18
Camden,2016-12-01,Leasehold,899924.5797872341,730000.0,188
Camden,2017-01-01,Freehold,3455843.75,2315000.0,16
Camden,2017-01-01,Leasehold,848636.4964539007,635000.0,141
Camden,2017-02-01,Freehold,2854193.4166666665,2700000.0,12
Camden,2017-02-01,Leasehold,845727.2164179104,710000.0,134
Camden,2017-03-01,Freehold,2926897.5,2006250.0,24
Camden,2017-03-01,Leasehold,774344.5217391305,650000.0,184
Camden,2017-04-01,Freehold,3413098.0,1820000.0,25
Camden,2017-04-01,Leasehold,854114.3288590604,775000.0,149
Camden,2017-05-01,Freehold,1905000.0476190476,1660000.0,21
Camden,2017-05-01,Leasehold,895596.320610687,780000.0,131
Camden,2017-06-01,Freehold,2750320.638888889,1855000.0,36
Camden,2017-06-01,Leasehold,899500.1111111111,745000.0,207
Camden,2017-07-01,Freehold,2672702.0714285714,2062500.0,42
Camden,2017-07-01,Leasehold,774324.8660714285,664850.0,112
Camden,2017-08-01,Freehold,1858998.4827586208,1645000.0,29
Camden,2017-08-01,Leasehold,937192.8273809524,715000.0,168
Camden,2017-09-01,Freehold,2544094.5945945946,1900000.0,37
Camden,2017-09-01,Leasehold,809927.5067567568,695000.0,148
Camden,2017-10-01,Freehold,3506100.0,2387500.0,15
Camden,2017-10-01,Leasehold,815798.9036144578,700000.0,166
Camden,2017-11-01,Freehold,2144437.5,1612500.0,16
Camden,2017-11-01,Leasehold,827177.1186440678,685000.0,177
Camden,2017-12-01,Freehold,2542708.8235294116,2200000.0,17
Camden,2017-12-01,Leasehold,881749.8141025641,750000.0,156
Camden,2018-01-01,Freehold,2321710.5263157897,1987500.0,19
Camden,2018-01-01,Leasehold,993038.7475728155,650000.0,103
Camden,2018-02-01,Freehold,2476076.923076923,1511000.0,13
Camden,2018-02-01,Leasehold,1095890.4142857143,788750.0,140
Camden,2018-03-01,Freehold,1938252.1785714286,1765000.0,28
Camden,2018-03-01,Leasehold,773915.7652173913,600000.0,115
Camden,2018-04-01,Freehold,2473684.210526316,2000000.0,19
Camden,2018-04-01,Leasehold,1064525.75,695000.0,108
Camden,2018-05-01,Freehold,2143303.4482758623,1810000.0,29
Camden,2018-05-01,Leasehold,761231.9553571428,648750.0,112
Camden,2018-06-01,Freehold,2650395.238095238,1800000.0,21
Camden,2018-06-01,Leasehold,874537.7279411765,712430.0,136
Camden,2018-07-01,Freehold,2555946.7,1805000.0,30
Camden,2018-07-01,Leasehold,935568.7209302326,730000.0,129
Camden,2018-08-01,Freehold,2852968.75,1810000.0,32
Camden,2018-08-01,Leasehold,838531.1509433963,755000.0,159
Camden,2018-09-01,Freehold,2566416.6666666665,1700000.0,18
Camden,2018-09-01,Leasehold,801787.4173913044,630000.0,115
Camden,2018-10-01,Freehold,2325129.28,1770000.0,25
Camden,2018-10-01,Leasehold,799625.0404040404,645000.0,99
Camden,2018-11-01,Freehold,1903053.6206896552,1520000.0,29
Camden,2018-11-01,Leasehold,753566.2595419848,670000.0,131
Camden,2018-12-01,Freehold,1998470.9523809524,1625000.0,21
Camden,2018-12-01,Leasehold,885950.735632184,765000.0,174
Camden,2019-01-01,Freehold,2092459.3,1770000.0,20
Camden,2019-01-01,Leasehold,803967.6875,651500.0,80
Camden,2019-02-01,Freehold,2645000.0,2532500.0,14
Camden,2019-02-01,Leasehold,760957.3076923077,603250.0,104
Camden,2019-03-01,Freehold,5126333.333333333,1950000.0,15
Camden,2019-03-01,Leasehold,754174.4385964912,647500.0,114
Camden,2019-04-01,Freehold,2591950.0,2000000.0,20
Camden,2019-04-01,Leasehold,794810.4811320754,695000.0,106
Camden,2019-05-01,Freehold,2817500.0,1837500.0,13
Camden,2019-05-01,Leasehold,905146.6021505377,661000.0,93
Camden,2019-06-01,Freehold,2319260.04,2090000.0,25
Camden,2019-06-01,Leasehold,1100306.626984127,797500.0,126
Camden,2019-07-01,Freehold,2670014.4285714286,2275000.0,28
Camden,2019-07-01,Leasehold,1033927.2814814815,775000.0,135
Camden,2019-08-01,Freehold,2260500.0,1642500.0,19
Camden,2019-08-01,Leasehold,866997.9910714285,660500.0,112
Camden,2019-09-01,Freehold,2578396.153846154,1705000.0,26
Camden,2019-09-01,Leasehold,905563.6837606838,685000.0,117
Camden,2019-10-01,Freehold,2917032.2580645164,1850000.0,31
Camden,2019-10-01,Leasehold,799794.0161290322,670500.0,124
Camden,2019-11-01,Freehold,2362804.347826087,2075000.0,23
Camden,2019-11-01,Leasehold,905166.676923077,680000.0,130
Camden,2019-12-01,Freehold,1646000.0,1350000.0,15
Camden,2019-12-01,Leasehold,944552.007751938,730000.0,129
Camden,2020-01-01,Freehold,1766993.2727272727,1600000.0,33
Camden,2020-01-01,Leasehold,883058.3383458647,722500.0,133
Camden,2020-02-01,Freehold,2171020.8333333335,1645000.0,24
Camden,2020-02-01,Leasehold,821341.128,660000.0,125
Camden,2020-03-01,Freehold,2909848.3636363638,2462500.0,22
Camden,2020-03-01,Leasehold,891833.3732394367,700000.0,142
Camden,2020-04-01,Freehold,3286392.8571428573,3095000.0,14
Camden,2020-04-01,Leasehold,832605.3108108108,622500.0,74
Camden,2020-05-01,Freehold,3175000.0,2240000.0,8
Camden,2020-05-01,Leasehold,795813.4615384615,750000.0,52
Camden,2020-06-01,Freehold,1894800.0,1662500.0,15
Camden,2020-06-01,Leasehold,834848.9714285714,665000.0,70
Camden,2020-07-01,Freehold,1767354.8387096773,1612000.0,31
Camden,2020-07-01,Leasehold,890393.2061068702,740000.0,131
Camden,2020-08-01,Freehold,1763754.6666666667,1702500.0,24
Camden,2020-08-01,Leasehold,1026593.2427184467,725000.0,103
Camden,2020-09-01,Freehold,2751849.975,1957500.0,40
Camden,2020-09-01,Leasehold,929591.3712121212,720000.0,132
Camden,2020-10-01,Freehold,3039146.296296296,2040000.0,27
Camden,2020-10-01,Leasehold,814276.78125,707500.0,160
Camden,2020-11-01,Freehold,2326902.8636363638,1578056.5,22
Camden,2020-11-01,Leasehold,1005882.0350877193,740000.0,171
Camden,2020-12-01,Freehold,2502258.620689655,1585000.0,29
Camden,2020-12-01,Leasehold,957537.2469879518,781750.0,166
Camden,2021-01-01,Freehold,3313230.875,1925000.0,32
Camden,2021-01-01,Leasehold,796505.4160583941,680000.0,137
Camden,2021-02-01,Freehold,1994407.894736842,1632500.0,38
Camden,2021-02-01,Leasehold,863132.2394366197,629250.0,142
Camden,2021-03-01,Freehold,2541625.2372881356,1800000.0,59
Camden,2021-03-01,Leasehold,1005946.4946996466,700000.0,283
Camden,2021-04-01,Freehold,2359518.5555555555,1967000.0,27
Camden,2021-04-01,Leasehold,840214.5345911949,650000.0,159
Camden,2021-05-01,Freehold,2335289.095238095,1700000.0,21
Camden,2021-05-01,Leasehold,892698.5080645161,680000.0,124
Camden,2021-06-01,Freehold,2513453.6082474226,1700000.0,97
Camden,2021-06-01,Leasehold,812149.2791586998,650000.0,523
Camden,2021-07-01,Freehold,3304305.5555555555,2743750.0,18
Camden,2021-07-01,Leasehold,998743.7142857143,680000.0,28
Camden,2021-08-01,Freehold,2838575.0,2255000.0,20
Camden,2021-08-01,Leasehold,1023334.5882352941,750000.0,85
Camden,2021-09-01,Freehold,2274290.697674419,1700000.0,43
Camden,2021-09-01,Leasehold,829017.3427230048,690000.0,213
Camden,2021-10-01,Freehold,2075750.0,2112500.0,8
Camden,2021-10-01,Leasehold,898927.725,622500.0,80
Camden,2021-11-01,Freehold,2922237.2666666666,1955000.0,30
Camden,2021-11-01,Leasehold,948314.4056603773,839400.0,106
Camden,2021-12-01,Freehold,2888572.8333333335,2201500.0,24
Camden,2021-12-01,Leasehold,1015620.8333333334,743750.0,144
Camden,2022-01-01,Freehold,3278090.6666666665,1910000.0,27
Camden,2022-01-01,Leasehold,806078.5789473684,645000.0,95
Camden,2022-02-01,Freehold,2375647.580645161,1781000.0,31
Camden,2022-02-01,Leasehold,933934.637037037,700000.0,135
Camden,2022-03-01,Freehold,2859611.111111111,2200000.0,27
Camden,2022-03-01,Leasehold,935330.276119403,679062.5,134
Camden,2022-04-01,Freehold,2710931.5789473685,2679000.0,19
Camden,2022-04-01,Leasehold,810506.5982905983,690000.0,117
Camden,2022-05-01,Freehold,2237720.033333333,1685000.0,30
Camden,2022-05-01,Leasehold,829259.0758620689,700000.0,145
Camden,2022-06-01,Freehold,2987248.611111111,2080000.0,36
Camden,2022-06-01,Leasehold,981062.7122302158,675000.0,139
Camden,2022-07-01,Freehold,2767161.4838709678,2300000.0,31
Camden,2022-07-01,Leasehold,966847.8716216217,695000.0,148
Camden,2022-08-01,Freehold,3302662.794871795,2175000.0,39
Camden,2022-08-01,Leasehold,825004.2733333333,690000.0,150
Camden,2022-09-01,Freehold,2721694.9811320757,1830000.0,53
Camden,2022-09-01,Leasehold,885657.3867924528,707500.0,212
Camden,2022-10-01,Freehold,3336978.2608695654,2254000.0,23
Camden,2022-10-01,Leasehold,824984.7931034482,665000.0,145
Camden,2022-11-01,Freehold,2613837.037037037,1750000.0,27
Camden,2022-11-01,Leasehold,842185.3486842106,650000.0,152
Camden,2022-12-01,Freehold,3223304.347826087,1950000.0,23
Camden,2022-12-01,Leasehold,952089.9513513513,877850.0,185
Camden,2023-01-01,Freehold,2706596.7741935486,2170000.0,31
Camden,2023-01-01,Leasehold,898921.6153846154,660000.0,117
Camden,2023-02-01,Freehold,4816342.105263158,2475000.0,19
Camden,2023-02-01,Leasehold,764531.8673469388,697500.0,98
Camden,2023-03-01,Freehold,3092683.5172413792,2500000.0,29
Camden,2023-03-01,Leasehold,814817.0647482014,650000.0,139
Camden,2023-04-01,Freehold,2774905.882352941,2050000.0,17
Camden,2023-04-01,Leasehold,878935.7843137255,782500.0,102
Camden,2023-05-01,Freehold,2309260.0,1760000.0,25
Camden,2023-05-01,Leasehold,914340.2966101695,682500.0,118
Camden,2023-06-01,Freehold,2642989.1304347827,2372500.0,46
Camden,2023-06-01,Leasehold,896844.2661290322,727500.0,124
Camden,2023-07-01,Freehold,2541000.0,1997500.0,20
Camden,2023-07-01,Leasehold,858992.2131147541,677500.0,122
Camden,2023-08-01,Freehold,2609383.3666666667,1868250.0,30
Camden,2023-08-01,Leasehold,1012293.5974025974,707500.0,154
Camden,2023-09-01,Freehold,2899846.153846154,2312500.0,26
Camden,2023-09-01,Leasehold,869133.4568527918,780000.0,197
Camden,2023-10-01,Freehold,3192141.8095238097,2500000.0,21
Camden,2023-10-01,Leasehold,935032.8627450981,715000.0,153
Camden,2023-11-01,Freehold,3539986.6666666665,2830000.0,15
Camden,2023-11-01,Leasehold,874123.5898876404,742500.0,178
Camden,2023-12-01,Freehold,3250329.5454545454,1947500.0,22
Camden,2023-12-01,Leasehold,866300.7522123894,673000.0,113
Camden,2024-01-01,Freehold,3139739.1304347827,1875000.0,23
Camden,2024-01-01,Leasehold,948914.4811320754,714250.0,106
Camden,2024-02-01,Freehold,2004333.3333333333,1595000.0,15
Camden,2024-02-01,Leasehold,906131.568,750000.0,125
Camden,2024-03-01,Freehold,2313833.3333333335,2250000.0,21
Camden,2024-03-01,Leasehold,889064.9590163934,682500.0,122
Camden,2024-04-01,Freehold,2269026.1333333333,2150000.0,15
Camden,2024-04-01,Leasehold,904388.4358974359,710000.0,117
Camden,2024-05-01,Freehold,2751669.696969697,1900000.0,33
Camden,2024-05-01,Leasehold,875298.0392156863,755000.0,153
Camden,2024-06-01,Freehold,2496636.6666666665,1872470.0,21
Camden,2024-06-01,Leasehold,916550.6449275363,700000.0,138
Camden,2024-07-01,Freehold,2244700.0,1927500.0,30
Camden,2024-07-01,Leasehold,961375.3235294118,727500.0,170
Camden,2024-08-01,Freehold,2408782.0512820515,1925000.0,39
Camden,2024-08-01,Leasehold,888369.6178010472,700000.0,191
Camden,2024-09-01,Freehold,2185111.5185185187,1584000.0,27
Camden,2024-09-01,Leasehold,868166.3176470589,698860.0,170
Camden,2024-10-01,Freehold,2979856.0,2100000.0,53
Camden,2024-10-01,Leasehold,929886.0582959641,700000.0,223
Camden,2024-11-01,Freehold,2975752.6774193547,2175000.0,31
Camden,2024-11-01,Leasehold,906619.9375,753500.0,192
Camden,2024-12-01,Freehold,2192750.9523809524,1945000.0,21
Camden,2024-12-01,Leasehold,1051557.5319148935,730500.0,141
Camden,2025-01-01,Freehold,4029377.88372093,2112500.0,43
Camden,2025-01-01,Leasehold,868977.1111111111,691750.0,126
Camden,2025-02-01,Freehold,2328687.5,2102750.0,24
Camden,2025-02-01,Leasehold,811957.723076923,650000.0,130
Camden,2025-03-01,Freehold,2097296.0784313725,1972500.0,51
Camden,2025-03-01,Leasehold,770334.8222891566,605000.0,332
Camden,2025-04-01,Freehold,2564675.294117647,2100000.0,17
Camden,2025-04-01,Leasehold,972565.1351351351,675000.0,74
Camden,2025-05-01,Freehold,2455384.6153846155,2125000.0,26
Camden,2025-05-01,Leasehold,903862.0652173914,807000.0,92
Camden,2025-06-01,Freehold,3674477.777777778,2423800.0,18
Camden,2025-06-01,Leasehold,960049.4339622641,752500.0,106
Camden,2025-07-01,Freehold,2831222.75,2338250.0,32
Camden,2025-07-01,Leasehold,846292.7209302326,740000.0,129
Camden,2025-08-01,Freehold,3196243.243243243,2027000.0,37
Camden,2025-08-01,Leasehold,846442.9411764706,695000.0,102
Camden,2025-09-01,Freehold,2271421.193548387,1950000.0,31
Camden,2025-09-01,Leasehold,789386.6466165413,647500.0,133
Camden,2025-10-01,Freehold,3219794.736842105,2055000.0,19
Camden,2025-10-01,Leasehold,881681.07,682500.0,100
Camden,2025-11-01,Freehold,2441979.761904762,1805000.0,21
Camden,2025-11-01,Leasehold,893269.1855670103,742500.0,97
Camden,2025-12-01,Freehold,1913500.0,1812500.0,18
Camden,2025-12-01,Leasehold,723118.1428571428,620000.0,70
Camden,2026-01-01,Freehold,2312500.0,1990000.0,16
Camden,2026-01-01,Leasehold,749968.0675675676,612500.0,74
Camden,2026-02-01,Freehold,1388000.0,1450000.0,7
Camden,2026-02-01,Leasehold,663403.274509804,560000.0,51
Camden,2026-03-01,Freehold,2204090.909090909,1800000.0,11
Camden,2026-03-01,Leasehold,653911.4142857143,620000.0,70
Camden,2026-04-01,Freehold,2760605.5555555555,1226000.0,9
Camden,2026-04-01,Leasehold,671344.262295082,656000.0,61
Camden,2026-05-01,Freehold,1350000.0,1350000.0,1
Camden,2026-05-01,Leasehold,701574.074074074,590000.0,27
City Of London,2006-01-01,Leasehold,387421.05263157893,365000.0,19
City Of London,2006-02-01,Freehold,400000.0,400000.0,1
City Of London,2006-02-01,Leasehold,304470.5882352941,285000.0,17
City Of London,2006-03-01,Freehold,900000.0,900000.0,1
City Of London,2006-03-01,Leasehold,299833.3333333333,270000.0,27
City Of London,2006-04-01,Leasehold,371208.3333333333,325000.0,24
City Of London,2006-05-01,Leasehold,306259.04545454547,263725.0,22
City Of London,2006-06-01,Leasehold,342647.5172413793,327500.0,29
City Of London,2006-07-01,Leasehold,392078.52,380000.0,25
City Of London,2006-08-01,Leasehold,384804.93333333335,310000.0,30
City Of London,2006-09-01,Freehold,1700000.0,1700000.0,1
City Of London,2006-09-01,Leasehold,389320.8333333333,402500.0,24
City Of London,2006-10-01,Leasehold,442093.75,381000.0,32
City Of London,2006-11-01,Leasehold,365228.5714285714,315000.0,21
City Of London,2006-12-01,Leasehold,404901.1818181818,372475.0,22
City Of London,2007-01-01,Freehold,2525000.0,2525000.0,1
City Of London,2007-01-01,Leasehold,429366.05263157893,390000.0,19
City Of London,2007-02-01,Freehold,250000.0,250000.0,1
City Of London,2007-02-01,Leasehold,409151.9583333333,370000.0,24
City Of London,2007-03-01,Leasehold,461161.46428571426,390000.0,28
City Of London,2007-04-01,Leasehold,435541.5909090909,405000.5,22
City Of London,2007-05-01,Leasehold,417758.1818181818,345000.0,22
City Of London,2007-06-01,Freehold,1440000.0,1440000.0,1
City Of London,2007-06-01,Leasehold,469711.7894736842,395000.0,19
City Of London,2007-07-01,Leasehold,616663.2647058824,510000.0,34
City Of London,2007-08-01,Leasehold,517618.55555555556,430000.0,27
City Of London,2007-09-01,Leasehold,540152.1739130435,445000.0,23
City Of London,2007-10-01,Leasehold,470842.1052631579,465000.0,19
City Of London,2007-11-01,Freehold,975000.0,975000.0,1
City Of London,2007-11-01,Leasehold,402301.7619047619,360000.0,21
City Of London,2007-12-01,Freehold,575000.0,575000.0,1
City Of London,2007-12-01,Leasehold,510303.0,530000.0,11
City Of London,2008-01-01,Leasehold,510514.70588235295,425000.0,17
City Of London,2008-02-01,Leasehold,429747.42424242425,370500.0,33
City Of London,2008-03-01,Leasehold,314033.3333333333,302500.0,6
City Of London,2008-04-01,Leasehold,456600.0,403000.0,5
City Of London,2008-05-01,Leasehold,346525.8620689655,352000.0,29
City Of London,2008-06-01,Leasehold,351277.77777777775,355000.0,9
City Of London,2008-07-01,Leasehold,461690.9090909091,455000.0,11
City Of London,2008-08-01,Leasehold,432687.5,421000.0,8
City Of London,2008-09-01,Leasehold,561000.0,500000.0,7
City Of London,2008-10-01,Leasehold,340999.44444444444,350000.0,9
City Of London,2008-11-01,Leasehold,540000.0,555000.0,3
City Of London,2008-12-01,Leasehold,360857.14285714284,375000.0,7
City Of London,2009-01-01,Leasehold,534900.0,499500.0,5
City Of London,2009-02-01,Leasehold,256666.66666666666,200000.0,6
City Of London,2009-03-01,Leasehold,416875.0,339000.0,8
City Of London,2009-04-01,Leasehold,599111.1111111111,470000.0,9
City Of London,2009-05-01,Leasehold,485166.5,442500.0,6
City Of London,2009-06-01,Leasehold,333833.22222222225,300000.0,18
City Of London,2009-07-01,Leasehold,448510.0,397500.0,20
City Of London,2009-08-01,Leasehold,419837.5,400250.0,20
City Of London,2009-09-01,Leasehold,490657.8947368421,470000.0,19
City Of London,2009-10-01,Leasehold,457362.5263157895,425000.0,19
City Of London,2009-11-01,Leasehold,466545.36363636365,475000.0,11
City Of London,2009-12-01,Leasehold,525500.0,502500.0,16
City Of London,2010-01-01,Leasehold,601425.0,452500.0,20
City Of London,2010-02-01,Leasehold,389444.44444444444,320000.0,9
City Of London,2010-03-01,Leasehold,449133.3333333333,425000.0,15
City Of London,2010-04-01,Leasehold,587861.3181818182,499974.5,22
City Of London,2010-05-01,Leasehold,453206.3333333333,385000.0,21
City Of London,2010-06-01,Leasehold,520680.3793103448,420000.0,29
City Of London,2010-07-01,Freehold,410000.0,410000.0,1
City Of London,2010-07-01,Leasehold,475703.7083333333,485000.0,24
City Of London,2010-08-01,Freehold,1760000.0,1760000.0,2
City Of London,2010-08-01,Leasehold,548975.0,475000.0,20
City Of London,2010-09-01,Leasehold,511000.75,438757.5,20
City Of London,2010-10-01,Leasehold,428954.1666666667,449975.0,12
City Of London,2010-11-01,Leasehold,438000.0,421000.0,11
City Of London,2010-12-01,Leasehold,576559.5161290322,450000.0,31
City Of London,2011-01-01,Leasehold,651071.8125,524974.5,16
City Of London,2011-02-01,Freehold,1300000.0,1300000.0,1
City Of London,2011-02-01,Leasehold,510659.0909090909,475000.0,11
City Of London,2011-03-01,Leasehold,688052.6315789474,470000.0,19
City Of London,2011-04-01,Leasehold,577993.1818181818,470000.0,22
City Of London,2011-05-01,Leasehold,549253.5714285715,448500.0,28
City Of London,2011-06-01,Leasehold,497425.04545454547,367500.0,22
City Of London,2011-07-01,Leasehold,440236.84210526315,430000.0,19
City Of London,2011-08-01,Leasehold,496605.55555555556,495000.0,27
City Of London,2011-09-01,Leasehold,486024.875,455000.0,24
City Of London,2011-10-01,Freehold,2150000.0,2150000.0,1
City Of London,2011-10-01,Leasehold,467025.0,437000.0,20
City Of London,2011-11-01,Leasehold,492876.09523809527,495000.0,21
City Of London,2011-12-01,Leasehold,548583.3333333334,477000.0,24
City Of London,2012-01-01,Freehold,781251.0,781251.0,1
City Of London,2012-01-01,Leasehold,578000.0,472500.0,10
City Of London,2012-02-01,Leasehold,528765.5882352941,480000.0,17
City Of London,2012-03-01,Leasehold,454250.0,450000.0,10
City Of London,2012-04-01,Leasehold,526768.0,462475.0,12
City Of London,2012-05-01,Leasehold,466875.0,420000.0,12
City Of London,2012-06-01,Leasehold,506340.4761904762,430000.0,21
City Of London,2012-07-01,Leasehold,504811.8125,467994.5,16
City Of London,2012-08-01,Leasehold,632740.4705882353,403000.0,17
City Of London,2012-09-01,Leasehold,581333.2666666667,550000.0,15
City Of London,2012-10-01,Leasehold,457735.29411764705,412500.0,17
City Of London,2012-11-01,Leasehold,605900.0,619975.0,22
City Of London,2012-12-01,Leasehold,533784.6428571428,495525.0,28
City Of London,2013-01-01,Leasehold,707599.0625,651900.0,16
City Of London,2013-02-01,Leasehold,591650.0,516750.0,20
City Of London,2013-03-01,Leasehold,775386.1111111111,514250.0,18
City Of London,2013-04-01,Leasehold,902576.9230769231,567000.0,13
City Of London,2013-05-01,Leasehold,682643.6451612903,601500.0,31
City Of London,2013-06-01,Freehold,2080000.0,2080000.0,1
City Of London,2013-06-01,Leasehold,789502.0,575000.0,10
City Of London,2013-07-01,Freehold,1681000.0,1681000.0,1
City Of London,2013-07-01,Leasehold,670659.0357142857,595000.0,28
City Of London,2013-08-01,Leasehold,722861.2150537635,570000.0,93
City Of London,2013-09-01,Freehold,1625000.0,1625000.0,1
City Of London,2013-09-01,Leasehold,800445.98,615000.0,100
City Of London,2013-10-01,Leasehold,847334.6296296297,730000.0,54
City Of London,2013-11-01,Leasehold,740630.9523809524,600000.0,21
City Of London,2013-12-01,Leasehold,1055947.619047619,700000.0,21
City Of London,2014-01-01,Leasehold,664045.0,640650.0,27
City Of London,2014-02-01,Leasehold,798147.0588235294,650000.0,17
City Of London,2014-03-01,Leasehold,1028666.7647058824,702625.0,34
City Of London,2014-04-01,Leasehold,782210.3157894737,615000.0,19
City Of London,2014-05-01,Freehold,1700000.0,1700000.0,1
City Of London,2014-05-01,Leasehold,741440.2380952381,730000.0,21
City Of London,2014-06-01,Leasehold,983006.8571428572,790000.0,21
City Of London,2014-07-01,Leasehold,924570.625,860000.0,16
City Of London,2014-08-01,Leasehold,978750.0,775000.0,25
City Of London,2014-09-01,Leasehold,922734.375,653000.0,16
City Of London,2014-10-01,Leasehold,982973.5454545454,635000.0,11
City Of London,2014-11-01,Leasehold,839413.4615384615,785000.0,39
City Of London,2014-12-01,Leasehold,948155.8840579711,870000.0,69
City Of London,2015-01-01,Leasehold,834028.1891891892,795000.0,37
City Of London,2015-02-01,Leasehold,1011596.8918918918,840000.0,37
City Of London,2015-03-01,Leasehold,835448.4375,824900.0,32
City Of London,2015-04-01,Leasehold,979885.4285714285,680000.0,21
City Of London,2015-05-01,Leasehold,1110643.1904761905,840000.0,21
City Of London,2015-06-01,Leasehold,1045602.9411764706,925000.0,17
City Of London,2015-07-01,Freehold,521000.0,521000.0,1
City Of London,2015-07-01,Leasehold,661555.5555555555,680500.0,18
City Of London,2015-08-01,Leasehold,992259.0555555555,847750.0,18
City Of London,2015-09-01,Leasehold,1064968.125,862500.0,32
City Of London,2015-10-01,Leasehold,757575.0,720000.0,20
City Of London,2015-11-01,Leasehold,827805.5555555555,630000.0,9
City Of London,2015-12-01,Freehold,1830000.0,1830000.0,1
City Of London,2015-12-01,Leasehold,930000.0,630000.0,12
City Of London,2016-01-01,Leasehold,881641.0,830000.0,5
City Of London,2016-02-01,Leasehold,903527.7777777778,720000.0,18
City Of London,2016-03-01,Leasehold,930973.4375,817500.0,32
City Of London,2016-04-01,Leasehold,945038.4285714285,975000.0,7
City Of London,2016-05-01,Freehold,1035000.0,1035000.0,1
City Of London,2016-05-01,Leasehold,1116875.0,792500.0,8
City Of London,2016-06-01,Leasehold,913333.3333333334,770000.0,6
City Of London,2016-07-01,Leasehold,957857.1428571428,890000.0,7
City Of London,2016-08-01,Leasehold,738057.1428571428,815000.0,7
City Of London,2016-09-01,Leasehold,760000.0,790000.0,7
City Of London,2016-10-01,Leasehold,1070136.3636363635,810000.0,11
City Of London,2016-11-01,Leasehold,879083.3333333334,835000.0,15
City Of London,2016-12-01,Leasehold,1057596.7692307692,895000.0,13
City Of London,2017-01-01,Leasehold,1040000.0,825000.0,11
City Of London,2017-02-01,Leasehold,772611.1111111111,830000.0,9
City Of London,2017-03-01,Leasehold,890208.3333333334,751875.0,18
City Of London,2017-04-01,Leasehold,1329749.95,910000.0,20
City Of London,2017-05-01,Leasehold,836041.6666666666,773000.0,18
City Of London,2017-06-01,Leasehold,879315.7894736842,735000.0,19
City Of London,2017-07-01,Leasehold,996036.5,872500.0,20
City Of London,2017-08-01,Leasehold,904928.5714285715,911000.0,21
City Of London,2017-09-01,Leasehold,919186.2068965518,850000.0,29
City Of London,2017-10-01,Leasehold,945152.3529411765,880000.0,17
City Of London,2017-11-01,Leasehold,929857.1428571428,672500.0,14
City Of London,2017-12-01,Leasehold,892280.8695652174,838000.0,23
City Of London,2018-01-01,Leasehold,1041876.2571428572,885000.0,35
City Of London,2018-02-01,Leasehold,1054503.8461538462,790000.0,26
City Of London,2018-03-01,Leasehold,920568.4210526316,738000.0,19
City Of London,2018-04-01,Leasehold,980392.8571428572,777500.0,14
City Of London,2018-05-01,Leasehold,1011989.4736842106,930000.0,19
City Of London,2018-06-01,Leasehold,1526134.988095238,1044580.0,84
City Of London,2018-07-01,Leasehold,1359703.322580645,1150000.0,31
City Of London,2018-08-01,Leasehold,1216915.2777777778,872500.0,18
City Of London,2018-09-01,Leasehold,1186209.5,892500.0,38
City Of London,2018-10-01,Leasehold,1165336.6666666667,995000.0,27
City Of London,2018-11-01,Leasehold,1385257.2413793104,941160.0,29
City Of London,2018-12-01,Leasehold,1637204.125,979825.0,24
City Of London,2019-01-01,Leasehold,1337222.2222222222,900000.0,9
City Of London,2019-02-01,Leasehold,797410.0,756250.0,10
City Of London,2019-03-01,Leasehold,955011.7777777778,815000.0,9
City Of London,2019-04-01,Leasehold,973021.875,915375.0,16
City Of London,2019-05-01,Leasehold,1185071.4285714286,795000.0,7
City Of London,2019-06-01,Leasehold,1140950.0,1000000.0,15
City Of London,2019-07-01,Leasehold,915326.9230769231,625000.0,13
City Of London,2019-08-01,Leasehold,1137000.0,895000.0,15
City Of London,2019-09-01,Leasehold,1112526.6666666667,1045000.0,12
City Of London,2019-10-01,Leasehold,882500.0,707500.0,4
City Of London,2019-11-01,Leasehold,1127232.0,1280000.0,5
City Of London,2019-12-01,Leasehold,1267921.4285714286,784000.0,21
City Of London,2020-01-01,Leasehold,638000.0,545000.0,5
City Of London,2020-02-01,Leasehold,1251664.2857142857,942875.0,28
City Of London,2020-03-01,Freehold,1850000.0,1850000.0,1
City Of London,2020-03-01,Leasehold,1165530.6666666667,975000.0,15
City Of London,2020-04-01,Leasehold,1666380.5555555555,1391675.0,18
City Of London,2020-05-01,Leasehold,791500.0,780000.0,5
City Of London,2020-06-01,Leasehold,1007314.2857142857,837000.0,7
City Of London,2020-07-01,Leasehold,1260178.5714285714,800000.0,7
City Of London,2020-08-01,Leasehold,1426681.8181818181,1471500.0,11
City Of London,2020-09-01,Leasehold,1548961.111111111,815000.0,9
City Of London,2020-10-01,Leasehold,840293.6428571428,767450.0,14
City Of London,2020-11-01,Leasehold,872384.9285714285,798100.0,28
City Of London,2020-12-01,Leasehold,972779.8974358974,833525.0,39
City Of London,2021-01-01,Leasehold,801547.0588235294,796400.0,17
City Of London,2021-02-01,Leasehold,811655.4545454546,740960.0,11
City Of London,2021-03-01,Freehold,1750000.0,1750000.0,1
City Of London,2021-03-01,Leasehold,766445.0,729500.0,30
City Of London,2021-04-01,Leasehold,982305.0,877500.0,10
City Of London,2021-05-01,Leasehold,819636.3636363636,610000.0,11
City Of London,2021-06-01,Freehold,2950000.0,2950000.0,1
City Of London,2021-06-01,Leasehold,968171.6346153846,786250.0,52
City Of London,2021-07-01,Leasehold,1750000.0,1140000.0,3
City Of London,2021-08-01,Leasehold,943120.0,790000.0,5
City Of London,2021-09-01,Freehold,2850000.0,2850000.0,1
City Of London,2021-09-01,Leasehold,877113.6363636364,810000.0,22
City Of London,2021-10-01,Leasehold,1004375.0,762500.0,8
City Of London,2021-11-01,Leasehold,1374777.52,1230250.0,25
City Of London,2021-12-01,Leasehold,1383379.1666666667,1285950.0,18
City Of London,2022-01-01,Leasehold,1225796.3636363635,825000.0,11
City Of London,2022-02-01,Leasehold,957750.0,877500.0,10
City Of London,2022-03-01,Leasehold,878870.0,825000.0,20
City Of London,2022-04-01,Leasehold,1167966.6666666667,725000.0,15
City Of London,2022-05-01,Leasehold,894000.0,735000.0,19
City Of London,2022-06-01,Leasehold,937467.5384615385,775000.0,13
City Of London,2022-07-01,Leasehold,1051141.1764705882,835000.0,17
City Of London,2022-08-01,Leasehold,1176490.4761904762,825000.0,21
City Of London,2022-09-01,Leasehold,1018310.5263157894,725000.0,19
City Of London,2022-10-01,Leasehold,1191341.0714285714,1066000.0,14
City Of London,2022-11-01,Leasehold,1655277.7777777778,1005000.0,9
City Of London,2022-12-01,Leasehold,1165769.2307692308,805000.0,13
City Of London,2023-01-01,Leasehold,1144000.0,770000.0,5
City Of London,2023-02-01,Leasehold,922500.0,745000.0,12
City Of London,2023-03-01,Leasehold,1071204.6875,1077500.0,16
City Of London,2023-04-01,Leasehold,969936.3636363636,830000.0,11
City Of London,2023-05-01,Leasehold,1139853.1818181819,1160000.0,11
City Of London,2023-06-01,Leasehold,1664475.7647058824,1370000.0,17
City Of London,2023-07-01,Leasehold,1187946.1538461538,895000.0,13
City Of London,2023-08-01,Leasehold,1058354.7142857143,900000.0,28
City Of London,2023-09-01,Leasehold,1104615.3846153845,925000.0,13
City Of London,2023-10-01,Leasehold,1129640.0,975000.0,10
City Of London,2023-11-01,Leasehold,947247.4166666666,770000.0,12
City Of London,2023-12-01,Leasehold,814879.5454545454,725675.0,11
City Of London,2024-01-01,Leasehold,1105375.0,1012500.0,8
City Of London,2024-02-01,Leasehold,931167.9411764706,759312.5,34
City Of London,2024-03-01,Leasehold,1146040.8333333333,833125.0,30
City Of London,2024-04-01,Leasehold,1082352.0833333333,928750.0,24
City Of London,2024-05-01,Leasehold,1084775.0,917500.0,20
City Of London,2024-06-01,Leasehold,847750.0,760000.0,10
City Of London,2024-07-01,Leasehold,770960.0,650000.0,10
City Of London,2024-08-01,Leasehold,999376.6666666666,788000.0,15
City Of London,2024-09-01,Leasehold,918321.7727272727,703500.0,22
City Of London,2024-10-01,Freehold,1585000.0,1585000.0,2
City Of London,2024-10-01,Leasehold,606454.5454545454,600000.0,11
City Of London,2024-11-01,Leasehold,935861.1111111111,822500.0,18
City Of London,2024-12-01,Freehold,2036000.0,2036000.0,1
City Of London,2024-12-01,Leasehold,1045020.0,812500.0,10
City Of London,2025-01-01,Leasehold,972178.5714285715,660000.0,14
City Of London,2025-02-01,Leasehold,807723.5294117647,695000.0,17
City Of London,2025-03-01,Leasehold,1048499.9666666667,847500.0,30
City Of London,2025-04-01,Leasehold,1241950.0,1225000.0,5
City Of London,2025-05-01,Leasehold,1213181.8181818181,745000.0,11
City Of London,2025-06-01,Leasehold,987000.0,830000.0,10
City Of London,2025-07-01,Leasehold,1001400.0,925000.0,15
City Of London,2025-08-01,Freehold,3200000.0,3200000.0,1
City Of London,2025-08-01,Leasehold,1028125.0,735000.0,12
City Of London,2025-09-01,Leasehold,742000.0,747500.0,10
City Of London,2025-10-01,Leasehold,884166.6666666666,732500.0,6
City Of London,2025-11-01,Leasehold,857833.3333333334,865000.0,15
City Of London,2025-12-01,Leasehold,1007064.4444444445,955000.0,9
City Of London,2026-01-01,Leasehold,619687.5,652000.0,8
City Of London,2026-02-01,Leasehold,740000.0,617500.0,8
City Of London,2026-03-01,Leasehold,550725.0,511250.0,4
City Of London,2026-04-01,Leasehold,647500.0,647500.0,2
City Of London,2026-05-01,Leasehold,930000.0,930000.0,2
City Of Westminster,2006-01-01,Freehold,1327988.0952380951,962500.0,42
City Of Westminster,2006-01-01,Leasehold,515026.46291560103,360000.0,391
City Of Westminster,2006-02-01,Freehold,1475014.652173913,1268333.5,46
City Of Westminster,2006-02-01,Leasehold,482226.80150753766,375000.0,398
City Of Westminster,2006-03-01,Freehold,1093063.888888889,857500.0,54
City Of Westminster,2006-03-01,Leasehold,534947.6602687141,385000.0,521
City Of Westminster,2006-04-01,Freehold,1291503.0384615385,1175000.0,52
City Of Westminster,2006-04-01,Leasehold,528503.4551148226,425000.0,479
City Of Westminster,2006-05-01,Freehold,1259702.380952381,1100000.0,42
City Of Westminster,2006-05-01,Leasehold,512211.93699186994,393500.0,492
City Of Westminster,2006-06-01,Freehold,1414228.603174603,1268250.0,63
City Of Westminster,2006-06-01,Leasehold,552320.5202108963,415000.0,569
City Of Westminster,2006-07-01,Freehold,1335039.234375,1090000.0,64
City Of Westminster,2006-07-01,Leasehold,501490.14095238096,395000.0,525
City Of Westminster,2006-08-01,Freehold,1199249.4791666667,970500.0,48
City Of Westminster,2006-08-01,Leasehold,508276.2809917355,400000.0,484
City Of Westminster,2006-09-01,Freehold,1348130.4054054054,961000.0,74
City Of Westminster,2006-09-01,Leasehold,531371.9940357853,380000.0,503
City Of Westminster,2006-10-01,Freehold,1256139.2156862745,995000.0,51
City Of Westminster,2006-10-01,Leasehold,496544.64128256514,365000.0,499
City Of Westminster,2006-11-01,Freehold,1078350.0,800000.0,34
City Of Westminster,2006-11-01,Leasehold,507500.59652928414,380000.0,461
City Of Westminster,2006-12-01,Freehold,1529625.0,1475000.0,36
City Of Westminster,2006-12-01,Leasehold,512997.9851694915,387000.0,472
City Of Westminster,2007-01-01,Freehold,1577746.5208333333,1350000.0,48
City Of Westminster,2007-01-01,Leasehold,543728.6705069124,420000.0,434
City Of Westminster,2007-02-01,Freehold,1282459.8780487804,860000.0,41
City Of Westminster,2007-02-01,Leasehold,516851.77690288716,405000.0,381
City Of Westminster,2007-03-01,Freehold,1417788.125,1075000.0,40
City Of Westminster,2007-03-01,Leasehold,572705.6606741573,435753.0,445
City Of Westminster,2007-04-01,Freehold,1567893.975609756,1180000.0,41
City Of Westminster,2007-04-01,Leasehold,543968.1714922049,405000.0,449
City Of Westminster,2007-05-01,Freehold,1139177.7777777778,888750.0,36
City Of Westminster,2007-05-01,Leasehold,577894.0384615385,425000.0,442
City Of Westminster,2007-06-01,Freehold,2098571.875,1625000.0,48
City Of Westminster,2007-06-01,Leasehold,629972.9666666667,485740.0,450
City Of Westminster,2007-07-01,Freehold,2014064.125,1617500.0,56
City Of Westminster,2007-07-01,Leasehold,649756.66518847,460000.0,451
City Of Westminster,2007-08-01,Freehold,2001275.0,1450000.0,38
City Of Westminster,2007-08-01,Leasehold,612526.0473251028,446000.0,486
City Of Westminster,2007-09-01,Freehold,2059860.4864864864,1950000.0,37
City Of Westminster,2007-09-01,Leasehold,702481.4089709762,475000.0,379
City Of Westminster,2007-10-01,Freehold,1130437.5,930000.0,28
City Of Westminster,2007-10-01,Leasehold,625464.2424242424,500000.0,396
City Of Westminster,2007-11-01,Freehold,1795974.0277777778,1525000.0,36
City Of Westminster,2007-11-01,Leasehold,576125.4267015706,467375.0,382
City Of Westminster,2007-12-01,Freehold,1933533.3333333333,1375000.0,15
City Of Westminster,2007-12-01,Leasehold,675480.5345911949,538750.0,318
City Of Westminster,2008-01-01,Freehold,1199952.2083333333,1075000.0,24
City Of Westminster,2008-01-01,Leasehold,624910.3271375465,455000.0,269
City Of Westminster,2008-02-01,Freehold,2051108.3333333333,1357500.0,18
City Of Westminster,2008-02-01,Leasehold,670017.3414634146,491000.0,246
City Of Westminster,2008-03-01,Freehold,1841916.6666666667,1610000.0,24
City Of Westminster,2008-03-01,Leasehold,617729.6602870814,475000.0,209
City Of Westminster,2008-04-01,Freehold,2053400.0,1450000.0,20
City Of Westminster,2008-04-01,Leasehold,601066.4878892733,451000.0,289
City Of Westminster,2008-05-01,Freehold,1766722.2222222222,1550000.0,18
City Of Westminster,2008-05-01,Leasehold,687188.1699604744,475000.0,253
City Of Westminster,2008-06-01,Freehold,3533222.222222222,1565000.0,18
City Of Westminster,2008-06-01,Leasehold,666495.3322147651,476500.0,298
City Of Westminster,2008-07-01,Freehold,2262977.3947368423,1810000.0,38
City Of Westminster,2008-07-01,Leasehold,590640.2371134021,440000.0,194
City Of Westminster,2008-08-01,Freehold,1870182.4210526317,1050000.0,19
City Of Westminster,2008-08-01,Leasehold,743898.6607142857,475000.0,168
City Of Westminster,2008-09-01,Freehold,2787500.1666666665,1772500.0,18
City Of Westminster,2008-09-01,Leasehold,708056.0561797753,475000.0,178
City Of Westminster,2008-10-01,Freehold,1306000.0,1250000.0,16
City Of Westminster,2008-10-01,Leasehold,713154.9787234042,475000.0,188
City Of Westminster,2008-11-01,Freehold,1832666.6666666667,1650000.0,15
City Of Westminster,2008-11-01,Leasehold,728354.5434782609,480000.0,138
City Of Westminster,2008-12-01,Freehold,2403469.4444444445,1405000.0,18
City Of Westminster,2008-12-01,Leasehold,641027.6616541353,480000.0,133
City Of Westminster,2009-01-01,Freehold,1720769.2307692308,1275000.0,13
City Of Westminster,2009-01-01,Leasehold,597348.6076923077,397500.0,130
City Of Westminster,2009-02-01,Freehold,2005454.5454545454,1350000.0,11
City Of Westminster,2009-02-01,Leasehold,558495.12,400000.0,125
City Of Westminster,2009-03-01,Freehold,1408055.5555555555,1442500.0,18
City Of Westminster,2009-03-01,Leasehold,614234.4,450000.0,145
City Of Westminster,2009-04-01,Freehold,1422266.6666666667,1250000.0,15
City Of Westminster,2009-04-01,Leasehold,656083.821656051,440000.0,157
City Of Westminster,2009-05-01,Freehold,1396010.5263157894,925000.0,19
City Of Westminster,2009-05-01,Leasehold,705568.6666666666,499999.5,168
City Of Westminster,2009-06-01,Freehold,1603640.32,1500000.0,25
City Of Westminster,2009-06-01,Leasehold,694194.899543379,450000.0,219
City Of Westminster,2009-07-01,Freehold,1724451.8285714285,1325000.0,35
City Of Westminster,2009-07-01,Leasehold,641891.4117647059,454000.0,272
City Of Westminster,2009-08-01,Freehold,1636320.2857142857,1547500.0,28
City Of Westminster,2009-08-01,Leasehold,575721.938271605,440000.0,243
City Of Westminster,2009-09-01,Freehold,1547190.0810810812,1300000.0,37
City Of Westminster,2009-09-01,Leasehold,708857.1284722222,498500.0,288
City Of Westminster,2009-10-01,Freehold,1627980.0,1371500.0,28
City Of Westminster,2009-10-01,Leasehold,680406.8344594594,526000.0,296
City Of Westminster,2009-11-01,Freehold,1417503.8857142858,1315000.0,35
City Of Westminster,2009-11-01,Leasehold,621001.3846153846,499999.0,286
City Of Westminster,2009-12-01,Freehold,1545301.7857142857,1360500.0,28
City Of Westminster,2009-12-01,Leasehold,663141.3561643836,500000.0,292
City Of Westminster,2010-01-01,Freehold,1854858.5483870967,1625000.0,31
City Of Westminster,2010-01-01,Leasehold,769925.4096916299,625000.0,227
City Of Westminster,2010-02-01,Freehold,1877412.5,1300050.0,16
City Of Westminster,2010-02-01,Leasehold,688177.3407079646,513500.0,226
City Of Westminster,2010-03-01,Freehold,1858182.0,1670000.0,25
City Of Westminster,2010-03-01,Leasehold,648210.100671141,485000.0,298
City Of Westminster,2010-04-01,Freehold,1641831.6666666667,1362500.0,30
City Of Westminster,2010-04-01,Leasehold,663740.7716262976,510000.0,289
City Of Westminster,2010-05-01,Freehold,1251628.0,880000.0,25
City Of Westminster,2010-05-01,Leasehold,666669.5661157025,488750.0,242
City Of Westminster,2010-06-01,Freehold,2383714.285714286,2075000.0,28
City Of Westminster,2010-06-01,Leasehold,732621.3352941177,585000.0,340
City Of Westminster,2010-07-01,Freehold,1983357.142857143,1500000.0,35
City Of Westminster,2010-07-01,Leasehold,709036.4749262537,525000.0,339
City Of Westminster,2010-08-01,Freehold,1485443.3783783785,1145000.0,37
City Of Westminster,2010-08-01,Leasehold,766359.3508064516,577475.0,248
City Of Westminster,2010-09-01,Freehold,1684712.9032258065,1550000.0,31
City Of Westminster,2010-09-01,Leasehold,795111.5263157894,560000.0,266
City Of Westminster,2010-10-01,Freehold,1958575.7575757576,1550000.0,33
City Of Westminster,2010-10-01,Leasehold,707643.8920863309,560000.0,278
City Of Westminster,2010-11-01,Freehold,1521040.0,1400000.0,25
City Of Westminster,2010-11-01,Leasehold,746332.4564315353,542500.0,241
City Of Westminster,2010-12-01,Freehold,2208086.5384615385,1525000.0,26
City Of Westminster,2010-12-01,Leasehold,788218.3003533569,615000.0,283
City Of Westminster,2011-01-01,Freehold,2145444.4444444445,2000000.0,18
City Of Westminster,2011-01-01,Leasehold,760025.9714285714,556200.0,245
City Of Westminster,2011-02-01,Freehold,1824434.6153846155,1437500.0,26
City Of Westminster,2011-02-01,Leasehold,811932.1227272727,566500.0,220
City Of Westminster,2011-03-01,Freehold,2359453.804347826,1785000.0,46
City Of Westminster,2011-03-01,Leasehold,866915.494296578,565000.0,263
City Of Westminster,2011-04-01,Freehold,1797279.268292683,1420500.0,41
City Of Westminster,2011-04-01,Leasehold,906688.8852459016,621086.0,244
City Of Westminster,2011-05-01,Freehold,1529793.5294117648,1425000.0,17
City Of Westminster,2011-05-01,Leasehold,721117.6720430107,552250.0,186
City Of Westminster,2011-06-01,Freehold,3220755.172413793,2220000.0,29
City Of Westminster,2011-06-01,Leasehold,776185.625,542500.0,272
City Of Westminster,2011-07-01,Freehold,2661857.1428571427,2317500.0,42
City Of Westminster,2011-07-01,Leasehold,810577.3782771536,556800.0,267
City Of Westminster,2011-08-01,Freehold,2210473.6842105263,1582750.0,38
City Of Westminster,2011-08-01,Leasehold,792684.3283018868,565000.0,265
City Of Westminster,2011-09-01,Freehold,2153112.5,1925000.0,20
City Of Westminster,2011-09-01,Leasehold,813352.9416058394,591750.0,274
City Of Westminster,2011-10-01,Freehold,2107147.8260869565,1700000.0,23
City Of Westminster,2011-10-01,Leasehold,691328.32,530000.0,225
City Of Westminster,2011-11-01,Freehold,2487389.5454545454,1600000.0,33
City Of Westminster,2011-11-01,Leasehold,747080.0082304527,546500.0,243
City Of Westminster,2011-12-01,Freehold,2168923.076923077,1625000.0,13
City Of Westminster,2011-12-01,Leasehold,914461.6179775281,565000.0,267
City Of Westminster,2012-01-01,Freehold,2187448.1481481483,1950000.0,27
City Of Westminster,2012-01-01,Leasehold,789625.9796954314,555000.0,197
City Of Westminster,2012-02-01,Freehold,1552673.6842105263,1496000.0,19
City Of Westminster,2012-02-01,Leasehold,734369.5330396476,520000.0,227
City Of Westminster,2012-03-01,Freehold,2462975.0,1515000.0,20
City Of Westminster,2012-03-01,Leasehold,804058.1791666667,486500.0,240
City Of Westminster,2012-04-01,Freehold,2736738.095238095,2423000.0,21
City Of Westminster,2012-04-01,Leasehold,851100.7211538461,618750.0,208
City Of Westminster,2012-05-01,Freehold,2460083.433333333,2515000.0,30
City Of Westminster,2012-05-01,Leasehold,895221.3586956522,614000.0,276
City Of Westminster,2012-06-01,Freehold,3290380.8484848486,1650000.0,33
City Of Westminster,2012-06-01,Leasehold,1283201.9407114624,615000.0,253
City Of Westminster,2012-07-01,Freehold,2454173.7586206896,2200019.0,29
City Of Westminster,2012-07-01,Leasehold,870467.1587301587,583000.0,315
City Of Westminster,2012-08-01,Freehold,1918005.75,1707500.0,40
City Of Westminster,2012-08-01,Leasehold,1205763.5550847459,600500.0,236
City Of Westminster,2012-09-01,Freehold,3767080.0,2700000.0,25
City Of Westminster,2012-09-01,Leasehold,906799.6651982379,600000.0,227
City Of Westminster,2012-10-01,Freehold,2451678.1481481483,1630000.0,27
City Of Westminster,2012-10-01,Leasehold,1104820.6807692307,622500.0,260
City Of Westminster,2012-11-01,Freehold,3016035.75,1977500.0,28
City Of Westminster,2012-11-01,Leasehold,1200507.3618677042,750000.0,257
City Of Westminster,2012-12-01,Freehold,2608623.230769231,2197500.0,26
City Of Westminster,2012-12-01,Leasehold,1139315.3164556962,635000.0,237
City Of Westminster,2013-01-01,Freehold,2015159.7826086956,1510000.0,23
City Of Westminster,2013-01-01,Leasehold,1032188.6286919832,630000.0,237
City Of Westminster,2013-02-01,Freehold,2865185.185185185,1700000.0,27
City Of Westminster,2013-02-01,Leasehold,1163295.7790697673,685000.0,258
City Of Westminster,2013-03-01,Freehold,3133000.0,2450000.0,17
City Of Westminster,2013-03-01,Leasehold,1073284.4778761063,668750.0,226
City Of Westminster,2013-04-01,Freehold,3773256.4516129033,2750000.0,31
City Of Westminster,2013-04-01,Leasehold,1238881.4635193134,715000.0,233
City Of Westminster,2013-05-01,Freehold,3182255.4054054054,2487000.0,37
City Of Westminster,2013-05-01,Leasehold,1195193.1296296297,692500.0,270
City Of Westminster,2013-06-01,Freehold,2123739.289473684,1510000.0,38
City Of Westminster,2013-06-01,Leasehold,1035977.4498141264,685000.0,269
City Of Westminster,2013-07-01,Freehold,3263935.5555555555,3000000.0,45
City Of Westminster,2013-07-01,Leasehold,1085404.346570397,680000.0,277
City Of Westminster,2013-08-01,Freehold,2170066.59375,1900000.0,32
City Of Westminster,2013-08-01,Leasehold,956141.3993610224,660000.0,313
City Of Westminster,2013-09-01,Freehold,3832522.43902439,3022500.0,41
City Of Westminster,2013-09-01,Leasehold,1052026.8187702266,705000.0,309
City Of Westminster,2013-10-01,Freehold,3153177.3902439023,2000000.0,41
City Of Westminster,2013-10-01,Leasehold,1045381.8759398496,671500.0,266
City Of Westminster,2013-11-01,Freehold,2687655.714285714,2450000.0,35
City Of Westminster,2013-11-01,Leasehold,1080533.845117845,635000.0,297
City Of Westminster,2013-12-01,Freehold,2826775.1333333333,2038000.0,30
City Of Westminster,2013-12-01,Leasehold,1215531.952542373,675000.0,295
City Of Westminster,2014-01-01,Freehold,3039493.5483870967,2200000.0,31
City Of Westminster,2014-01-01,Leasehold,1044342.2076923077,735000.0,260
City Of Westminster,2014-02-01,Freehold,3438394.6428571427,2862500.0,28
City Of Westminster,2014-02-01,Leasehold,1096317.3796296297,734000.0,216
City Of Westminster,2014-03-01,Freehold,2372232.1071428573,1750000.0,28
City Of Westminster,2014-03-01,Leasehold,1039073.5454545454,750000.0,231
City Of Westminster,2014-04-01,Freehold,3088043.4782608696,3200000.0,23
City Of Westminster,2014-04-01,Leasehold,1067050.200729927,744201.5,274
City Of Westminster,2014-05-01,Freehold,3258210.0,2850000.0,30
City Of Westminster,2014-05-01,Leasehold,1297033.1689189188,822500.0,296
City Of Westminster,2014-06-01,Freehold,2813115.3846153845,2500000.0,26
City Of Westminster,2014-06-01,Leasehold,1332990.689119171,965000.0,386
City Of Westminster,2014-07-01,Freehold,3926513.6363636362,2950000.0,33
City Of Westminster,2014-07-01,Leasehold,1520984.215328467,847500.0,274
City Of Westminster,2014-08-01,Freehold,3949333.870967742,3100000.0,31
City Of Westminster,2014-08-01,Leasehold,1189172.325,745000.0,240
City Of Westminster,2014-09-01,Freehold,4197393.214285715,2991375.0,28
City Of Westminster,2014-09-01,Leasehold,1285100.7565982405,965000.0,341
City Of Westminster,2014-10-01,Freehold,2352647.0588235296,2400000.0,17
City Of Westminster,2014-10-01,Leasehold,1640811.810408922,860000.0,269
City Of Westminster,2014-11-01,Freehold,2940892.263157895,2150000.0,19
City Of Westminster,2014-11-01,Leasehold,1478499.8680203045,825000.0,197
City Of Westminster,2014-12-01,Freehold,3418611.0555555555,2099999.5,18
City Of Westminster,2014-12-01,Leasehold,1381923.2364341086,941183.5,258
City Of Westminster,2015-01-01,Freehold,4380208.333333333,3230000.0,15
City Of Westminster,2015-01-01,Leasehold,1165393.3168316833,792500.0,202
City Of Westminster,2015-02-01,Freehold,2581305.5555555555,2612500.0,18
City Of Westminster,2015-02-01,Leasehold,1201547.629834254,875250.0,181
City Of Westminster,2015-03-01,Freehold,3515337.5,1985875.0,20
City Of Westminster,2015-03-01,Leasehold,1163759.5388127854,828500.0,219
City Of Westminster,2015-04-01,Freehold,3312454.5454545454,2719500.0,22
City Of Westminster,2015-04-01,Leasehold,983689.3512396694,770000.0,242
City Of Westminster,2015-05-01,Freehold,1804823.5294117648,1450000.0,17
City Of Westminster,2015-05-01,Leasehold,1238092.8547486034,857500.0,179
City Of Westminster,2015-06-01,Freehold,2831902.777777778,2560000.0,18
City Of Westminster,2015-06-01,Leasehold,1166845.2723577237,937500.0,246
City Of Westminster,2015-07-01,Freehold,3185206.6666666665,2590000.0,21
City Of Westminster,2015-07-01,Leasehold,1162125.655462185,872500.0,238
City Of Westminster,2015-08-01,Freehold,4146991.4285714286,1940000.0,21
City Of Westminster,2015-08-01,Leasehold,1020336.8625592417,750000.0,211
City Of Westminster,2015-09-01,Freehold,3666000.722222222,3712500.0,18
City Of Westminster,2015-09-01,Leasehold,1423668.512,888750.0,250
City Of Westminster,2015-10-01,Freehold,2580038.4615384615,2950000.0,26
City Of Westminster,2015-10-01,Leasehold,1149947.4691358025,838000.0,243
City Of Westminster,2015-11-01,Freehold,3584400.0,3100000.0,20
City Of Westminster,2015-11-01,Leasehold,1265641.7604166667,882500.0,192
City Of Westminster,2015-12-01,Freehold,2691841.304347826,1812500.0,23
City Of Westminster,2015-12-01,Leasehold,1389439.8674698796,1060000.0,249
City Of Westminster,2016-01-01,Freehold,3278181.8181818184,2712500.0,22
City Of Westminster,2016-01-01,Leasehold,1223091.1912350599,985000.0,251
City Of Westminster,2016-02-01,Freehold,3121888.888888889,2855000.0,18
City Of Westminster,2016-02-01,Leasehold,1129091.89,852500.0,200
City Of Westminster,2016-03-01,Freehold,4167015.407407407,2825000.0,54
City Of Westminster,2016-03-01,Leasehold,1413710.8257191202,900000.0,591
City Of Westminster,2016-04-01,Freehold,1922500.0,1145000.0,4
City Of Westminster,2016-04-01,Leasehold,1749198.9098360655,1224625.0,122
City Of Westminster,2016-05-01,Freehold,3430851.111111111,4100000.0,9
City Of Westminster,2016-05-01,Leasehold,1431581.160839161,930000.0,143
City Of Westminster,2016-06-01,Freehold,2288461.6153846155,2000000.0,13
City Of Westminster,2016-06-01,Leasehold,1396423.5394736843,1130825.0,152
City Of Westminster,2016-07-01,Freehold,2207050.0,1400000.0,20
City Of Westminster,2016-07-01,Leasehold,1368913.5322580645,860000.0,124
City Of Westminster,2016-08-01,Freehold,2936536.0,2460000.0,18
City Of Westminster,2016-08-01,Leasehold,1473226.4347826086,955187.5,138
City Of Westminster,2016-09-01,Freehold,3433881.5789473685,2415000.0,19
City Of Westminster,2016-09-01,Leasehold,1587873.0714285714,1000000.0,168
City Of Westminster,2016-10-01,Freehold,2135433.3333333335,1050000.0,15
City Of Westminster,2016-10-01,Leasehold,1528717.14375,1090000.0,160
City Of Westminster,2016-11-01,Freehold,2848305.5555555555,1468750.0,18
City Of Westminster,2016-11-01,Leasehold,1443453.0753768843,1250000.0,199
City Of Westminster,2016-12-01,Freehold,3557355.263157895,2650000.0,19
City Of Westminster,2016-12-01,Leasehold,1594315.8725490195,1125000.0,306
City Of Westminster,2017-01-01,Freehold,3437600.0,3650000.0,15
City Of Westminster,2017-01-01,Leasehold,1287021.3806818181,970300.0,176
City Of Westminster,2017-02-01,Freehold,3749583.3333333335,2880000.0,12
City Of Westminster,2017-02-01,Leasehold,1566109.5572916667,1045000.0,192
City Of Westminster,2017-03-01,Freehold,2812809.090909091,2325000.0,22
City Of Westminster,2017-03-01,Leasehold,1474663.7193675889,1000000.0,253
City Of Westminster,2017-04-01,Freehold,4281622.75,2167227.5,20
City Of Westminster,2017-04-01,Leasehold,1577024.7379032257,1134640.0,248
City Of Westminster,2017-05-01,Freehold,3548065.217391304,3250000.0,23
City Of Westminster,2017-05-01,Leasehold,1493798.3350515463,1100000.0,194
City Of Westminster,2017-06-01,Freehold,2894821.4285714286,2275000.0,14
City Of Westminster,2017-06-01,Leasehold,1389315.024630542,869400.0,203
City Of Westminster,2017-07-01,Freehold,2191473.75,1700000.0,20
City Of Westminster,2017-07-01,Leasehold,1466950.3170731708,917500.0,164
City Of Westminster,2017-08-01,Freehold,3701052.6315789474,2875000.0,19
City Of Westminster,2017-08-01,Leasehold,1318171.475,840000.0,200
City Of Westminster,2017-09-01,Freehold,3014001.736842105,2200000.0,19
City Of Westminster,2017-09-01,Leasehold,1581301.2318840579,880000.0,207
City Of Westminster,2017-10-01,Freehold,2286111.111111111,2250000.0,9
City Of Westminster,2017-10-01,Leasehold,1778195.0303030303,920000.0,165
City Of Westminster,2017-11-01,Freehold,2773035.714285714,2381250.0,14
City Of Westminster,2017-11-01,Leasehold,1900602.4825870646,1085000.0,201
City Of Westminster,2017-12-01,Freehold,5333155.730769231,4317500.0,26
City Of Westminster,2017-12-01,Leasehold,1847479.8624338624,1075000.0,189
City Of Westminster,2018-01-01,Freehold,3189441.1764705884,2850000.0,17
City Of Westminster,2018-01-01,Leasehold,1837051.2513089005,1145000.0,191
City Of Westminster,2018-02-01,Freehold,3065500.0,3700000.0,14
City Of Westminster,2018-02-01,Leasehold,1481418.0520833333,1027500.0,192
City Of Westminster,2018-03-01,Freehold,2911444.4444444445,2725000.0,9
City Of Westminster,2018-03-01,Leasehold,1604233.8201058202,1195000.0,189
City Of Westminster,2018-04-01,Freehold,3554136.294117647,3150000.0,17
City Of Westminster,2018-04-01,Leasehold,2038139.6305732485,900000.0,157
City Of Westminster,2018-05-01,Freehold,3640222.222222222,2267000.0,9
City Of Westminster,2018-05-01,Leasehold,1637205.0992907803,950000.0,141
City Of Westminster,2018-06-01,Freehold,2386818.1818181816,2100000.0,11
City Of Westminster,2018-06-01,Leasehold,1188939.2162162163,850000.0,148
City Of Westminster,2018-07-01,Freehold,2087916.6666666667,2086500.0,12
City Of Westminster,2018-07-01,Leasehold,1546902.9551282052,900000.0,156
City Of Westminster,2018-08-01,Freehold,2988409.6153846155,2375000.0,26
City Of Westminster,2018-08-01,Leasehold,1470939.4068965518,975000.0,145
City Of Westminster,2018-09-01,Freehold,3133763.1578947366,2414000.0,19
City Of Westminster,2018-09-01,Leasehold,1500395.7703703705,965000.0,135
City Of Westminster,2018-10-01,Freehold,3861314.0,2700000.0,19
City Of Westminster,2018-10-01,Leasehold,1201111.8733333333,770000.0,150
City Of Westminster,2018-11-01,Freehold,3768619.2666666666,2625000.0,30
City Of Westminster,2018-11-01,Leasehold,1375661.4591194969,830000.0,159
City Of Westminster,2018-12-01,Freehold,5697727.2727272725,3750000.0,11
City Of Westminster,2018-12-01,Leasehold,1298977.6693548388,800500.0,124
City Of Westminster,2019-01-01,Freehold,2887500.0,1995000.0,19
City Of Westminster,2019-01-01,Leasehold,1267367.3703703703,867500.0,108
City Of Westminster,2019-02-01,Freehold,2361714.285714286,2000000.0,14
City Of Westminster,2019-02-01,Leasehold,1446510.4144144144,770000.0,111
City Of Westminster,2019-03-01,Freehold,3385375.0,2037500.0,20
City Of Westminster,2019-03-01,Leasehold,1695368.4658385094,965000.0,161
City Of Westminster,2019-04-01,Freehold,3489825.0,2872500.0,20
City Of Westminster,2019-04-01,Leasehold,1929141.2592592593,925000.0,135
City Of Westminster,2019-05-01,Freehold,4040307.6923076925,4050000.0,13
City Of Westminster,2019-05-01,Leasehold,1625359.2045454546,929250.0,132
City Of Westminster,2019-06-01,Freehold,2751882.3529411764,2500000.0,17
City Of Westminster,2019-06-01,Leasehold,1667913.4025974027,892500.0,154
City Of Westminster,2019-07-01,Freehold,2727125.0,2300000.0,28
City Of Westminster,2019-07-01,Leasehold,1521118.2565789474,837500.0,152
City Of Westminster,2019-08-01,Freehold,4512500.0,2750000.0,14
City Of Westminster,2019-08-01,Leasehold,1366830.9689440993,828000.0,161
City Of Westminster,2019-09-01,Freehold,2812646.1052631577,2850000.0,19
City Of Westminster,2019-09-01,Leasehold,1439736.9127906978,967500.0,172
City Of Westminster,2019-10-01,Freehold,4681119.588235294,3000000.0,17
City Of Westminster,2019-10-01,Leasehold,1307747.6607142857,921500.0,168
City Of Westminster,2019-11-01,Freehold,2627284.5454545454,1925000.0,22
City Of Westminster,2019-11-01,Leasehold,1845315.1457286433,1000000.0,199
City Of Westminster,2019-12-01,Freehold,2530057.8333333335,2062500.0,24
City Of Westminster,2019-12-01,Leasehold,2439940.0,1090000.0,217
City Of Westminster,2020-01-01,Freehold,2900421.052631579,1875000.0,19
City Of Westminster,2020-01-01,Leasehold,1976440.9829545454,999775.0,176
City Of Westminster,2020-02-01,Freehold,2949083.3333333335,2017500.0,18
City Of Westminster,2020-02-01,Leasehold,1498963.5323741008,1000000.0,139
City Of Westminster,2020-03-01,Freehold,2596630.434782609,2350000.0,23
City Of Westminster,2020-03-01,Leasehold,1748081.7055214725,918500.0,163
City Of Westminster,2020-04-01,Freehold,5400833.333333333,3250000.0,15
City Of Westminster,2020-04-01,Leasehold,1384067.9239130435,1022500.0,92
City Of Westminster,2020-05-01,Freehold,7536000.0,5380000.0,5
City Of Westminster,2020-05-01,Leasehold,1495192.6666666667,708750.0,66
City Of Westminster,2020-06-01,Freehold,4821666.666666667,3975000.0,12
City Of Westminster,2020-06-01,Leasehold,1970080.1590909092,989997.5,88
City Of Westminster,2020-07-01,Freehold,4497894.642857143,3975000.0,14
City Of Westminster,2020-07-01,Leasehold,1314670.5039370079,892500.0,127
City Of Westminster,2020-08-01,Freehold,2790634.6153846155,2337500.0,26
City Of Westminster,2020-08-01,Leasehold,1517765.1818181819,803160.0,165
City Of Westminster,2020-09-01,Freehold,3783984.5454545454,3575000.0,22
City Of Westminster,2020-09-01,Leasehold,1879589.2404371584,875000.0,183
City Of Westminster,2020-10-01,Freehold,2215862.0689655175,1980000.0,29
City Of Westminster,2020-10-01,Leasehold,1315454.906832298,799995.0,161
City Of Westminster,2020-11-01,Freehold,2210563.1578947366,1800000.0,19
City Of Westminster,2020-11-01,Leasehold,1245663.7913669064,830000.0,139
City Of Westminster,2020-12-01,Freehold,4983713.70967742,3350000.0,31
City Of Westminster,2020-12-01,Leasehold,1566627.02247191,817500.0,178
City Of Westminster,2021-01-01,Freehold,3486111.111111111,2832500.0,18
City Of Westminster,2021-01-01,Leasehold,1455684.7391304348,900000.0,161
City Of Westminster,2021-02-01,Freehold,4356545.454545454,3412500.0,22
City Of Westminster,2021-02-01,Leasehold,1665852.8815789474,845037.5,152
City Of Westminster,2021-03-01,Freehold,3093021.276595745,2750000.0,47
City Of Westminster,2021-03-01,Leasehold,1389777.6064356435,915400.0,404
City Of Westminster,2021-04-01,Freehold,3637250.0,3550000.0,20
City Of Westminster,2021-04-01,Leasehold,1026237.3544303797,770000.0,158
City Of Westminster,2021-05-01,Freehold,4443045.454545454,3130000.0,22
City Of Westminster,2021-05-01,Leasehold,1068439.529032258,790000.0,155
City Of Westminster,2021-06-01,Freehold,2859946.8076923075,2525000.0,78
City Of Westminster,2021-06-01,Leasehold,1094279.6007067137,750000.0,566
City Of Westminster,2021-07-01,Freehold,4323750.0,4062500.0,10
City Of Westminster,2021-07-01,Leasehold,1752584.5238095238,1267200.0,63
City Of Westminster,2021-08-01,Freehold,4424669.642857143,3047500.0,28
City Of Westminster,2021-08-01,Leasehold,1718676.486238532,1098000.0,109
City Of Westminster,2021-09-01,Freehold,3034303.5384615385,2769444.0,26
City Of Westminster,2021-09-01,Leasehold,1122826.3468468469,828750.0,222
City Of Westminster,2021-10-01,Freehold,5787654.666666667,3225000.0,15
City Of Westminster,2021-10-01,Leasehold,1823305.2389380531,918000.0,113
City Of Westminster,2021-11-01,Freehold,3224219.65,2672500.0,20
City Of Westminster,2021-11-01,Leasehold,1833090.4293785312,1220750.0,177
City Of Westminster,2021-12-01,Freehold,3131645.8333333335,2700000.0,24
City Of Westminster,2021-12-01,Leasehold,1657812.3461538462,930000.0,182
City Of Westminster,2022-01-01,Freehold,4565513.3,2525000.0,20
City Of Westminster,2022-01-01,Leasehold,2290664.9155844157,1187750.0,154
City Of Westminster,2022-02-01,Freehold,3408894.285714286,2400000.0,35
City Of Westminster,2022-02-01,Leasehold,2151039.993670886,1000000.0,158
City Of Westminster,2022-03-01,Freehold,3359024.970588235,2127250.0,34
City Of Westminster,2022-03-01,Leasehold,1941681.6855670102,995000.0,194
City Of Westminster,2022-04-01,Freehold,4265148.148148148,3300000.0,27
City Of Westminster,2022-04-01,Leasehold,1816028.8815789474,1048050.0,228
City Of Westminster,2022-05-01,Freehold,4214316.9,3100000.0,30
City Of Westminster,2022-05-01,Leasehold,1420855.485549133,868500.0,173
City Of Westminster,2022-06-01,Freehold,4050921.1842105263,2877500.0,38
City Of Westminster,2022-06-01,Leasehold,1435067.8333333333,985000.0,180
City Of Westminster,2022-07-01,Freehold,4344742.434782608,3550000.0,23
City Of Westminster,2022-07-01,Leasehold,1420278.7818181817,915000.0,220
City Of Westminster,2022-08-01,Freehold,3208739.1304347827,2600000.0,23
City Of Westminster,2022-08-01,Leasehold,1460550.407239819,904000.0,221
City Of Westminster,2022-09-01,Freehold,3481412.05,2075000.0,20
City Of Westminster,2022-09-01,Leasehold,1502352.0080645161,1000000.0,248
City Of Westminster,2022-10-01,Freehold,2243849.5,1887500.0,24
City Of Westminster,2022-10-01,Leasehold,1673157.952991453,927050.0,234
City Of Westminster,2022-11-01,Freehold,5275043.478260869,3375000.0,23
City Of Westminster,2022-11-01,Leasehold,1570714.3568904593,980000.0,283
City Of Westminster,2022-12-01,Freehold,5468607.692307692,3050000.0,26
City Of Westminster,2022-12-01,Leasehold,2128622.325,1005000.0,200
City Of Westminster,2023-01-01,Freehold,3139157.1428571427,2425000.0,14
City Of Westminster,2023-01-01,Leasehold,1683593.2180851065,1072500.0,188
City Of Westminster,2023-02-01,Freehold,4375834.142857143,3450000.0,21
City Of Westminster,2023-02-01,Leasehold,1550188.7428571428,1075000.0,175
City Of Westminster,2023-03-01,Freehold,5011673.045454546,3400000.0,22
City Of Westminster,2023-03-01,Leasehold,2182348.685990338,1067500.0,207
City Of Westminster,2023-04-01,Freehold,3082076.923076923,3400000.0,13
City Of Westminster,2023-04-01,Leasehold,1543031.3397435897,905000.0,156
City Of Westminster,2023-05-01,Freehold,3418333.3333333335,2700000.0,9
City Of Westminster,2023-05-01,Leasehold,2172143.4364640885,1240000.0,181
City Of Westminster,2023-06-01,Freehold,3840625.0,3250000.0,24
City Of Westminster,2023-06-01,Leasehold,2104546.986956522,1122500.0,230
City Of Westminster,2023-07-01,Freehold,3456315.789473684,2450000.0,19
City Of Westminster,2023-07-01,Leasehold,2159326.640718563,1100000.0,167
City Of Westminster,2023-08-01,Freehold,3748125.0,2412500.0,24
City Of Westminster,2023-08-01,Leasehold,1481318.9235294117,916250.0,170
City Of Westminster,2023-09-01,Freehold,3375632.117647059,3700000.0,17
City Of Westminster,2023-09-01,Leasehold,1511383.7912621358,819825.0,206
City Of Westminster,2023-10-01,Freehold,4191517.8571428573,2925000.0,28
City Of Westminster,2023-10-01,Leasehold,1804767.5979381443,922500.0,194
City Of Westminster,2023-11-01,Freehold,4828113.636363637,3637500.0,22
City Of Westminster,2023-11-01,Leasehold,2462212.703703704,945000.0,162
City Of Westminster,2023-12-01,Freehold,5380673.176470588,3175000.0,17
City Of Westminster,2023-12-01,Leasehold,2817045.3513513515,1225000.0,185
City Of Westminster,2024-01-01,Freehold,3579915.772727273,2137500.0,22
City Of Westminster,2024-01-01,Leasehold,2154006.2461538464,945000.0,130
City Of Westminster,2024-02-01,Freehold,3688222.222222222,2800000.0,18
City Of Westminster,2024-02-01,Leasehold,1393535.2978723405,812500.0,141
City Of Westminster,2024-03-01,Freehold,3129916.6666666665,2330000.0,18
City Of Westminster,2024-03-01,Leasehold,1750470.5240963856,1000000.0,166
City Of Westminster,2024-04-01,Freehold,4407208.695652174,3325000.0,23
City Of Westminster,2024-04-01,Leasehold,1430302.8113207547,975000.0,159
City Of Westminster,2024-05-01,Freehold,3438352.2,2150000.0,25
City Of Westminster,2024-05-01,Leasehold,1536697.9032258065,825000.0,155
City Of Westminster,2024-06-01,Freehold,5728833.333333333,5500000.0,12
City Of Westminster,2024-06-01,Leasehold,1963894.61875,950000.0,160
City Of Westminster,2024-07-01,Freehold,3379240.7407407407,2500000.0,27
City Of Westminster,2024-07-01,Leasehold,1258473.191919192,821500.0,198
City Of Westminster,2024-08-01,Freehold,3312716.1,2935000.0,30
City Of Westminster,2024-08-01,Leasehold,1593457.96,900000.0,175
City Of Westminster,2024-09-01,Freehold,4101038.4615384615,2765000.0,26
City Of Westminster,2024-09-01,Leasehold,1420012.2841530056,795000.0,183
City Of Westminster,2024-10-01,Freehold,4756516.129032258,3150000.0,31
City Of Westminster,2024-10-01,Leasehold,1501113.1067193677,830000.0,253
City Of Westminster,2024-11-01,Freehold,2687440.4444444445,1900000.0,27
City Of Westminster,2024-11-01,Leasehold,1733575.4437869822,789000.0,169
City Of Westminster,2024-12-01,Freehold,4625111.111111111,3075000.0,18
City Of Westminster,2024-12-01,Leasehold,1956694.6540880504,825000.0,159
City Of Westminster,2025-01-01,Freehold,4707245.625,2580000.0,16
City Of Westminster,2025-01-01,Leasehold,1318172.2727272727,850000.0,165
City Of Westminster,2025-02-01,Freehold,4181617.6470588236,3250000.0,17
City Of Westminster,2025-02-01,Leasehold,1146629.3986486488,796250.0,148
City Of Westminster,2025-03-01,Freehold,2937025.8620689656,2220000.0,29
City Of Westminster,2025-03-01,Leasehold,1075735.5950920247,680000.0,326
City Of Westminster,2025-04-01,Freehold,4556071.428571428,3480000.0,14
City Of Westminster,2025-04-01,Leasehold,2065953.3085106383,1100000.0,94
City Of Westminster,2025-05-01,Freehold,3570687.5625,2320000.0,16
City Of Westminster,2025-05-01,Leasehold,1817612.7631578948,987500.0,114
City Of Westminster,2025-06-01,Freehold,3090796.25,2437500.0,20
City Of Westminster,2025-06-01,Leasehold,1590026.402877698,880000.0,139
City Of Westminster,2025-07-01,Freehold,4481363.636363637,3262500.0,22
City Of Westminster,2025-07-01,Leasehold,1311403.6066666667,885000.0,150
City Of Westminster,2025-08-01,Freehold,2673500.0,2262500.0,22
City Of Westminster,2025-08-01,Leasehold,1104460.7152777778,795000.0,144
City Of Westminster,2025-09-01,Freehold,3576652.9583333335,3112500.0,24
City Of Westminster,2025-09-01,Leasehold,1582229.7313432836,850000.0,134
City Of Westminster,2025-10-01,Freehold,1785239.4736842106,1470000.0,19
City Of Westminster,2025-10-01,Leasehold,1063783.1468531468,680000.0,143
City Of Westminster,2025-11-01,Freehold,3206111.111111111,2925000.0,18
City Of Westminster,2025-11-01,Leasehold,1094472.6532258065,765000.0,124
City Of Westminster,2025-12-01,Freehold,3458454.5454545454,2950000.0,11
City Of Westminster,2025-12-01,Leasehold,871220.5882352941,740000.0,85
City Of Westminster,2026-01-01,Freehold,4707692.307692308,2125000.0,13
City Of Westminster,2026-01-01,Leasehold,885459.8055555555,679025.0,72
City Of Westminster,2026-02-01,Freehold,1758600.0,1100000.0,5
City Of Westminster,2026-02-01,Leasehold,754133.0645161291,675000.0,62
City Of Westminster,2026-03-01,Freehold,3165444.4444444445,2450000.0,9
City Of Westminster,2026-03-01,Leasehold,755518.2098765433,610000.0,81
City Of Westminster,2026-04-01,Freehold,3923000.0,2572500.0,10
City Of Westminster,2026-04-01,Leasehold,994175.06,722500.0,50
City Of Westminster,2026-05-01,Freehold,2018750.0,1275000.0,4
City Of Westminster,2026-05-01,Leasehold,762189.84375,652500.0,32
Croydon,2006-01-01,Freehold,262462.0,238500.0,281
Croydon,2006-01-01,Leasehold,149020.7513227513,150000.0,189
Croydon,2006-02-01,Freehold,263878.2622478386,230000.0,347
Croydon,2006-02-01,Leasehold,157599.28899082568,149000.0,218
Croydon,2006-03-01,Freehold,259054.57242990655,225000.0,428
Croydon,2006-03-01,Leasehold,148591.36475409835,146000.0,244
Croydon,2006-04-01,Freehold,257631.4193548387,234000.0,310
Croydon,2006-04-01,Leasehold,153294.56632653062,149250.0,196
Croydon,2006-05-01,Freehold,271197.7018469657,240000.0,379
Croydon,2006-05-01,Leasehold,155666.36563876653,150000.0,227
Croydon,2006-06-01,Freehold,270193.87418655097,240000.0,461
Croydon,2006-06-01,Leasehold,165324.59797297296,158000.0,296
Croydon,2006-07-01,Freehold,269462.2586956522,237250.0,460
Croydon,2006-07-01,Leasehold,166273.65693430658,160000.0,274
Croydon,2006-08-01,Freehold,279364.0147601476,245000.0,542
Croydon,2006-08-01,Leasehold,164671.28268551236,158000.0,283
Croydon,2006-09-01,Freehold,276692.18241758243,240000.0,455
Croydon,2006-09-01,Leasehold,170576.3220973783,163500.0,267
Croydon,2006-10-01,Freehold,276771.35952848726,245000.0,509
Croydon,2006-10-01,Leasehold,160061.47916666666,156000.0,288
Croydon,2006-11-01,Freehold,287319.5766129032,247250.0,496
Croydon,2006-11-01,Leasehold,164907.93014705883,160000.0,272
Croydon,2006-12-01,Freehold,275498.0043763676,242000.0,457
Croydon,2006-12-01,Leasehold,170936.61371841157,165000.0,277
Croydon,2007-01-01,Freehold,273005.4520547945,239950.0,365
Croydon,2007-01-01,Leasehold,169730.01239669422,160000.0,242
Croydon,2007-02-01,Freehold,283480.0922190202,250000.0,347
Croydon,2007-02-01,Leasehold,166995.406374502,163000.0,251
Croydon,2007-03-01,Freehold,295141.31264367816,250000.0,435
Croydon,2007-03-01,Leasehold,171133.55474452555,165000.0,274
Croydon,2007-04-01,Freehold,284421.24788732396,245000.0,355
Croydon,2007-04-01,Leasehold,164670.72426470587,164225.0,272
Croydon,2007-05-01,Freehold,279898.5072815534,249000.0,412
Croydon,2007-05-01,Leasehold,171056.28467153283,169950.0,274
Croydon,2007-06-01,Freehold,306080.7625570776,264975.0,438
Croydon,2007-06-01,Leasehold,174249.52127659574,170000.0,282
Croydon,2007-07-01,Freehold,315392.2319148936,269972.5,470
Croydon,2007-07-01,Leasehold,175656.2619047619,172250.0,294
Croydon,2007-08-01,Freehold,303650.5595026643,260000.0,563
Croydon,2007-08-01,Leasehold,175686.59516616314,173000.0,331
Croydon,2007-09-01,Freehold,295951.2030075188,265000.0,399
Croydon,2007-09-01,Leasehold,176184.3233082707,174475.0,266
Croydon,2007-10-01,Freehold,305803.2264957265,265000.0,468
Croydon,2007-10-01,Leasehold,179744.0357142857,175000.0,280
Croydon,2007-11-01,Freehold,307464.778313253,271500.0,415
Croydon,2007-11-01,Leasehold,185201.72413793104,177500.0,290
Croydon,2007-12-01,Freehold,308587.36293436296,260000.0,259
Croydon,2007-12-01,Leasehold,188990.43165467627,183975.0,278
Croydon,2008-01-01,Freehold,303617.4032921811,260000.0,243
Croydon,2008-01-01,Leasehold,180731.64814814815,176750.0,162
Croydon,2008-02-01,Freehold,302515.2024291498,263500.0,247
Croydon,2008-02-01,Leasehold,176932.9081632653,170000.0,196
Croydon,2008-03-01,Freehold,298882.6518218623,267000.0,247
Croydon,2008-03-01,Leasehold,179306.8987341772,174750.0,158
Croydon,2008-04-01,Freehold,316162.1338912134,275000.0,239
Croydon,2008-04-01,Leasehold,180591.04666666666,175000.0,150
Croydon,2008-05-01,Freehold,294043.38,269250.0,250
Croydon,2008-05-01,Leasehold,177005.0,170000.0,153
Croydon,2008-06-01,Freehold,312917.82,250000.0,200
Croydon,2008-06-01,Leasehold,171416.14615384614,165000.0,130
Croydon,2008-07-01,Freehold,311501.27932960895,250000.0,179
Croydon,2008-07-01,Leasehold,183319.868852459,173750.0,122
Croydon,2008-08-01,Freehold,328820.3278688525,276000.0,183
Croydon,2008-08-01,Leasehold,172010.28048780488,165000.0,82
Croydon,2008-09-01,Freehold,289796.2195121951,250000.0,164
Croydon,2008-09-01,Leasehold,178104.06976744186,171750.0,86
Croydon,2008-10-01,Freehold,267696.90853658534,243500.0,164
Croydon,2008-10-01,Leasehold,176964.16666666666,165000.0,102
Croydon,2008-11-01,Freehold,331434.792,250000.0,125
Croydon,2008-11-01,Leasehold,164477.77333333335,170000.0,75
Croydon,2008-12-01,Freehold,257633.33333333334,226500.0,147
Croydon,2008-12-01,Leasehold,182692.0,175000.0,95
Croydon,2009-01-01,Freehold,278021.91011235956,232500.0,89
Croydon,2009-01-01,Leasehold,176144.08620689655,165000.0,58
Croydon,2009-02-01,Freehold,292342.5462962963,234000.0,108
Croydon,2009-02-01,Leasehold,168108.4909090909,172500.0,55
Croydon,2009-03-01,Freehold,262880.43137254904,229950.0,153
Croydon,2009-03-01,Leasehold,165625.75342465754,165000.0,73
Croydon,2009-04-01,Freehold,252447.13986013987,228000.0,143
Croydon,2009-04-01,Leasehold,157154.85714285713,144000.0,70
Croydon,2009-05-01,Freehold,251498.78723404257,235000.0,141
Croydon,2009-05-01,Leasehold,159505.7894736842,156500.0,76
Croydon,2009-06-01,Freehold,270787.9754601227,225000.0,163
Croydon,2009-06-01,Leasehold,152465.08547008547,149000.0,117
Croydon,2009-07-01,Freehold,296891.81775700935,240000.0,214
Croydon,2009-07-01,Leasehold,147191.43617021278,150000.0,94
Croydon,2009-08-01,Freehold,274927.73839662445,235000.0,237
Croydon,2009-08-01,Leasehold,154735.0,157500.0,120
Croydon,2009-09-01,Freehold,273173.3502538071,227500.0,197
Croydon,2009-09-01,Leasehold,153575.7438016529,153750.0,121
Croydon,2009-10-01,Freehold,298939.1796875,249999.5,256
Croydon,2009-10-01,Leasehold,161636.32478632478,151000.0,117
Croydon,2009-11-01,Freehold,278304.44444444444,240500.0,189
Croydon,2009-11-01,Leasehold,153204.9173553719,150000.0,121
Croydon,2009-12-01,Freehold,277433.0118577075,248500.0,253
Croydon,2009-12-01,Leasehold,165501.17621145374,160000.0,227
Croydon,2010-01-01,Freehold,318560.74626865675,273500.0,134
Croydon,2010-01-01,Leasehold,180804.36170212767,183500.0,94
Croydon,2010-02-01,Freehold,291260.20634920633,250000.0,189
Croydon,2010-02-01,Leasehold,180290.95412844035,179000.0,109
Croydon,2010-03-01,Freehold,333893.4090909091,250000.0,176
Croydon,2010-03-01,Leasehold,177987.0846153846,163000.0,130
Croydon,2010-04-01,Freehold,283874.0988372093,246000.0,172
Croydon,2010-04-01,Leasehold,161206.96703296702,158000.0,91
Croydon,2010-05-01,Freehold,290540.0747126437,250000.0,174
Croydon,2010-05-01,Leasehold,168858.9568965517,166975.0,116
Croydon,2010-06-01,Freehold,310767.9411764706,250000.0,204
Croydon,2010-06-01,Leasehold,175869.70078740158,170475.0,127
Croydon,2010-07-01,Freehold,294441.85152838426,262000.0,229
Croydon,2010-07-01,Leasehold,163090.1530612245,165000.0,98
Croydon,2010-08-01,Freehold,307600.4801587302,276250.0,252
Croydon,2010-08-01,Leasehold,166252.98245614034,157000.0,114
Croydon,2010-09-01,Freehold,303845.1243243243,255000.0,185
Croydon,2010-09-01,Leasehold,172591.66129032258,167500.0,124
Croydon,2010-10-01,Freehold,310885.4470046083,257400.0,217
Croydon,2010-10-01,Leasehold,164512.9906542056,160000.0,107
Croydon,2010-11-01,Freehold,284827.58720930235,250000.0,172
Croydon,2010-11-01,Leasehold,168117.98095238095,160000.0,105
Croydon,2010-12-01,Freehold,304519.53092783503,250000.0,194
Croydon,2010-12-01,Leasehold,173608.83333333334,164500.0,126
Croydon,2011-01-01,Freehold,308117.0078740158,250000.0,127
Croydon,2011-01-01,Leasehold,161819.28169014084,160000.0,71
Croydon,2011-02-01,Freehold,310231.1156462585,240000.0,147
Croydon,2011-02-01,Leasehold,196663.22891566265,160000.0,83
Croydon,2011-03-01,Freehold,304208.3142857143,242500.0,175
Croydon,2011-03-01,Leasehold,159510.09278350516,160000.0,97
Croydon,2011-04-01,Freehold,297589.243902439,250000.0,164
Croydon,2011-04-01,Leasehold,165361.72602739726,165000.0,73
Croydon,2011-05-01,Freehold,291739.0760233918,250000.0,171
Croydon,2011-05-01,Leasehold,170235.94594594595,163500.0,74
Croydon,2011-06-01,Freehold,294454.1005291005,249950.0,189
Croydon,2011-06-01,Leasehold,161706.51685393258,160000.0,89
Croydon,2011-07-01,Freehold,306725.0627802691,265250.0,223
Croydon,2011-07-01,Leasehold,169311.62393162394,159950.0,117
Croydon,2011-08-01,Freehold,297034.17391304346,250000.0,253
Croydon,2011-08-01,Leasehold,164022.37623762377,155000.0,101
Croydon,2011-09-01,Freehold,298984.87684729067,250000.0,203
Croydon,2011-09-01,Leasehold,160336.43307086613,155000.0,127
Croydon,2011-10-01,Freehold,314637.2522123894,275000.0,226
Croydon,2011-10-01,Leasehold,163246.8260869565,155000.0,115
Croydon,2011-11-01,Freehold,291288.96475770924,260000.0,227
Croydon,2011-11-01,Leasehold,166611.1797752809,160000.0,89
Croydon,2011-12-01,Freehold,292817.69527896994,247500.0,233
Croydon,2011-12-01,Leasehold,171892.9347826087,160997.5,138
Croydon,2012-01-01,Freehold,302621.3353658537,262500.0,164
Croydon,2012-01-01,Leasehold,159722.3076923077,154000.0,65
Croydon,2012-02-01,Freehold,295322.7189189189,250000.0,185
Croydon,2012-02-01,Leasehold,167132.27848101265,160000.0,79
Croydon,2012-03-01,Freehold,282937.0367647059,247250.0,272
Croydon,2012-03-01,Leasehold,172918.7697368421,172250.0,152
Croydon,2012-04-01,Freehold,326310.66917293234,285000.0,133
Croydon,2012-04-01,Leasehold,173318.81355932204,152500.0,59
Croydon,2012-05-01,Freehold,321825.9166666667,276500.0,204
Croydon,2012-05-01,Leasehold,176657.94736842104,170000.0,95
Croydon,2012-06-01,Freehold,312126.8617021277,270000.0,188
Croydon,2012-06-01,Leasehold,167742.32954545456,167500.0,88
Croydon,2012-07-01,Freehold,305685.0710900474,270000.0,211
Croydon,2012-07-01,Leasehold,165264.08653846153,159500.0,104
Croydon,2012-08-01,Freehold,314088.77777777775,276500.0,234
Croydon,2012-08-01,Leasehold,172816.7572815534,165000.0,103
Croydon,2012-09-01,Freehold,327453.4705882353,285000.0,187
Croydon,2012-09-01,Leasehold,168270.09,169500.0,100
Croydon,2012-10-01,Freehold,301755.56722689077,274500.0,238
Croydon,2012-10-01,Leasehold,166810.27433628318,164000.0,113
Croydon,2012-11-01,Freehold,302248.75303643727,255000.0,247
Croydon,2012-11-01,Leasehold,174604.2578125,170000.0,128
Croydon,2012-12-01,Freehold,304948.36597938143,273750.0,194
Croydon,2012-12-01,Leasehold,172964.36170212767,174250.0,94
Croydon,2013-01-01,Freehold,318885.9285714286,269625.0,168
Croydon,2013-01-01,Leasehold,180347.54761904763,172500.0,84
Croydon,2013-02-01,Freehold,302162.63243243244,249500.0,185
Croydon,2013-02-01,Leasehold,180107.9298245614,170000.0,114
Croydon,2013-03-01,Freehold,319335.07441860466,270000.0,215
Croydon,2013-03-01,Leasehold,191627.4827586207,196500.0,145
Croydon,2013-04-01,Freehold,304078.775862069,260000.0,174
Croydon,2013-04-01,Leasehold,178688.09016393442,172000.0,122
Croydon,2013-05-01,Freehold,329688.78571428574,285000.0,210
Croydon,2013-05-01,Leasehold,196824.49714285714,186000.0,175
Croydon,2013-06-01,Freehold,321924.0560747664,290226.0,214
Croydon,2013-06-01,Leasehold,186987.815,181437.5,200
Croydon,2013-07-01,Freehold,320370.073943662,287997.5,284
Croydon,2013-07-01,Leasehold,175563.3116883117,168475.0,154
Croydon,2013-08-01,Freehold,328982.00363636366,280000.0,275
Croydon,2013-08-01,Leasehold,197596.8343558282,190000.0,163
Croydon,2013-09-01,Freehold,332768.8798449612,301250.0,258
Croydon,2013-09-01,Leasehold,190757.39007092197,180000.0,141
Croydon,2013-10-01,Freehold,334092.7708978328,300000.0,323
Croydon,2013-10-01,Leasehold,189841.49019607843,185000.0,204
Croydon,2013-11-01,Freehold,336329.2326388889,295000.0,288
Croydon,2013-11-01,Leasehold,186870.64864864864,181250.0,185
Croydon,2013-12-01,Freehold,348032.9603960396,315000.0,303
Croydon,2013-12-01,Leasehold,195155.87606837606,190500.0,234
Croydon,2014-01-01,Freehold,336276.05098039214,295000.0,255
Croydon,2014-01-01,Leasehold,196528.2142857143,186250.0,182
Croydon,2014-02-01,Freehold,347539.0627306273,310000.0,271
Croydon,2014-02-01,Leasehold,201645.97883597884,200000.0,189
Croydon,2014-03-01,Freehold,354278.8888888889,301250.0,234
Croydon,2014-03-01,Leasehold,209574.73741007195,200750.0,278
Croydon,2014-04-01,Freehold,370374.5038167939,323747.5,262
Croydon,2014-04-01,Leasehold,210398.11475409835,209750.0,244
Croydon,2014-05-01,Freehold,372033.1338912134,325000.0,239
Croydon,2014-05-01,Leasehold,207188.79166666666,198000.0,216
Croydon,2014-06-01,Freehold,381298.40157480317,330250.0,254
Croydon,2014-06-01,Leasehold,207844.8547008547,200000.0,234
Croydon,2014-07-01,Freehold,380599.2392857143,345000.0,280
Croydon,2014-07-01,Leasehold,216062.8765957447,207000.0,235
Croydon,2014-08-01,Freehold,374748.92176870746,342575.0,294
Croydon,2014-08-01,Leasehold,229386.71784232365,220000.0,241
Croydon,2014-09-01,Freehold,395554.38811188814,362500.0,286
Croydon,2014-09-01,Leasehold,239282.47899159664,225250.0,238
Croydon,2014-10-01,Freehold,389143.25085910654,345000.0,291
Croydon,2014-10-01,Leasehold,217048.4,210000.0,235
Croydon,2014-11-01,Freehold,397840.475,351000.0,240
Croydon,2014-11-01,Leasehold,230095.36150234743,225000.0,213
Croydon,2014-12-01,Freehold,381671.2008547009,350000.0,234
Croydon,2014-12-01,Leasehold,211552.5392670157,205000.0,191
Croydon,2015-01-01,Freehold,418730.397260274,370000.0,219
Croydon,2015-01-01,Leasehold,219009.45294117648,215000.0,170
Croydon,2015-02-01,Freehold,392147.52791878174,342250.0,197
Croydon,2015-02-01,Leasehold,233134.45918367346,226000.0,196
Croydon,2015-03-01,Freehold,383598.1902834008,348000.0,247
Croydon,2015-03-01,Leasehold,231151.71014492755,230000.0,207
Croydon,2015-04-01,Freehold,412557.54455445544,375000.0,202
Croydon,2015-04-01,Leasehold,236354.4708994709,228500.0,189
Croydon,2015-05-01,Freehold,405929.367816092,379500.0,261
Croydon,2015-05-01,Leasehold,248608.73113207548,237500.0,212
Croydon,2015-06-01,Freehold,411876.1843137255,372500.0,255
Croydon,2015-06-01,Leasehold,228068.06698564594,230000.0,209
Croydon,2015-07-01,Freehold,432889.00673400675,387000.0,297
Croydon,2015-07-01,Leasehold,250181.64406779662,250000.0,236
Croydon,2015-08-01,Freehold,422733.51971326163,380000.0,279
Croydon,2015-08-01,Leasehold,254237.22051282052,245000.0,195
Croydon,2015-09-01,Freehold,422291.9052631579,380000.0,285
Croydon,2015-09-01,Leasehold,247266.15510204082,237500.0,245
Croydon,2015-10-01,Freehold,435293.0489510489,391000.0,286
Croydon,2015-10-01,Leasehold,238316.36,232750.0,250
Croydon,2015-11-01,Freehold,466031.4931506849,395000.0,292
Croydon,2015-11-01,Leasehold,238790.92156862744,240000.0,204
Croydon,2015-12-01,Freehold,446823.86496350367,402500.0,274
Croydon,2015-12-01,Leasehold,261319.72972972973,255000.0,222
Croydon,2016-01-01,Freehold,442875.2909090909,390000.0,220
Croydon,2016-01-01,Leasehold,253223.0128205128,250500.0,156
Croydon,2016-02-01,Freehold,415450.2242152466,390000.0,223
Croydon,2016-02-01,Leasehold,267165.2413793103,275000.0,174
Croydon,2016-03-01,Freehold,457366.03317535546,420000.0,422
Croydon,2016-03-01,Leasehold,263346.6174863388,257500.0,366
Croydon,2016-04-01,Freehold,448116.1830065359,405000.0,153
Croydon,2016-04-01,Leasehold,272166.79738562094,260000.0,153
Croydon,2016-05-01,Freehold,465380.8952879581,430000.0,191
Croydon,2016-05-01,Leasehold,269587.28723404254,264747.5,188
Croydon,2016-06-01,Freehold,459336.86842105264,435500.0,190
Croydon,2016-06-01,Leasehold,267131.3,260000.0,210
Croydon,2016-07-01,Freehold,490335.7656903766,425000.0,239
Croydon,2016-07-01,Leasehold,257983.69874476988,248000.0,239
Croydon,2016-08-01,Freehold,489185.8924302789,439000.0,251
Croydon,2016-08-01,Leasehold,285632.80349344976,273600.0,229
Croydon,2016-09-01,Freehold,473911.6285714286,428250.0,210
Croydon,2016-09-01,Leasehold,286677.3240740741,281750.0,216
Croydon,2016-10-01,Freehold,467588.2794117647,437500.0,204
Croydon,2016-10-01,Leasehold,297604.2876712329,290000.0,219
Croydon,2016-11-01,Freehold,470693.0260416667,425000.0,192
Croydon,2016-11-01,Leasehold,287669.76704545453,285000.0,176
Croydon,2016-12-01,Freehold,488802.55555555556,436250.0,180
Croydon,2016-12-01,Leasehold,281321.9617486339,276000.0,183
Croydon,2017-01-01,Freehold,493723.95862068963,450000.0,145
Croydon,2017-01-01,Leasehold,289062.270531401,282000.0,207
Croydon,2017-02-01,Freehold,484023.9222797927,442500.0,193
Croydon,2017-02-01,Leasehold,300502.4246575342,300000.0,219
Croydon,2017-03-01,Freehold,465796.1596244131,425000.0,213
Croydon,2017-03-01,Leasehold,296746.11904761905,294500.0,210
Croydon,2017-04-01,Freehold,467632.64248704666,435000.0,193
Croydon,2017-04-01,Leasehold,286405.9405940594,280000.0,202
Croydon,2017-05-01,Freehold,474586.17224880384,433000.0,209
Croydon,2017-05-01,Leasehold,308854.42696629214,299997.5,178
Croydon,2017-06-01,Freehold,499091.43333333335,450000.0,240
Croydon,2017-06-01,Leasehold,313280.95477386937,295000.0,199
Croydon,2017-07-01,Freehold,509229.16593886464,450000.0,229
Croydon,2017-07-01,Leasehold,324927.77040816325,300500.0,196
Croydon,2017-08-01,Freehold,504806.269058296,440000.0,223
Croydon,2017-08-01,Leasehold,316828.62564102566,297500.0,195
Croydon,2017-09-01,Freehold,505444.01167315175,450000.0,257
Croydon,2017-09-01,Leasehold,307448.69897959183,298972.5,196
Croydon,2017-10-01,Freehold,464438.2191780822,435000.0,219
Croydon,2017-10-01,Leasehold,281746.98412698414,279950.0,189
Croydon,2017-11-01,Freehold,489983.56218905473,442500.0,201
Croydon,2017-11-01,Leasehold,294537.8303030303,290000.0,165
Croydon,2017-12-01,Freehold,497039.1055045872,462500.0,218
Croydon,2017-12-01,Leasehold,307381.875739645,299250.0,169
Croydon,2018-01-01,Freehold,502491.06451612903,471250.0,186
Croydon,2018-01-01,Leasehold,297907.36090225563,269000.0,133
Croydon,2018-02-01,Freehold,529291.5714285715,457000.0,168
Croydon,2018-02-01,Leasehold,293336.57281553396,280000.0,103
Croydon,2018-03-01,Freehold,468540.7894736842,435000.0,171
Croydon,2018-03-01,Leasehold,282093.9393939394,275000.0,132
Croydon,2018-04-01,Freehold,503696.5894039735,460000.0,151
Croydon,2018-04-01,Leasehold,282422.9105691057,265000.0,123
Croydon,2018-05-01,Freehold,489011.60759493674,427500.0,158
Croydon,2018-05-01,Leasehold,303473.39873417723,278750.0,158
Croydon,2018-06-01,Freehold,506469.23831775703,472500.0,214
Croydon,2018-06-01,Leasehold,312259.40476190473,300000.0,168
Croydon,2018-07-01,Freehold,508069.88211382116,457500.0,246
Croydon,2018-07-01,Leasehold,292410.4961832061,288500.0,131
Croydon,2018-08-01,Freehold,498183.9353612167,475000.0,263
Croydon,2018-08-01,Leasehold,290726.8620689655,282500.0,145
Croydon,2018-09-01,Freehold,488621.45320197043,465000.0,203
Croydon,2018-09-01,Leasehold,300047.38970588235,290000.0,136
Croydon,2018-10-01,Freehold,502059.9375,460000.0,256
Croydon,2018-10-01,Leasehold,312313.22516556294,292500.0,151
Croydon,2018-11-01,Freehold,492393.2862745098,450000.0,255
Croydon,2018-11-01,Leasehold,282601.724137931,279000.0,145
Croydon,2018-12-01,Freehold,505037.8162162162,451000.0,185
Croydon,2018-12-01,Leasehold,289813.96396396396,277000.0,111
Croydon,2019-01-01,Freehold,490072.8431372549,444000.0,153
Croydon,2019-01-01,Leasehold,291095.2882882883,290000.0,111
Croydon,2019-02-01,Freehold,474079.28571428574,427500.0,182
Croydon,2019-02-01,Leasehold,320192.45871559635,300000.0,109
Croydon,2019-03-01,Freehold,459088.26976744185,437000.0,215
Croydon,2019-03-01,Leasehold,316948.07692307694,310000.0,130
Croydon,2019-04-01,Freehold,475392.55294117646,440000.0,170
Croydon,2019-04-01,Leasehold,285718.47826086957,277450.0,115
Croydon,2019-05-01,Freehold,483657.6395939086,450000.0,197
Croydon,2019-05-01,Leasehold,298949.3620689655,287500.0,116
Croydon,2019-06-01,Freehold,485926.7235023042,444950.0,217
Croydon,2019-06-01,Leasehold,297800.9369369369,285000.0,111
Croydon,2019-07-01,Freehold,498991.652173913,450000.0,230
Croydon,2019-07-01,Leasehold,299497.5722543353,290000.0,173
Croydon,2019-08-01,Freehold,492622.7974683544,450000.0,237
Croydon,2019-08-01,Leasehold,289794.823943662,276750.0,142
Croydon,2019-09-01,Freehold,509366.46288209606,471000.0,229
Croydon,2019-09-01,Leasehold,285867.35537190083,277000.0,121
Croydon,2019-10-01,Freehold,496966.1954022989,450000.0,261
Croydon,2019-10-01,Leasehold,285493.2027027027,272500.0,148
Croydon,2019-11-01,Freehold,473037.57727272727,430000.0,220
Croydon,2019-11-01,Leasehold,305823.86363636365,300000.0,132
Croydon,2019-12-01,Freehold,465953.4433497537,430000.0,203
Croydon,2019-12-01,Leasehold,292837.51968503935,285000.0,127
Croydon,2020-01-01,Freehold,470855.22222222225,427500.0,180
Croydon,2020-01-01,Leasehold,292597.9344262295,282500.0,122
Croydon,2020-02-01,Freehold,490704.6386138614,442000.0,202
Croydon,2020-02-01,Leasehold,296939.2156862745,290000.0,102
Croydon,2020-03-01,Freehold,492184.2079207921,460000.0,202
Croydon,2020-03-01,Leasehold,291602.41071428574,285000.0,112
Croydon,2020-04-01,Freehold,441335.6125,399975.0,80
Croydon,2020-04-01,Leasehold,309114.9193548387,292500.0,62
Croydon,2020-05-01,Freehold,500921.05263157893,451750.0,76
Croydon,2020-05-01,Leasehold,294458.8333333333,284000.0,60
Croydon,2020-06-01,Freehold,511931.2913907285,455000.0,151
Croydon,2020-06-01,Leasehold,310262.4285714286,293000.0,84
Croydon,2020-07-01,Freehold,494133.91549295775,455000.0,213
Croydon,2020-07-01,Leasehold,326104.6371681416,310000.0,113
Croydon,2020-08-01,Freehold,533094.8445595854,470000.0,193
Croydon,2020-08-01,Leasehold,305949.18,292750.0,150
Croydon,2020-09-01,Freehold,516184.69266055047,475000.0,218
Croydon,2020-09-01,Leasehold,314017.19696969696,308875.0,132
Croydon,2020-10-01,Freehold,505466.7870036101,475000.0,277
Croydon,2020-10-01,Leasehold,320141.7168674699,314500.0,166
Croydon,2020-11-01,Freehold,504258.2178988327,465500.0,257
Croydon,2020-11-01,Leasehold,307068.74860335194,290000.0,179
Croydon,2020-12-01,Freehold,512206.8088235294,464500.0,272
Croydon,2020-12-01,Leasehold,328369.93577981653,320000.0,218
Croydon,2021-01-01,Freehold,528095.270386266,485000.0,233
Croydon,2021-01-01,Leasehold,330246.6964285714,325000.0,168
Croydon,2021-02-01,Freehold,515863.19741100323,475000.0,309
Croydon,2021-02-01,Leasehold,326025.9868421053,300000.0,152
Croydon,2021-03-01,Freehold,522795.36094674555,470000.0,507
Croydon,2021-03-01,Leasehold,333068.5698529412,315000.0,272
Croydon,2021-04-01,Freehold,513437.65346534655,465000.0,303
Croydon,2021-04-01,Leasehold,311040.6104651163,300000.0,172
Croydon,2021-05-01,Freehold,501279.90157480317,468750.0,254
Croydon,2021-05-01,Leasehold,318621.91780821915,301500.0,146
Croydon,2021-06-01,Freehold,532992.2085492228,479000.0,772
Croydon,2021-06-01,Leasehold,333873.9442815249,320000.0,341
Croydon,2021-07-01,Freehold,485840.91752577317,435000.0,97
Croydon,2021-07-01,Leasehold,272076.78504672897,260000.0,107
Croydon,2021-08-01,Freehold,508284.92452830187,463000.0,159
Croydon,2021-08-01,Leasehold,311462.0253164557,307500.0,158
Croydon,2021-09-01,Freehold,538701.7040816327,490000.0,392
Croydon,2021-09-01,Leasehold,296805.104,281250.0,250
Croydon,2021-10-01,Freehold,506588.4887218045,460000.0,133
Croydon,2021-10-01,Leasehold,290294.8905109489,276000.0,137
Croydon,2021-11-01,Freehold,538730.0,480000.0,187
Croydon,2021-11-01,Leasehold,300357.0977011494,302500.0,174
Croydon,2021-12-01,Freehold,526773.5909090909,487500.0,220
Croydon,2021-12-01,Leasehold,294084.6393442623,285000.0,183
Croydon,2022-01-01,Freehold,589323.7588235295,480000.0,170
Croydon,2022-01-01,Leasehold,301178.4608695652,295000.0,115
Croydon,2022-02-01,Freehold,547454.8095238095,500000.0,189
Croydon,2022-02-01,Leasehold,309556.03773584904,290000.0,159
Croydon,2022-03-01,Freehold,544384.594017094,510000.0,234
Croydon,2022-03-01,Leasehold,313157.77720207255,305000.0,193
Croydon,2022-04-01,Freehold,537755.641509434,490000.0,212
Croydon,2022-04-01,Leasehold,305787.06451612903,285000.0,155
Croydon,2022-05-01,Freehold,544603.4360189573,500000.0,211
Croydon,2022-05-01,Leasehold,313609.02777777775,305000.0,144
Croydon,2022-06-01,Freehold,557757.0,525750.0,182
Croydon,2022-06-01,Leasehold,314063.9673913043,300000.0,184
Croydon,2022-07-01,Freehold,592313.8925619834,510000.0,242
Croydon,2022-07-01,Leasehold,325622.8777777778,315025.0,180
Croydon,2022-08-01,Freehold,602315.2933884298,547500.0,242
Croydon,2022-08-01,Leasehold,331663.573964497,318000.0,169
Croydon,2022-09-01,Freehold,601881.6172413793,550000.0,290
Croydon,2022-09-01,Leasehold,323344.2909090909,310000.0,165
Croydon,2022-10-01,Freehold,597291.9246861924,545000.0,239
Croydon,2022-10-01,Leasehold,306439.6455026455,300000.0,189
Croydon,2022-11-01,Freehold,581543.4913043479,516250.0,230
Croydon,2022-11-01,Leasehold,313722.156097561,305000.0,205
Croydon,2022-12-01,Freehold,570838.051724138,515000.0,232
Croydon,2022-12-01,Leasehold,318686.7272727273,305000.0,165
Croydon,2023-01-01,Freehold,556244.11875,517500.0,160
Croydon,2023-01-01,Leasehold,339475.9493670886,320250.0,158
Croydon,2023-02-01,Freehold,530421.7777777778,460000.0,144
Croydon,2023-02-01,Leasehold,325121.7986111111,320000.0,144
Croydon,2023-03-01,Freehold,547847.7988165681,490000.0,169
Croydon,2023-03-01,Leasehold,307772.87248322146,300000.0,149
Croydon,2023-04-01,Freehold,552970.6896551724,485000.0,116
Croydon,2023-04-01,Leasehold,284508.3043478261,265000.0,69
Croydon,2023-05-01,Freehold,525169.9848484849,493750.0,132
Croydon,2023-05-01,Leasehold,298422.5964912281,280000.0,114
Croydon,2023-06-01,Freehold,545914.4640883978,485000.0,181
Croydon,2023-06-01,Leasehold,285228.1489361702,277500.0,94
Croydon,2023-07-01,Freehold,588961.8556701031,550000.0,194
Croydon,2023-07-01,Leasehold,294704.54867256636,290000.0,113
Croydon,2023-08-01,Freehold,601890.6538461539,530500.0,208
Croydon,2023-08-01,Leasehold,283989.02962962963,280000.0,135
Croydon,2023-09-01,Freehold,545296.48,500000.0,200
Croydon,2023-09-01,Leasehold,287769.3396226415,285000.0,106
Croydon,2023-10-01,Freehold,547257.1355932204,500000.0,177
Croydon,2023-10-01,Leasehold,281662.14545454545,281000.0,110
Croydon,2023-11-01,Freehold,566067.2077922078,479375.0,154
Croydon,2023-11-01,Leasehold,290034.1846153846,281636.5,130
Croydon,2023-12-01,Freehold,542113.1818181818,488000.0,154
Croydon,2023-12-01,Leasehold,290261.68852459016,275500.0,122
Croydon,2024-01-01,Freehold,571057.7066666667,520000.0,150
Croydon,2024-01-01,Leasehold,293856.8224299065,285000.0,107
Croydon,2024-02-01,Freehold,535156.8260869565,470000.0,161
Croydon,2024-02-01,Leasehold,270283.32258064515,255000.0,93
Croydon,2024-03-01,Freehold,546859.9308176101,500000.0,159
Croydon,2024-03-01,Leasehold,269581.2079207921,259500.0,101
Croydon,2024-04-01,Freehold,562669.1304347826,510000.0,161
Croydon,2024-04-01,Leasehold,290779.8804347826,290000.0,92
Croydon,2024-05-01,Freehold,553473.9292929292,503750.0,198
Croydon,2024-05-01,Leasehold,272762.7983870968,270000.0,124
Croydon,2024-06-01,Freehold,532029.5608465609,490000.0,189
Croydon,2024-06-01,Leasehold,299074.41489361704,305000.0,94
Croydon,2024-07-01,Freehold,549034.717299578,500000.0,237
Croydon,2024-07-01,Leasehold,291978.0,282500.0,116
Croydon,2024-08-01,Freehold,573233.9956896552,532000.0,232
Croydon,2024-08-01,Leasehold,309673.828125,285000.0,128
Croydon,2024-09-01,Freehold,557067.0093023255,500000.0,215
Croydon,2024-09-01,Leasehold,282315.62637362635,273000.0,91
Croydon,2024-10-01,Freehold,535311.7074235808,492500.0,229
Croydon,2024-10-01,Leasehold,294586.9130434783,290000.0,138
Croydon,2024-11-01,Freehold,569032.3789954338,512000.0,219
Croydon,2024-11-01,Leasehold,294133.992,280000.0,125
Croydon,2024-12-01,Freehold,533917.3366834171,500000.0,199
Croydon,2024-12-01,Leasehold,286061.22580645164,280000.0,93
Croydon,2025-01-01,Freehold,537163.0229885058,505000.0,174
Croydon,2025-01-01,Leasehold,291708.92452830187,291250.0,106
Croydon,2025-02-01,Freehold,539843.5094339623,485250.0,212
Croydon,2025-02-01,Leasehold,281089.43396226416,276565.0,106
Croydon,2025-03-01,Freehold,529182.8647058824,488500.0,510
Croydon,2025-03-01,Leasehold,317633.03139013454,315000.0,223
Croydon,2025-04-01,Freehold,547315.625,502500.0,80
Croydon,2025-04-01,Leasehold,270584.1666666667,272500.0,60
Croydon,2025-05-01,Freehold,569997.792,500000.0,125
Croydon,2025-05-01,Leasehold,282583.9680851064,275000.0,94
Croydon,2025-06-01,Freehold,564984.5303867403,515000.0,181
Croydon,2025-06-01,Leasehold,295071.3675213675,280000.0,117
Croydon,2025-07-01,Freehold,572603.3053097345,514500.0,226
Croydon,2025-07-01,Leasehold,303351.0090909091,300000.0,110
Croydon,2025-08-01,Freehold,573287.3209876543,515000.0,243
Croydon,2025-08-01,Leasehold,280837.73,272500.0,100
Croydon,2025-09-01,Freehold,528773.1069767441,485000.0,215
Croydon,2025-09-01,Leasehold,287047.7272727273,282750.0,99
Croydon,2025-10-01,Freehold,568189.3254716981,520000.0,212
Croydon,2025-10-01,Leasehold,293865.75,282500.0,112
Croydon,2025-11-01,Freehold,564925.4393063583,505000.0,173
Croydon,2025-11-01,Leasehold,295078.94736842107,298250.0,76
Croydon,2025-12-01,Freehold,518893.83435582824,485000.0,163
Croydon,2025-12-01,Leasehold,281271.9431818182,279750.0,88
Croydon,2026-01-01,Freehold,559099.8041958042,517000.0,143
Croydon,2026-01-01,Leasehold,270221.4285714286,265250.0,70
Croydon,2026-02-01,Freehold,533468.475409836,480000.0,122
Croydon,2026-02-01,Leasehold,270054.5662650602,267500.0,83
Croydon,2026-03-01,Freehold,514485.62686567166,500000.0,134
Croydon,2026-03-01,Leasehold,284398.84810126584,269000.0,79
Croydon,2026-04-01,Freehold,556650.0,506000.0,108
Croydon,2026-04-01,Leasehold,281735.55555555556,262000.0,45
Croydon,2026-05-01,Freehold,499552.25,492500.0,44
Croydon,2026-05-01,Leasehold,265125.0,261250.0,16
Ealing,2006-01-01,Freehold,355232.66101694916,280000.0,236
Ealing,2006-01-01,Leasehold,209978.18279569893,194625.0,186
Ealing,2006-02-01,Freehold,343147.53301886795,290000.0,212
Ealing,2006-02-01,Leasehold,205815.956284153,195000.0,183
Ealing,2006-03-01,Freehold,323668.29818181816,265500.0,275
Ealing,2006-03-01,Leasehold,204518.71365638767,190000.0,227
Ealing,2006-04-01,Freehold,359863.1502145923,285000.0,233
Ealing,2006-04-01,Leasehold,214551.15813953488,205000.0,215
Ealing,2006-05-01,Freehold,361706.80408163264,285000.0,245
Ealing,2006-05-01,Leasehold,215171.29842931937,210000.0,191
Ealing,2006-06-01,Freehold,355220.2299651568,292500.0,287
Ealing,2006-06-01,Leasehold,210458.37102473498,208000.0,283
Ealing,2006-07-01,Freehold,380001.84,299000.0,325
Ealing,2006-07-01,Leasehold,215304.42105263157,205000.0,304
Ealing,2006-08-01,Freehold,379265.42,330000.0,400
Ealing,2006-08-01,Leasehold,227991.1857142857,215000.0,280
Ealing,2006-09-01,Freehold,376393.80781758955,292500.0,307
Ealing,2006-09-01,Leasehold,229653.15562913907,225000.0,302
Ealing,2006-10-01,Freehold,346410.65676567657,299000.0,303
Ealing,2006-10-01,Leasehold,230300.7947214076,225713.0,341
Ealing,2006-11-01,Freehold,362971.1152416357,285000.0,269
Ealing,2006-11-01,Leasehold,226280.62569832403,224975.0,358
Ealing,2006-12-01,Freehold,388801.652173913,319000.0,276
Ealing,2006-12-01,Leasehold,227787.5306122449,220000.0,343
Ealing,2007-01-01,Freehold,369745.3211382114,305500.0,246
Ealing,2007-01-01,Leasehold,228729.03472222222,215000.0,288
Ealing,2007-02-01,Freehold,380473.3073770492,306500.0,244
Ealing,2007-02-01,Leasehold,232648.2077922078,219000.0,231
Ealing,2007-03-01,Freehold,400655.32727272727,310000.0,275
Ealing,2007-03-01,Leasehold,242908.0917721519,222000.0,316
Ealing,2007-04-01,Freehold,414745.5601659751,329000.0,241
Ealing,2007-04-01,Leasehold,236383.42654028436,229950.0,211
Ealing,2007-05-01,Freehold,386651.09523809527,303500.0,273
Ealing,2007-05-01,Leasehold,256152.19413919415,241000.0,273
Ealing,2007-06-01,Freehold,398765.3057553957,332000.0,278
Ealing,2007-06-01,Leasehold,238843.36338797814,225000.0,366
Ealing,2007-07-01,Freehold,434117.723183391,340000.0,289
Ealing,2007-07-01,Leasehold,252327.47252747254,240000.0,273
Ealing,2007-08-01,Freehold,422462.87138263666,356000.0,311
Ealing,2007-08-01,Leasehold,251284.00986842104,245500.0,304
Ealing,2007-09-01,Freehold,426841.1115702479,344500.0,242
Ealing,2007-09-01,Leasehold,254868.67099567098,249500.0,231
Ealing,2007-10-01,Freehold,467085.17372881353,357475.0,236
Ealing,2007-10-01,Leasehold,264905.65,250000.0,280
Ealing,2007-11-01,Freehold,447065.9311740891,334000.0,247
Ealing,2007-11-01,Leasehold,265862.03773584904,250000.0,212
Ealing,2007-12-01,Freehold,386177.65714285715,325000.0,175
Ealing,2007-12-01,Leasehold,262869.71038251364,250000.0,183
Ealing,2008-01-01,Freehold,432114.9005524862,340000.0,181
Ealing,2008-01-01,Leasehold,271457.07272727275,249000.0,165
Ealing,2008-02-01,Freehold,386406.17518248176,323500.0,137
Ealing,2008-02-01,Leasehold,244937.17514124294,228000.0,177
Ealing,2008-03-01,Freehold,393646.46496815287,335000.0,157
Ealing,2008-03-01,Leasehold,263483.0165289256,247500.0,121
Ealing,2008-04-01,Freehold,413916.0,345000.0,146
Ealing,2008-04-01,Leasehold,243051.71317829457,225000.0,129
Ealing,2008-05-01,Freehold,430417.03355704696,335000.0,149
Ealing,2008-05-01,Leasehold,242350.00925925927,240000.0,108
Ealing,2008-06-01,Freehold,389804.28571428574,317000.0,105
Ealing,2008-06-01,Leasehold,238574.71296296295,237500.0,108
Ealing,2008-07-01,Freehold,405176.0,310000.0,112
Ealing,2008-07-01,Leasehold,235226.87919463086,224000.0,149
Ealing,2008-08-01,Freehold,445841.94,335000.0,100
Ealing,2008-08-01,Leasehold,274412.0114942529,248000.0,87
Ealing,2008-09-01,Freehold,432221.5180722892,287000.0,83
Ealing,2008-09-01,Leasehold,233381.61904761905,225000.0,84
Ealing,2008-10-01,Freehold,359309.5675675676,305000.0,111
Ealing,2008-10-01,Leasehold,219916.0128205128,206750.0,78
Ealing,2008-11-01,Freehold,382742.7631578947,322500.0,76
Ealing,2008-11-01,Leasehold,227505.3111111111,225000.0,45
Ealing,2008-12-01,Freehold,346611.73863636365,281500.0,88
Ealing,2008-12-01,Leasehold,216224.94047619047,199500.0,84
Ealing,2009-01-01,Freehold,390633.0338983051,275000.0,59
Ealing,2009-01-01,Leasehold,201650.0,177500.0,40
Ealing,2009-02-01,Freehold,391294.1176470588,325500.0,68
Ealing,2009-02-01,Leasehold,206210.05,205000.0,40
Ealing,2009-03-01,Freehold,379236.95652173914,267000.0,69
Ealing,2009-03-01,Leasehold,197343.26530612246,185000.0,49
Ealing,2009-04-01,Freehold,358489.1195652174,326500.0,92
Ealing,2009-04-01,Leasehold,233041.9642857143,208500.0,56
Ealing,2009-05-01,Freehold,378736.94444444444,337500.0,108
Ealing,2009-05-01,Leasehold,235372.36842105264,198000.0,57
Ealing,2009-06-01,Freehold,394227.81512605044,340000.0,119
Ealing,2009-06-01,Leasehold,219691.15625,199975.0,96
Ealing,2009-07-01,Freehold,453979.09589041094,369250.0,146
Ealing,2009-07-01,Leasehold,227247.7619047619,216000.0,105
Ealing,2009-08-01,Freehold,395680.55555555556,355000.0,144
Ealing,2009-08-01,Leasehold,238848.82352941178,232000.0,85
Ealing,2009-09-01,Freehold,403417.80821917806,324975.0,146
Ealing,2009-09-01,Leasehold,227333.20652173914,216500.0,92
Ealing,2009-10-01,Freehold,421237.08284023666,330000.0,169
Ealing,2009-10-01,Leasehold,236669.0606060606,220000.0,99
Ealing,2009-11-01,Freehold,365994.72535211267,284250.0,142
Ealing,2009-11-01,Leasehold,226981.18095238096,220000.0,105
Ealing,2009-12-01,Freehold,428157.1830065359,360000.0,153
Ealing,2009-12-01,Leasehold,227553.2098765432,215000.0,162
Ealing,2010-01-01,Freehold,442480.06293706293,350000.0,143
Ealing,2010-01-01,Leasehold,229005.91397849462,228000.0,93
Ealing,2010-02-01,Freehold,397162.0,340000.0,112
Ealing,2010-02-01,Leasehold,239378.53398058252,232000.0,103
Ealing,2010-03-01,Freehold,437256.993006993,345000.0,143
Ealing,2010-03-01,Leasehold,241034.25,225000.0,112
Ealing,2010-04-01,Freehold,436962.3783783784,358375.0,148
Ealing,2010-04-01,Leasehold,239215.03921568627,246500.0,102
Ealing,2010-05-01,Freehold,436047.0833333333,337500.0,120
Ealing,2010-05-01,Leasehold,234725.42105263157,224875.0,114
Ealing,2010-06-01,Freehold,402744.7583892617,340000.0,149
Ealing,2010-06-01,Leasehold,233692.35,219875.0,140
Ealing,2010-07-01,Freehold,498416.61849710986,410000.0,173
Ealing,2010-07-01,Leasehold,248263.89130434784,237000.0,138
Ealing,2010-08-01,Freehold,443953.7974683544,400000.0,158
Ealing,2010-08-01,Leasehold,253884.40707964601,245000.0,113
Ealing,2010-09-01,Freehold,418525.22012578615,342500.0,159
Ealing,2010-09-01,Leasehold,260376.9294871795,241222.5,156
Ealing,2010-10-01,Freehold,448467.7417218543,338000.0,151
Ealing,2010-10-01,Leasehold,291435.775862069,260000.0,116
Ealing,2010-11-01,Freehold,422771.71895424835,345000.0,153
Ealing,2010-11-01,Leasehold,226656.64137931034,211000.0,145
Ealing,2010-12-01,Freehold,467268.7426470588,368500.0,136
Ealing,2010-12-01,Leasehold,243691.57664233577,248000.0,137
Ealing,2011-01-01,Freehold,453224.7428571429,394000.0,105
Ealing,2011-01-01,Leasehold,279520.2247191011,243000.0,89
Ealing,2011-02-01,Freehold,464995.90476190473,385000.0,105
Ealing,2011-02-01,Leasehold,259266.91304347827,249950.0,115
Ealing,2011-03-01,Freehold,416009.1296296296,310000.0,108
Ealing,2011-03-01,Leasehold,246075.41176470587,240000.0,119
Ealing,2011-04-01,Freehold,505470.5348837209,417000.0,129
Ealing,2011-04-01,Leasehold,250468.28865979382,235000.0,97
Ealing,2011-05-01,Freehold,441491.9097744361,380000.0,133
Ealing,2011-05-01,Leasehold,250160.6494845361,225000.0,97
Ealing,2011-06-01,Freehold,414281.6724137931,326250.0,116
Ealing,2011-06-01,Leasehold,230567.12037037036,232250.0,108
Ealing,2011-07-01,Freehold,512005.5425531915,433500.0,188
Ealing,2011-07-01,Leasehold,262601.3839285714,248975.0,112
Ealing,2011-08-01,Freehold,486063.7426900585,375000.0,171
Ealing,2011-08-01,Leasehold,231932.80172413794,220000.0,116
Ealing,2011-09-01,Freehold,514032.76729559747,424950.0,159
Ealing,2011-09-01,Leasehold,253751.512,249950.0,125
Ealing,2011-10-01,Freehold,483408.3028169014,360000.0,142
Ealing,2011-10-01,Leasehold,268221.1,249975.0,140
Ealing,2011-11-01,Freehold,474212.92617449665,380000.0,149
Ealing,2011-11-01,Leasehold,265299.62406015035,234950.0,133
Ealing,2011-12-01,Freehold,467834.3625,401500.0,160
Ealing,2011-12-01,Leasehold,270150.4365079365,250000.0,126
Ealing,2012-01-01,Freehold,483020.2366412214,422000.0,131
Ealing,2012-01-01,Leasehold,261515.1862745098,250000.0,102
Ealing,2012-02-01,Freehold,418846.5593220339,315000.0,118
Ealing,2012-02-01,Leasehold,262306.96202531643,249950.0,79
Ealing,2012-03-01,Freehold,420446.1052631579,328000.0,152
Ealing,2012-03-01,Leasehold,257818.74496644296,245000.0,149
Ealing,2012-04-01,Freehold,510146.9285714286,435000.0,98
Ealing,2012-04-01,Leasehold,286367.6533333333,257500.0,75
Ealing,2012-05-01,Freehold,491939.69465648854,405000.0,131
Ealing,2012-05-01,Leasehold,267855.89285714284,249975.0,140
Ealing,2012-06-01,Freehold,533056.4693877551,447500.0,147
Ealing,2012-06-01,Leasehold,284444.1838235294,277500.0,136
Ealing,2012-07-01,Freehold,548580.6918604651,515000.0,172
Ealing,2012-07-01,Leasehold,280068.24060150376,265000.0,133
Ealing,2012-08-01,Freehold,490151.875,413750.0,176
Ealing,2012-08-01,Leasehold,270979.652173913,249950.0,138
Ealing,2012-09-01,Freehold,527626.1833333333,446750.0,120
Ealing,2012-09-01,Leasehold,271843.93333333335,250000.0,135
Ealing,2012-10-01,Freehold,523909.79054054053,430000.0,148
Ealing,2012-10-01,Leasehold,302670.2125,296250.0,160
Ealing,2012-11-01,Freehold,585350.9408284024,470000.0,169
Ealing,2012-11-01,Leasehold,308912.7530864198,297800.0,162
Ealing,2012-12-01,Freehold,542529.24,465000.0,125
Ealing,2012-12-01,Leasehold,279666.55828220857,256500.0,163
Ealing,2013-01-01,Freehold,520240.27205882355,440000.0,136
Ealing,2013-01-01,Leasehold,284277.9603174603,250000.0,126
Ealing,2013-02-01,Freehold,518595.2440944882,410000.0,127
Ealing,2013-02-01,Leasehold,287254.8888888889,273750.0,144
Ealing,2013-03-01,Freehold,476911.46564885497,369000.0,131
Ealing,2013-03-01,Leasehold,286493.58510638296,250000.0,188
Ealing,2013-04-01,Freehold,534146.2406015038,465000.0,133
Ealing,2013-04-01,Leasehold,322771.0731707317,273000.0,123
Ealing,2013-05-01,Freehold,500976.2091503268,460000.0,153
Ealing,2013-05-01,Leasehold,323624.4360902256,275000.0,133
Ealing,2013-06-01,Freehold,591707.7597402597,483500.0,154
Ealing,2013-06-01,Leasehold,305961.2375,270000.0,160
Ealing,2013-07-01,Freehold,612205.6432432432,530000.0,185
Ealing,2013-07-01,Leasehold,291301.0698924731,277250.0,186
Ealing,2013-08-01,Freehold,578006.541062802,480000.0,207
Ealing,2013-08-01,Leasehold,304868.94505494507,280000.0,182
Ealing,2013-09-01,Freehold,573849.0490797546,455000.0,163
Ealing,2013-09-01,Leasehold,311755.08,280000.0,175
Ealing,2013-10-01,Freehold,555527.5862068966,411000.0,174
Ealing,2013-10-01,Leasehold,317319.83937823836,299995.0,193
Ealing,2013-11-01,Freehold,597408.2407407408,467500.0,162
Ealing,2013-11-01,Leasehold,300380.10909090907,272500.0,165
Ealing,2013-12-01,Freehold,541170.6397515528,400000.0,161
Ealing,2013-12-01,Leasehold,313638.0132450331,297500.0,151
Ealing,2014-01-01,Freehold,623794.7236842106,499950.0,152
Ealing,2014-01-01,Leasehold,322671.8309859155,289975.0,142
Ealing,2014-02-01,Freehold,647477.2708333334,570000.0,144
Ealing,2014-02-01,Leasehold,299733.36363636365,288000.0,121
Ealing,2014-03-01,Freehold,599524.5106382979,500000.0,141
Ealing,2014-03-01,Leasehold,328338.9857142857,297975.0,140
Ealing,2014-04-01,Freehold,624108.8854961832,580000.0,131
Ealing,2014-04-01,Leasehold,341805.07382550335,316750.0,149
Ealing,2014-05-01,Freehold,628855.701754386,484500.0,114
Ealing,2014-05-01,Leasehold,330769.5970149254,324000.0,134
Ealing,2014-06-01,Freehold,742984.6666666666,580000.0,135
Ealing,2014-06-01,Leasehold,330770.9219858156,285000.0,141
Ealing,2014-07-01,Freehold,728849.6622516556,535000.0,151
Ealing,2014-07-01,Leasehold,359702.125,346750.0,128
Ealing,2014-08-01,Freehold,744299.5027624309,600000.0,181
Ealing,2014-08-01,Leasehold,359718.3885350319,370500.0,157
Ealing,2014-09-01,Freehold,689021.748091603,590000.0,131
Ealing,2014-09-01,Leasehold,358135.3918918919,350000.0,148
Ealing,2014-10-01,Freehold,615193.75,491750.0,144
Ealing,2014-10-01,Leasehold,357126.9125,330000.0,160
Ealing,2014-11-01,Freehold,618140.7555555556,500000.0,135
Ealing,2014-11-01,Leasehold,370858.70229007635,337500.0,131
Ealing,2014-12-01,Freehold,602865.4809160306,450000.0,131
Ealing,2014-12-01,Leasehold,367832.384057971,349975.0,138
Ealing,2015-01-01,Freehold,609447.5703125,440000.0,128
Ealing,2015-01-01,Leasehold,394678.37671232875,380000.0,146
Ealing,2015-02-01,Freehold,606074.6881720431,510500.0,93
Ealing,2015-02-01,Leasehold,410888.5132743363,382500.0,113
Ealing,2015-03-01,Freehold,593161.2786885246,460000.0,122
Ealing,2015-03-01,Leasehold,402852.034965035,370000.0,143
Ealing,2015-04-01,Freehold,623695.4081632653,455000.0,98
Ealing,2015-04-01,Leasehold,406748.2371794872,343940.0,156
Ealing,2015-05-01,Freehold,613213.24,515000.0,125
Ealing,2015-05-01,Leasehold,413618.9025974026,352500.0,154
Ealing,2015-06-01,Freehold,653704.3165467626,490000.0,139
Ealing,2015-06-01,Leasehold,397622.6565656566,377500.0,198
Ealing,2015-07-01,Freehold,714437.3932584269,624000.0,178
Ealing,2015-07-01,Leasehold,408800.9516129032,385000.0,186
Ealing,2015-08-01,Freehold,681420.0869565217,605000.0,161
Ealing,2015-08-01,Leasehold,429547.6411764706,415000.0,170
Ealing,2015-09-01,Freehold,698306.0970149253,575000.0,134
Ealing,2015-09-01,Leasehold,394609.0251572327,385000.0,159
Ealing,2015-10-01,Freehold,701119.0774647887,652500.0,142
Ealing,2015-10-01,Leasehold,440642.0057142857,410000.0,175
Ealing,2015-11-01,Freehold,727083.9492753623,625000.0,138
Ealing,2015-11-01,Leasehold,390188.31451612903,380000.0,124
Ealing,2015-12-01,Freehold,681316.3208955224,522500.0,134
Ealing,2015-12-01,Leasehold,418589.5164835165,419500.0,182
Ealing,2016-01-01,Freehold,720553.5087719298,575000.0,114
Ealing,2016-01-01,Leasehold,415895.5572519084,395000.0,131
Ealing,2016-02-01,Freehold,744147.198275862,660000.0,116
Ealing,2016-02-01,Leasehold,386251.89743589744,375000.0,117
Ealing,2016-03-01,Freehold,710746.9249011858,580000.0,253
Ealing,2016-03-01,Leasehold,417564.8645833333,394000.0,288
Ealing,2016-04-01,Freehold,649762.0754716981,599950.0,53
Ealing,2016-04-01,Leasehold,365290.0989010989,345000.0,91
Ealing,2016-05-01,Freehold,656536.0144927537,645000.0,69
Ealing,2016-05-01,Leasehold,387883.504,379950.0,125
Ealing,2016-06-01,Freehold,701421.1666666666,597500.0,102
Ealing,2016-06-01,Leasehold,396070.8161764706,385000.0,136
Ealing,2016-07-01,Freehold,732972.8932038835,580000.0,103
Ealing,2016-07-01,Leasehold,377822.5229357798,336000.0,109
Ealing,2016-08-01,Freehold,782046.0634920635,652500.0,126
Ealing,2016-08-01,Leasehold,431962.3172413793,425000.0,145
Ealing,2016-09-01,Freehold,729848.0645161291,555000.0,93
Ealing,2016-09-01,Leasehold,455886.7365591398,438444.0,186
Ealing,2016-10-01,Freehold,649931.5217391305,506000.0,92
Ealing,2016-10-01,Leasehold,488477.6568627451,410000.0,102
Ealing,2016-11-01,Freehold,667802.1739130435,507500.0,115
Ealing,2016-11-01,Leasehold,499235.71428571426,462500.0,140
Ealing,2016-12-01,Freehold,756835.9805825243,635000.0,103
Ealing,2016-12-01,Leasehold,508593.22580645164,490000.0,155
Ealing,2017-01-01,Freehold,706980.1744186047,644975.0,86
Ealing,2017-01-01,Leasehold,429433.6633663366,410000.0,101
Ealing,2017-02-01,Freehold,726608.0459770114,645000.0,87
Ealing,2017-02-01,Leasehold,415596.7105263158,379500.0,114
Ealing,2017-03-01,Freehold,689875.78125,554000.0,128
Ealing,2017-03-01,Leasehold,443961.1558441558,445000.0,154
Ealing,2017-04-01,Freehold,677160.2,545000.0,95
Ealing,2017-04-01,Leasehold,417315.4761904762,402500.0,84
Ealing,2017-05-01,Freehold,692332.3010752688,580000.0,93
Ealing,2017-05-01,Leasehold,469417.71276595746,454125.0,94
Ealing,2017-06-01,Freehold,762282.224137931,594500.0,116
Ealing,2017-06-01,Leasehold,393804.2916666667,383030.0,120
Ealing,2017-07-01,Freehold,787381.0092592592,615000.0,108
Ealing,2017-07-01,Leasehold,488690.67441860464,440000.0,129
Ealing,2017-08-01,Freehold,753031.0483870967,637500.0,124
Ealing,2017-08-01,Leasehold,429157.5038167939,410000.0,131
Ealing,2017-09-01,Freehold,696095.2608695652,694000.0,115
Ealing,2017-09-01,Leasehold,466898.82178217825,440000.0,101
Ealing,2017-10-01,Freehold,729379.5454545454,572500.0,110
Ealing,2017-10-01,Leasehold,413257.40860215056,390000.0,93
Ealing,2017-11-01,Freehold,713875.8631578947,613000.0,95
Ealing,2017-11-01,Leasehold,483986.66964285716,435000.0,112
Ealing,2017-12-01,Freehold,693603.6732673268,580000.0,101
Ealing,2017-12-01,Leasehold,415235.03649635037,370000.0,137
Ealing,2018-01-01,Freehold,691795.0549450549,580000.0,91
Ealing,2018-01-01,Leasehold,458228.184,402800.0,125
Ealing,2018-02-01,Freehold,684881.39,569974.5,100
Ealing,2018-02-01,Leasehold,425096.21276595746,406500.0,94
Ealing,2018-03-01,Freehold,733951.96,634250.0,100
Ealing,2018-03-01,Leasehold,397365.3023255814,399500.0,129
Ealing,2018-04-01,Freehold,703862.9764705882,539950.0,85
Ealing,2018-04-01,Leasehold,450092.35537190083,399995.0,121
Ealing,2018-05-01,Freehold,699569.8113207547,567000.0,106
Ealing,2018-05-01,Leasehold,385423.51851851854,360000.0,108
Ealing,2018-06-01,Freehold,726960.7980769231,635500.0,104
Ealing,2018-06-01,Leasehold,430686.08666666667,423500.0,150
Ealing,2018-07-01,Freehold,729364.5038167939,675000.0,131
Ealing,2018-07-01,Leasehold,409801.53658536583,390000.0,123
Ealing,2018-08-01,Freehold,679305.0,570000.0,110
Ealing,2018-08-01,Leasehold,467814.0878378378,450000.0,148
Ealing,2018-09-01,Freehold,746185.7142857143,600000.0,105
Ealing,2018-09-01,Leasehold,460545.5462184874,439750.0,119
Ealing,2018-10-01,Freehold,624687.7524752475,510000.0,101
Ealing,2018-10-01,Leasehold,427425.4905660377,418750.0,106
Ealing,2018-11-01,Freehold,715447.6803278689,587500.0,122
Ealing,2018-11-01,Leasehold,461610.2536231884,428500.0,138
Ealing,2018-12-01,Freehold,735064.0,605000.0,85
Ealing,2018-12-01,Leasehold,426934.5288461539,430000.0,104
Ealing,2019-01-01,Freehold,774627.5,662500.0,92
Ealing,2019-01-01,Leasehold,457641.2626262626,400000.0,99
Ealing,2019-02-01,Freehold,722322.66,602500.0,100
Ealing,2019-02-01,Leasehold,432019.23076923075,370000.0,91
Ealing,2019-03-01,Freehold,716752.0824742268,575000.0,97
Ealing,2019-03-01,Leasehold,411033.38095238095,409000.0,126
Ealing,2019-04-01,Freehold,665707.4074074074,575000.0,81
Ealing,2019-04-01,Leasehold,400591.51020408166,380000.0,98
Ealing,2019-05-01,Freehold,741185.7843137255,607500.0,102
Ealing,2019-05-01,Leasehold,463625.65789473685,407500.0,114
Ealing,2019-06-01,Freehold,723118.0952380953,660000.0,105
Ealing,2019-06-01,Leasehold,392548.3173076923,390500.0,104
Ealing,2019-07-01,Freehold,743475.5882352941,560000.0,119
Ealing,2019-07-01,Leasehold,420026.6666666667,415000.0,120
Ealing,2019-08-01,Freehold,769017.1875,673400.0,160
Ealing,2019-08-01,Leasehold,400673.3823529412,407500.0,136
Ealing,2019-09-01,Freehold,727006.4736842106,630000.0,95
Ealing,2019-09-01,Leasehold,425819.875,397500.0,168
Ealing,2019-10-01,Freehold,703411.7788461539,536025.0,104
Ealing,2019-10-01,Leasehold,433385.4539007092,368000.0,141
Ealing,2019-11-01,Freehold,660015.4356435643,526000.0,101
Ealing,2019-11-01,Leasehold,436394.2653061224,422500.0,98
Ealing,2019-12-01,Freehold,686872.2222222222,525000.0,90
Ealing,2019-12-01,Leasehold,421329.1208791209,400000.0,91
Ealing,2020-01-01,Freehold,705886.0169491526,645000.0,118
Ealing,2020-01-01,Leasehold,417942.1195652174,405000.0,92
Ealing,2020-02-01,Freehold,694219.7247706422,595000.0,109
Ealing,2020-02-01,Leasehold,385271.39423076925,380075.0,104
Ealing,2020-03-01,Freehold,646101.475,551000.0,120
Ealing,2020-03-01,Leasehold,464141.075862069,450000.0,145
Ealing,2020-04-01,Freehold,776573.4042553192,550000.0,47
Ealing,2020-04-01,Leasehold,389375.9692307692,355000.0,65
Ealing,2020-05-01,Freehold,781536.92,725000.0,50
Ealing,2020-05-01,Leasehold,405288.67307692306,385000.0,52
Ealing,2020-06-01,Freehold,678599.6352941176,570000.0,85
Ealing,2020-06-01,Leasehold,445365.6101694915,413000.0,59
Ealing,2020-07-01,Freehold,705890.3703703703,587500.0,81
Ealing,2020-07-01,Leasehold,442406.8493150685,420000.0,73
Ealing,2020-08-01,Freehold,793771.8823529412,680000.0,119
Ealing,2020-08-01,Leasehold,475735.21126760566,450000.0,71
Ealing,2020-09-01,Freehold,794359.1619047619,600000.0,105
Ealing,2020-09-01,Leasehold,486226.72307692305,465000.0,130
Ealing,2020-10-01,Freehold,780731.6666666666,693925.0,138
Ealing,2020-10-01,Leasehold,415524.4128440367,401000.0,109
Ealing,2020-11-01,Freehold,804146.186440678,680500.0,118
Ealing,2020-11-01,Leasehold,444017.8932038835,420000.0,103
Ealing,2020-12-01,Freehold,798970.5639097744,695000.0,133
Ealing,2020-12-01,Leasehold,454058.23076923075,440000.0,143
Ealing,2021-01-01,Freehold,821940.931372549,717537.5,102
Ealing,2021-01-01,Leasehold,430092.3692307692,428750.0,130
Ealing,2021-02-01,Freehold,764722.1959459459,680125.0,148
Ealing,2021-02-01,Leasehold,432364.0064935065,421000.0,154
Ealing,2021-03-01,Freehold,819800.7453703703,700000.0,216
Ealing,2021-03-01,Leasehold,463199.7760736196,425000.0,326
Ealing,2021-04-01,Freehold,691536.6859504132,540000.0,121
Ealing,2021-04-01,Leasehold,431030.7848837209,420000.0,172
Ealing,2021-05-01,Freehold,837086.8,640000.0,105
Ealing,2021-05-01,Leasehold,430291.8875,399999.0,160
Ealing,2021-06-01,Freehold,825285.8120481927,712000.0,415
Ealing,2021-06-01,Leasehold,476943.0453514739,445500.0,441
Ealing,2021-07-01,Freehold,884672.2564102564,808000.0,39
Ealing,2021-07-01,Leasehold,389520.49333333335,350000.0,75
Ealing,2021-08-01,Freehold,1005423.7976190476,800000.0,84
Ealing,2021-08-01,Leasehold,407249.0206185567,390000.0,97
Ealing,2021-09-01,Freehold,785127.9464285715,705000.0,224
Ealing,2021-09-01,Leasehold,443164.7078651685,425000.0,267
Ealing,2021-10-01,Freehold,917139.84375,725000.0,64
Ealing,2021-10-01,Leasehold,494822.4380952381,426000.0,105
Ealing,2021-11-01,Freehold,900382.0,840000.0,95
Ealing,2021-11-01,Leasehold,418486.48251748254,390000.0,143
Ealing,2021-12-01,Freehold,857278.7037037037,707500.0,108
Ealing,2021-12-01,Leasehold,432791.8475609756,418750.0,164
Ealing,2022-01-01,Freehold,902609.2980769231,697375.0,104
Ealing,2022-01-01,Leasehold,467232.49253731343,446000.0,134
Ealing,2022-02-01,Freehold,799238.0530973452,695000.0,113
Ealing,2022-02-01,Leasehold,428053.3560606061,405000.0,132
Ealing,2022-03-01,Freehold,888444.5681818182,717500.0,132
Ealing,2022-03-01,Leasehold,467292.83937823836,460000.0,193
Ealing,2022-04-01,Freehold,858147.0078740157,745000.0,127
Ealing,2022-04-01,Leasehold,427811.05594405596,405000.0,143
Ealing,2022-05-01,Freehold,837826.4682539683,732500.0,126
Ealing,2022-05-01,Leasehold,420590.41139240505,394000.0,158
Ealing,2022-06-01,Freehold,884154.9745762711,727500.0,118
Ealing,2022-06-01,Leasehold,464222.3092105263,444000.0,152
Ealing,2022-07-01,Freehold,952009.3892617449,815000.0,149
Ealing,2022-07-01,Leasehold,471316.8248587571,460000.0,177
Ealing,2022-08-01,Freehold,839694.1946308725,705000.0,149
Ealing,2022-08-01,Leasehold,461051.7434554974,450000.0,191
Ealing,2022-09-01,Freehold,861644.1266666667,801000.0,150
Ealing,2022-09-01,Leasehold,473694.66310160427,472500.0,187
Ealing,2022-10-01,Freehold,932344.198275862,780062.0,116
Ealing,2022-10-01,Leasehold,476703.9108910891,475000.0,202
Ealing,2022-11-01,Freehold,895090.4785714286,737500.0,140
Ealing,2022-11-01,Leasehold,502016.11003236246,499410.0,309
Ealing,2022-12-01,Freehold,867374.1238095238,777000.0,105
Ealing,2022-12-01,Leasehold,465430.5837837838,450000.0,185
Ealing,2023-01-01,Freehold,803065.7692307692,657575.0,78
Ealing,2023-01-01,Leasehold,457816.88524590165,465000.0,122
Ealing,2023-02-01,Freehold,741768.3076923077,650000.0,65
Ealing,2023-02-01,Leasehold,486633.7808219178,430000.0,146
Ealing,2023-03-01,Freehold,759368.4782608695,687500.0,92
Ealing,2023-03-01,Leasehold,435529.5754189944,410500.0,179
Ealing,2023-04-01,Freehold,989283.9324324324,761250.0,74
Ealing,2023-04-01,Leasehold,444479.8101265823,432500.0,79
Ealing,2023-05-01,Freehold,829355.4736842106,710000.0,95
Ealing,2023-05-01,Leasehold,436038.3333333333,390000.0,87
Ealing,2023-06-01,Freehold,837921.3333333334,773500.0,108
Ealing,2023-06-01,Leasehold,456151.29464285716,437500.0,112
Ealing,2023-07-01,Freehold,895675.0,753000.0,116
Ealing,2023-07-01,Leasehold,444328.11475409835,415000.0,122
Ealing,2023-08-01,Freehold,952324.9208633094,824950.0,139
Ealing,2023-08-01,Leasehold,459009.75187969924,446500.0,133
Ealing,2023-09-01,Freehold,872845.5203252033,710000.0,123
Ealing,2023-09-01,Leasehold,438820.3538461538,418750.0,130
Ealing,2023-10-01,Freehold,875371.8859649122,731250.0,114
Ealing,2023-10-01,Leasehold,445209.48031496065,408000.0,127
Ealing,2023-11-01,Freehold,860916.3917525773,750000.0,97
Ealing,2023-11-01,Leasehold,427112.94782608695,395000.0,115
Ealing,2023-12-01,Freehold,830851.6972477065,775000.0,109
Ealing,2023-12-01,Leasehold,437793.37606837606,417500.0,117
Ealing,2024-01-01,Freehold,871103.8961038961,687500.0,77
Ealing,2024-01-01,Leasehold,443968.44036697247,410000.0,109
Ealing,2024-02-01,Freehold,954811.3861386139,770000.0,101
Ealing,2024-02-01,Leasehold,438324.14782608696,420000.0,115
Ealing,2024-03-01,Freehold,869608.0681818182,650000.0,88
Ealing,2024-03-01,Leasehold,439153.30147058825,425000.0,136
Ealing,2024-04-01,Freehold,954660.9263157895,790000.0,95
Ealing,2024-04-01,Leasehold,431861.9318181818,430412.5,132
Ealing,2024-05-01,Freehold,908227.0540540541,775000.0,111
Ealing,2024-05-01,Leasehold,454650.8451612903,450000.0,155
Ealing,2024-06-01,Freehold,852247.1428571428,657500.0,70
Ealing,2024-06-01,Leasehold,473636.65546218486,450000.0,119
Ealing,2024-07-01,Freehold,902984.3918918918,805000.0,148
Ealing,2024-07-01,Leasehold,449562.3289473684,425000.0,152
Ealing,2024-08-01,Freehold,868560.303030303,742500.0,132
Ealing,2024-08-01,Leasehold,457040.37267080747,440000.0,161
Ealing,2024-09-01,Freehold,957737.8849557522,840000.0,113
Ealing,2024-09-01,Leasehold,440188.65625,421850.0,128
Ealing,2024-10-01,Freehold,810716.4938271604,718000.0,162
Ealing,2024-10-01,Leasehold,434237.95454545453,411625.0,176
Ealing,2024-11-01,Freehold,892842.2697368421,820000.0,152
Ealing,2024-11-01,Leasehold,413101.3185185185,410000.0,135
Ealing,2024-12-01,Freehold,868275.3461538461,782500.0,104
Ealing,2024-12-01,Leasehold,417413.63636363635,408500.0,110
Ealing,2025-01-01,Freehold,926730.0,860000.0,99
Ealing,2025-01-01,Leasehold,444048.9583333333,424762.5,96
Ealing,2025-02-01,Freehold,830665.046875,674000.0,128
Ealing,2025-02-01,Leasehold,451784.40458015265,430000.0,131
Ealing,2025-03-01,Freehold,786877.1232876712,640000.0,219
Ealing,2025-03-01,Leasehold,442327.6756756757,437250.0,296
Ealing,2025-04-01,Freehold,1248224.142857143,1072500.0,42
Ealing,2025-04-01,Leasehold,467268.825,421750.0,40
Ealing,2025-05-01,Freehold,936799.4117647059,885000.0,85
Ealing,2025-05-01,Leasehold,429555.44444444444,386000.0,90
Ealing,2025-06-01,Freehold,925363.725490196,820000.0,102
Ealing,2025-06-01,Leasehold,443726.1981981982,402500.0,111
Ealing,2025-07-01,Freehold,851966.1931034483,650000.0,145
Ealing,2025-07-01,Leasehold,443890.81739130436,415000.0,115
Ealing,2025-08-01,Freehold,963782.2777777778,842500.0,126
Ealing,2025-08-01,Leasehold,422681.4711538461,397500.0,104
Ealing,2025-09-01,Freehold,915742.5531914893,836000.0,94
Ealing,2025-09-01,Leasehold,417054.54736842104,360000.0,95
Ealing,2025-10-01,Freehold,867312.3113207547,725000.0,106
Ealing,2025-10-01,Leasehold,400824.31623931625,382000.0,117
Ealing,2025-11-01,Freehold,815134.5360824743,650000.0,97
Ealing,2025-11-01,Leasehold,464641.88095238095,450000.0,84
Ealing,2025-12-01,Freehold,823211.1029411765,770000.0,68
Ealing,2025-12-01,Leasehold,436607.16438356164,425000.0,73
Ealing,2026-01-01,Freehold,777592.8378378379,758500.0,74
Ealing,2026-01-01,Leasehold,419713.7931034483,390000.0,58
Ealing,2026-02-01,Freehold,823948.8333333334,684250.0,60
Ealing,2026-02-01,Leasehold,368325.3968253968,345000.0,63
Ealing,2026-03-01,Freehold,778565.4,717500.0,50
Ealing,2026-03-01,Leasehold,380739.86486486485,350500.0,74
Ealing,2026-04-01,Freehold,668820.7358490566,590000.0,53
Ealing,2026-04-01,Leasehold,415552.22222222225,417500.0,45
Ealing,2026-05-01,Freehold,835088.9615384615,609500.0,26
Ealing,2026-05-01,Leasehold,402195.652173913,405000.0,23
Enfield,2006-01-01,Freehold,275101.7037037037,235000.0,243
Enfield,2006-01-01,Leasehold,168803.5355191257,162500.0,183
Enfield,2006-02-01,Freehold,273160.83690987126,240000.0,233
Enfield,2006-02-01,Leasehold,166356.10795454544,158000.0,176
Enfield,2006-03-01,Freehold,287471.8996865204,240000.0,319
Enfield,2006-03-01,Leasehold,164140.5172413793,156250.0,232
Enfield,2006-04-01,Freehold,283602.0930232558,242000.0,258
Enfield,2006-04-01,Leasehold,168056.2105263158,165000.0,171
Enfield,2006-05-01,Freehold,306862.43046357617,240500.0,302
Enfield,2006-05-01,Leasehold,179776.91363636364,172000.0,220
Enfield,2006-06-01,Freehold,294814.01617250673,236000.0,371
Enfield,2006-06-01,Leasehold,168769.34977578477,161500.0,223
Enfield,2006-07-01,Freehold,303660.81213872833,249950.0,346
Enfield,2006-07-01,Leasehold,163973.63725490196,162000.0,204
Enfield,2006-08-01,Freehold,310876.86338797817,248500.0,366
Enfield,2006-08-01,Leasehold,174559.0669456067,165000.0,239
Enfield,2006-09-01,Freehold,323113.73924731184,249995.0,372
Enfield,2006-09-01,Leasehold,170919.825,160000.0,240
Enfield,2006-10-01,Freehold,279892.1680216802,240000.0,369
Enfield,2006-10-01,Leasehold,174039.95614035087,163475.0,228
Enfield,2006-11-01,Freehold,291589.47540983604,240000.0,305
Enfield,2006-11-01,Leasehold,174035.51968503938,161750.0,254
Enfield,2006-12-01,Freehold,289273.07096774195,240000.0,310
Enfield,2006-12-01,Leasehold,171420.9366515837,160000.0,221
Enfield,2007-01-01,Freehold,291796.66911764705,248500.0,272
Enfield,2007-01-01,Leasehold,179070.23783783783,165000.0,185
Enfield,2007-02-01,Freehold,296279.8288973384,248000.0,263
Enfield,2007-02-01,Leasehold,174153.92592592593,160000.0,189
Enfield,2007-03-01,Freehold,298150.56565656565,249000.0,297
Enfield,2007-03-01,Leasehold,174258.33617021277,163000.0,235
Enfield,2007-04-01,Freehold,327743.5275862069,250000.0,290
Enfield,2007-04-01,Leasehold,179696.83902439024,171500.0,205
Enfield,2007-05-01,Freehold,317246.2296511628,250000.0,344
Enfield,2007-05-01,Leasehold,190435.1784232365,175000.0,241
Enfield,2007-06-01,Freehold,315579.08933717577,257500.0,347
Enfield,2007-06-01,Leasehold,208275.73725490196,189000.0,255
Enfield,2007-07-01,Freehold,340395.9410187668,265000.0,373
Enfield,2007-07-01,Leasehold,196964.1814516129,180000.0,248
Enfield,2007-08-01,Freehold,344947.9948979592,275000.0,392
Enfield,2007-08-01,Leasehold,203515.1568627451,184995.0,255
Enfield,2007-09-01,Freehold,327415.22295081965,265000.0,305
Enfield,2007-09-01,Leasehold,199173.3692946058,175000.0,241
Enfield,2007-10-01,Freehold,324653.61756373936,270000.0,353
Enfield,2007-10-01,Leasehold,188899.93220338982,176000.0,236
Enfield,2007-11-01,Freehold,322889.7016393443,262000.0,305
Enfield,2007-11-01,Leasehold,198341.4814814815,180000.0,243
Enfield,2007-12-01,Freehold,349930.36199095024,260540.0,221
Enfield,2007-12-01,Leasehold,211783.94179894179,185000.0,189
Enfield,2008-01-01,Freehold,322858.24867724866,270000.0,189
Enfield,2008-01-01,Leasehold,198098.0393258427,192000.0,178
Enfield,2008-02-01,Freehold,342487.3594470046,270000.0,217
Enfield,2008-02-01,Leasehold,199977.60946745562,200000.0,169
Enfield,2008-03-01,Freehold,331694.1710526316,250000.0,152
Enfield,2008-03-01,Leasehold,196640.04242424242,190000.0,165
Enfield,2008-04-01,Freehold,376046.9277108434,250000.0,166
Enfield,2008-04-01,Leasehold,183635.83846153846,169500.0,130
Enfield,2008-05-01,Freehold,352179.29411764705,272000.0,153
Enfield,2008-05-01,Leasehold,195777.24786324787,181000.0,117
Enfield,2008-06-01,Freehold,304421.3909774436,250000.0,133
Enfield,2008-06-01,Leasehold,191779.71074380164,173000.0,121
Enfield,2008-07-01,Freehold,348487.8301886792,275000.0,159
Enfield,2008-07-01,Leasehold,201694.40875912408,180000.0,137
Enfield,2008-08-01,Freehold,352833.87603305787,295000.0,121
Enfield,2008-08-01,Leasehold,183216.56140350876,170000.0,114
Enfield,2008-09-01,Freehold,321886.27358490566,253500.0,106
Enfield,2008-09-01,Leasehold,184457.5915492958,178000.0,71
Enfield,2008-10-01,Freehold,349528.14814814815,250000.0,135
Enfield,2008-10-01,Leasehold,183025.57142857142,166250.0,70
Enfield,2008-11-01,Freehold,305340.0520833333,249997.5,96
Enfield,2008-11-01,Leasehold,172346.94736842104,160000.0,57
Enfield,2008-12-01,Freehold,302472.76543209876,250000.0,81
Enfield,2008-12-01,Leasehold,175982.4705882353,150000.0,85
Enfield,2009-01-01,Freehold,276655.0862068966,227750.0,58
Enfield,2009-01-01,Leasehold,164418.75,159075.0,32
Enfield,2009-02-01,Freehold,270697.4285714286,240000.0,98
Enfield,2009-02-01,Leasehold,189168.42307692306,164500.0,52
Enfield,2009-03-01,Freehold,262544.2528735632,234000.0,87
Enfield,2009-03-01,Leasehold,202309.3396226415,189000.0,53
Enfield,2009-04-01,Freehold,303448.15315315314,240000.0,111
Enfield,2009-04-01,Leasehold,193937.3015873016,195000.0,63
Enfield,2009-05-01,Freehold,307830.5785123967,250000.0,121
Enfield,2009-05-01,Leasehold,181854.87012987013,175000.0,77
Enfield,2009-06-01,Freehold,322678.0,237000.0,105
Enfield,2009-06-01,Leasehold,186547.86666666667,171000.0,45
Enfield,2009-07-01,Freehold,286633.48863636365,250000.0,176
Enfield,2009-07-01,Leasehold,198767.56756756757,183750.0,74
Enfield,2009-08-01,Freehold,331819.132183908,266000.0,174
Enfield,2009-08-01,Leasehold,179530.06172839506,175000.0,81
Enfield,2009-09-01,Freehold,355223.44370860927,274950.0,151
Enfield,2009-09-01,Leasehold,189564.14141414143,190000.0,99
Enfield,2009-10-01,Freehold,313862.86363636365,250000.0,198
Enfield,2009-10-01,Leasehold,186601.27272727274,175000.0,110
Enfield,2009-11-01,Freehold,294926.4111111111,250000.0,180
Enfield,2009-11-01,Leasehold,190943.22857142857,181800.0,105
Enfield,2009-12-01,Freehold,335537.66310160427,250000.0,187
Enfield,2009-12-01,Leasehold,198297.62790697673,175000.0,129
Enfield,2010-01-01,Freehold,313844.0714285714,250000.0,140
Enfield,2010-01-01,Leasehold,190112.9365079365,197370.0,63
Enfield,2010-02-01,Freehold,302336.8217054264,273000.0,129
Enfield,2010-02-01,Leasehold,199147.57575757575,194000.0,66
Enfield,2010-03-01,Freehold,304570.3,250000.0,160
Enfield,2010-03-01,Leasehold,189773.3394495413,175000.0,109
Enfield,2010-04-01,Freehold,330722.62237762235,270000.0,143
Enfield,2010-04-01,Leasehold,192705.79207920792,174125.0,101
Enfield,2010-05-01,Freehold,320872.397260274,266750.0,146
Enfield,2010-05-01,Leasehold,209863.58695652173,170000.0,92
Enfield,2010-06-01,Freehold,334950.9666666667,292500.0,150
Enfield,2010-06-01,Leasehold,200508.1182795699,182000.0,93
Enfield,2010-07-01,Freehold,377170.92349726777,285000.0,183
Enfield,2010-07-01,Leasehold,212415.79207920792,188500.0,101
Enfield,2010-08-01,Freehold,354504.912568306,293000.0,183
Enfield,2010-08-01,Leasehold,185001.18095238096,178000.0,105
Enfield,2010-09-01,Freehold,328359.16049382713,280000.0,162
Enfield,2010-09-01,Leasehold,194994.58333333334,184500.0,84
Enfield,2010-10-01,Freehold,325182.52597402595,269000.0,154
Enfield,2010-10-01,Leasehold,204664.7435897436,190000.0,78
Enfield,2010-11-01,Freehold,364175.57575757575,250000.0,132
Enfield,2010-11-01,Leasehold,179162.62637362638,172750.0,91
Enfield,2010-12-01,Freehold,366791.7181208054,287500.0,149
Enfield,2010-12-01,Leasehold,192775.60824742267,175000.0,97
Enfield,2011-01-01,Freehold,382388.652173913,320000.0,115
Enfield,2011-01-01,Leasehold,180856.11764705883,173747.5,68
Enfield,2011-02-01,Freehold,345521.7099236641,270000.0,131
Enfield,2011-02-01,Leasehold,194872.91666666666,176875.0,72
Enfield,2011-03-01,Freehold,312950.9568965517,250000.0,116
Enfield,2011-03-01,Leasehold,173934.57627118644,164000.0,59
Enfield,2011-04-01,Freehold,360996.48062015505,278300.0,129
Enfield,2011-04-01,Leasehold,180958.7837837838,180000.0,74
Enfield,2011-05-01,Freehold,315019.52032520325,275500.0,123
Enfield,2011-05-01,Leasehold,169820.234375,160750.0,64
Enfield,2011-06-01,Freehold,287450.5724637681,244000.0,138
Enfield,2011-06-01,Leasehold,187075.41666666666,187750.0,96
Enfield,2011-07-01,Freehold,333381.5243902439,307500.0,164
Enfield,2011-07-01,Leasehold,195473.35443037975,190000.0,79
Enfield,2011-08-01,Freehold,330255.656626506,280000.0,166
Enfield,2011-08-01,Leasehold,195814.45,174000.0,100
Enfield,2011-09-01,Freehold,355243.58108108107,296249.5,148
Enfield,2011-09-01,Leasehold,194728.86363636365,180000.0,88
Enfield,2011-10-01,Freehold,351034.8538011696,300000.0,171
Enfield,2011-10-01,Leasehold,190302.6851851852,180000.0,108
Enfield,2011-11-01,Freehold,348579.7709497207,280000.0,179
Enfield,2011-11-01,Leasehold,179442.07317073172,180000.0,82
Enfield,2011-12-01,Freehold,349677.9192546584,260000.0,161
Enfield,2011-12-01,Leasehold,218618.99047619046,184500.0,105
Enfield,2012-01-01,Freehold,334868.1034482759,271000.0,116
Enfield,2012-01-01,Leasehold,194110.76086956522,185000.0,92
Enfield,2012-02-01,Freehold,313814.6797385621,268000.0,153
Enfield,2012-02-01,Leasehold,185193.5128205128,170000.0,78
Enfield,2012-03-01,Freehold,326219.2905027933,250000.0,179
Enfield,2012-03-01,Leasehold,190644.79389312977,180000.0,131
Enfield,2012-04-01,Freehold,381500.3925925926,300000.0,135
Enfield,2012-04-01,Leasehold,190405.14705882352,172000.0,68
Enfield,2012-05-01,Freehold,331278.96774193546,290000.0,155
Enfield,2012-05-01,Leasehold,190767.53246753247,175000.0,77
Enfield,2012-06-01,Freehold,344080.3378378378,286000.0,148
Enfield,2012-06-01,Leasehold,191067.27710843374,170000.0,83
Enfield,2012-07-01,Freehold,377072.6433566434,310000.0,143
Enfield,2012-07-01,Leasehold,198981.65060240965,185000.0,83
Enfield,2012-08-01,Freehold,364366.4393063584,300000.0,173
Enfield,2012-08-01,Leasehold,219626.88679245283,193250.0,106
Enfield,2012-09-01,Freehold,356039.88811188814,310000.0,143
Enfield,2012-09-01,Leasehold,225270.59210526315,200000.0,76
Enfield,2012-10-01,Freehold,351016.69655172416,310000.0,145
Enfield,2012-10-01,Leasehold,198450.0,178750.0,56
Enfield,2012-11-01,Freehold,349859.2049689441,292500.0,161
Enfield,2012-11-01,Leasehold,236818.03658536586,199975.0,82
Enfield,2012-12-01,Freehold,354276.8823529412,292500.0,136
Enfield,2012-12-01,Leasehold,197301.4367816092,188500.0,87
Enfield,2013-01-01,Freehold,351366.07843137253,280500.0,102
Enfield,2013-01-01,Leasehold,223216.26923076922,208500.0,78
Enfield,2013-02-01,Freehold,349165.652892562,280000.0,121
Enfield,2013-02-01,Leasehold,188179.93617021278,179500.0,94
Enfield,2013-03-01,Freehold,383705.5874125874,297500.0,143
Enfield,2013-03-01,Leasehold,205037.83783783784,202700.0,74
Enfield,2013-04-01,Freehold,340319.8198198198,282500.0,111
Enfield,2013-04-01,Leasehold,198978.431372549,190000.0,102
Enfield,2013-05-01,Freehold,348902.9440993789,289995.0,161
Enfield,2013-05-01,Leasehold,225909.84251968504,205000.0,127
Enfield,2013-06-01,Freehold,346497.40579710144,300000.0,138
Enfield,2013-06-01,Leasehold,215441.39449541285,185000.0,109
Enfield,2013-07-01,Freehold,373826.3366336634,312500.0,202
Enfield,2013-07-01,Leasehold,222037.464,195000.0,125
Enfield,2013-08-01,Freehold,414819.55897435895,353000.0,195
Enfield,2013-08-01,Leasehold,231220.3149606299,206000.0,127
Enfield,2013-09-01,Freehold,362214.26470588235,315000.0,170
Enfield,2013-09-01,Leasehold,210923.22147651008,200000.0,149
Enfield,2013-10-01,Freehold,422849.2590909091,341750.0,220
Enfield,2013-10-01,Leasehold,230391.99285714285,213000.0,140
Enfield,2013-11-01,Freehold,395606.4,334975.0,200
Enfield,2013-11-01,Leasehold,224743.87179487178,201500.0,156
Enfield,2013-12-01,Freehold,365304.3010752688,337500.0,186
Enfield,2013-12-01,Leasehold,222284.57142857142,215000.0,147
Enfield,2014-01-01,Freehold,380208.9111111111,316500.0,180
Enfield,2014-01-01,Leasehold,222909.546875,210000.0,128
Enfield,2014-02-01,Freehold,395351.2380952381,321500.0,168
Enfield,2014-02-01,Leasehold,218114.59868421053,208247.5,152
Enfield,2014-03-01,Freehold,409335.1144578313,330000.0,166
Enfield,2014-03-01,Leasehold,226986.35625,211997.5,160
Enfield,2014-04-01,Freehold,431991.2756410256,339497.5,156
Enfield,2014-04-01,Leasehold,216427.5158730159,199747.5,126
Enfield,2014-05-01,Freehold,423057.89090909093,330000.0,165
Enfield,2014-05-01,Leasehold,225992.09401709403,213000.0,117
Enfield,2014-06-01,Freehold,413254.93604651163,342500.0,172
Enfield,2014-06-01,Leasehold,234879.34057971014,219000.0,138
Enfield,2014-07-01,Freehold,491940.4619883041,377500.0,171
Enfield,2014-07-01,Leasehold,245052.0839160839,217000.0,143
Enfield,2014-08-01,Freehold,444631.85576923075,383050.0,208
Enfield,2014-08-01,Leasehold,246117.5851851852,220000.0,135
Enfield,2014-09-01,Freehold,477428.02645502647,362000.0,189
Enfield,2014-09-01,Leasehold,244045.37692307692,230500.0,130
Enfield,2014-10-01,Freehold,455337.1794871795,361500.0,195
Enfield,2014-10-01,Leasehold,266556.427480916,226750.0,131
Enfield,2014-11-01,Freehold,456345.65142857144,390000.0,175
Enfield,2014-11-01,Leasehold,232349.9338235294,215000.0,136
Enfield,2014-12-01,Freehold,446877.2413793103,361500.0,145
Enfield,2014-12-01,Leasehold,255901.16363636364,235000.0,110
Enfield,2015-01-01,Freehold,435060.0316455696,350000.0,158
Enfield,2015-01-01,Leasehold,282844.8446601942,250000.0,103
Enfield,2015-02-01,Freehold,482675.48076923075,355000.0,156
Enfield,2015-02-01,Leasehold,263830.82727272727,233750.0,110
Enfield,2015-03-01,Freehold,443136.7341772152,362750.0,158
Enfield,2015-03-01,Leasehold,251556.83333333334,249999.0,150
Enfield,2015-04-01,Freehold,429492.45323741005,375000.0,139
Enfield,2015-04-01,Leasehold,252576.05454545454,242000.0,110
Enfield,2015-05-01,Freehold,449124.8448275862,390000.0,174
Enfield,2015-05-01,Leasehold,253013.75609756098,250000.0,123
Enfield,2015-06-01,Freehold,477840.7012987013,411250.0,154
Enfield,2015-06-01,Leasehold,260957.70212765958,231000.0,94
Enfield,2015-07-01,Freehold,469317.4651162791,420000.0,215
Enfield,2015-07-01,Leasehold,277580.0258064516,250000.0,155
Enfield,2015-08-01,Freehold,508832.56725146197,440000.0,171
Enfield,2015-08-01,Leasehold,282742.93548387097,269975.0,124
Enfield,2015-09-01,Freehold,485535.8418079096,400000.0,177
Enfield,2015-09-01,Leasehold,291828.1343283582,282500.0,134
Enfield,2015-10-01,Freehold,459001.63684210525,411000.0,190
Enfield,2015-10-01,Leasehold,306629.92805755395,270000.0,139
Enfield,2015-11-01,Freehold,491429.245,420500.0,200
Enfield,2015-11-01,Leasehold,291289.0566037736,283750.0,106
Enfield,2015-12-01,Freehold,505371.17964071856,432500.0,167
Enfield,2015-12-01,Leasehold,284420.52173913043,255000.0,115
Enfield,2016-01-01,Freehold,536142.7961783439,440000.0,157
Enfield,2016-01-01,Leasehold,305810.07258064515,302500.0,124
Enfield,2016-02-01,Freehold,526820.0684931506,429997.5,146
Enfield,2016-02-01,Leasehold,286923.06976744183,260000.0,86
Enfield,2016-03-01,Freehold,509885.8603174603,411000.0,315
Enfield,2016-03-01,Leasehold,297203.87242798356,270000.0,243
Enfield,2016-04-01,Freehold,505765.3647058823,445000.0,85
Enfield,2016-04-01,Leasehold,297683.8524590164,275000.0,61
Enfield,2016-05-01,Freehold,621374.8932038835,449950.0,103
Enfield,2016-05-01,Leasehold,350214.0425531915,340000.0,94
Enfield,2016-06-01,Freehold,519826.496350365,435000.0,137
Enfield,2016-06-01,Leasehold,312656.4693877551,277500.0,98
Enfield,2016-07-01,Freehold,548269.2142857143,485000.0,140
Enfield,2016-07-01,Leasehold,345812.6929824561,325000.0,114
Enfield,2016-08-01,Freehold,580692.8452380953,500000.0,168
Enfield,2016-08-01,Leasehold,356386.1386138614,321000.0,101
Enfield,2016-09-01,Freehold,562881.9807692308,472500.0,156
Enfield,2016-09-01,Leasehold,356096.94444444444,318250.0,90
Enfield,2016-10-01,Freehold,527537.6576576576,445000.0,111
Enfield,2016-10-01,Leasehold,346204.45454545453,285000.0,99
Enfield,2016-11-01,Freehold,517950.7591240876,475000.0,137
Enfield,2016-11-01,Leasehold,307825.3301886792,300500.0,106
Enfield,2016-12-01,Freehold,636558.5913043479,515000.0,115
Enfield,2016-12-01,Leasehold,312594.5882352941,290000.0,85
Enfield,2017-01-01,Freehold,550642.2522522523,475000.0,111
Enfield,2017-01-01,Leasehold,315969.26136363635,265750.0,88
Enfield,2017-02-01,Freehold,553821.1648351648,499995.0,91
Enfield,2017-02-01,Leasehold,310692.1666666667,312500.0,90
Enfield,2017-03-01,Freehold,558828.6013513514,483750.0,148
Enfield,2017-03-01,Leasehold,306703.35,290000.0,100
Enfield,2017-04-01,Freehold,620913.1517857143,555000.0,112
Enfield,2017-04-01,Leasehold,308264.5393258427,274000.0,89
Enfield,2017-05-01,Freehold,555310.134228188,510000.0,149
Enfield,2017-05-01,Leasehold,314223.9024390244,282561.5,82
Enfield,2017-06-01,Freehold,553731.4011976048,480000.0,167
Enfield,2017-06-01,Leasehold,344905.297029703,307000.0,101
Enfield,2017-07-01,Freehold,537068.4705882353,500000.0,119
Enfield,2017-07-01,Leasehold,334581.4,300000.0,100
Enfield,2017-08-01,Freehold,568041.5161290322,495000.0,155
Enfield,2017-08-01,Leasehold,320175.78571428574,308750.0,98
Enfield,2017-09-01,Freehold,592494.349593496,510000.0,123
Enfield,2017-09-01,Leasehold,341428.0,330000.0,73
Enfield,2017-10-01,Freehold,579974.6805555555,472500.0,144
Enfield,2017-10-01,Leasehold,334211.8556701031,281500.0,97
Enfield,2017-11-01,Freehold,533286.937007874,480000.0,127
Enfield,2017-11-01,Leasehold,343883.41095890413,295000.0,73
Enfield,2017-12-01,Freehold,521413.35507246375,446250.0,138
Enfield,2017-12-01,Leasehold,298301.3157894737,278500.0,76
Enfield,2018-01-01,Freehold,531333.09,457500.0,100
Enfield,2018-01-01,Leasehold,315141.3333333333,295000.0,75
Enfield,2018-02-01,Freehold,557299.0630630631,490000.0,111
Enfield,2018-02-01,Leasehold,313431.14285714284,268250.0,70
Enfield,2018-03-01,Freehold,610996.515625,492500.0,128
Enfield,2018-03-01,Leasehold,357864.9393939394,340000.0,99
Enfield,2018-04-01,Freehold,535433.1666666666,477500.0,90
Enfield,2018-04-01,Leasehold,278911.01515151514,280625.0,66
Enfield,2018-05-01,Freehold,559889.5229357798,480500.0,109
Enfield,2018-05-01,Leasehold,325076.76,299950.0,75
Enfield,2018-06-01,Freehold,528167.7534246575,484000.0,146
Enfield,2018-06-01,Leasehold,302941.5180722892,285000.0,83
Enfield,2018-07-01,Freehold,550413.0952380953,474995.0,126
Enfield,2018-07-01,Leasehold,287967.9418604651,272500.0,86
Enfield,2018-08-01,Freehold,566080.9027777778,493500.0,144
Enfield,2018-08-01,Leasehold,335658.02597402595,312000.0,77
Enfield,2018-09-01,Freehold,576098.2176870748,480000.0,147
Enfield,2018-09-01,Leasehold,303600.0,278000.0,79
Enfield,2018-10-01,Freehold,566539.4384615384,485000.0,130
Enfield,2018-10-01,Leasehold,328105.9036144578,305000.0,83
Enfield,2018-11-01,Freehold,530903.5897435897,490000.0,117
Enfield,2018-11-01,Leasehold,299917.6,292500.0,70
Enfield,2018-12-01,Freehold,559567.3032786886,479997.5,122
Enfield,2018-12-01,Leasehold,330553.0,292500.0,65
Enfield,2019-01-01,Freehold,574031.5254237289,527500.0,118
Enfield,2019-01-01,Leasehold,310449.2121212121,277500.0,66
Enfield,2019-02-01,Freehold,531916.5826086956,460000.0,115
Enfield,2019-02-01,Leasehold,332234.1724137931,305250.0,58
Enfield,2019-03-01,Freehold,516501.06382978725,440000.0,94
Enfield,2019-03-01,Leasehold,319930.93333333335,305000.0,75
Enfield,2019-04-01,Freehold,576877.2090909091,524002.5,110
Enfield,2019-04-01,Leasehold,346577.97222222225,293000.0,72
Enfield,2019-05-01,Freehold,543502.7469879518,510000.0,83
Enfield,2019-05-01,Leasehold,309622.868852459,303500.0,61
Enfield,2019-06-01,Freehold,557264.2846715328,495000.0,137
Enfield,2019-06-01,Leasehold,385125.32258064515,332500.0,62
Enfield,2019-07-01,Freehold,595966.5441176471,487000.0,136
Enfield,2019-07-01,Leasehold,323558.3766233766,314000.0,77
Enfield,2019-08-01,Freehold,576680.5308641975,500668.0,162
Enfield,2019-08-01,Leasehold,308545.5888888889,310497.5,90
Enfield,2019-09-01,Freehold,582151.9202898551,460000.0,138
Enfield,2019-09-01,Leasehold,323607.2465753425,301000.0,73
Enfield,2019-10-01,Freehold,579396.5454545454,492500.0,143
Enfield,2019-10-01,Leasehold,337014.9397590361,320000.0,83
Enfield,2019-11-01,Freehold,576175.2469135802,492500.0,162
Enfield,2019-11-01,Leasehold,320721.84375,303500.0,64
Enfield,2019-12-01,Freehold,559853.384,493500.0,125
Enfield,2019-12-01,Leasehold,327864.7580645161,327000.0,62
Enfield,2020-01-01,Freehold,583337.247706422,510000.0,109
Enfield,2020-01-01,Leasehold,331466.9811320755,288000.0,53
Enfield,2020-02-01,Freehold,560593.0347826087,480000.0,115
Enfield,2020-02-01,Leasehold,316423.1525423729,310000.0,59
Enfield,2020-03-01,Freehold,623499.7979797979,485000.0,99
Enfield,2020-03-01,Leasehold,356376.34285714285,327500.0,70
Enfield,2020-04-01,Freehold,540788.9615384615,456000.0,52
Enfield,2020-04-01,Leasehold,343443.1034482759,345000.0,58
Enfield,2020-05-01,Freehold,586916.6666666666,485000.0,42
Enfield,2020-05-01,Leasehold,305378.97142857144,305000.0,35
Enfield,2020-06-01,Freehold,595868.6444444444,499975.0,90
Enfield,2020-06-01,Leasehold,294317.962962963,277750.0,54
Enfield,2020-07-01,Freehold,635768.4315789473,507001.0,95
Enfield,2020-07-01,Leasehold,336777.8524590164,340000.0,61
Enfield,2020-08-01,Freehold,575892.8350515463,506500.0,97
Enfield,2020-08-01,Leasehold,367531.4655172414,340000.0,58
Enfield,2020-09-01,Freehold,598044.6259541984,499999.0,131
Enfield,2020-09-01,Leasehold,398646.8780487805,386250.0,82
Enfield,2020-10-01,Freehold,576764.3865030674,500000.0,163
Enfield,2020-10-01,Leasehold,347184.625,325000.0,80
Enfield,2020-11-01,Freehold,593659.108433735,510000.0,166
Enfield,2020-11-01,Leasehold,351621.18055555556,332500.0,72
Enfield,2020-12-01,Freehold,625353.6333333333,538000.0,180
Enfield,2020-12-01,Leasehold,369282.0485436893,362500.0,103
Enfield,2021-01-01,Freehold,610532.059602649,540000.0,151
Enfield,2021-01-01,Leasehold,386062.4871794872,349975.0,78
Enfield,2021-02-01,Freehold,607235.5123966942,525000.0,242
Enfield,2021-02-01,Leasehold,362808.86315789475,340000.0,95
Enfield,2021-03-01,Freehold,605221.3092105263,543750.0,304
Enfield,2021-03-01,Leasehold,382297.9859154929,325000.0,142
Enfield,2021-04-01,Freehold,570763.0932642487,510000.0,193
Enfield,2021-04-01,Leasehold,332968.35294117645,311000.0,85
Enfield,2021-05-01,Freehold,626064.697368421,510000.0,152
Enfield,2021-05-01,Leasehold,327445.44444444444,306000.0,90
Enfield,2021-06-01,Freehold,646709.8077669903,560000.0,515
Enfield,2021-06-01,Leasehold,394240.3413654618,355000.0,249
Enfield,2021-07-01,Freehold,564371.4864864865,490000.0,37
Enfield,2021-07-01,Leasehold,328755.55555555556,278100.0,36
Enfield,2021-08-01,Freehold,647118.3543307086,563000.0,127
Enfield,2021-08-01,Leasehold,333294.8611111111,299497.5,72
Enfield,2021-09-01,Freehold,616653.4693877551,552500.0,245
Enfield,2021-09-01,Leasehold,338835.8230769231,319000.0,130
Enfield,2021-10-01,Freehold,642213.7931034482,487500.0,58
Enfield,2021-10-01,Leasehold,347911.25,322500.0,80
Enfield,2021-11-01,Freehold,753379.9274193548,517500.0,124
Enfield,2021-11-01,Leasehold,386443.45,358250.0,100
Enfield,2021-12-01,Freehold,643593.6666666666,550000.0,135
Enfield,2021-12-01,Leasehold,351638.875,320000.0,80
Enfield,2022-01-01,Freehold,638959.393442623,500000.0,122
Enfield,2022-01-01,Leasehold,414303.01612903224,327500.0,62
Enfield,2022-02-01,Freehold,635769.9140625,535000.0,128
Enfield,2022-02-01,Leasehold,319890.5977011494,292500.0,87
Enfield,2022-03-01,Freehold,643726.4697986577,553000.0,149
Enfield,2022-03-01,Leasehold,350312.9651162791,317487.5,86
Enfield,2022-04-01,Freehold,702426.650406504,555000.0,123
Enfield,2022-04-01,Leasehold,381161.5154639175,312500.0,97
Enfield,2022-05-01,Freehold,656913.2,530000.0,150
Enfield,2022-05-01,Leasehold,341284.6153846154,314000.0,78
Enfield,2022-06-01,Freehold,634705.4411764706,550000.0,136
Enfield,2022-06-01,Leasehold,370865.50588235294,330000.0,85
Enfield,2022-07-01,Freehold,746479.6180555555,646250.0,144
Enfield,2022-07-01,Leasehold,319583.8313253012,291000.0,83
Enfield,2022-08-01,Freehold,725290.4213836478,575000.0,159
Enfield,2022-08-01,Leasehold,354203.8043478261,328500.0,92
Enfield,2022-09-01,Freehold,685095.2808988764,561500.0,178
Enfield,2022-09-01,Leasehold,364005.8823529412,358000.0,85
Enfield,2022-10-01,Freehold,712083.6217948718,637500.0,156
Enfield,2022-10-01,Leasehold,349048.35294117645,334869.0,85
Enfield,2022-11-01,Freehold,697872.1185185185,585000.0,135
Enfield,2022-11-01,Leasehold,362335.8224299065,345000.0,107
Enfield,2022-12-01,Freehold,724838.0597014925,590000.0,134
Enfield,2022-12-01,Leasehold,387070.2840909091,352500.0,88
Enfield,2023-01-01,Freehold,625526.8041237113,535000.0,97
Enfield,2023-01-01,Leasehold,357694.28571428574,322000.0,63
Enfield,2023-02-01,Freehold,661900.8620689656,560000.0,116
Enfield,2023-02-01,Leasehold,413375.75471698114,320000.0,53
Enfield,2023-03-01,Freehold,597806.5564516129,505000.0,124
Enfield,2023-03-01,Leasehold,330259.1447368421,310000.0,76
Enfield,2023-04-01,Freehold,676804.8928571428,530000.0,84
Enfield,2023-04-01,Leasehold,409342.358490566,343000.0,53
Enfield,2023-05-01,Freehold,611748.8695652174,528762.5,92
Enfield,2023-05-01,Leasehold,343961.9,312500.0,50
Enfield,2023-06-01,Freehold,633154.9099099099,585000.0,111
Enfield,2023-06-01,Leasehold,365185.71428571426,337500.0,56
Enfield,2023-07-01,Freehold,612409.0260869565,530000.0,115
Enfield,2023-07-01,Leasehold,349989.1320754717,326000.0,53
Enfield,2023-08-01,Freehold,690147.1635220125,593000.0,159
Enfield,2023-08-01,Leasehold,356491.70149253734,320000.0,67
Enfield,2023-09-01,Freehold,665307.2692307692,598750.0,130
Enfield,2023-09-01,Leasehold,388555.55555555556,345000.0,72
Enfield,2023-10-01,Freehold,637644.6086956522,530000.0,115
Enfield,2023-10-01,Leasehold,309834.1228070175,280000.0,57
Enfield,2023-11-01,Freehold,610177.3302752294,535000.0,109
Enfield,2023-11-01,Leasehold,341295.08196721313,320000.0,61
Enfield,2023-12-01,Freehold,612332.9454545454,516500.0,110
Enfield,2023-12-01,Leasehold,387970.34285714285,364997.5,70
Enfield,2024-01-01,Freehold,597363.5795454546,523500.0,88
Enfield,2024-01-01,Leasehold,378827.58928571426,344500.0,56
Enfield,2024-02-01,Freehold,625250.585106383,513500.0,94
Enfield,2024-02-01,Leasehold,319306.98387096776,290000.0,62
Enfield,2024-03-01,Freehold,643057.6899224806,511000.0,129
Enfield,2024-03-01,Leasehold,355290.15714285715,304250.0,70
Enfield,2024-04-01,Freehold,692259.4660194175,522500.0,103
Enfield,2024-04-01,Leasehold,333155.17647058825,290000.0,51
Enfield,2024-05-01,Freehold,613051.953125,515000.0,128
Enfield,2024-05-01,Leasehold,335938.7755102041,320000.0,49
Enfield,2024-06-01,Freehold,677761.0084033613,532000.0,119
Enfield,2024-06-01,Leasehold,333553.0869565217,298000.0,69
Enfield,2024-07-01,Freehold,675081.7414965987,580000.0,147
Enfield,2024-07-01,Leasehold,350989.4375,324412.5,64
Enfield,2024-08-01,Freehold,668148.8787878788,577500.0,165
Enfield,2024-08-01,Leasehold,368133.7702702703,367500.0,74
Enfield,2024-09-01,Freehold,666478.4203821656,598000.0,157
Enfield,2024-09-01,Leasehold,356488.9705882353,310625.0,68
Enfield,2024-10-01,Freehold,617368.2899408285,523000.0,169
Enfield,2024-10-01,Leasehold,375126.26666666666,340000.0,75
Enfield,2024-11-01,Freehold,636193.4605263158,537250.0,152
Enfield,2024-11-01,Leasehold,398880.3623188406,350000.0,69
Enfield,2024-12-01,Freehold,619658.6465517242,505000.0,116
Enfield,2024-12-01,Leasehold,339992.85714285716,326750.0,70
Enfield,2025-01-01,Freehold,649142.9253731343,582500.0,134
Enfield,2025-01-01,Leasehold,374805.8552631579,352500.0,76
Enfield,2025-02-01,Freehold,656805.0423728813,535000.0,118
Enfield,2025-02-01,Leasehold,367788.7931034483,341250.0,58
Enfield,2025-03-01,Freehold,627055.6506024096,550000.0,332
Enfield,2025-03-01,Leasehold,354012.6524390244,340000.0,164
Enfield,2025-04-01,Freehold,629097.9807692308,535750.0,52
Enfield,2025-04-01,Leasehold,313015.0,300000.0,33
Enfield,2025-05-01,Freehold,692645.1386138614,575000.0,101
Enfield,2025-05-01,Leasehold,359669.8333333333,322500.0,54
Enfield,2025-06-01,Freehold,693027.3853211009,608000.0,109
Enfield,2025-06-01,Leasehold,339391.4035087719,335000.0,57
Enfield,2025-07-01,Freehold,719424.7402597403,600000.0,154
Enfield,2025-07-01,Leasehold,327028.5142857143,285500.5,70
Enfield,2025-08-01,Freehold,641343.2535211268,570500.0,142
Enfield,2025-08-01,Leasehold,349305.1612903226,336500.0,62
Enfield,2025-09-01,Freehold,685843.345323741,635000.0,139
Enfield,2025-09-01,Leasehold,370366.36363636365,340000.0,55
Enfield,2025-10-01,Freehold,583404.7162162162,518500.0,148
Enfield,2025-10-01,Leasehold,344322.1666666667,340000.0,72
Enfield,2025-11-01,Freehold,639682.0512820513,538750.0,117
Enfield,2025-11-01,Leasehold,327223.95238095237,310000.0,63
Enfield,2025-12-01,Freehold,659999.9541284404,540000.0,109
Enfield,2025-12-01,Leasehold,309041.6666666667,300000.0,54
Enfield,2026-01-01,Freehold,620529.8870967742,545000.0,62
Enfield,2026-01-01,Leasehold,333090.6590909091,312500.0,44
Enfield,2026-02-01,Freehold,597332.0289855072,575000.0,69
Enfield,2026-02-01,Leasehold,339114.86486486485,312500.0,37
Enfield,2026-03-01,Freehold,539976.8461538461,500000.0,65
Enfield,2026-03-01,Leasehold,337742.1212121212,347000.0,33
Enfield,2026-04-01,Freehold,713325.4032258064,640500.0,62
Enfield,2026-04-01,Leasehold,313627.6,305000.0,35
Enfield,2026-05-01,Freehold,597277.5714285715,520000.0,35
Enfield,2026-05-01,Leasehold,320166.6666666667,307500.0,12
Greenwich,2006-01-01,Freehold,253502.19696969696,202500.0,198
Greenwich,2006-01-01,Leasehold,210948.3445945946,182950.0,148
Greenwich,2006-02-01,Freehold,239315.12921348316,200250.0,178
Greenwich,2006-02-01,Leasehold,190396.33333333334,180000.0,117
Greenwich,2006-03-01,Freehold,245461.88392857142,202750.0,224
Greenwich,2006-03-01,Leasehold,208200.91235059762,199950.0,251
Greenwich,2006-04-01,Freehold,248758.7283236994,210000.0,173
Greenwich,2006-04-01,Leasehold,209675.27777777778,193225.0,144
Greenwich,2006-05-01,Freehold,253113.82352941178,212000.0,221
Greenwich,2006-05-01,Leasehold,209881.9239130435,185000.0,184
Greenwich,2006-06-01,Freehold,252603.85877862596,207500.0,262
Greenwich,2006-06-01,Leasehold,220389.08333333334,198750.0,216
Greenwich,2006-07-01,Freehold,260352.4909090909,218500.0,220
Greenwich,2006-07-01,Leasehold,220215.1205357143,205750.0,224
Greenwich,2006-08-01,Freehold,277172.31487889274,232500.0,289
Greenwich,2006-08-01,Leasehold,247776.60409556315,235000.0,293
Greenwich,2006-09-01,Freehold,272247.4071146245,225000.0,253
Greenwich,2006-09-01,Leasehold,220676.99236641222,209475.0,262
Greenwich,2006-10-01,Freehold,249750.87924528302,214995.0,265
Greenwich,2006-10-01,Leasehold,195731.6048780488,169995.0,205
Greenwich,2006-11-01,Freehold,259973.89361702127,225000.0,235
Greenwich,2006-11-01,Leasehold,214335.1059907834,192000.0,217
Greenwich,2006-12-01,Freehold,259403.1899224806,219247.5,258
Greenwich,2006-12-01,Leasehold,218460.08880308882,210000.0,259
Greenwich,2007-01-01,Freehold,267283.7881773399,222000.0,203
Greenwich,2007-01-01,Leasehold,225911.83333333334,190000.0,174
Greenwich,2007-02-01,Freehold,274213.79545454547,224500.0,220
Greenwich,2007-02-01,Leasehold,215463.64324324325,190000.0,185
Greenwich,2007-03-01,Freehold,254535.660944206,225000.0,233
Greenwich,2007-03-01,Leasehold,223841.91796875,197500.0,256
Greenwich,2007-04-01,Freehold,288660.9278846154,228500.0,208
Greenwich,2007-04-01,Leasehold,224467.27544910178,206500.0,167
Greenwich,2007-05-01,Freehold,294064.6923076923,237000.0,247
Greenwich,2007-05-01,Leasehold,228453.61988304093,200000.0,171
Greenwich,2007-06-01,Freehold,275844.01357466064,239000.0,221
Greenwich,2007-06-01,Leasehold,222417.59030837004,200000.0,227
Greenwich,2007-07-01,Freehold,312175.9888888889,248750.0,270
Greenwich,2007-07-01,Leasehold,217197.25806451612,189950.0,217
Greenwich,2007-08-01,Freehold,298562.90789473685,239250.0,304
Greenwich,2007-08-01,Leasehold,235184.9248826291,205000.0,213
Greenwich,2007-09-01,Freehold,290562.56444444443,239995.0,225
Greenwich,2007-09-01,Leasehold,244686.81118881117,219500.0,286
Greenwich,2007-10-01,Freehold,307174.0462962963,241750.0,216
Greenwich,2007-10-01,Leasehold,224034.95,200000.0,220
Greenwich,2007-11-01,Freehold,313781.37735849054,240000.0,212
Greenwich,2007-11-01,Leasehold,235037.7247706422,223747.5,218
Greenwich,2007-12-01,Freehold,304815.26712328766,240500.0,146
Greenwich,2007-12-01,Leasehold,247826.38674033148,225000.0,181
Greenwich,2008-01-01,Freehold,276637.6785714286,240000.0,140
Greenwich,2008-01-01,Leasehold,232207.2767857143,199500.0,112
Greenwich,2008-02-01,Freehold,284591.6241610738,235000.0,149
Greenwich,2008-02-01,Leasehold,230259.55263157896,212500.0,114
Greenwich,2008-03-01,Freehold,312172.63157894736,225000.0,133
Greenwich,2008-03-01,Leasehold,222874.8306451613,242500.0,124
Greenwich,2008-04-01,Freehold,374668.268907563,250000.0,119
Greenwich,2008-04-01,Leasehold,219386.93333333332,196500.0,90
Greenwich,2008-05-01,Freehold,299417.08196721313,240000.0,122
Greenwich,2008-05-01,Leasehold,254333.55263157896,239500.0,114
Greenwich,2008-06-01,Freehold,326911.978021978,249000.0,91
Greenwich,2008-06-01,Leasehold,261634.68493150684,244225.0,146
Greenwich,2008-07-01,Freehold,314393.58407079644,240000.0,113
Greenwich,2008-07-01,Leasehold,238522.6103896104,237500.0,154
Greenwich,2008-08-01,Freehold,277644.10784313723,230000.0,102
Greenwich,2008-08-01,Leasehold,224050.6923076923,210000.0,65
Greenwich,2008-09-01,Freehold,292023.4516129032,235000.0,93
Greenwich,2008-09-01,Leasehold,209133.82142857142,192475.0,56
Greenwich,2008-10-01,Freehold,280488.03921568627,240000.0,102
Greenwich,2008-10-01,Leasehold,190769.2,150000.0,50
Greenwich,2008-11-01,Freehold,266564.31506849313,222000.0,73
Greenwich,2008-11-01,Leasehold,207559.8409090909,200000.0,44
Greenwich,2008-12-01,Freehold,274785.6756756757,230750.0,74
Greenwich,2008-12-01,Leasehold,183840.36956521738,160000.0,46
Greenwich,2009-01-01,Freehold,298636.36363636365,226500.0,66
Greenwich,2009-01-01,Leasehold,198348.3103448276,170000.0,29
Greenwich,2009-02-01,Freehold,220638.53846153847,197500.0,52
Greenwich,2009-02-01,Leasehold,173190.47619047618,160000.0,21
Greenwich,2009-03-01,Freehold,265807.417721519,200000.0,79
Greenwich,2009-03-01,Leasehold,225032.8409090909,205000.0,44
Greenwich,2009-04-01,Freehold,297417.38095238095,210000.0,63
Greenwich,2009-04-01,Leasehold,207142.8620689655,185000.0,29
Greenwich,2009-05-01,Freehold,258090.07142857142,217500.0,70
Greenwich,2009-05-01,Leasehold,219635.50847457626,210000.0,59
Greenwich,2009-06-01,Freehold,271829.03370786516,222500.0,89
Greenwich,2009-06-01,Leasehold,239094.4,217000.0,75
Greenwich,2009-07-01,Freehold,302273.0143884892,218000.0,139
Greenwich,2009-07-01,Leasehold,219852.8125,203725.0,80
Greenwich,2009-08-01,Freehold,311352.82352941175,237750.0,136
Greenwich,2009-08-01,Leasehold,250386.72093023255,250000.0,86
Greenwich,2009-09-01,Freehold,317332.8333333333,248725.0,132
Greenwich,2009-09-01,Leasehold,250432.07142857142,228750.0,70
Greenwich,2009-10-01,Freehold,266014.7571428571,222500.0,140
Greenwich,2009-10-01,Leasehold,233248.7093023256,218500.0,86
Greenwich,2009-11-01,Freehold,262654.51754385966,230000.0,114
Greenwich,2009-11-01,Leasehold,239940.7605633803,227500.0,71
Greenwich,2009-12-01,Freehold,300158.355704698,225000.0,149
Greenwich,2009-12-01,Leasehold,225262.09677419355,180000.0,93
Greenwich,2010-01-01,Freehold,356427.19101123593,249995.0,89
Greenwich,2010-01-01,Leasehold,236281.5306122449,238000.0,49
Greenwich,2010-02-01,Freehold,294275.44859813084,237000.0,107
Greenwich,2010-02-01,Leasehold,232089.40322580645,227250.0,62
Greenwich,2010-03-01,Freehold,305703.5263157895,245000.0,95
Greenwich,2010-03-01,Leasehold,256673.77922077922,250000.0,77
Greenwich,2010-04-01,Freehold,290749.3457943925,238000.0,107
Greenwich,2010-04-01,Leasehold,241279.0172413793,235000.0,58
Greenwich,2010-05-01,Freehold,329408.3409090909,244997.5,88
Greenwich,2010-05-01,Leasehold,242138.41428571427,232000.0,70
Greenwich,2010-06-01,Freehold,347251.4090909091,263500.0,132
Greenwich,2010-06-01,Leasehold,247290.9090909091,226000.0,66
Greenwich,2010-07-01,Freehold,355415.53797468357,274500.0,158
Greenwich,2010-07-01,Leasehold,275260.00970873784,240000.0,103
Greenwich,2010-08-01,Freehold,386822.4770642202,275000.0,109
Greenwich,2010-08-01,Leasehold,263672.65753424657,242500.0,73
Greenwich,2010-09-01,Freehold,327135.8217054264,245000.0,129
Greenwich,2010-09-01,Leasehold,236244.7972972973,201750.0,74
Greenwich,2010-10-01,Freehold,304266.5202702703,246250.0,148
Greenwich,2010-10-01,Leasehold,258257.2658227848,249950.0,79
Greenwich,2010-11-01,Freehold,293354.2574257426,240000.0,101
Greenwich,2010-11-01,Leasehold,242211.15384615384,227500.0,78
Greenwich,2010-12-01,Freehold,301484.3396226415,236250.0,106
Greenwich,2010-12-01,Leasehold,267024.72222222225,249452.5,90
Greenwich,2011-01-01,Freehold,327167.3793103448,250000.0,87
Greenwich,2011-01-01,Leasehold,257931.32142857142,244161.0,56
Greenwich,2011-02-01,Freehold,296951.4693877551,240000.0,98
Greenwich,2011-02-01,Leasehold,260081.4406779661,245000.0,59
Greenwich,2011-03-01,Freehold,297959.3211009174,245000.0,109
Greenwich,2011-03-01,Leasehold,260055.33333333334,250000.0,87
Greenwich,2011-04-01,Freehold,358945.8064516129,282500.0,93
Greenwich,2011-04-01,Leasehold,270136.9651162791,249999.5,86
Greenwich,2011-05-01,Freehold,316539.25263157894,250000.0,95
Greenwich,2011-05-01,Leasehold,254088.261682243,249995.0,107
Greenwich,2011-06-01,Freehold,316048.07518796995,240000.0,133
Greenwich,2011-06-01,Leasehold,265441.61616161617,270000.0,99
Greenwich,2011-07-01,Freehold,360308.0507246377,257500.0,138
Greenwich,2011-07-01,Leasehold,278484.8352941176,280000.0,170
Greenwich,2011-08-01,Freehold,380280.6056338028,250000.0,142
Greenwich,2011-08-01,Leasehold,254348.69105691058,262000.0,123
Greenwich,2011-09-01,Freehold,333474.87401574804,249995.0,127
Greenwich,2011-09-01,Leasehold,255271.47826086957,235000.0,115
Greenwich,2011-10-01,Freehold,317260.31746031746,240000.0,126
Greenwich,2011-10-01,Leasehold,217971.02272727274,190000.0,88
Greenwich,2011-11-01,Freehold,332053.23214285716,243000.0,112
Greenwich,2011-11-01,Leasehold,252430.88990825688,225000.0,109
Greenwich,2011-12-01,Freehold,337998.64705882355,249995.0,119
Greenwich,2011-12-01,Leasehold,226951.8556701031,228000.0,97
Greenwich,2012-01-01,Freehold,332331.8256880734,250000.0,109
Greenwich,2012-01-01,Leasehold,254435.0,220000.0,72
Greenwich,2012-02-01,Freehold,328355.8108108108,245000.0,111
Greenwich,2012-02-01,Leasehold,253211.3396226415,242500.0,106
Greenwich,2012-03-01,Freehold,307913.1076923077,237500.0,130
Greenwich,2012-03-01,Leasehold,236797.31838565023,222995.0,223
Greenwich,2012-04-01,Freehold,313525.43956043955,250000.0,91
Greenwich,2012-04-01,Leasehold,277877.62352941174,250000.0,85
Greenwich,2012-05-01,Freehold,366785.5698924731,249999.0,93
Greenwich,2012-05-01,Leasehold,256855.53435114503,245000.0,131
Greenwich,2012-06-01,Freehold,338257.58088235295,250000.0,136
Greenwich,2012-06-01,Leasehold,252415.57971014493,240000.0,138
Greenwich,2012-07-01,Freehold,336255.66964285716,276500.0,112
Greenwich,2012-07-01,Leasehold,249390.67375886525,228180.0,141
Greenwich,2012-08-01,Freehold,347569.73509933776,262000.0,151
Greenwich,2012-08-01,Leasehold,256057.2752293578,250000.0,109
Greenwich,2012-09-01,Freehold,331972.53153153154,250000.0,111
Greenwich,2012-09-01,Leasehold,233517.71604938273,225000.0,81
Greenwich,2012-10-01,Freehold,371844.0,275000.0,130
Greenwich,2012-10-01,Leasehold,236995.41836734695,220000.0,98
Greenwich,2012-11-01,Freehold,323011.27659574465,250000.0,141
Greenwich,2012-11-01,Leasehold,238184.22522522524,214000.0,111
Greenwich,2012-12-01,Freehold,373630.6046511628,275000.0,129
Greenwich,2012-12-01,Leasehold,225956.11607142858,207500.0,112
Greenwich,2013-01-01,Freehold,331133.610619469,259000.0,113
Greenwich,2013-01-01,Leasehold,275645.0684931507,267500.0,73
Greenwich,2013-02-01,Freehold,301288.8990825688,249995.0,109
Greenwich,2013-02-01,Leasehold,234092.66666666666,198000.0,75
Greenwich,2013-03-01,Freehold,333399.7131147541,250000.0,122
Greenwich,2013-03-01,Leasehold,273482.75167785236,249980.0,149
Greenwich,2013-04-01,Freehold,335960.3777777778,249999.5,90
Greenwich,2013-04-01,Leasehold,294162.75757575757,267500.0,99
Greenwich,2013-05-01,Freehold,358093.12686567166,275000.0,134
Greenwich,2013-05-01,Leasehold,287261.95384615386,258000.0,130
Greenwich,2013-06-01,Freehold,344307.70247933886,250000.0,121
Greenwich,2013-06-01,Leasehold,287955.4183006536,289950.0,153
Greenwich,2013-07-01,Freehold,425871.3253012048,310000.0,166
Greenwich,2013-07-01,Leasehold,288752.0675675676,252000.0,148
Greenwich,2013-08-01,Freehold,378517.5740740741,285497.5,162
Greenwich,2013-08-01,Leasehold,305730.4712041885,277500.0,191
Greenwich,2013-09-01,Freehold,347076.1678832117,310000.0,137
Greenwich,2013-09-01,Leasehold,307211.625,260815.0,200
Greenwich,2013-10-01,Freehold,328592.71875,272500.0,160
Greenwich,2013-10-01,Leasehold,348673.1055045872,315000.0,218
Greenwich,2013-11-01,Freehold,433700.0989010989,300250.0,182
Greenwich,2013-11-01,Leasehold,299518.3434343434,250000.0,198
Greenwich,2013-12-01,Freehold,388556.0466666667,297750.0,150
Greenwich,2013-12-01,Leasehold,309114.5566037736,275000.0,212
Greenwich,2014-01-01,Freehold,407068.16,299975.0,150
Greenwich,2014-01-01,Leasehold,315995.4318181818,299500.0,176
Greenwich,2014-02-01,Freehold,383896.4137931034,346000.0,116
Greenwich,2014-02-01,Leasehold,308063.61849710986,275000.0,173
Greenwich,2014-03-01,Freehold,357173.9745762712,285000.0,118
Greenwich,2014-03-01,Leasehold,286464.90476190473,250000.0,147
Greenwich,2014-04-01,Freehold,447730.59230769234,305300.0,130
Greenwich,2014-04-01,Leasehold,328903.01005025127,295000.0,199
Greenwich,2014-05-01,Freehold,409144.2866666667,342500.0,150
Greenwich,2014-05-01,Leasehold,392275.42159383034,350000.0,389
Greenwich,2014-06-01,Freehold,414935.24427480914,325000.0,131
Greenwich,2014-06-01,Leasehold,375207.7075812274,355000.0,277
Greenwich,2014-07-01,Freehold,421173.3072916667,327500.0,192
Greenwich,2014-07-01,Leasehold,332925.48630136985,310000.0,292
Greenwich,2014-08-01,Freehold,475662.9022988506,352500.0,174
Greenwich,2014-08-01,Leasehold,345664.6008403361,300000.0,238
Greenwich,2014-09-01,Freehold,399500.5923566879,320000.0,157
Greenwich,2014-09-01,Leasehold,323374.1266375546,275000.0,229
Greenwich,2014-10-01,Freehold,411495.4137931034,335000.0,174
Greenwich,2014-10-01,Leasehold,322050.55555555556,282500.0,189
Greenwich,2014-11-01,Freehold,430440.7890625,355000.0,128
Greenwich,2014-11-01,Leasehold,320229.5054347826,292500.0,184
Greenwich,2014-12-01,Freehold,402552.51020408166,352000.0,147
Greenwich,2014-12-01,Leasehold,342226.31213872833,293000.0,173
Greenwich,2015-01-01,Freehold,448387.5327868852,331000.0,122
Greenwich,2015-01-01,Leasehold,325150.5720930233,285000.0,215
Greenwich,2015-02-01,Freehold,408092.35042735044,330000.0,117
Greenwich,2015-02-01,Leasehold,333299.3799126638,305000.0,229
Greenwich,2015-03-01,Freehold,416962.75396825396,384750.0,126
Greenwich,2015-03-01,Leasehold,298307.63291139243,272500.0,158
Greenwich,2015-04-01,Freehold,421016.1121495327,350000.0,107
Greenwich,2015-04-01,Leasehold,325771.03100775194,310000.0,129
Greenwich,2015-05-01,Freehold,428401.1238938053,342000.0,113
Greenwich,2015-05-01,Leasehold,340588.9294871795,298500.0,156
Greenwich,2015-06-01,Freehold,481079.3237410072,375000.0,139
Greenwich,2015-06-01,Leasehold,370127.2471264368,319000.0,174
Greenwich,2015-07-01,Freehold,476744.9496855346,400000.0,159
Greenwich,2015-07-01,Leasehold,368707.9173553719,338750.0,242
Greenwich,2015-08-01,Freehold,471359.66233766236,382500.0,154
Greenwich,2015-08-01,Leasehold,349601.5864197531,325350.0,162
Greenwich,2015-09-01,Freehold,524822.5987261146,370000.0,157
Greenwich,2015-09-01,Leasehold,355487.9691629956,345000.0,227
Greenwich,2015-10-01,Freehold,532982.993006993,385000.0,143
Greenwich,2015-10-01,Leasehold,377407.46875,350000.0,192
Greenwich,2015-11-01,Freehold,449276.6893939394,367500.0,132
Greenwich,2015-11-01,Leasehold,401994.8865248227,394300.0,282
Greenwich,2015-12-01,Freehold,539281.4516129033,422500.0,124
Greenwich,2015-12-01,Leasehold,401964.4528301887,414995.0,318
Greenwich,2016-01-01,Freehold,457043.0530973451,392500.0,113
Greenwich,2016-01-01,Leasehold,383322.1666666667,349997.5,144
Greenwich,2016-02-01,Freehold,486390.4918032787,380000.0,122
Greenwich,2016-02-01,Leasehold,390744.6255924171,373000.0,211
Greenwich,2016-03-01,Freehold,531116.8921568628,404500.0,204
Greenwich,2016-03-01,Leasehold,378257.2097560976,345500.0,410
Greenwich,2016-04-01,Freehold,536063.8970588235,464000.0,68
Greenwich,2016-04-01,Leasehold,384026.1925925926,350000.0,135
Greenwich,2016-05-01,Freehold,506335.41237113404,404040.0,97
Greenwich,2016-05-01,Leasehold,386128.59375,345000.0,96
Greenwich,2016-06-01,Freehold,502988.31775700935,445000.0,107
Greenwich,2016-06-01,Leasehold,403271.274611399,376000.0,193
Greenwich,2016-07-01,Freehold,522418.6771653543,450000.0,127
Greenwich,2016-07-01,Leasehold,379026.91338582675,355000.0,127
Greenwich,2016-08-01,Freehold,535418.1290322581,432500.0,124
Greenwich,2016-08-01,Leasehold,418472.7290076336,376812.5,262
Greenwich,2016-09-01,Freehold,513264.7623762376,415000.0,101
Greenwich,2016-09-01,Leasehold,408714.8333333333,380000.0,210
Greenwich,2016-10-01,Freehold,494647.9646017699,395000.0,113
Greenwich,2016-10-01,Leasehold,497115.64782608696,509000.0,230
Greenwich,2016-11-01,Freehold,472582.7157894737,380000.0,95
Greenwich,2016-11-01,Leasehold,490126.5053763441,450000.0,186
Greenwich,2016-12-01,Freehold,516549.5402298851,448500.0,87
Greenwich,2016-12-01,Leasehold,413007.6460176991,408000.0,226
Greenwich,2017-01-01,Freehold,535943.6363636364,405000.0,99
Greenwich,2017-01-01,Leasehold,405311.58278145693,415000.0,151
Greenwich,2017-02-01,Freehold,512471.6391752577,428000.0,97
Greenwich,2017-02-01,Leasehold,362892.1034482759,342500.0,116
Greenwich,2017-03-01,Freehold,495152.1008403361,399000.0,119
Greenwich,2017-03-01,Leasehold,390420.71428571426,368460.0,154
Greenwich,2017-04-01,Freehold,496007.8125,433500.0,96
Greenwich,2017-04-01,Leasehold,400934.0,382500.0,130
Greenwich,2017-05-01,Freehold,506066.1145833333,429000.0,96
Greenwich,2017-05-01,Leasehold,420488.89240506326,420000.0,158
Greenwich,2017-06-01,Freehold,517108.5496183206,455000.0,131
Greenwich,2017-06-01,Leasehold,440715.95967741933,431250.0,248
Greenwich,2017-07-01,Freehold,523175.78571428574,452500.0,112
Greenwich,2017-07-01,Leasehold,416890.63186813187,383500.0,182
Greenwich,2017-08-01,Freehold,582017.896,475000.0,125
Greenwich,2017-08-01,Leasehold,408211.29770992365,364995.0,131
Greenwich,2017-09-01,Freehold,524981.1083333333,435000.0,120
Greenwich,2017-09-01,Leasehold,449170.27699530515,430000.0,213
Greenwich,2017-10-01,Freehold,582493.7593984962,440000.0,133
Greenwich,2017-10-01,Leasehold,454143.7037037037,440000.0,243
Greenwich,2017-11-01,Freehold,513130.0891089109,452000.0,101
Greenwich,2017-11-01,Leasehold,439953.26424870465,420000.0,193
Greenwich,2017-12-01,Freehold,509577.3157894737,439500.0,95
Greenwich,2017-12-01,Leasehold,411535.54140127386,380000.0,157
Greenwich,2018-01-01,Freehold,544175.641025641,432500.0,78
Greenwich,2018-01-01,Leasehold,452951.52,415000.0,125
Greenwich,2018-02-01,Freehold,459169.1919191919,415000.0,99
Greenwich,2018-02-01,Leasehold,429112.890625,375500.0,128
Greenwich,2018-03-01,Freehold,516206.3125,466000.0,112
Greenwich,2018-03-01,Leasehold,421906.32666666666,383497.5,150
Greenwich,2018-04-01,Freehold,551612.380952381,478750.0,84
Greenwich,2018-04-01,Leasehold,413884.039408867,401000.0,203
Greenwich,2018-05-01,Freehold,528513.6842105263,435000.0,95
Greenwich,2018-05-01,Leasehold,411689.82524271845,397000.0,206
Greenwich,2018-06-01,Freehold,564756.4959349594,490000.0,123
Greenwich,2018-06-01,Leasehold,421673.2908163265,420000.0,196
Greenwich,2018-07-01,Freehold,526497.0661157025,427000.0,121
Greenwich,2018-07-01,Leasehold,453086.25190839695,463891.5,262
Greenwich,2018-08-01,Freehold,540082.4166666666,460625.0,120
Greenwich,2018-08-01,Leasehold,473946.9428571428,453750.0,210
Greenwich,2018-09-01,Freehold,628635.9734513274,495000.0,113
Greenwich,2018-09-01,Leasehold,466599.34375,440000.0,160
Greenwich,2018-10-01,Freehold,527465.2950819673,467500.0,122
Greenwich,2018-10-01,Leasehold,450088.7219512195,450000.0,205
Greenwich,2018-11-01,Freehold,481697.3333333333,421000.0,105
Greenwich,2018-11-01,Leasehold,389684.0885416667,420500.0,192
Greenwich,2018-12-01,Freehold,522329.52702702704,427588.5,74
Greenwich,2018-12-01,Leasehold,431713.23423423426,410000.0,111
Greenwich,2019-01-01,Freehold,520312.22222222225,435000.0,99
Greenwich,2019-01-01,Leasehold,432226.2371794872,422250.0,156
Greenwich,2019-02-01,Freehold,584196.4647887324,497500.0,71
Greenwich,2019-02-01,Leasehold,499815.85310734465,475000.0,177
Greenwich,2019-03-01,Freehold,495282.20430107525,450000.0,93
Greenwich,2019-03-01,Leasehold,498561.51219512196,495000.0,205
Greenwich,2019-04-01,Freehold,529126.8421052631,445000.0,95
Greenwich,2019-04-01,Leasehold,449638.58208955225,414500.0,134
Greenwich,2019-05-01,Freehold,548679.8913043478,485000.0,92
Greenwich,2019-05-01,Leasehold,438282.5333333333,425500.0,150
Greenwich,2019-06-01,Freehold,516206.8541666667,450000.0,96
Greenwich,2019-06-01,Leasehold,414005.4528301887,401112.5,106
Greenwich,2019-07-01,Freehold,574505.5185185185,471000.0,108
Greenwich,2019-07-01,Leasehold,512554.77714285714,500000.0,175
Greenwich,2019-08-01,Freehold,540891.0,485000.0,123
Greenwich,2019-08-01,Leasehold,481735.24884792627,489600.0,217
Greenwich,2019-09-01,Freehold,591860.7037037037,503500.0,135
Greenwich,2019-09-01,Leasehold,540724.2678571428,527690.0,168
Greenwich,2019-10-01,Freehold,551583.6160714285,452500.0,112
Greenwich,2019-10-01,Leasehold,454885.08484848484,438000.0,165
Greenwich,2019-11-01,Freehold,514232.64957264956,462500.0,117
Greenwich,2019-11-01,Leasehold,443967.20118343196,445000.0,169
Greenwich,2019-12-01,Freehold,545056.6960784313,426000.0,102
Greenwich,2019-12-01,Leasehold,452080.5497382199,430000.0,191
Greenwich,2020-01-01,Freehold,593949.032967033,488000.0,91
Greenwich,2020-01-01,Leasehold,443274.2389380531,425000.0,113
Greenwich,2020-02-01,Freehold,531339.6774193548,445000.0,93
Greenwich,2020-02-01,Leasehold,466102.4683544304,498972.5,158
Greenwich,2020-03-01,Freehold,553551.0416666666,458000.0,96
Greenwich,2020-03-01,Leasehold,440944.1721854305,438550.0,151
Greenwich,2020-04-01,Freehold,563017.4418604651,437000.0,43
Greenwich,2020-04-01,Leasehold,488349.89873417723,482500.0,79
Greenwich,2020-05-01,Freehold,496445.55555555556,400000.0,45
Greenwich,2020-05-01,Leasehold,423503.29824561405,430000.0,57
Greenwich,2020-06-01,Freehold,593284.9056603773,499950.0,53
Greenwich,2020-06-01,Leasehold,399760.3125,368500.0,80
Greenwich,2020-07-01,Freehold,579634.4,490000.0,85
Greenwich,2020-07-01,Leasehold,431528.58461538464,420000.0,130
Greenwich,2020-08-01,Freehold,579654.6813186813,460000.0,91
Greenwich,2020-08-01,Leasehold,418033.36842105264,407500.0,114
Greenwich,2020-09-01,Freehold,603514.1414141414,497000.0,99
Greenwich,2020-09-01,Leasehold,451129.08461538464,447500.0,130
Greenwich,2020-10-01,Freehold,605154.8412698413,510000.0,126
Greenwich,2020-10-01,Leasehold,442198.44736842107,448500.0,228
Greenwich,2020-11-01,Freehold,589769.6913580247,525000.0,162
Greenwich,2020-11-01,Leasehold,470291.70707070705,472400.0,198
Greenwich,2020-12-01,Freehold,590678.1589403973,523000.0,151
Greenwich,2020-12-01,Leasehold,448365.5043859649,451750.0,228
Greenwich,2021-01-01,Freehold,610032.3287671233,530000.0,146
Greenwich,2021-01-01,Leasehold,471696.5298507463,478000.0,134
Greenwich,2021-02-01,Freehold,528559.343373494,470000.0,166
Greenwich,2021-02-01,Leasehold,457150.9754601227,450000.0,163
Greenwich,2021-03-01,Freehold,553342.7595419848,475000.0,262
Greenwich,2021-03-01,Leasehold,410106.7942857143,390000.0,175
Greenwich,2021-04-01,Freehold,579020.6343283582,507500.0,134
Greenwich,2021-04-01,Leasehold,396469.63503649633,387000.0,137
Greenwich,2021-05-01,Freehold,550530.1346153846,467500.0,104
Greenwich,2021-05-01,Leasehold,443782.8869047619,440000.0,168
Greenwich,2021-06-01,Freehold,613445.8308457711,520000.0,402
Greenwich,2021-06-01,Leasehold,455236.97792494483,420000.0,453
Greenwich,2021-07-01,Freehold,603732.4324324324,535000.0,37
Greenwich,2021-07-01,Leasehold,348588.38028169016,324000.0,71
Greenwich,2021-08-01,Freehold,586038.9390243902,471000.0,82
Greenwich,2021-08-01,Leasehold,427794.6666666667,428562.5,156
Greenwich,2021-09-01,Freehold,637239.6242774567,518500.0,173
Greenwich,2021-09-01,Leasehold,433221.045,420000.0,200
Greenwich,2021-10-01,Freehold,613288.4461538461,485000.0,65
Greenwich,2021-10-01,Leasehold,420312.4031007752,415000.0,129
Greenwich,2021-11-01,Freehold,570798.0846153846,508000.0,130
Greenwich,2021-11-01,Leasehold,412274.765625,385000.0,128
Greenwich,2021-12-01,Freehold,583721.5196078431,499000.0,102
Greenwich,2021-12-01,Leasehold,437454.891025641,430000.0,156
Greenwich,2022-01-01,Freehold,649363.9326923077,507500.0,104
Greenwich,2022-01-01,Leasehold,482489.3382352941,470250.0,136
Greenwich,2022-02-01,Freehold,635372.175925926,500000.0,108
Greenwich,2022-02-01,Leasehold,456625.9455782313,425000.0,147
Greenwich,2022-03-01,Freehold,602096.3917525773,516500.0,97
Greenwich,2022-03-01,Leasehold,407797.4452554745,370000.0,137
Greenwich,2022-04-01,Freehold,590712.8865979381,485000.0,97
Greenwich,2022-04-01,Leasehold,435686.6666666667,405000.0,123
Greenwich,2022-05-01,Freehold,626158.5714285715,575000.0,105
Greenwich,2022-05-01,Leasehold,456336.0740740741,420000.0,135
Greenwich,2022-06-01,Freehold,604121.3652173913,600000.0,115
Greenwich,2022-06-01,Leasehold,485060.9635416667,472650.0,192
Greenwich,2022-07-01,Freehold,662690.873015873,580000.0,126
Greenwich,2022-07-01,Leasehold,464690.4368932039,450000.0,206
Greenwich,2022-08-01,Freehold,740448.7723577236,580000.0,123
Greenwich,2022-08-01,Leasehold,498593.55319148937,494000.0,235
Greenwich,2022-09-01,Freehold,661761.1166666667,557500.0,120
Greenwich,2022-09-01,Leasehold,430749.5438596491,405000.0,171
Greenwich,2022-10-01,Freehold,648713.9763779527,545000.0,127
Greenwich,2022-10-01,Leasehold,448832.41361256543,455000.0,191
Greenwich,2022-11-01,Freehold,618737.5,535000.0,116
Greenwich,2022-11-01,Leasehold,421265.28484848485,418500.0,165
Greenwich,2022-12-01,Freehold,625597.9090909091,525000.0,99
Greenwich,2022-12-01,Leasehold,436485.3333333333,410000.0,135
Greenwich,2023-01-01,Freehold,634848.5977011494,555000.0,87
Greenwich,2023-01-01,Leasehold,447672.28155339806,430000.0,103
Greenwich,2023-02-01,Freehold,595560.3125,512500.0,80
Greenwich,2023-02-01,Leasehold,443869.6666666667,409000.0,90
Greenwich,2023-03-01,Freehold,623727.1358024691,555000.0,81
Greenwich,2023-03-01,Leasehold,378215.42452830187,347000.0,106
Greenwich,2023-04-01,Freehold,544062.8571428572,501250.0,70
Greenwich,2023-04-01,Leasehold,396390.625,377500.0,56
Greenwich,2023-05-01,Freehold,531065.625,466500.0,80
Greenwich,2023-05-01,Leasehold,387894.0,375000.0,81
Greenwich,2023-06-01,Freehold,616618.2688172043,510000.0,93
Greenwich,2023-06-01,Leasehold,441668.82653061225,422500.0,98
Greenwich,2023-07-01,Freehold,697687.2941176471,551250.0,102
Greenwich,2023-07-01,Leasehold,466462.7619047619,418000.0,105
Greenwich,2023-08-01,Freehold,654472.9345794392,550000.0,107
Greenwich,2023-08-01,Leasehold,436822.8968253968,395000.0,126
Greenwich,2023-09-01,Freehold,629193.1217391305,525000.0,115
Greenwich,2023-09-01,Leasehold,463472.89705882355,445000.0,136
Greenwich,2023-10-01,Freehold,608363.8202247191,530000.0,89
Greenwich,2023-10-01,Leasehold,400911.39795918367,375000.0,98
Greenwich,2023-11-01,Freehold,605195.7047619048,550000.0,105
Greenwich,2023-11-01,Leasehold,405918.39130434784,369000.0,92
Greenwich,2023-12-01,Freehold,610198.0975609756,510000.0,82
Greenwich,2023-12-01,Leasehold,402692.85714285716,391000.0,112
Greenwich,2024-01-01,Freehold,636476.5972222222,545000.0,72
Greenwich,2024-01-01,Leasehold,400764.9347826087,386500.0,92
Greenwich,2024-02-01,Freehold,593356.6056338028,472000.0,71
Greenwich,2024-02-01,Leasehold,478314.8461538461,458000.0,117
Greenwich,2024-03-01,Freehold,634241.0638297872,521250.0,94
Greenwich,2024-03-01,Leasehold,468999.07975460123,458400.0,163
Greenwich,2024-04-01,Freehold,591894.3661971831,520000.0,71
Greenwich,2024-04-01,Leasehold,394767.81,375000.0,100
Greenwich,2024-05-01,Freehold,649397.2727272727,526500.0,110
Greenwich,2024-05-01,Leasehold,478602.4624277457,450800.0,173
Greenwich,2024-06-01,Freehold,707284.469879518,600000.0,83
Greenwich,2024-06-01,Leasehold,434915.82905982906,430000.0,117
Greenwich,2024-07-01,Freehold,625292.2764227642,540000.0,123
Greenwich,2024-07-01,Leasehold,463014.1796875,435000.0,128
Greenwich,2024-08-01,Freehold,723957.375,597500.0,144
Greenwich,2024-08-01,Leasehold,440095.2876712329,405100.0,146
Greenwich,2024-09-01,Freehold,658046.2333333333,556375.0,120
Greenwich,2024-09-01,Leasehold,441830.28571428574,429500.0,154
Greenwich,2024-10-01,Freehold,580077.7777777778,495000.0,117
Greenwich,2024-10-01,Leasehold,428325.1461988304,415000.0,171
Greenwich,2024-11-01,Freehold,609565.5333333333,565000.0,135
Greenwich,2024-11-01,Leasehold,415102.9411764706,400000.0,136
Greenwich,2024-12-01,Freehold,597566.6666666666,500000.0,105
Greenwich,2024-12-01,Leasehold,429873.80152671755,401000.0,131
Greenwich,2025-01-01,Freehold,601199.6120689656,520000.0,116
Greenwich,2025-01-01,Leasehold,429349.8062015504,415000.0,129
Greenwich,2025-02-01,Freehold,601121.072,501000.0,125
Greenwich,2025-02-01,Leasehold,445606.0416666667,441950.0,120
Greenwich,2025-03-01,Freehold,612213.9628099174,573750.0,242
Greenwich,2025-03-01,Leasehold,441837.82950819674,425000.0,305
Greenwich,2025-04-01,Freehold,666462.9629629629,485000.0,27
Greenwich,2025-04-01,Leasehold,401110.4310344828,380000.0,58
Greenwich,2025-05-01,Freehold,718856.5223880596,573500.0,67
Greenwich,2025-05-01,Leasehold,432692.5882352941,400000.0,68
Greenwich,2025-06-01,Freehold,632109.9,520000.0,100
Greenwich,2025-06-01,Leasehold,435801.07216494845,365000.0,97
Greenwich,2025-07-01,Freehold,649924.3114754099,522187.5,122
Greenwich,2025-07-01,Leasehold,413102.5922330097,385000.0,103
Greenwich,2025-08-01,Freehold,595783.4756097561,538500.0,82
Greenwich,2025-08-01,Leasehold,398560.33653846156,372500.0,104
Greenwich,2025-09-01,Freehold,609413.5046728972,550000.0,107
Greenwich,2025-09-01,Leasehold,405055.6338028169,385000.0,71
Greenwich,2025-10-01,Freehold,589600.4495412844,525000.0,109
Greenwich,2025-10-01,Leasehold,383009.23529411765,350000.0,85
Greenwich,2025-11-01,Freehold,641674.0493827161,500000.0,81
Greenwich,2025-11-01,Leasehold,366178.76712328766,325000.0,73
Greenwich,2025-12-01,Freehold,571414.1216216217,497250.0,74
Greenwich,2025-12-01,Leasehold,413893.091954023,389550.0,87
Greenwich,2026-01-01,Freehold,649003.5692307692,560000.0,65
Greenwich,2026-01-01,Leasehold,415429.95945945947,402500.0,74
Greenwich,2026-02-01,Freehold,553302.5679012346,495000.0,81
Greenwich,2026-02-01,Leasehold,377008.6206896552,352500.0,58
Greenwich,2026-03-01,Freehold,629542.6470588235,537500.0,68
Greenwich,2026-03-01,Leasehold,382262.1212121212,378600.0,66
Greenwich,2026-04-01,Freehold,651317.4375,555000.0,64
Greenwich,2026-04-01,Leasehold,388053.91803278687,365000.0,61
Greenwich,2026-05-01,Freehold,630420.7894736842,500000.0,19
Greenwich,2026-05-01,Leasehold,475302.77777777775,457500.0,18
Hackney,2006-01-01,Freehold,343513.11475409835,335000.0,61
Hackney,2006-01-01,Leasehold,224748.31606217616,205000.0,193
Hackney,2006-02-01,Freehold,363504.09433962265,333888.0,53
Hackney,2006-02-01,Leasehold,231136.87692307692,213000.0,195
Hackney,2006-03-01,Freehold,388285.68,360000.0,75
Hackney,2006-03-01,Leasehold,216109.8,201000.0,230
Hackney,2006-04-01,Freehold,380102.76923076925,365000.0,52
Hackney,2006-04-01,Leasehold,242483.61728395062,224000.0,162
Hackney,2006-05-01,Freehold,387337.80303030304,393500.0,66
Hackney,2006-05-01,Leasehold,226756.69035532995,210000.0,197
Hackney,2006-06-01,Freehold,420445.8783783784,411500.0,74
Hackney,2006-06-01,Leasehold,230278.57345971564,215000.0,211
Hackney,2006-07-01,Freehold,387310.7792207792,365000.0,77
Hackney,2006-07-01,Leasehold,255318.33333333334,246275.0,258
Hackney,2006-08-01,Freehold,428472.4683544304,420000.0,79
Hackney,2006-08-01,Leasehold,242363.4802631579,225500.0,304
Hackney,2006-09-01,Freehold,424790.60294117645,437500.0,68
Hackney,2006-09-01,Leasehold,244468.83673469388,230000.0,245
Hackney,2006-10-01,Freehold,425623.3064516129,400000.0,62
Hackney,2006-10-01,Leasehold,249952.96929824562,234250.0,228
Hackney,2006-11-01,Freehold,425213.4,388000.0,75
Hackney,2006-11-01,Leasehold,243675.37768240343,230000.0,233
Hackney,2006-12-01,Freehold,450098.9855072464,395000.0,69
Hackney,2006-12-01,Leasehold,241718.80269058296,225000.0,223
Hackney,2007-01-01,Freehold,406126.1538461539,380000.0,65
Hackney,2007-01-01,Leasehold,237974.42777777778,225000.0,180
Hackney,2007-02-01,Freehold,405347.1551724138,372500.0,58
Hackney,2007-02-01,Leasehold,254741.1945945946,232650.0,185
Hackney,2007-03-01,Freehold,464322.71428571426,430000.0,70
Hackney,2007-03-01,Leasehold,254187.13513513515,235000.0,222
Hackney,2007-04-01,Freehold,446305.56451612903,450000.0,62
Hackney,2007-04-01,Leasehold,260032.5023255814,239950.0,215
Hackney,2007-05-01,Freehold,466560.43209876545,445000.0,81
Hackney,2007-05-01,Leasehold,265067.6861924686,249995.0,239
Hackney,2007-06-01,Freehold,522057.1875,499999.5,64
Hackney,2007-06-01,Leasehold,247317.82178217822,230000.0,303
Hackney,2007-07-01,Freehold,491330.7419354839,490000.0,62
Hackney,2007-07-01,Leasehold,274338.3696498054,248000.0,257
Hackney,2007-08-01,Freehold,492604.3645833333,467500.0,96
Hackney,2007-08-01,Leasehold,286968.8396946565,262500.0,262
Hackney,2007-09-01,Freehold,554356.091954023,517000.0,87
Hackney,2007-09-01,Leasehold,269783.1666666667,247750.0,270
Hackney,2007-10-01,Freehold,564505.5964912281,560200.0,57
Hackney,2007-10-01,Leasehold,286676.7596899225,273000.0,258
Hackney,2007-11-01,Freehold,512893.84210526315,495000.0,57
Hackney,2007-11-01,Leasehold,279538.53125,250000.0,256
Hackney,2007-12-01,Freehold,477930.4166666667,467500.0,36
Hackney,2007-12-01,Leasehold,267655.5637254902,250000.0,204
Hackney,2008-01-01,Freehold,525000.2777777778,477500.0,36
Hackney,2008-01-01,Leasehold,264596.2323943662,250000.0,142
Hackney,2008-02-01,Freehold,520170.10638297873,528000.0,47
Hackney,2008-02-01,Leasehold,250075.19285714286,230750.0,140
Hackney,2008-03-01,Freehold,512283.0,485000.0,35
Hackney,2008-03-01,Leasehold,265446.32653061225,250000.0,147
Hackney,2008-04-01,Freehold,462980.0,381000.0,29
Hackney,2008-04-01,Leasehold,284643.1642857143,250000.0,140
Hackney,2008-05-01,Freehold,511017.11363636365,457500.0,44
Hackney,2008-05-01,Leasehold,303474.5,270000.0,120
Hackney,2008-06-01,Freehold,536533.7837837838,475000.0,37
Hackney,2008-06-01,Leasehold,297406.41509433964,256500.0,106
Hackney,2008-07-01,Freehold,520696.4285714286,500000.0,28
Hackney,2008-07-01,Leasehold,269873.8,250000.0,120
Hackney,2008-08-01,Freehold,454863.4090909091,380000.0,22
Hackney,2008-08-01,Leasehold,275878.9801980198,248000.0,101
Hackney,2008-09-01,Freehold,520041.3043478261,482500.0,23
Hackney,2008-09-01,Leasehold,277157.17741935485,249997.5,62
Hackney,2008-10-01,Freehold,464857.14285714284,408000.0,21
Hackney,2008-10-01,Leasehold,229448.8494623656,217000.0,93
Hackney,2008-11-01,Freehold,500254.1176470588,491000.0,17
Hackney,2008-11-01,Leasehold,295082.37234042556,300000.0,94
Hackney,2008-12-01,Freehold,349038.46153846156,378000.0,13
Hackney,2008-12-01,Leasehold,258912.18897637795,227000.0,127
Hackney,2009-01-01,Freehold,393566.6,327500.0,15
Hackney,2009-01-01,Leasehold,274045.79411764705,257500.0,68
Hackney,2009-02-01,Freehold,456901.90476190473,400000.0,21
Hackney,2009-02-01,Leasehold,283979.03225806454,238000.0,62
Hackney,2009-03-01,Freehold,510906.8181818182,497500.0,22
Hackney,2009-03-01,Leasehold,282532.17333333334,249700.0,75
Hackney,2009-04-01,Freehold,444926.4705882353,430000.0,17
Hackney,2009-04-01,Leasehold,209775.53956834532,184000.0,139
Hackney,2009-05-01,Freehold,418128.5714285714,400000.0,21
Hackney,2009-05-01,Leasehold,267374.3888888889,250000.0,90
Hackney,2009-06-01,Freehold,515280.0,490000.0,25
Hackney,2009-06-01,Leasehold,261833.45833333334,249497.5,168
Hackney,2009-07-01,Freehold,486215.4761904762,485000.0,42
Hackney,2009-07-01,Leasehold,294352.1512605042,288000.0,119
Hackney,2009-08-01,Freehold,461391.86486486485,445000.0,37
Hackney,2009-08-01,Leasehold,296282.4910179641,290000.0,167
Hackney,2009-09-01,Freehold,578103.3333333334,499800.0,30
Hackney,2009-09-01,Leasehold,277857.5395683453,250000.0,139
Hackney,2009-10-01,Freehold,443877.79069767444,430000.0,43
Hackney,2009-10-01,Leasehold,268943.2953020134,249950.0,149
Hackney,2009-11-01,Freehold,542435.7692307692,500000.0,39
Hackney,2009-11-01,Leasehold,265016.39743589744,235000.0,156
Hackney,2009-12-01,Freehold,508891.9038461539,500000.0,52
Hackney,2009-12-01,Leasehold,291629.30348258704,255000.0,201
Hackney,2010-01-01,Freehold,499442.4583333333,465000.0,48
Hackney,2010-01-01,Leasehold,293720.4423076923,254500.0,104
Hackney,2010-02-01,Freehold,500344.23076923075,510000.0,26
Hackney,2010-02-01,Leasehold,265382.94782608695,250000.0,115
Hackney,2010-03-01,Freehold,488615.1842105263,500000.0,38
Hackney,2010-03-01,Leasehold,289071.8306451613,250000.0,124
Hackney,2010-04-01,Freehold,577553.9189189189,570000.0,37
Hackney,2010-04-01,Leasehold,305610.0805369128,250000.0,149
Hackney,2010-05-01,Freehold,526516.6764705882,485000.0,34
Hackney,2010-05-01,Leasehold,284887.3275862069,249499.5,116
Hackney,2010-06-01,Freehold,557618.4444444445,560000.0,45
Hackney,2010-06-01,Leasehold,300758.60447761195,275000.0,134
Hackney,2010-07-01,Freehold,507421.262295082,485000.0,61
Hackney,2010-07-01,Leasehold,292712.39864864864,250000.0,148
Hackney,2010-08-01,Freehold,594521.052631579,600000.0,57
Hackney,2010-08-01,Leasehold,296683.067114094,275000.0,149
Hackney,2010-09-01,Freehold,629349.3255813953,590000.0,43
Hackney,2010-09-01,Leasehold,281053.07692307694,250000.0,156
Hackney,2010-10-01,Freehold,554326.3414634146,540000.0,41
Hackney,2010-10-01,Leasehold,274132.743902439,249173.0,164
Hackney,2010-11-01,Freehold,558046.6216216217,565000.0,37
Hackney,2010-11-01,Leasehold,251719.8058252427,236500.0,206
Hackney,2010-12-01,Freehold,583801.2765957447,585000.0,47
Hackney,2010-12-01,Leasehold,293622.26666666666,261719.0,150
Hackney,2011-01-01,Freehold,580290.3225806452,550000.0,31
Hackney,2011-01-01,Leasehold,291187.3551401869,266500.0,107
Hackney,2011-02-01,Freehold,614874.96875,620000.0,32
Hackney,2011-02-01,Leasehold,286767.9693877551,250000.0,98
Hackney,2011-03-01,Freehold,456154.4117647059,464000.0,34
Hackney,2011-03-01,Leasehold,271717.39215686277,249999.5,102
Hackney,2011-04-01,Freehold,590838.7096774194,550000.0,31
Hackney,2011-04-01,Leasehold,280032.1546391753,250000.0,97
Hackney,2011-05-01,Freehold,530827.8571428572,555000.0,42
Hackney,2011-05-01,Leasehold,250436.6935483871,222500.0,124
Hackney,2011-06-01,Freehold,566352.9722222222,542500.0,36
Hackney,2011-06-01,Leasehold,298591.62814070354,277000.0,199
Hackney,2011-07-01,Freehold,571602.3571428572,606250.0,42
Hackney,2011-07-01,Leasehold,289266.1690140845,250000.0,142
Hackney,2011-08-01,Freehold,620925.3559322034,580000.0,59
Hackney,2011-08-01,Leasehold,297070.50697674416,283500.0,215
Hackney,2011-09-01,Freehold,542247.7647058824,490000.0,51
Hackney,2011-09-01,Leasehold,332553.6875,315000.0,224
Hackney,2011-10-01,Freehold,536851.1860465116,500000.0,43
Hackney,2011-10-01,Leasehold,300403.9855072464,268000.0,138
Hackney,2011-11-01,Freehold,571262.5,540150.0,48
Hackney,2011-11-01,Leasehold,299698.98013245035,280000.0,151
Hackney,2011-12-01,Freehold,536824.2391304348,513000.0,46
Hackney,2011-12-01,Leasehold,319683.8782051282,299975.0,156
Hackney,2012-01-01,Freehold,589682.2972972973,598000.0,37
Hackney,2012-01-01,Leasehold,306327.6703296703,287300.0,91
Hackney,2012-02-01,Freehold,679957.3529411765,663000.0,34
Hackney,2012-02-01,Leasehold,300295.9880952381,282250.0,168
Hackney,2012-03-01,Freehold,570649.8484848485,600000.0,33
Hackney,2012-03-01,Leasehold,279901.6157894737,250000.0,190
Hackney,2012-04-01,Freehold,624982.7586206896,590000.0,29
Hackney,2012-04-01,Leasehold,312739.656,302000.0,125
Hackney,2012-05-01,Freehold,567891.6341463415,547500.0,41
Hackney,2012-05-01,Leasehold,311451.13907284767,280000.0,151
Hackney,2012-06-01,Freehold,642917.9,612500.0,40
Hackney,2012-06-01,Leasehold,317036.2215909091,292500.0,176
Hackney,2012-07-01,Freehold,659005.5087719298,610000.0,57
Hackney,2012-07-01,Leasehold,325767.83435582824,291750.0,163
Hackney,2012-08-01,Freehold,643762.2448979592,640000.0,49
Hackney,2012-08-01,Leasehold,332197.53526970954,303000.0,241
Hackney,2012-09-01,Freehold,618496.475,607500.0,40
Hackney,2012-09-01,Leasehold,345835.1550387597,320000.0,258
Hackney,2012-10-01,Freehold,634885.7441860465,647270.0,43
Hackney,2012-10-01,Leasehold,334779.9109947644,310000.0,191
Hackney,2012-11-01,Freehold,696472.6153846154,670000.0,39
Hackney,2012-11-01,Leasehold,332386.3789473684,322500.0,190
Hackney,2012-12-01,Freehold,596867.45,567749.5,40
Hackney,2012-12-01,Leasehold,356255.13145539904,345000.0,213
Hackney,2013-01-01,Freehold,677712.3333333334,661500.0,36
Hackney,2013-01-01,Leasehold,345525.856,305000.0,125
Hackney,2013-02-01,Freehold,855732.8695652174,711250.0,23
Hackney,2013-02-01,Leasehold,330161.5857142857,310500.0,140
Hackney,2013-03-01,Freehold,519119.96,550000.0,25
Hackney,2013-03-01,Leasehold,356859.84523809527,327500.0,168
Hackney,2013-04-01,Freehold,672173.4722222222,617500.0,36
Hackney,2013-04-01,Leasehold,380753.0,368250.0,182
Hackney,2013-05-01,Freehold,650474.7058823529,652220.0,34
Hackney,2013-05-01,Leasehold,386778.69736842107,345000.0,228
Hackney,2013-06-01,Freehold,680280.7435897436,663000.0,39
Hackney,2013-06-01,Leasehold,382680.26829268294,385000.0,205
Hackney,2013-07-01,Freehold,680734.4893617021,640000.0,47
Hackney,2013-07-01,Leasehold,376248.7850877193,338750.0,228
Hackney,2013-08-01,Freehold,725159.7916666666,691675.0,48
Hackney,2013-08-01,Leasehold,392928.81176470587,368500.0,255
Hackney,2013-09-01,Freehold,817766.0,725000.0,48
Hackney,2013-09-01,Leasehold,398030.3966480447,357000.0,179
Hackney,2013-10-01,Freehold,685499.9736842106,677500.0,38
Hackney,2013-10-01,Leasehold,370112.88165680476,340000.0,169
Hackney,2013-11-01,Freehold,825211.552631579,795000.0,38
Hackney,2013-11-01,Leasehold,375646.295,340000.0,200
Hackney,2013-12-01,Freehold,755248.5416666666,754750.0,48
Hackney,2013-12-01,Leasehold,382078.39673913043,366000.0,184
Hackney,2014-01-01,Freehold,717191.3793103448,661099.0,29
Hackney,2014-01-01,Leasehold,408971.1203007519,375000.0,133
Hackney,2014-02-01,Freehold,765442.2619047619,705000.0,42
Hackney,2014-02-01,Leasehold,437539.50471698114,399250.0,212
Hackney,2014-03-01,Freehold,818757.65625,790000.0,32
Hackney,2014-03-01,Leasehold,425069.5722543353,380000.0,173
Hackney,2014-04-01,Freehold,881222.5806451613,855000.0,31
Hackney,2014-04-01,Leasehold,422314.6683168317,387000.0,202
Hackney,2014-05-01,Freehold,880173.2,905000.0,35
Hackney,2014-05-01,Leasehold,441450.14973262034,400000.0,187
Hackney,2014-06-01,Freehold,881228.4074074074,902000.0,27
Hackney,2014-06-01,Leasehold,445201.39705882355,430000.0,272
Hackney,2014-07-01,Freehold,1068339.0,1010020.0,26
Hackney,2014-07-01,Leasehold,446266.7301587302,425000.0,252
Hackney,2014-08-01,Freehold,962819.4444444445,946250.0,36
Hackney,2014-08-01,Leasehold,467530.67980295565,420000.0,203
Hackney,2014-09-01,Freehold,863584.380952381,822500.0,42
Hackney,2014-09-01,Leasehold,450396.668202765,422000.0,217
Hackney,2014-10-01,Freehold,1038553.9761904762,995000.0,42
Hackney,2014-10-01,Leasehold,444170.4641350211,400000.0,237
Hackney,2014-11-01,Freehold,820927.4,830550.0,30
Hackney,2014-11-01,Leasehold,428585.9583333333,397475.0,168
Hackney,2014-12-01,Freehold,930840.0,905000.0,25
Hackney,2014-12-01,Leasehold,453518.2153846154,435000.0,195
Hackney,2015-01-01,Freehold,923141.2608695652,910000.0,23
Hackney,2015-01-01,Leasehold,415745.8552631579,350000.0,152
Hackney,2015-02-01,Freehold,1115845.851851852,1065000.0,27
Hackney,2015-02-01,Leasehold,445358.19847328245,405000.0,131
Hackney,2015-03-01,Freehold,914444.4444444445,980000.0,27
Hackney,2015-03-01,Leasehold,417547.9324324324,395975.0,148
Hackney,2015-04-01,Freehold,884722.7567567568,795000.0,37
Hackney,2015-04-01,Leasehold,474688.4742268041,458000.0,194
Hackney,2015-05-01,Freehold,997136.2121212122,969995.0,33
Hackney,2015-05-01,Leasehold,474428.9411764706,435000.0,187
Hackney,2015-06-01,Freehold,951973.8888888889,910000.0,36
Hackney,2015-06-01,Leasehold,512621.6230769231,460000.0,260
Hackney,2015-07-01,Freehold,966258.7083333334,876125.0,48
Hackney,2015-07-01,Leasehold,500276.7,465000.0,310
Hackney,2015-08-01,Freehold,949685.1219512195,875000.0,41
Hackney,2015-08-01,Leasehold,534943.2083333334,470150.0,288
Hackney,2015-09-01,Freehold,914925.84375,882500.0,32
Hackney,2015-09-01,Leasehold,499932.94535519124,445000.0,183
Hackney,2015-10-01,Freehold,989338.0238095238,942825.0,42
Hackney,2015-10-01,Leasehold,490527.73604060913,460000.0,197
Hackney,2015-11-01,Freehold,1057265.189189189,1052500.0,37
Hackney,2015-11-01,Leasehold,514328.7182320442,497500.0,181
Hackney,2015-12-01,Freehold,1071104.2857142857,937000.0,35
Hackney,2015-12-01,Leasehold,575310.111675127,508000.0,197
Hackney,2016-01-01,Freehold,1026348.4848484849,990000.0,33
Hackney,2016-01-01,Leasehold,548153.5241935484,529000.0,124
Hackney,2016-02-01,Freehold,874655.1724137932,825000.0,29
Hackney,2016-02-01,Leasehold,508582.28,475000.0,125
Hackney,2016-03-01,Freehold,1100536.44,1047500.0,50
Hackney,2016-03-01,Leasehold,565517.5423280423,519400.0,378
Hackney,2016-04-01,Freehold,1017115.3846153846,985000.0,13
Hackney,2016-04-01,Leasehold,501594.6875,475000.0,144
Hackney,2016-05-01,Freehold,1024993.8518518518,1010000.0,27
Hackney,2016-05-01,Leasehold,485808.7852348993,472500.0,149
Hackney,2016-06-01,Freehold,1023464.2857142857,1162500.0,28
Hackney,2016-06-01,Leasehold,542522.2,513000.0,150
Hackney,2016-07-01,Freehold,1120261.3636363635,1017500.0,22
Hackney,2016-07-01,Leasehold,532580.5838509317,500000.0,161
Hackney,2016-08-01,Freehold,1075102.7692307692,997500.0,39
Hackney,2016-08-01,Leasehold,524194.75625,483000.0,160
Hackney,2016-09-01,Freehold,1097527.142857143,980000.0,35
Hackney,2016-09-01,Leasehold,503645.9453125,457500.0,128
Hackney,2016-10-01,Freehold,966272.7142857143,1027500.0,28
Hackney,2016-10-01,Leasehold,514837.13812154694,471000.0,181
Hackney,2016-11-01,Freehold,976452.380952381,767500.0,21
Hackney,2016-11-01,Leasehold,535405.619047619,490455.0,210
Hackney,2016-12-01,Freehold,1109614.1,1090000.0,30
Hackney,2016-12-01,Leasehold,536019.7069767442,522500.0,215
Hackney,2017-01-01,Freehold,1192075.0740740742,1165000.0,27
Hackney,2017-01-01,Leasehold,607852.655629139,570000.0,151
Hackney,2017-02-01,Freehold,980866.6666666666,967500.0,30
Hackney,2017-02-01,Leasehold,507084.2028985507,474500.0,138
Hackney,2017-03-01,Freehold,1045386.6,1100000.0,25
Hackney,2017-03-01,Leasehold,477696.5355191257,425000.0,183
Hackney,2017-04-01,Freehold,1060088.7096774194,960000.0,31
Hackney,2017-04-01,Leasehold,495490.5140845071,466500.0,142
Hackney,2017-05-01,Freehold,1155125.0,1017500.0,24
Hackney,2017-05-01,Leasehold,504409.0571428572,493750.0,140
Hackney,2017-06-01,Freehold,1060041.6666666667,985000.0,24
Hackney,2017-06-01,Leasehold,499436.5798319328,468000.0,119
Hackney,2017-07-01,Freehold,1063860.25,1077500.0,40
Hackney,2017-07-01,Leasehold,492447.9772727273,478750.0,176
Hackney,2017-08-01,Freehold,1182621.8085106383,1150000.0,47
Hackney,2017-08-01,Leasehold,530377.4161490683,495000.0,161
Hackney,2017-09-01,Freehold,1116838.2352941176,1155000.0,34
Hackney,2017-09-01,Leasehold,463633.1283783784,437500.0,148
Hackney,2017-10-01,Freehold,1151449.875,1087500.0,40
Hackney,2017-10-01,Leasehold,495367.5974025974,500000.0,154
Hackney,2017-11-01,Freehold,1207656.7419354839,1130000.0,31
Hackney,2017-11-01,Leasehold,477724.8076923077,465000.0,130
Hackney,2017-12-01,Freehold,1107145.1612903227,1085000.0,31
Hackney,2017-12-01,Leasehold,568619.9082969432,545000.0,229
Hackney,2018-01-01,Freehold,1247382.3529411764,1072500.0,17
Hackney,2018-01-01,Leasehold,536598.1045751635,500000.0,153
Hackney,2018-02-01,Freehold,1133215.5172413792,1150000.0,29
Hackney,2018-02-01,Leasehold,538920.4234234234,510000.0,111
Hackney,2018-03-01,Freehold,844304.95,868049.5,20
Hackney,2018-03-01,Leasehold,493146.7804878049,456250.0,123
Hackney,2018-04-01,Freehold,1119788.0967741935,1065000.0,31
Hackney,2018-04-01,Leasehold,511497.10714285716,475000.0,112
Hackney,2018-05-01,Freehold,1160869.5652173914,1050000.0,23
Hackney,2018-05-01,Leasehold,517513.70229007635,487000.0,131
Hackney,2018-06-01,Freehold,869187.8787878788,855000.0,33
Hackney,2018-06-01,Leasehold,551170.6267605633,570000.0,142
Hackney,2018-07-01,Freehold,1162884.2857142857,1150000.0,35
Hackney,2018-07-01,Leasehold,537740.9529411765,490497.5,170
Hackney,2018-08-01,Freehold,1121234.375,1072500.0,32
Hackney,2018-08-01,Leasehold,541151.7067307692,481250.0,208
Hackney,2018-09-01,Freehold,986281.2631578947,950000.0,19
Hackney,2018-09-01,Leasehold,542144.5489130435,502500.0,184
Hackney,2018-10-01,Freehold,1021732.0,999000.0,25
Hackney,2018-10-01,Leasehold,527345.5166666667,515000.0,120
Hackney,2018-11-01,Freehold,1316546.875,1255000.0,32
Hackney,2018-11-01,Leasehold,493338.5045045045,490000.0,111
Hackney,2018-12-01,Freehold,1092363.6363636365,1086000.0,22
Hackney,2018-12-01,Leasehold,516428.96,480000.0,125
Hackney,2019-01-01,Freehold,1118914.393939394,1018300.0,33
Hackney,2019-01-01,Leasehold,512324.43548387097,500000.0,124
Hackney,2019-02-01,Freehold,991114.0,1000000.0,30
Hackney,2019-02-01,Leasehold,517909.2028985507,500000.0,138
Hackney,2019-03-01,Freehold,922040.0,915000.0,25
Hackney,2019-03-01,Leasehold,537359.7307692308,542500.0,182
Hackney,2019-04-01,Freehold,930222.1851851852,930000.0,27
Hackney,2019-04-01,Leasehold,499670.7521367521,494000.0,117
Hackney,2019-05-01,Freehold,1096308.6666666667,1081250.0,30
Hackney,2019-05-01,Leasehold,462151.9166666667,453500.0,120
Hackney,2019-06-01,Freehold,874775.1578947369,933500.0,19
Hackney,2019-06-01,Leasehold,564222.9793814434,519650.0,97
Hackney,2019-07-01,Freehold,992542.9310344828,965000.0,29
Hackney,2019-07-01,Leasehold,753601.7310126582,712500.0,316
Hackney,2019-08-01,Freehold,1166495.3333333333,1072480.0,39
Hackney,2019-08-01,Leasehold,635351.5300546448,550000.0,183
Hackney,2019-09-01,Freehold,1126385.3333333333,1066750.0,24
Hackney,2019-09-01,Leasehold,564178.4755244756,500000.0,143
Hackney,2019-10-01,Freehold,1080405.0238095238,1017500.0,42
Hackney,2019-10-01,Leasehold,515345.52413793106,477500.0,145
Hackney,2019-11-01,Freehold,985273.2142857143,977500.0,28
Hackney,2019-11-01,Leasehold,693371.6519337017,590000.0,181
Hackney,2019-12-01,Freehold,946317.9545454546,870000.0,22
Hackney,2019-12-01,Leasehold,863094.6091954022,760000.0,261
Hackney,2020-01-01,Freehold,1082574.0384615385,1051500.0,26
Hackney,2020-01-01,Leasehold,624676.1020408163,510000.0,147
Hackney,2020-02-01,Freehold,1120189.857142857,1088750.0,28
Hackney,2020-02-01,Leasehold,749680.4285714285,600000.0,133
Hackney,2020-03-01,Freehold,1033500.0,909250.0,20
Hackney,2020-03-01,Leasehold,660797.1923076923,547500.0,130
Hackney,2020-04-01,Freehold,919500.0,942500.0,10
Hackney,2020-04-01,Leasehold,621017.962264151,500000.0,53
Hackney,2020-05-01,Freehold,1134501.6666666667,1110500.0,12
Hackney,2020-05-01,Leasehold,592643.9032258064,562500.0,62
Hackney,2020-06-01,Freehold,1079027.7777777778,1070000.0,18
Hackney,2020-06-01,Leasehold,615731.3217391304,565000.0,115
Hackney,2020-07-01,Freehold,1160333.9285714286,1163500.0,28
Hackney,2020-07-01,Leasehold,650420.2366863905,641240.0,169
Hackney,2020-08-01,Freehold,1235565.2173913044,1180000.0,23
Hackney,2020-08-01,Leasehold,640605.8260869565,607250.0,138
Hackney,2020-09-01,Freehold,1243663.0952380951,1178500.0,42
Hackney,2020-09-01,Leasehold,634305.9626168224,600000.0,214
Hackney,2020-10-01,Freehold,1232861.111111111,1200000.0,27
Hackney,2020-10-01,Leasehold,587470.3181818182,543700.0,154
Hackney,2020-11-01,Freehold,1149804.8387096773,1125000.0,31
Hackney,2020-11-01,Leasehold,593997.8412698413,547150.0,126
Hackney,2020-12-01,Freehold,1048970.1621621621,1015000.0,37
Hackney,2020-12-01,Leasehold,585786.0469798658,571950.0,149
Hackney,2021-01-01,Freehold,1106376.875,1117500.0,32
Hackney,2021-01-01,Leasehold,581452.7371428572,550000.0,175
Hackney,2021-02-01,Freehold,1130634.2391304348,1083750.0,46
Hackney,2021-02-01,Leasehold,555464.9523809524,530000.0,231
Hackney,2021-03-01,Freehold,1218802.4487179487,1150000.0,78
Hackney,2021-03-01,Leasehold,574113.8005540166,553700.0,361
Hackney,2021-04-01,Freehold,1102786.4594594594,1030000.0,37
Hackney,2021-04-01,Leasehold,565076.0893854749,530000.0,179
Hackney,2021-05-01,Freehold,1067281.9655172413,1035000.0,29
Hackney,2021-05-01,Leasehold,534197.650273224,508000.0,183
Hackney,2021-06-01,Freehold,1160810.4436619717,1134000.0,142
Hackney,2021-06-01,Leasehold,627922.7826725404,555000.0,681
Hackney,2021-07-01,Freehold,1175587.6875,1181250.0,16
Hackney,2021-07-01,Leasehold,674611.0606060605,596500.0,66
Hackney,2021-08-01,Freehold,1309380.04,1220000.0,25
Hackney,2021-08-01,Leasehold,583331.7924528302,489125.0,106
Hackney,2021-09-01,Freehold,1306599.3833333333,1250750.0,60
Hackney,2021-09-01,Leasehold,561024.9102564103,522500.0,234
Hackney,2021-10-01,Freehold,1347296.875,1200000.0,16
Hackney,2021-10-01,Leasehold,536068.96875,464339.5,96
Hackney,2021-11-01,Freehold,1266071.4285714286,1170000.0,21
Hackney,2021-11-01,Leasehold,596237.3496503497,540000.0,143
Hackney,2021-12-01,Freehold,1221191.5882352942,1224866.5,34
Hackney,2021-12-01,Leasehold,569526.632183908,589000.0,174
Hackney,2022-01-01,Freehold,1270675.0,1281000.0,40
Hackney,2022-01-01,Leasehold,619900.1363636364,600500.0,110
Hackney,2022-02-01,Freehold,1293360.7142857143,1196500.0,42
Hackney,2022-02-01,Leasehold,576641.8727272727,577500.0,165
Hackney,2022-03-01,Freehold,1271570.638888889,1256750.0,36
Hackney,2022-03-01,Leasehold,634766.8524590164,580000.0,183
Hackney,2022-04-01,Freehold,1134653.1666666667,975250.0,42
Hackney,2022-04-01,Leasehold,577238.0349650349,502200.0,143
Hackney,2022-05-01,Freehold,1203099.3055555555,1020500.0,36
Hackney,2022-05-01,Leasehold,598213.7364864865,575750.0,148
Hackney,2022-06-01,Freehold,1212732.731707317,1250000.0,41
Hackney,2022-06-01,Leasehold,598385.0303030303,560000.0,165
Hackney,2022-07-01,Freehold,1368979.2,1270000.0,50
Hackney,2022-07-01,Leasehold,604722.9689440994,520000.0,161
Hackney,2022-08-01,Freehold,1259317.0416666667,1202500.0,48
Hackney,2022-08-01,Leasehold,607848.1648351648,530500.0,182
Hackney,2022-09-01,Freehold,1472756.25,1155000.0,36
Hackney,2022-09-01,Leasehold,603041.472,548000.0,250
Hackney,2022-10-01,Freehold,1410127.4411764706,1327500.0,34
Hackney,2022-10-01,Leasehold,618103.6256684492,545000.0,187
Hackney,2022-11-01,Freehold,1259069.4444444445,1235000.0,36
Hackney,2022-11-01,Leasehold,594125.5942857143,525000.0,175
Hackney,2022-12-01,Freehold,1291226.3103448276,1221100.0,29
Hackney,2022-12-01,Leasehold,562622.237804878,500000.0,164
Hackney,2023-01-01,Freehold,1291784.3043478262,1300000.0,23
Hackney,2023-01-01,Leasehold,593581.4462809918,570000.0,121
Hackney,2023-02-01,Freehold,1058053.9285714286,945000.0,28
Hackney,2023-02-01,Leasehold,621432.4174757282,520000.0,103
Hackney,2023-03-01,Freehold,1243342.677419355,1275000.0,31
Hackney,2023-03-01,Leasehold,626325.6428571428,586500.0,140
Hackney,2023-04-01,Freehold,1310807.0833333333,1277160.0,24
Hackney,2023-04-01,Leasehold,553685.0,520000.0,90
Hackney,2023-05-01,Freehold,1171240.0,1100000.0,25
Hackney,2023-05-01,Leasehold,585981.4494382022,540099.0,89
Hackney,2023-06-01,Freehold,1227544.1176470588,1268750.0,34
Hackney,2023-06-01,Leasehold,584672.0409836066,512500.0,122
Hackney,2023-07-01,Freehold,1238321.3103448276,1200000.0,29
Hackney,2023-07-01,Leasehold,580713.2900763359,537500.0,131
Hackney,2023-08-01,Freehold,1412015.4642857143,1322500.0,28
Hackney,2023-08-01,Leasehold,589765.5555555555,510000.0,135
Hackney,2023-09-01,Freehold,1338851.1904761905,1212500.0,42
Hackney,2023-09-01,Leasehold,665354.9077669902,645000.0,206
Hackney,2023-10-01,Freehold,1500136.0,1480000.0,25
Hackney,2023-10-01,Leasehold,618465.5802469136,550000.0,162
Hackney,2023-11-01,Freehold,1122354.1,1030500.0,40
Hackney,2023-11-01,Leasehold,564884.7662337662,512500.0,154
Hackney,2023-12-01,Freehold,1434714.2857142857,1300000.0,21
Hackney,2023-12-01,Leasehold,554627.175,530000.0,120
Hackney,2024-01-01,Freehold,1701236.3636363635,1452500.0,22
Hackney,2024-01-01,Leasehold,563161.6126126127,530000.0,111
Hackney,2024-02-01,Freehold,1318105.2631578948,1150000.0,19
Hackney,2024-02-01,Leasehold,583059.0894308944,550000.0,123
Hackney,2024-03-01,Freehold,1440190.9090909092,1310000.0,33
Hackney,2024-03-01,Leasehold,561607.3383458647,515500.0,133
Hackney,2024-04-01,Freehold,1062932.9736842106,1044500.0,38
Hackney,2024-04-01,Leasehold,608160.5225225225,572000.0,111
Hackney,2024-05-01,Freehold,1227712.121212121,1175000.0,33
Hackney,2024-05-01,Leasehold,653534.2371794871,550000.0,156
Hackney,2024-06-01,Freehold,1247361.1818181819,1235000.0,22
Hackney,2024-06-01,Leasehold,645606.6264367816,593950.0,174
Hackney,2024-07-01,Freehold,1399958.0731707318,1275000.0,41
Hackney,2024-07-01,Leasehold,552657.8714285714,516000.0,140
Hackney,2024-08-01,Freehold,1277011.4893617022,1206040.0,47
Hackney,2024-08-01,Leasehold,578911.0,528419.0,186
Hackney,2024-09-01,Freehold,1364469.2333333334,1333000.0,30
Hackney,2024-09-01,Leasehold,594435.8691099477,557655.0,191
Hackney,2024-10-01,Freehold,1253084.861111111,1113075.0,36
Hackney,2024-10-01,Leasehold,606727.7555555556,600000.0,225
Hackney,2024-11-01,Freehold,1427976.7586206896,1245000.0,29
Hackney,2024-11-01,Leasehold,567725.0837988827,545000.0,179
Hackney,2024-12-01,Freehold,1258543.5483870967,1150000.0,31
Hackney,2024-12-01,Leasehold,555122.463576159,501125.0,151
Hackney,2025-01-01,Freehold,1191428.4411764706,1187500.0,34
Hackney,2025-01-01,Leasehold,618103.0451127819,525976.0,133
Hackney,2025-02-01,Freehold,1345145.8333333333,1451500.0,24
Hackney,2025-02-01,Leasehold,564155.3478260869,519400.0,161
Hackney,2025-03-01,Freehold,1167686.5384615385,1151750.0,78
Hackney,2025-03-01,Leasehold,568288.3256997456,518600.0,393
Hackney,2025-04-01,Freehold,1506618.0,1660000.0,15
Hackney,2025-04-01,Leasehold,574314.12,572500.0,50
Hackney,2025-05-01,Freehold,1458732.347826087,1381000.0,23
Hackney,2025-05-01,Leasehold,598044.2065217391,552625.0,92
Hackney,2025-06-01,Freehold,1274548.8333333333,1237500.0,30
Hackney,2025-06-01,Leasehold,591230.6178861789,550000.0,123
Hackney,2025-07-01,Freehold,1415959.6923076923,1400000.0,39
Hackney,2025-07-01,Leasehold,582342.0217391305,536500.0,138
Hackney,2025-08-01,Freehold,1424166.525,1352500.0,40
Hackney,2025-08-01,Leasehold,561895.2628205129,537500.0,156
Hackney,2025-09-01,Freehold,1477873.5294117648,1387500.0,34
Hackney,2025-09-01,Leasehold,562989.7007874015,525000.0,127
Hackney,2025-10-01,Freehold,1403346.1538461538,1300000.0,26
Hackney,2025-10-01,Leasehold,551461.8016528926,525000.0,121
Hackney,2025-11-01,Freehold,1442068.138888889,1240767.5,36
Hackney,2025-11-01,Leasehold,556645.720338983,530000.0,118
Hackney,2025-12-01,Freehold,1074825.8095238095,1042500.0,21
Hackney,2025-12-01,Leasehold,536057.23,497575.0,100
Hackney,2026-01-01,Freehold,1029818.1818181818,850000.0,11
Hackney,2026-01-01,Leasehold,549904.7625,525000.0,80
Hackney,2026-02-01,Freehold,1124557.6923076923,1200000.0,13
Hackney,2026-02-01,Leasehold,527337.8488372093,477500.0,86
Hackney,2026-03-01,Freehold,1060045.7647058824,955000.0,17
Hackney,2026-03-01,Leasehold,563067.9142857143,531000.0,70
Hackney,2026-04-01,Freehold,939000.0,808000.0,5
Hackney,2026-04-01,Leasehold,576270.7183098592,545000.0,71
Hackney,2026-05-01,Freehold,1052083.3333333333,1040000.0,6
Hackney,2026-05-01,Leasehold,557763.7096774194,510000.0,31
Hammersmith And Fulham,2006-01-01,Freehold,645917.5,592500.0,100
Hammersmith And Fulham,2006-01-01,Leasehold,296778.8901734104,265000.0,173
Hammersmith And Fulham,2006-02-01,Freehold,586649.5714285715,541250.0,84
Hammersmith And Fulham,2006-02-01,Leasehold,287854.08805031446,255000.0,159
Hammersmith And Fulham,2006-03-01,Freehold,694935.1300813009,590000.0,123
Hammersmith And Fulham,2006-03-01,Leasehold,344660.1184834123,270000.0,211
Hammersmith And Fulham,2006-04-01,Freehold,660515.4016393443,595000.0,122
Hammersmith And Fulham,2006-04-01,Leasehold,343888.0530973451,293750.0,226
Hammersmith And Fulham,2006-05-01,Freehold,675514.1818181818,585000.0,121
Hammersmith And Fulham,2006-05-01,Leasehold,315697.55217391305,278844.0,230
Hammersmith And Fulham,2006-06-01,Freehold,748737.9565217391,676500.0,138
Hammersmith And Fulham,2006-06-01,Leasehold,336876.40989399294,287500.0,283
Hammersmith And Fulham,2006-07-01,Freehold,753114.6413793104,670000.0,145
Hammersmith And Fulham,2006-07-01,Leasehold,333604.8178438662,292500.0,269
Hammersmith And Fulham,2006-08-01,Freehold,741730.7278481013,647325.0,158
Hammersmith And Fulham,2006-08-01,Leasehold,337755.2366412214,292500.0,262
Hammersmith And Fulham,2006-09-01,Freehold,665472.0084745763,605000.0,118
Hammersmith And Fulham,2006-09-01,Leasehold,339810.0,320000.0,217
Hammersmith And Fulham,2006-10-01,Freehold,675799.8446601941,610000.0,103
Hammersmith And Fulham,2006-10-01,Leasehold,341810.7510729614,295000.0,233
Hammersmith And Fulham,2006-11-01,Freehold,677626.5049504951,640000.0,101
Hammersmith And Fulham,2006-11-01,Leasehold,348531.60536398465,295000.0,261
Hammersmith And Fulham,2006-12-01,Freehold,721549.0,610000.0,91
Hammersmith And Fulham,2006-12-01,Leasehold,332698.85507246375,298725.0,276
Hammersmith And Fulham,2007-01-01,Freehold,726818.7204301076,640000.0,93
Hammersmith And Fulham,2007-01-01,Leasehold,371135.5477386935,325000.0,199
Hammersmith And Fulham,2007-02-01,Freehold,765704.793814433,695000.0,97
Hammersmith And Fulham,2007-02-01,Leasehold,371125.5539215686,320000.0,204
Hammersmith And Fulham,2007-03-01,Freehold,758884.1949152543,657500.0,118
Hammersmith And Fulham,2007-03-01,Leasehold,393710.81153846154,347475.0,260
Hammersmith And Fulham,2007-04-01,Freehold,838621.1238095238,725000.0,105
Hammersmith And Fulham,2007-04-01,Leasehold,393327.8578199052,350000.0,211
Hammersmith And Fulham,2007-05-01,Freehold,803425.27,697475.0,100
Hammersmith And Fulham,2007-05-01,Leasehold,377612.5057471264,355000.0,261
Hammersmith And Fulham,2007-06-01,Freehold,968799.406504065,800000.0,123
Hammersmith And Fulham,2007-06-01,Leasehold,376552.33101045294,345000.0,287
Hammersmith And Fulham,2007-07-01,Freehold,968337.2,805000.0,135
Hammersmith And Fulham,2007-07-01,Leasehold,391342.89015151514,361250.0,264
Hammersmith And Fulham,2007-08-01,Freehold,911394.8538461538,782500.0,130
Hammersmith And Fulham,2007-08-01,Leasehold,407323.0152091255,375000.0,263
Hammersmith And Fulham,2007-09-01,Freehold,893897.0,815000.0,90
Hammersmith And Fulham,2007-09-01,Leasehold,414277.8457943925,358750.0,214
Hammersmith And Fulham,2007-10-01,Freehold,988453.3181818182,872500.0,88
Hammersmith And Fulham,2007-10-01,Leasehold,415721.90425531915,371000.0,188
Hammersmith And Fulham,2007-11-01,Freehold,766363.5714285715,693750.0,70
Hammersmith And Fulham,2007-11-01,Leasehold,388203.34673366835,345000.0,199
Hammersmith And Fulham,2007-12-01,Freehold,793840.4255319149,750000.0,47
Hammersmith And Fulham,2007-12-01,Leasehold,399332.97872340423,352000.0,141
Hammersmith And Fulham,2008-01-01,Freehold,923568.4915254237,830000.0,59
Hammersmith And Fulham,2008-01-01,Leasehold,424666.35555555555,400000.0,135
Hammersmith And Fulham,2008-02-01,Freehold,953405.9038461539,893500.0,52
Hammersmith And Fulham,2008-02-01,Leasehold,433432.4186046512,355000.0,129
Hammersmith And Fulham,2008-03-01,Freehold,904698.6046511628,735000.0,43
Hammersmith And Fulham,2008-03-01,Leasehold,481564.5080645161,390000.0,124
Hammersmith And Fulham,2008-04-01,Freehold,826790.4666666667,700000.0,45
Hammersmith And Fulham,2008-04-01,Leasehold,472622.6811594203,390000.0,138
Hammersmith And Fulham,2008-05-01,Freehold,885745.4230769231,740000.0,52
Hammersmith And Fulham,2008-05-01,Leasehold,439814.94845360826,342000.0,97
Hammersmith And Fulham,2008-06-01,Freehold,765437.5,638750.0,48
Hammersmith And Fulham,2008-06-01,Leasehold,433826.1830985916,355000.0,71
Hammersmith And Fulham,2008-07-01,Freehold,1003051.8518518518,816250.0,54
Hammersmith And Fulham,2008-07-01,Leasehold,367816.75757575757,325000.0,99
Hammersmith And Fulham,2008-08-01,Freehold,920196.7391304348,813500.0,46
Hammersmith And Fulham,2008-08-01,Leasehold,425319.78125,367500.0,96
Hammersmith And Fulham,2008-09-01,Freehold,885666.5217391305,735000.0,23
Hammersmith And Fulham,2008-09-01,Leasehold,456358.3766233766,350000.0,77
Hammersmith And Fulham,2008-10-01,Freehold,706328.6136363636,657500.0,44
Hammersmith And Fulham,2008-10-01,Leasehold,318810.83116883115,292500.0,77
Hammersmith And Fulham,2008-11-01,Freehold,749357.1428571428,660000.0,28
Hammersmith And Fulham,2008-11-01,Leasehold,361557.6101694915,311500.0,59
Hammersmith And Fulham,2008-12-01,Freehold,724220.3947368421,651000.0,38
Hammersmith And Fulham,2008-12-01,Leasehold,369396.61904761905,292875.0,42
Hammersmith And Fulham,2009-01-01,Freehold,795842.8571428572,630000.0,35
Hammersmith And Fulham,2009-01-01,Leasehold,477140.0,327500.0,40
Hammersmith And Fulham,2009-02-01,Freehold,794760.8695652174,615000.0,23
Hammersmith And Fulham,2009-02-01,Leasehold,398295.2380952381,315000.0,42
Hammersmith And Fulham,2009-03-01,Freehold,747910.2564102564,612500.0,39
Hammersmith And Fulham,2009-03-01,Leasehold,339263.46153846156,303750.0,52
Hammersmith And Fulham,2009-04-01,Freehold,703920.0,650000.0,36
Hammersmith And Fulham,2009-04-01,Leasehold,459359.6153846154,330000.0,52
Hammersmith And Fulham,2009-05-01,Freehold,718758.3333333334,637500.0,54
Hammersmith And Fulham,2009-05-01,Leasehold,331452.8953488372,285500.0,86
Hammersmith And Fulham,2009-06-01,Freehold,694253.5087719298,680000.0,57
Hammersmith And Fulham,2009-06-01,Leasehold,322199.03846153844,295000.0,104
Hammersmith And Fulham,2009-07-01,Freehold,896721.5656565657,815000.0,99
Hammersmith And Fulham,2009-07-01,Leasehold,357107.0964912281,325000.0,114
Hammersmith And Fulham,2009-08-01,Freehold,863786.7816091954,725000.0,87
Hammersmith And Fulham,2009-08-01,Leasehold,372531.66896551725,340000.0,145
Hammersmith And Fulham,2009-09-01,Freehold,860456.9892473118,727000.0,93
Hammersmith And Fulham,2009-09-01,Leasehold,378187.27096774196,340000.0,155
Hammersmith And Fulham,2009-10-01,Freehold,844539.375,775000.0,72
Hammersmith And Fulham,2009-10-01,Leasehold,367080.4094488189,335000.0,127
Hammersmith And Fulham,2009-11-01,Freehold,918839.5384615385,817500.0,65
Hammersmith And Fulham,2009-11-01,Leasehold,365382.2708333333,332500.0,144
Hammersmith And Fulham,2009-12-01,Freehold,1028879.7157894737,785000.0,95
Hammersmith And Fulham,2009-12-01,Leasehold,377522.3197278912,360000.0,147
Hammersmith And Fulham,2010-01-01,Freehold,1002942.875,854925.0,72
Hammersmith And Fulham,2010-01-01,Leasehold,402340.15652173915,352000.0,115
Hammersmith And Fulham,2010-02-01,Freehold,954447.4310344828,830000.0,58
Hammersmith And Fulham,2010-02-01,Leasehold,385910.2448979592,345500.0,98
Hammersmith And Fulham,2010-03-01,Freehold,942545.5555555555,809975.0,72
Hammersmith And Fulham,2010-03-01,Leasehold,400850.75757575757,362497.5,132
Hammersmith And Fulham,2010-04-01,Freehold,902907.4324324324,770000.0,74
Hammersmith And Fulham,2010-04-01,Leasehold,446870.2255639098,393500.0,133
Hammersmith And Fulham,2010-05-01,Freehold,1021357.484375,895000.0,64
Hammersmith And Fulham,2010-05-01,Leasehold,406962.947761194,371250.0,134
Hammersmith And Fulham,2010-06-01,Freehold,1001723.1097560975,869000.0,82
Hammersmith And Fulham,2010-06-01,Leasehold,420390.2160493827,385000.0,162
Hammersmith And Fulham,2010-07-01,Freehold,1093691.5714285714,925500.0,126
Hammersmith And Fulham,2010-07-01,Leasehold,443095.0,380000.0,155
Hammersmith And Fulham,2010-08-01,Freehold,911050.86,807500.0,100
Hammersmith And Fulham,2010-08-01,Leasehold,407380.9090909091,375000.0,132
Hammersmith And Fulham,2010-09-01,Freehold,1165900.9857142856,985000.0,70
Hammersmith And Fulham,2010-09-01,Leasehold,420619.91071428574,383500.0,168
Hammersmith And Fulham,2010-10-01,Freehold,943097.9459459459,799997.5,74
Hammersmith And Fulham,2010-10-01,Leasehold,391960.89430894307,367500.0,123
Hammersmith And Fulham,2010-11-01,Freehold,916939.2878787878,765000.0,66
Hammersmith And Fulham,2010-11-01,Leasehold,374939.3306451613,352500.0,124
Hammersmith And Fulham,2010-12-01,Freehold,1059260.163265306,850000.0,49
Hammersmith And Fulham,2010-12-01,Leasehold,413481.1736111111,379975.0,144
Hammersmith And Fulham,2011-01-01,Freehold,936819.5079365079,880000.0,63
Hammersmith And Fulham,2011-01-01,Leasehold,405468.0661157025,360000.0,121
Hammersmith And Fulham,2011-02-01,Freehold,998305.0847457628,830500.0,59
Hammersmith And Fulham,2011-02-01,Leasehold,394282.14285714284,347000.0,126
Hammersmith And Fulham,2011-03-01,Freehold,1292995.6904761905,1080000.0,84
Hammersmith And Fulham,2011-03-01,Leasehold,400268.00662251655,359950.0,151
Hammersmith And Fulham,2011-04-01,Freehold,1180845.7142857143,1010000.0,84
Hammersmith And Fulham,2011-04-01,Leasehold,466336.70666666667,385000.0,150
Hammersmith And Fulham,2011-05-01,Freehold,1126810.608695652,890000.0,69
Hammersmith And Fulham,2011-05-01,Leasehold,418268.92700729927,375000.0,137
Hammersmith And Fulham,2011-06-01,Freehold,1053055.5757575757,887500.0,66
Hammersmith And Fulham,2011-06-01,Leasehold,410402.03472222225,368750.0,144
Hammersmith And Fulham,2011-07-01,Freehold,1085426.2857142857,880000.0,98
Hammersmith And Fulham,2011-07-01,Leasehold,425668.4539473684,407000.0,152
Hammersmith And Fulham,2011-08-01,Freehold,1016123.2,875000.0,95
Hammersmith And Fulham,2011-08-01,Leasehold,416477.0862068966,392500.0,174
Hammersmith And Fulham,2011-09-01,Freehold,1095824.2857142857,880000.0,70
Hammersmith And Fulham,2011-09-01,Leasehold,433725.47928994085,387500.0,169
Hammersmith And Fulham,2011-10-01,Freehold,1004618.6543209876,850000.0,81
Hammersmith And Fulham,2011-10-01,Leasehold,422850.51497005986,377200.0,167
Hammersmith And Fulham,2011-11-01,Freehold,990538.1917808219,830000.0,73
Hammersmith And Fulham,2011-11-01,Leasehold,397550.71584699454,365000.0,183
Hammersmith And Fulham,2011-12-01,Freehold,1009460.65625,839500.0,64
Hammersmith And Fulham,2011-12-01,Leasehold,457390.5793103448,407500.0,145
Hammersmith And Fulham,2012-01-01,Freehold,945670.9677419355,845000.0,62
Hammersmith And Fulham,2012-01-01,Leasehold,405541.9682539682,374500.0,126
Hammersmith And Fulham,2012-02-01,Freehold,1237401.6666666667,1112500.0,42
Hammersmith And Fulham,2012-02-01,Leasehold,442656.8879310345,393000.0,116
Hammersmith And Fulham,2012-03-01,Freehold,1205238.0806451612,970000.0,62
Hammersmith And Fulham,2012-03-01,Leasehold,415916.32738095237,380000.0,168
Hammersmith And Fulham,2012-04-01,Freehold,1232582.012987013,1000000.0,77
Hammersmith And Fulham,2012-04-01,Leasehold,447960.04938271607,408750.0,162
Hammersmith And Fulham,2012-05-01,Freehold,1008163.1846153847,867000.0,65
Hammersmith And Fulham,2012-05-01,Leasehold,489446.8187919463,422500.0,149
Hammersmith And Fulham,2012-06-01,Freehold,1168234.072463768,987500.0,69
Hammersmith And Fulham,2012-06-01,Leasehold,483872.54901960783,417500.0,153
Hammersmith And Fulham,2012-07-01,Freehold,1252085.2952380953,1175000.0,105
Hammersmith And Fulham,2012-07-01,Leasehold,498141.19393939397,397000.0,165
Hammersmith And Fulham,2012-08-01,Freehold,1308495.4186046512,1082500.0,86
Hammersmith And Fulham,2012-08-01,Leasehold,437897.98285714287,410000.0,175
Hammersmith And Fulham,2012-09-01,Freehold,1096789.310810811,1022500.0,74
Hammersmith And Fulham,2012-09-01,Leasehold,436522.178807947,399950.0,151
Hammersmith And Fulham,2012-10-01,Freehold,1251483.3555555556,1125000.0,45
Hammersmith And Fulham,2012-10-01,Leasehold,486504.8245614035,450000.0,171
Hammersmith And Fulham,2012-11-01,Freehold,1010297.8035714285,951750.0,56
Hammersmith And Fulham,2012-11-01,Leasehold,461338.9759036145,403750.0,166
Hammersmith And Fulham,2012-12-01,Freehold,1123095.8421052631,915000.0,57
Hammersmith And Fulham,2012-12-01,Leasehold,550467.9856115108,475000.0,139
Hammersmith And Fulham,2013-01-01,Freehold,1281914.078125,1140500.0,64
Hammersmith And Fulham,2013-01-01,Leasehold,454232.05298013246,416500.0,151
Hammersmith And Fulham,2013-02-01,Freehold,1261524.3684210526,1135000.0,57
Hammersmith And Fulham,2013-02-01,Leasehold,495001.1651376147,425000.0,109
Hammersmith And Fulham,2013-03-01,Freehold,1313839.028169014,1160920.0,71
Hammersmith And Fulham,2013-03-01,Leasehold,508944.1879699248,433000.0,133
Hammersmith And Fulham,2013-04-01,Freehold,1456607.142857143,1230000.0,56
Hammersmith And Fulham,2013-04-01,Leasehold,521759.2631578947,430000.0,171
Hammersmith And Fulham,2013-05-01,Freehold,1229002.5,1230000.0,70
Hammersmith And Fulham,2013-05-01,Leasehold,501893.57692307694,450000.0,156
Hammersmith And Fulham,2013-06-01,Freehold,1302137.7654320989,1275000.0,81
Hammersmith And Fulham,2013-06-01,Leasehold,469703.99418604653,409500.0,172
Hammersmith And Fulham,2013-07-01,Freehold,1426985.7142857143,1325000.0,112
Hammersmith And Fulham,2013-07-01,Leasehold,542777.2236842106,475000.0,228
Hammersmith And Fulham,2013-08-01,Freehold,1348175.7108433736,1150000.0,83
Hammersmith And Fulham,2013-08-01,Leasehold,518702.05726872245,485000.0,227
Hammersmith And Fulham,2013-09-01,Freehold,1392071.6804123712,1180000.0,97
Hammersmith And Fulham,2013-09-01,Leasehold,536882.9714285714,495498.0,210
Hammersmith And Fulham,2013-10-01,Freehold,1433462.6865671643,1300000.0,67
Hammersmith And Fulham,2013-10-01,Leasehold,590750.4761904762,440000.0,189
Hammersmith And Fulham,2013-11-01,Freehold,1276591.253968254,1085000.0,63
Hammersmith And Fulham,2013-11-01,Leasehold,548969.4702702702,499950.0,185
Hammersmith And Fulham,2013-12-01,Freehold,1517713.3035714286,1355000.0,56
Hammersmith And Fulham,2013-12-01,Leasehold,555232.3269230769,500000.0,208
Hammersmith And Fulham,2014-01-01,Freehold,1451491.6794871795,1335000.0,78
Hammersmith And Fulham,2014-01-01,Leasehold,551730.4356435643,493750.0,202
Hammersmith And Fulham,2014-02-01,Freehold,1443240.566037736,1400000.0,53
Hammersmith And Fulham,2014-02-01,Leasehold,613820.5675675676,515000.0,148
Hammersmith And Fulham,2014-03-01,Freehold,1560344.3137254901,1435000.0,51
Hammersmith And Fulham,2014-03-01,Leasehold,568548.1550387597,498350.0,129
Hammersmith And Fulham,2014-04-01,Freehold,1477294.7454545454,1350000.0,55
Hammersmith And Fulham,2014-04-01,Leasehold,582518.2113402062,534000.0,194
Hammersmith And Fulham,2014-05-01,Freehold,1775415.7894736843,1360000.0,57
Hammersmith And Fulham,2014-05-01,Leasehold,543082.5628415301,499950.0,183
Hammersmith And Fulham,2014-06-01,Freehold,1624870.0508474577,1440000.0,59
Hammersmith And Fulham,2014-06-01,Leasehold,652644.880952381,593250.0,210
Hammersmith And Fulham,2014-07-01,Freehold,1886342.8602150537,1720000.0,93
Hammersmith And Fulham,2014-07-01,Leasehold,638353.2356020942,557000.0,191
Hammersmith And Fulham,2014-08-01,Freehold,1493173.2266666666,1400000.0,75
Hammersmith And Fulham,2014-08-01,Leasehold,668269.8532110092,612500.0,218
Hammersmith And Fulham,2014-09-01,Freehold,1420945.34,1367500.0,50
Hammersmith And Fulham,2014-09-01,Leasehold,670972.2349726775,620000.0,183
Hammersmith And Fulham,2014-10-01,Freehold,1547157.2241379311,1512500.0,58
Hammersmith And Fulham,2014-10-01,Leasehold,816389.5847953217,620000.0,171
Hammersmith And Fulham,2014-11-01,Freehold,1631270.9210526317,1300000.0,38
Hammersmith And Fulham,2014-11-01,Leasehold,717714.6642857143,590000.0,140
Hammersmith And Fulham,2014-12-01,Freehold,1486287.9375,1455000.0,32
Hammersmith And Fulham,2014-12-01,Leasehold,914501.8397435897,722500.0,156
Hammersmith And Fulham,2015-01-01,Freehold,1470422.4545454546,1302500.0,33
Hammersmith And Fulham,2015-01-01,Leasehold,804739.264,585000.0,125
Hammersmith And Fulham,2015-02-01,Freehold,1356245.641025641,1190000.0,39
Hammersmith And Fulham,2015-02-01,Leasehold,703581.6422018348,545000.0,109
Hammersmith And Fulham,2015-03-01,Freehold,1536868.4210526317,1455000.0,38
Hammersmith And Fulham,2015-03-01,Leasehold,713014.9761904762,597140.0,126
Hammersmith And Fulham,2015-04-01,Freehold,1590337.3454545455,1495000.0,55
Hammersmith And Fulham,2015-04-01,Leasehold,810142.8031496063,600000.0,127
Hammersmith And Fulham,2015-05-01,Freehold,1516877.96875,1370000.0,64
Hammersmith And Fulham,2015-05-01,Leasehold,676191.0124223602,550000.0,161
Hammersmith And Fulham,2015-06-01,Freehold,1374298.6551724137,1215000.0,58
Hammersmith And Fulham,2015-06-01,Leasehold,785292.6,660000.0,190
Hammersmith And Fulham,2015-07-01,Freehold,1580854.6805555555,1397000.0,72
Hammersmith And Fulham,2015-07-01,Leasehold,738073.192513369,610000.0,187
Hammersmith And Fulham,2015-08-01,Freehold,1555010.3157894737,1400000.0,57
Hammersmith And Fulham,2015-08-01,Leasehold,694093.3101265823,616000.0,158
Hammersmith And Fulham,2015-09-01,Freehold,1414388.888888889,1275000.0,63
Hammersmith And Fulham,2015-09-01,Leasehold,737695.5632183908,635000.0,174
Hammersmith And Fulham,2015-10-01,Freehold,1533755.6595744682,1349000.0,47
Hammersmith And Fulham,2015-10-01,Leasehold,756456.0508474576,624500.0,177
Hammersmith And Fulham,2015-11-01,Freehold,1626647.0588235294,1425000.0,51
Hammersmith And Fulham,2015-11-01,Leasehold,754130.2627737226,660000.0,137
Hammersmith And Fulham,2015-12-01,Freehold,1456440.0,1337500.0,52
Hammersmith And Fulham,2015-12-01,Leasehold,743845.0930232558,625000.0,129
Hammersmith And Fulham,2016-01-01,Freehold,1486832.7368421052,1283572.0,38
Hammersmith And Fulham,2016-01-01,Leasehold,723694.301724138,585000.0,116
Hammersmith And Fulham,2016-02-01,Freehold,1623887.8048780488,1415000.0,41
Hammersmith And Fulham,2016-02-01,Leasehold,645589.3868613138,600000.0,137
Hammersmith And Fulham,2016-03-01,Freehold,1594787.5,1416000.0,96
Hammersmith And Fulham,2016-03-01,Leasehold,777571.571875,650000.0,320
Hammersmith And Fulham,2016-04-01,Freehold,1547789.5833333333,1400000.0,24
Hammersmith And Fulham,2016-04-01,Leasehold,748321.6140350878,750000.0,114
Hammersmith And Fulham,2016-05-01,Freehold,1550037.205882353,1362500.0,34
Hammersmith And Fulham,2016-05-01,Leasehold,704802.2201834862,637500.0,109
Hammersmith And Fulham,2016-06-01,Freehold,1615829.3421052631,1417500.0,38
Hammersmith And Fulham,2016-06-01,Leasehold,761693.1231884058,623500.0,138
Hammersmith And Fulham,2016-07-01,Freehold,1407067.2127659575,1257500.0,47
Hammersmith And Fulham,2016-07-01,Leasehold,703307.8164556962,625000.0,158
Hammersmith And Fulham,2016-08-01,Freehold,1503802.894736842,1345000.0,38
Hammersmith And Fulham,2016-08-01,Leasehold,747011.6428571428,592500.0,112
Hammersmith And Fulham,2016-09-01,Freehold,1388129.4117647058,1285000.0,34
Hammersmith And Fulham,2016-09-01,Leasehold,824294.842519685,600000.0,127
Hammersmith And Fulham,2016-10-01,Freehold,1421071.1904761905,1240000.0,21
Hammersmith And Fulham,2016-10-01,Leasehold,1006999.674074074,680000.0,135
Hammersmith And Fulham,2016-11-01,Freehold,1667487.5,1483500.0,40
Hammersmith And Fulham,2016-11-01,Leasehold,716830.6355140187,605000.0,107
Hammersmith And Fulham,2016-12-01,Freehold,1639371.225,1517200.0,40
Hammersmith And Fulham,2016-12-01,Leasehold,731875.6929824562,606250.0,114
Hammersmith And Fulham,2017-01-01,Freehold,1438864.756097561,1285000.0,41
Hammersmith And Fulham,2017-01-01,Leasehold,728857.1008403362,700000.0,119
Hammersmith And Fulham,2017-02-01,Freehold,1469990.3658536586,1300000.0,41
Hammersmith And Fulham,2017-02-01,Leasehold,831678.9639639639,650750.0,111
Hammersmith And Fulham,2017-03-01,Freehold,1433924.4285714286,1275000.0,35
Hammersmith And Fulham,2017-03-01,Leasehold,643423.2941176471,622500.0,136
Hammersmith And Fulham,2017-04-01,Freehold,1446266.1764705882,1350000.0,51
Hammersmith And Fulham,2017-04-01,Leasehold,768066.0155038759,727000.0,129
Hammersmith And Fulham,2017-05-01,Freehold,1707080.0,1500000.0,25
Hammersmith And Fulham,2017-05-01,Leasehold,743770.3267973856,670000.0,153
Hammersmith And Fulham,2017-06-01,Freehold,1470924.018181818,1325000.0,55
Hammersmith And Fulham,2017-06-01,Leasehold,775759.4822695035,675000.0,141
Hammersmith And Fulham,2017-07-01,Freehold,1628864.5833333333,1442500.0,48
Hammersmith And Fulham,2017-07-01,Leasehold,939795.9520547945,725375.0,146
Hammersmith And Fulham,2017-08-01,Freehold,1713609.8039215687,1700000.0,51
Hammersmith And Fulham,2017-08-01,Leasehold,783725.2695652174,630000.0,115
Hammersmith And Fulham,2017-09-01,Freehold,1400249.1333333333,1362500.0,30
Hammersmith And Fulham,2017-09-01,Leasehold,716455.1885245901,607500.0,122
Hammersmith And Fulham,2017-10-01,Freehold,1504751.549019608,1325000.0,51
Hammersmith And Fulham,2017-10-01,Leasehold,910093.4186046511,707000.0,129
Hammersmith And Fulham,2017-11-01,Freehold,1552865.3846153845,1200000.0,39
Hammersmith And Fulham,2017-11-01,Leasehold,946370.4012738854,760000.0,157
Hammersmith And Fulham,2017-12-01,Freehold,1491829.5454545454,1241500.0,44
Hammersmith And Fulham,2017-12-01,Leasehold,930054.64,667500.0,150
Hammersmith And Fulham,2018-01-01,Freehold,1515758.3333333333,1362500.0,36
Hammersmith And Fulham,2018-01-01,Leasehold,872062.8846153846,662500.0,130
Hammersmith And Fulham,2018-02-01,Freehold,1575108.0740740742,1450000.0,27
Hammersmith And Fulham,2018-02-01,Leasehold,931517.2292993631,750000.0,157
Hammersmith And Fulham,2018-03-01,Freehold,1564422.7272727273,1340000.0,33
Hammersmith And Fulham,2018-03-01,Leasehold,930169.6524064171,725000.0,187
Hammersmith And Fulham,2018-04-01,Freehold,1397499.4285714286,1320000.0,35
Hammersmith And Fulham,2018-04-01,Leasehold,832398.4545454546,682500.0,132
Hammersmith And Fulham,2018-05-01,Freehold,1353749.375,1230000.0,48
Hammersmith And Fulham,2018-05-01,Leasehold,817509.5384615385,632500.0,156
Hammersmith And Fulham,2018-06-01,Freehold,1503823.5294117648,1455000.0,34
Hammersmith And Fulham,2018-06-01,Leasehold,874789.9407407407,685000.0,135
Hammersmith And Fulham,2018-07-01,Freehold,1543329.5081967213,1420000.0,61
Hammersmith And Fulham,2018-07-01,Leasehold,888724.0134228187,690000.0,149
Hammersmith And Fulham,2018-08-01,Freehold,1466606.351851852,1285000.0,54
Hammersmith And Fulham,2018-08-01,Leasehold,758580.2032520325,605000.0,123
Hammersmith And Fulham,2018-09-01,Freehold,1535685.5172413792,1375000.0,29
Hammersmith And Fulham,2018-09-01,Leasehold,842041.1409395973,695000.0,149
Hammersmith And Fulham,2018-10-01,Freehold,1540713.1578947369,1227500.0,38
Hammersmith And Fulham,2018-10-01,Leasehold,941905.7959183673,700000.0,147
Hammersmith And Fulham,2018-11-01,Freehold,1371345.3461538462,1281250.0,52
Hammersmith And Fulham,2018-11-01,Leasehold,695964.6396396396,600000.0,111
Hammersmith And Fulham,2018-12-01,Freehold,1464297.619047619,1200000.0,42
Hammersmith And Fulham,2018-12-01,Leasehold,790494.7075471698,620000.0,106
Hammersmith And Fulham,2019-01-01,Freehold,1519841.1612903227,1400000.0,31
Hammersmith And Fulham,2019-01-01,Leasehold,666904.7435897436,627500.0,78
Hammersmith And Fulham,2019-02-01,Freehold,1488032.2580645161,1300000.0,31
Hammersmith And Fulham,2019-02-01,Leasehold,646302.4534883721,573500.0,86
Hammersmith And Fulham,2019-03-01,Freehold,1780549.75,1527500.0,20
Hammersmith And Fulham,2019-03-01,Leasehold,697791.7129629629,597500.0,108
Hammersmith And Fulham,2019-04-01,Freehold,1495260.2272727273,1437500.0,44
Hammersmith And Fulham,2019-04-01,Leasehold,637910.7159090909,545850.0,88
Hammersmith And Fulham,2019-05-01,Freehold,1439271.5909090908,1162500.0,44
Hammersmith And Fulham,2019-05-01,Leasehold,720310.2424242424,600000.0,99
Hammersmith And Fulham,2019-06-01,Freehold,1435431.8181818181,1240000.0,33
Hammersmith And Fulham,2019-06-01,Leasehold,757207.6947368421,650000.0,95
Hammersmith And Fulham,2019-07-01,Freehold,1526784.0,1375000.0,61
Hammersmith And Fulham,2019-07-01,Leasehold,861524.1496062992,600000.0,127
Hammersmith And Fulham,2019-08-01,Freehold,1460241.2222222222,1316713.0,54
Hammersmith And Fulham,2019-08-01,Leasehold,710193.4929577465,622500.0,142
Hammersmith And Fulham,2019-09-01,Freehold,1510186.5957446808,1227000.0,47
Hammersmith And Fulham,2019-09-01,Leasehold,686112.9763779527,640000.0,127
Hammersmith And Fulham,2019-10-01,Freehold,1555574.4897959183,1375000.0,49
Hammersmith And Fulham,2019-10-01,Leasehold,892387.085106383,677250.0,188
Hammersmith And Fulham,2019-11-01,Freehold,1540931.9166666667,1325000.0,36
Hammersmith And Fulham,2019-11-01,Leasehold,802304.527027027,667500.0,148
Hammersmith And Fulham,2019-12-01,Freehold,1786546.2962962964,1700000.0,54
Hammersmith And Fulham,2019-12-01,Leasehold,723630.5982142857,600000.0,112
Hammersmith And Fulham,2020-01-01,Freehold,1500952.380952381,1285000.0,42
Hammersmith And Fulham,2020-01-01,Leasehold,694338.5187969925,625000.0,133
Hammersmith And Fulham,2020-02-01,Freehold,1525942.857142857,1415000.0,35
Hammersmith And Fulham,2020-02-01,Leasehold,869063.0704225352,741680.0,142
Hammersmith And Fulham,2020-03-01,Freehold,1546352.6595744682,1350000.0,47
Hammersmith And Fulham,2020-03-01,Leasehold,939945.8407643312,740000.0,157
Hammersmith And Fulham,2020-04-01,Freehold,1994136.3636363635,1605000.0,22
Hammersmith And Fulham,2020-04-01,Leasehold,865017.9444444445,604000.0,108
Hammersmith And Fulham,2020-05-01,Freehold,1267958.3333333333,1245000.0,24
Hammersmith And Fulham,2020-05-01,Leasehold,740390.1842105263,642500.0,76
Hammersmith And Fulham,2020-06-01,Freehold,1733202.4166666667,1446879.5,24
Hammersmith And Fulham,2020-06-01,Leasehold,858688.7640449438,800000.0,89
Hammersmith And Fulham,2020-07-01,Freehold,1622581.3720930233,1450000.0,43
Hammersmith And Fulham,2020-07-01,Leasehold,869268.2773109244,735000.0,119
Hammersmith And Fulham,2020-08-01,Freehold,1619182.2222222222,1500000.0,45
Hammersmith And Fulham,2020-08-01,Leasehold,806703.5333333333,665000.0,120
Hammersmith And Fulham,2020-09-01,Freehold,1625652.579710145,1500000.0,69
Hammersmith And Fulham,2020-09-01,Leasehold,772678.9731543624,655000.0,149
Hammersmith And Fulham,2020-10-01,Freehold,1571009.76,1490000.0,50
Hammersmith And Fulham,2020-10-01,Leasehold,804449.3163841808,685000.0,177
Hammersmith And Fulham,2020-11-01,Freehold,1507400.0204081633,1340000.0,49
Hammersmith And Fulham,2020-11-01,Leasehold,752093.8835616439,675000.0,146
Hammersmith And Fulham,2020-12-01,Freehold,1433675.0508474577,1330000.0,59
Hammersmith And Fulham,2020-12-01,Leasehold,692517.8876404495,640950.0,178
Hammersmith And Fulham,2021-01-01,Freehold,1700818.607142857,1437500.0,56
Hammersmith And Fulham,2021-01-01,Leasehold,716372.4586466165,610000.0,133
Hammersmith And Fulham,2021-02-01,Freehold,1326330.0,1318000.0,45
Hammersmith And Fulham,2021-02-01,Leasehold,725486.5095541402,650000.0,157
Hammersmith And Fulham,2021-03-01,Freehold,1576903.9326923077,1405000.0,104
Hammersmith And Fulham,2021-03-01,Leasehold,718331.0304054054,652500.0,296
Hammersmith And Fulham,2021-04-01,Freehold,1510389.5921052631,1333000.0,76
Hammersmith And Fulham,2021-04-01,Leasehold,712224.7972972973,691500.0,148
Hammersmith And Fulham,2021-05-01,Freehold,1440238.775510204,1350000.0,49
Hammersmith And Fulham,2021-05-01,Leasehold,741955.2380952381,650000.0,126
Hammersmith And Fulham,2021-06-01,Freehold,1547922.5759162304,1350000.0,191
Hammersmith And Fulham,2021-06-01,Leasehold,660188.7737556561,590410.0,442
Hammersmith And Fulham,2021-07-01,Freehold,2060909.2592592593,1875000.0,27
Hammersmith And Fulham,2021-07-01,Leasehold,903676.8387096775,645000.0,31
Hammersmith And Fulham,2021-08-01,Freehold,1732280.701754386,1525000.0,57
Hammersmith And Fulham,2021-08-01,Leasehold,646828.1641791045,600000.0,67
Hammersmith And Fulham,2021-09-01,Freehold,1662648.6804123712,1420000.0,97
Hammersmith And Fulham,2021-09-01,Leasehold,730441.1542857143,610000.0,175
Hammersmith And Fulham,2021-10-01,Freehold,1658644.2121212122,1375000.0,33
Hammersmith And Fulham,2021-10-01,Leasehold,636419.0416666666,545000.0,72
Hammersmith And Fulham,2021-11-01,Freehold,1680224.1379310344,1455000.0,58
Hammersmith And Fulham,2021-11-01,Leasehold,682276.9590643275,648000.0,171
Hammersmith And Fulham,2021-12-01,Freehold,1856420.2950819673,1460000.0,61
Hammersmith And Fulham,2021-12-01,Leasehold,664965.0991735538,570000.0,121
Hammersmith And Fulham,2022-01-01,Freehold,1705987.7358490566,1530000.0,53
Hammersmith And Fulham,2022-01-01,Leasehold,650693.3557692308,587500.0,104
Hammersmith And Fulham,2022-02-01,Freehold,1572875.0,1345000.0,52
Hammersmith And Fulham,2022-02-01,Leasehold,679167.5116279069,625000.0,129
Hammersmith And Fulham,2022-03-01,Freehold,1431874.0576923077,1335000.0,52
Hammersmith And Fulham,2022-03-01,Leasehold,661029.994047619,550000.0,168
Hammersmith And Fulham,2022-04-01,Freehold,1523040.3333333333,1282500.0,60
Hammersmith And Fulham,2022-04-01,Leasehold,759993.4883720931,607000.0,129
Hammersmith And Fulham,2022-05-01,Freehold,1613285.6666666667,1435000.0,63
Hammersmith And Fulham,2022-05-01,Leasehold,689382.4087591241,600000.0,137
Hammersmith And Fulham,2022-06-01,Freehold,1850425.2,1666877.0,50
Hammersmith And Fulham,2022-06-01,Leasehold,718515.1268656716,622500.0,134
Hammersmith And Fulham,2022-07-01,Freehold,1835252.7397260275,1550000.0,73
Hammersmith And Fulham,2022-07-01,Leasehold,696158.1907894737,643000.0,152
Hammersmith And Fulham,2022-08-01,Freehold,1971524.6543209876,1679000.0,81
Hammersmith And Fulham,2022-08-01,Leasehold,815472.9210526316,594500.0,152
Hammersmith And Fulham,2022-09-01,Freehold,1625529.0,1490000.0,64
Hammersmith And Fulham,2022-09-01,Leasehold,683993.8699186991,570000.0,123
Hammersmith And Fulham,2022-10-01,Freehold,1731923.0,1500000.0,50
Hammersmith And Fulham,2022-10-01,Leasehold,713541.3489932886,630000.0,149
Hammersmith And Fulham,2022-11-01,Freehold,1495307.2916666667,1300000.0,48
Hammersmith And Fulham,2022-11-01,Leasehold,776119.4166666666,622500.0,156
Hammersmith And Fulham,2022-12-01,Freehold,1516401.435897436,1400000.0,39
Hammersmith And Fulham,2022-12-01,Leasehold,769032.0729166666,650000.0,192
Hammersmith And Fulham,2023-01-01,Freehold,1836568.75,1646000.0,48
Hammersmith And Fulham,2023-01-01,Leasehold,784654.6692913385,708000.0,127
Hammersmith And Fulham,2023-02-01,Freehold,1706442.962962963,1400000.0,27
Hammersmith And Fulham,2023-02-01,Leasehold,886989.3468208093,791000.0,173
Hammersmith And Fulham,2023-03-01,Freehold,1619715.9090909092,1380000.0,44
Hammersmith And Fulham,2023-03-01,Leasehold,919184.5720720721,835812.5,222
Hammersmith And Fulham,2023-04-01,Freehold,1794680.0,1523160.0,37
Hammersmith And Fulham,2023-04-01,Leasehold,884578.8560606061,737500.0,132
Hammersmith And Fulham,2023-05-01,Freehold,1705009.794117647,1602500.0,34
Hammersmith And Fulham,2023-05-01,Leasehold,814840.9904761905,732375.0,105
Hammersmith And Fulham,2023-06-01,Freehold,1611780.9491525423,1360000.0,59
Hammersmith And Fulham,2023-06-01,Leasehold,883217.9254658385,735000.0,161
Hammersmith And Fulham,2023-07-01,Freehold,1894993.0555555555,1682500.0,72
Hammersmith And Fulham,2023-07-01,Leasehold,773411.4457142857,721300.0,175
Hammersmith And Fulham,2023-08-01,Freehold,1588743.2258064516,1432500.0,62
Hammersmith And Fulham,2023-08-01,Leasehold,709308.8427672955,640000.0,159
Hammersmith And Fulham,2023-09-01,Freehold,1744074.0277777778,1562000.0,72
Hammersmith And Fulham,2023-09-01,Leasehold,798607.3277777778,683500.0,180
Hammersmith And Fulham,2023-10-01,Freehold,1572678.9642857143,1346000.0,28
Hammersmith And Fulham,2023-10-01,Leasehold,881710.7456647399,800000.0,173
Hammersmith And Fulham,2023-11-01,Freehold,1553985.5263157894,1436750.0,38
Hammersmith And Fulham,2023-11-01,Leasehold,795502.5714285715,705000.0,147
Hammersmith And Fulham,2023-12-01,Freehold,1516220.5882352942,1425000.0,34
Hammersmith And Fulham,2023-12-01,Leasehold,739451.72,690000.0,125
Hammersmith And Fulham,2024-01-01,Freehold,1517686.8461538462,1345000.0,39
Hammersmith And Fulham,2024-01-01,Leasehold,893978.8288288289,740000.0,111
Hammersmith And Fulham,2024-02-01,Freehold,1591434.7826086956,1376500.0,46
Hammersmith And Fulham,2024-02-01,Leasehold,1009242.0714285715,763520.0,168
Hammersmith And Fulham,2024-03-01,Freehold,2039405.7142857143,1595000.0,49
Hammersmith And Fulham,2024-03-01,Leasehold,995857.0198675497,820000.0,151
Hammersmith And Fulham,2024-04-01,Freehold,1705863.3333333333,1570000.0,45
Hammersmith And Fulham,2024-04-01,Leasehold,859425.6739130435,688750.0,138
Hammersmith And Fulham,2024-05-01,Freehold,1950498.173076923,1722500.0,52
Hammersmith And Fulham,2024-05-01,Leasehold,963933.7142857143,744000.0,182
Hammersmith And Fulham,2024-06-01,Freehold,1643295.6222222222,1450000.0,45
Hammersmith And Fulham,2024-06-01,Leasehold,831153.3119266055,635000.0,109
Hammersmith And Fulham,2024-07-01,Freehold,1775236.4864864864,1507500.0,74
Hammersmith And Fulham,2024-07-01,Leasehold,839046.3262032085,730000.0,187
Hammersmith And Fulham,2024-08-01,Freehold,1848835.6835443038,1700000.0,79
Hammersmith And Fulham,2024-08-01,Leasehold,783196.4480519481,660000.0,154
Hammersmith And Fulham,2024-09-01,Freehold,1777363.455882353,1580000.0,68
Hammersmith And Fulham,2024-09-01,Leasehold,715944.493150685,615000.0,146
Hammersmith And Fulham,2024-10-01,Freehold,1673795.2575757576,1477500.0,66
Hammersmith And Fulham,2024-10-01,Leasehold,763517.0508474576,650000.0,177
Hammersmith And Fulham,2024-11-01,Freehold,1695620.8867924528,1650000.0,53
Hammersmith And Fulham,2024-11-01,Leasehold,735114.8382352941,683012.5,136
Hammersmith And Fulham,2024-12-01,Freehold,1800524.0,1511059.0,38
Hammersmith And Fulham,2024-12-01,Leasehold,675764.7954545454,586000.0,132
Hammersmith And Fulham,2025-01-01,Freehold,1715521.2765957448,1407500.0,47
Hammersmith And Fulham,2025-01-01,Leasehold,751767.7050359712,625000.0,139
Hammersmith And Fulham,2025-02-01,Freehold,1571307.111111111,1375000.0,45
Hammersmith And Fulham,2025-02-01,Leasehold,874173.4890510949,585000.0,137
Hammersmith And Fulham,2025-03-01,Freehold,1550340.488095238,1240000.0,84
Hammersmith And Fulham,2025-03-01,Leasehold,658396.6598465473,585000.0,391
Hammersmith And Fulham,2025-04-01,Freehold,2087086.2068965517,1700000.0,29
Hammersmith And Fulham,2025-04-01,Leasehold,984049.9117647059,679750.0,68
Hammersmith And Fulham,2025-05-01,Freehold,1763932.5,1519500.0,34
Hammersmith And Fulham,2025-05-01,Leasehold,740972.93,670000.0,100
Hammersmith And Fulham,2025-06-01,Freehold,1676640.2549019607,1535000.0,51
Hammersmith And Fulham,2025-06-01,Leasehold,755473.6,640000.0,90
Hammersmith And Fulham,2025-07-01,Freehold,1671198.4473684211,1490000.0,76
Hammersmith And Fulham,2025-07-01,Leasehold,758914.7446808511,645000.0,141
Hammersmith And Fulham,2025-08-01,Freehold,1766107.7818181817,1500000.0,55
Hammersmith And Fulham,2025-08-01,Leasehold,677592.512,605101.0,125
Hammersmith And Fulham,2025-09-01,Freehold,1694646.875,1648750.0,48
Hammersmith And Fulham,2025-09-01,Leasehold,617515.9479166666,574500.0,96
Hammersmith And Fulham,2025-10-01,Freehold,1782755.319148936,1506000.0,47
Hammersmith And Fulham,2025-10-01,Leasehold,651251.88,592000.0,125
Hammersmith And Fulham,2025-11-01,Freehold,1712465.2777777778,1519125.0,36
Hammersmith And Fulham,2025-11-01,Leasehold,631380.1958762887,590000.0,97
Hammersmith And Fulham,2025-12-01,Freehold,1333601.1818181819,1217500.0,22
Hammersmith And Fulham,2025-12-01,Leasehold,594497.1097560975,553750.0,82
Hammersmith And Fulham,2026-01-01,Freehold,1515487.3181818181,1211250.0,22
Hammersmith And Fulham,2026-01-01,Leasehold,602785.948275862,562500.0,58
Hammersmith And Fulham,2026-02-01,Freehold,1706496.9411764706,1110000.0,17
Hammersmith And Fulham,2026-02-01,Leasehold,621529.1833333333,537500.0,60
Hammersmith And Fulham,2026-03-01,Freehold,1327716.0,1180000.0,20
Hammersmith And Fulham,2026-03-01,Leasehold,583425.9275362319,585000.0,69
Hammersmith And Fulham,2026-04-01,Freehold,1280783.0555555555,1183250.0,18
Hammersmith And Fulham,2026-04-01,Leasehold,617747.3802816902,575000.0,71
Hammersmith And Fulham,2026-05-01,Freehold,977166.6666666666,846500.0,3
Hammersmith And Fulham,2026-05-01,Leasehold,524271.25925925927,492500.0,27
Haringey,2006-01-01,Freehold,361227.99363057327,266050.0,157
Haringey,2006-01-01,Leasehold,216041.6896551724,189850.0,145
Haringey,2006-02-01,Freehold,390468.71794871794,265000.0,117
Haringey,2006-02-01,Leasehold,210023.6464088398,195000.0,181
Haringey,2006-03-01,Freehold,341097.58638743457,250000.0,191
Haringey,2006-03-01,Leasehold,210818.9792746114,185000.0,193
Haringey,2006-04-01,Freehold,393344.3841463415,268750.0,164
Haringey,2006-04-01,Leasehold,202580.29824561405,187500.0,171
Haringey,2006-05-01,Freehold,377155.02906976745,278750.0,172
Haringey,2006-05-01,Leasehold,221755.57009345794,200000.0,214
Haringey,2006-06-01,Freehold,401526.14130434784,306500.0,184
Haringey,2006-06-01,Leasehold,217696.52631578947,210000.0,228
Haringey,2006-07-01,Freehold,448033.1218274112,300000.0,197
Haringey,2006-07-01,Leasehold,230848.6566523605,214000.0,233
Haringey,2006-08-01,Freehold,415545.3798076923,299975.0,208
Haringey,2006-08-01,Leasehold,230444.7366255144,210000.0,243
Haringey,2006-09-01,Freehold,491907.1224489796,303000.0,196
Haringey,2006-09-01,Leasehold,233419.76470588235,221750.0,255
Haringey,2006-10-01,Freehold,398893.27814569534,270000.0,151
Haringey,2006-10-01,Leasehold,233516.2735426009,213500.0,223
Haringey,2006-11-01,Freehold,445325.33142857143,285000.0,175
Haringey,2006-11-01,Leasehold,223361.10218978103,208500.0,274
Haringey,2006-12-01,Freehold,409515.2173913043,313000.0,161
Haringey,2006-12-01,Leasehold,233924.2248995984,222500.0,249
Haringey,2007-01-01,Freehold,427362.8253012048,292500.0,166
Haringey,2007-01-01,Leasehold,238410.38034188034,226750.0,234
Haringey,2007-02-01,Freehold,427166.9130434783,278000.0,161
Haringey,2007-02-01,Leasehold,220726.27710843374,211000.0,166
Haringey,2007-03-01,Freehold,452111.02702702704,300000.0,148
Haringey,2007-03-01,Leasehold,230594.9298245614,218000.0,228
Haringey,2007-04-01,Freehold,452476.3259259259,319000.0,135
Haringey,2007-04-01,Leasehold,249071.3661202186,230000.0,183
Haringey,2007-05-01,Freehold,457091.8145695364,305000.0,151
Haringey,2007-05-01,Leasehold,251758.63636363635,235000.0,209
Haringey,2007-06-01,Freehold,529057.9141104295,360000.0,163
Haringey,2007-06-01,Leasehold,251083.71563981043,245000.0,211
Haringey,2007-07-01,Freehold,510437.78536585363,360000.0,205
Haringey,2007-07-01,Leasehold,258423.28735632185,245000.0,261
Haringey,2007-08-01,Freehold,528095.8941798941,350000.0,189
Haringey,2007-08-01,Leasehold,271993.51612903224,249999.0,279
Haringey,2007-09-01,Freehold,535327.7212121212,390000.0,165
Haringey,2007-09-01,Leasehold,278019.32620320853,250000.0,187
Haringey,2007-10-01,Freehold,489551.9767441861,335000.0,129
Haringey,2007-10-01,Leasehold,275820.7087378641,250000.0,206
Haringey,2007-11-01,Freehold,511880.1538461539,385000.0,130
Haringey,2007-11-01,Leasehold,260433.86458333334,247500.0,192
Haringey,2007-12-01,Freehold,475216.3173076923,300000.0,104
Haringey,2007-12-01,Leasehold,259253.51388888888,246000.0,144
Haringey,2008-01-01,Freehold,467752.51948051946,318000.0,77
Haringey,2008-01-01,Leasehold,255333.75187969924,237000.0,133
Haringey,2008-02-01,Freehold,412955.85714285716,320000.0,91
Haringey,2008-02-01,Leasehold,261522.4573643411,247500.0,129
Haringey,2008-03-01,Freehold,501010.0561797753,330000.0,89
Haringey,2008-03-01,Leasehold,250099.50406504064,219000.0,123
Haringey,2008-04-01,Freehold,462845.7228915663,326500.0,83
Haringey,2008-04-01,Leasehold,258095.67289719626,247000.0,107
Haringey,2008-05-01,Freehold,601248.625,400550.0,80
Haringey,2008-05-01,Leasehold,286565.4414414414,245000.0,111
Haringey,2008-06-01,Freehold,468453.78205128206,306250.0,78
Haringey,2008-06-01,Leasehold,249115.69444444444,221000.0,108
Haringey,2008-07-01,Freehold,478867.816091954,309000.0,87
Haringey,2008-07-01,Leasehold,237109.4193548387,215000.0,93
Haringey,2008-08-01,Freehold,526412.619047619,350000.0,63
Haringey,2008-08-01,Leasehold,237639.42727272728,220750.0,110
Haringey,2008-09-01,Freehold,460721.4464285714,307500.0,56
Haringey,2008-09-01,Leasehold,259655.7794117647,250000.0,68
Haringey,2008-10-01,Freehold,505152.20588235295,300000.0,68
Haringey,2008-10-01,Leasehold,232107.78125,225000.0,64
Haringey,2008-11-01,Freehold,372572.4259259259,282500.0,54
Haringey,2008-11-01,Leasehold,267172.9,249500.0,40
Haringey,2008-12-01,Freehold,334308.3333333333,287500.0,42
Haringey,2008-12-01,Leasehold,232860.65789473685,224975.0,76
Haringey,2009-01-01,Freehold,426293.46153846156,250000.0,39
Haringey,2009-01-01,Leasehold,214171.79487179487,208250.0,39
Haringey,2009-02-01,Freehold,462455.73529411765,264000.0,34
Haringey,2009-02-01,Leasehold,239142.85714285713,194000.0,42
Haringey,2009-03-01,Freehold,347826.9583333333,250000.0,48
Haringey,2009-03-01,Leasehold,234963.55319148937,239000.0,47
Haringey,2009-04-01,Freehold,389879.4871794872,267500.0,39
Haringey,2009-04-01,Leasehold,239721.37096774194,222500.0,62
Haringey,2009-05-01,Freehold,521229.9,311500.0,50
Haringey,2009-05-01,Leasehold,236695.01470588235,225000.0,68
Haringey,2009-06-01,Freehold,440727.17391304346,387000.0,69
Haringey,2009-06-01,Leasehold,254868.82352941178,239000.0,85
Haringey,2009-07-01,Freehold,502157.31868131866,430000.0,91
Haringey,2009-07-01,Leasehold,235203.31632653062,221475.0,98
Haringey,2009-08-01,Freehold,439334.2696629214,320000.0,89
Haringey,2009-08-01,Leasehold,264509.84112149535,237500.0,107
Haringey,2009-09-01,Freehold,533858.8613861386,405000.0,101
Haringey,2009-09-01,Leasehold,280182.1100917431,250000.0,109
Haringey,2009-10-01,Freehold,512054.128440367,360000.0,109
Haringey,2009-10-01,Leasehold,255433.3027522936,248000.0,109
Haringey,2009-11-01,Freehold,427324.5287356322,285000.0,87
Haringey,2009-11-01,Leasehold,255204.74561403508,240000.0,114
Haringey,2009-12-01,Freehold,505857.5,383000.0,92
Haringey,2009-12-01,Leasehold,246646.76811594202,225000.0,138
Haringey,2010-01-01,Freehold,566889.731707317,452500.0,82
Haringey,2010-01-01,Leasehold,282132.25531914894,250000.0,94
Haringey,2010-02-01,Freehold,508097.21428571426,391250.0,56
Haringey,2010-02-01,Leasehold,252404.04166666666,227500.0,120
Haringey,2010-03-01,Freehold,523782.86904761905,370250.0,84
Haringey,2010-03-01,Leasehold,268595.94,245000.0,100
Haringey,2010-04-01,Freehold,524188.30303030304,352500.0,66
Haringey,2010-04-01,Leasehold,256984.14736842105,242000.0,95
Haringey,2010-05-01,Freehold,488030.2051282051,335000.0,78
Haringey,2010-05-01,Leasehold,267724.7297297297,250000.0,74
Haringey,2010-06-01,Freehold,506469.2807017544,331000.0,114
Haringey,2010-06-01,Leasehold,292588.896,285000.0,125
Haringey,2010-07-01,Freehold,590398.4740740741,425000.0,135
Haringey,2010-07-01,Leasehold,287167.58156028367,250000.0,141
Haringey,2010-08-01,Freehold,506952.1235955056,380000.0,89
Haringey,2010-08-01,Leasehold,283348.14814814815,266000.0,135
Haringey,2010-09-01,Freehold,697544.4444444445,413500.0,72
Haringey,2010-09-01,Leasehold,282151.4285714286,250000.0,112
Haringey,2010-10-01,Freehold,533063.25,357500.0,80
Haringey,2010-10-01,Leasehold,281430.45454545453,270000.0,110
Haringey,2010-11-01,Freehold,534097.1914893617,350500.0,94
Haringey,2010-11-01,Leasehold,316048.670212766,249950.0,94
Haringey,2010-12-01,Freehold,537473.8095238095,331500.0,84
Haringey,2010-12-01,Leasehold,276131.35135135136,248000.0,111
Haringey,2011-01-01,Freehold,502868.9285714286,385000.0,84
Haringey,2011-01-01,Leasehold,282281.5789473684,250000.0,76
Haringey,2011-02-01,Freehold,610562.947368421,477500.0,76
Haringey,2011-02-01,Leasehold,286909.5238095238,245000.0,84
Haringey,2011-03-01,Freehold,653760.9850746269,460000.0,67
Haringey,2011-03-01,Leasehold,286303.6354166667,249000.0,96
Haringey,2011-04-01,Freehold,591947.75,380000.0,96
Haringey,2011-04-01,Leasehold,284566.8554216867,250000.0,83
Haringey,2011-05-01,Freehold,457491.8369565217,360000.0,92
Haringey,2011-05-01,Leasehold,280758.2,250000.0,80
Haringey,2011-06-01,Freehold,489699.3888888889,352500.0,90
Haringey,2011-06-01,Leasehold,285036.1770833333,247475.0,96
Haringey,2011-07-01,Freehold,693070.78125,437000.0,96
Haringey,2011-07-01,Leasehold,312238.59433962265,271000.0,106
Haringey,2011-08-01,Freehold,512618.7131147541,347500.0,122
Haringey,2011-08-01,Leasehold,305679.2,262000.0,110
Haringey,2011-09-01,Freehold,562048.1570247934,430000.0,121
Haringey,2011-09-01,Leasehold,280790.1746031746,249972.5,126
Haringey,2011-10-01,Freehold,522345.1388888889,397500.0,72
Haringey,2011-10-01,Leasehold,280211.8823529412,267500.0,119
Haringey,2011-11-01,Freehold,605147.7536231884,325000.0,69
Haringey,2011-11-01,Leasehold,288699.73387096776,273750.0,124
Haringey,2011-12-01,Freehold,469011.038961039,360000.0,77
Haringey,2011-12-01,Leasehold,298495.0367647059,250000.0,136
Haringey,2012-01-01,Freehold,529262.8333333334,375000.0,72
Haringey,2012-01-01,Leasehold,293737.962962963,275000.0,108
Haringey,2012-02-01,Freehold,553832.7966101695,380000.0,59
Haringey,2012-02-01,Leasehold,274806.3333333333,250000.0,114
Haringey,2012-03-01,Freehold,530485.119047619,367500.0,84
Haringey,2012-03-01,Leasehold,295192.1956521739,258000.0,138
Haringey,2012-04-01,Freehold,544641.5584415584,417500.0,77
Haringey,2012-04-01,Leasehold,305657.5342465753,270000.0,73
Haringey,2012-05-01,Freehold,714694.8676470588,566500.0,68
Haringey,2012-05-01,Leasehold,313740.74074074073,306000.0,108
Haringey,2012-06-01,Freehold,670057.2048192772,455000.0,83
Haringey,2012-06-01,Leasehold,289976.1414141414,250000.0,99
Haringey,2012-07-01,Freehold,620510.6636363637,412000.0,110
Haringey,2012-07-01,Leasehold,294297.2049689441,262000.0,161
Haringey,2012-08-01,Freehold,629418.3448275862,490000.0,116
Haringey,2012-08-01,Leasehold,292372.8145695364,267500.0,151
Haringey,2012-09-01,Freehold,613503.9866666667,487000.0,75
Haringey,2012-09-01,Leasehold,298284.3582089552,267500.0,134
Haringey,2012-10-01,Freehold,579136.6049382716,452000.0,81
Haringey,2012-10-01,Leasehold,285276.85365853657,269000.0,123
Haringey,2012-11-01,Freehold,615839.3846153846,482540.0,91
Haringey,2012-11-01,Leasehold,300732.09285714285,272500.0,140
Haringey,2012-12-01,Freehold,547098.8666666667,470000.0,45
Haringey,2012-12-01,Leasehold,330089.4248366013,292000.0,153
Haringey,2013-01-01,Freehold,615884.12,445000.0,75
Haringey,2013-01-01,Leasehold,298008.26923076925,252500.0,130
Haringey,2013-02-01,Freehold,961590.0757575758,480000.0,66
Haringey,2013-02-01,Leasehold,304834.462962963,278250.0,108
Haringey,2013-03-01,Freehold,697706.4477611941,410000.0,67
Haringey,2013-03-01,Leasehold,307286.0560747664,265000.0,107
Haringey,2013-04-01,Freehold,666434.1571428571,430000.0,70
Haringey,2013-04-01,Leasehold,290981.97222222225,272678.0,108
Haringey,2013-05-01,Freehold,582989.4117647059,435000.0,85
Haringey,2013-05-01,Leasehold,325670.2677165354,318500.0,127
Haringey,2013-06-01,Freehold,822683.552631579,547475.0,76
Haringey,2013-06-01,Leasehold,297207.4520547945,280000.0,146
Haringey,2013-07-01,Freehold,740988.9426229508,491000.0,122
Haringey,2013-07-01,Leasehold,341381.9347826087,306750.0,138
Haringey,2013-08-01,Freehold,776700.4954954955,599950.0,111
Haringey,2013-08-01,Leasehold,331632.4761904762,306000.0,147
Haringey,2013-09-01,Freehold,672411.5697674418,497475.0,86
Haringey,2013-09-01,Leasehold,363303.28965517244,325000.0,145
Haringey,2013-10-01,Freehold,806949.0294117647,607500.0,102
Haringey,2013-10-01,Leasehold,306706.24528301886,285000.0,159
Haringey,2013-11-01,Freehold,724912.6732673268,550000.0,101
Haringey,2013-11-01,Leasehold,345726.2706766917,305000.0,133
Haringey,2013-12-01,Freehold,624324.1647058823,460000.0,85
Haringey,2013-12-01,Leasehold,333903.4905660377,299950.0,159
Haringey,2014-01-01,Freehold,851885.2525252525,680000.0,99
Haringey,2014-01-01,Leasehold,364860.8613138686,320000.0,137
Haringey,2014-02-01,Freehold,548393.108433735,382000.0,83
Haringey,2014-02-01,Leasehold,343720.9022556391,320000.0,133
Haringey,2014-03-01,Freehold,567923.5975609756,450000.0,82
Haringey,2014-03-01,Leasehold,347369.3661971831,320000.0,142
Haringey,2014-04-01,Freehold,823083.7954545454,487500.0,88
Haringey,2014-04-01,Leasehold,350067.72794117645,334850.0,136
Haringey,2014-05-01,Freehold,807430.7802197802,611000.0,91
Haringey,2014-05-01,Leasehold,373425.6567164179,325000.0,134
Haringey,2014-06-01,Freehold,785557.1927710844,510000.0,83
Haringey,2014-06-01,Leasehold,375007.77777777775,338000.0,153
Haringey,2014-07-01,Freehold,1036664.2761904761,650000.0,105
Haringey,2014-07-01,Leasehold,376963.5548780488,340000.0,164
Haringey,2014-08-01,Freehold,830126.752,645000.0,125
Haringey,2014-08-01,Leasehold,412787.93548387097,370000.0,155
Haringey,2014-09-01,Freehold,911654.2978723404,700750.0,94
Haringey,2014-09-01,Leasehold,380501.3622047244,337000.0,127
Haringey,2014-10-01,Freehold,818891.1262135922,490000.0,103
Haringey,2014-10-01,Leasehold,396658.6013986014,350500.0,143
Haringey,2014-11-01,Freehold,688420.6896551724,532500.0,87
Haringey,2014-11-01,Leasehold,415775.8510638298,378000.0,141
Haringey,2014-12-01,Freehold,765141.1428571428,560000.0,91
Haringey,2014-12-01,Leasehold,381914.6558441558,350150.0,154
Haringey,2015-01-01,Freehold,744190.0,497500.0,68
Haringey,2015-01-01,Leasehold,401137.45132743364,375000.0,113
Haringey,2015-02-01,Freehold,656377.9411764706,500000.0,68
Haringey,2015-02-01,Leasehold,377859.07446808513,360000.0,94
Haringey,2015-03-01,Freehold,668800.8064516129,522500.0,62
Haringey,2015-03-01,Leasehold,359412.9923076923,350000.0,130
Haringey,2015-04-01,Freehold,837371.4545454546,590000.0,77
Haringey,2015-04-01,Leasehold,369160.4077669903,345000.0,103
Haringey,2015-05-01,Freehold,731446.6666666666,532000.0,75
Haringey,2015-05-01,Leasehold,378754.7832167832,360000.0,143
Haringey,2015-06-01,Freehold,837334.8137254902,547500.0,102
Haringey,2015-06-01,Leasehold,360364.95480225986,325995.0,177
Haringey,2015-07-01,Freehold,852684.9545454546,610000.0,110
Haringey,2015-07-01,Leasehold,418212.8446601942,365000.0,206
Haringey,2015-08-01,Freehold,889000.5490196078,667500.0,102
Haringey,2015-08-01,Leasehold,417138.9235294118,383000.0,170
Haringey,2015-09-01,Freehold,854005.2105263158,615000.0,95
Haringey,2015-09-01,Leasehold,451859.7876712329,420000.0,146
Haringey,2015-10-01,Freehold,965855.3039215687,690000.0,102
Haringey,2015-10-01,Leasehold,436493.86486486485,400000.0,148
Haringey,2015-11-01,Freehold,937474.0238095238,745000.0,84
Haringey,2015-11-01,Leasehold,449654.3652173913,402000.0,115
Haringey,2015-12-01,Freehold,914369.9411764706,699950.0,85
Haringey,2015-12-01,Leasehold,410712.47933884297,385000.0,121
Haringey,2016-01-01,Freehold,1041088.6290322581,677500.0,62
Haringey,2016-01-01,Leasehold,386702.2808219178,369997.5,146
Haringey,2016-02-01,Freehold,879850.7352941176,644975.0,68
Haringey,2016-02-01,Leasehold,433284.7747747748,385000.0,111
Haringey,2016-03-01,Freehold,869831.6466165413,602000.0,133
Haringey,2016-03-01,Leasehold,409856.6906779661,374995.0,236
Haringey,2016-04-01,Freehold,913584.8076923077,650000.0,52
Haringey,2016-04-01,Leasehold,373510.847826087,349995.0,92
Haringey,2016-05-01,Freehold,934589.0217391305,663497.5,46
Haringey,2016-05-01,Leasehold,429147.4112149533,395000.0,107
Haringey,2016-06-01,Freehold,936515.987654321,721500.0,81
Haringey,2016-06-01,Leasehold,429065.9433962264,405000.0,106
Haringey,2016-07-01,Freehold,959474.3452380953,667497.5,84
Haringey,2016-07-01,Leasehold,490989.80597014923,400000.0,134
Haringey,2016-08-01,Freehold,854664.8983050848,707500.0,59
Haringey,2016-08-01,Leasehold,426136.9166666667,404495.0,144
Haringey,2016-09-01,Freehold,969433.56,770000.0,75
Haringey,2016-09-01,Leasehold,468975.4566929134,441000.0,127
Haringey,2016-10-01,Freehold,892847.3770491803,635000.0,61
Haringey,2016-10-01,Leasehold,431178.5714285714,412500.0,84
Haringey,2016-11-01,Freehold,870521.5909090909,692500.0,44
Haringey,2016-11-01,Leasehold,438942.0,417500.0,80
Haringey,2016-12-01,Freehold,824077.0,634000.0,71
Haringey,2016-12-01,Leasehold,457755.5057471264,425000.0,87
Haringey,2017-01-01,Freehold,959062.0689655172,816250.0,58
Haringey,2017-01-01,Leasehold,501534.8591549296,450000.0,71
Haringey,2017-02-01,Freehold,922382.4074074074,802500.0,54
Haringey,2017-02-01,Leasehold,513699.21782178216,475000.0,101
Haringey,2017-03-01,Freehold,873936.5396825396,675000.0,63
Haringey,2017-03-01,Leasehold,459714.13265306124,412250.0,98
Haringey,2017-04-01,Freehold,929272.0666666667,844995.0,45
Haringey,2017-04-01,Leasehold,477239.0131578947,427500.0,76
Haringey,2017-05-01,Freehold,884797.9682539683,650000.0,63
Haringey,2017-05-01,Leasehold,495081.5714285714,450000.0,84
Haringey,2017-06-01,Freehold,1039825.9333333333,983000.0,75
Haringey,2017-06-01,Leasehold,521847.18699186994,475000.0,123
Haringey,2017-07-01,Freehold,843359.04,615000.0,75
Haringey,2017-07-01,Leasehold,516413.8163265306,490000.0,98
Haringey,2017-08-01,Freehold,1021384.375,850625.0,80
Haringey,2017-08-01,Leasehold,519476.1919191919,455000.0,99
Haringey,2017-09-01,Freehold,1042228.8450704225,770000.0,71
Haringey,2017-09-01,Leasehold,484780.6274509804,469000.0,102
Haringey,2017-10-01,Freehold,977160.1643835617,743592.0,73
Haringey,2017-10-01,Leasehold,473197.7403846154,433750.0,104
Haringey,2017-11-01,Freehold,855808.0645161291,721000.0,62
Haringey,2017-11-01,Leasehold,528140.4736842106,457500.0,95
Haringey,2017-12-01,Freehold,934952.679245283,730000.0,53
Haringey,2017-12-01,Leasehold,557537.0337078652,470000.0,89
Haringey,2018-01-01,Freehold,1204098.8,860000.0,60
Haringey,2018-01-01,Leasehold,479848.34920634923,460000.0,63
Haringey,2018-02-01,Freehold,1048609.98,920000.0,50
Haringey,2018-02-01,Leasehold,485113.5833333333,439000.0,72
Haringey,2018-03-01,Freehold,853638.4333333333,731000.0,60
Haringey,2018-03-01,Leasehold,526812.8315789474,499995.0,95
Haringey,2018-04-01,Freehold,998906.6346153846,812500.0,52
Haringey,2018-04-01,Leasehold,494017.5523809524,485000.0,105
Haringey,2018-05-01,Freehold,1133584.2608695652,897625.0,46
Haringey,2018-05-01,Leasehold,503276.8098591549,449600.0,142
Haringey,2018-06-01,Freehold,890653.2608695652,727500.0,46
Haringey,2018-06-01,Leasehold,492688.74418604653,460000.0,129
Haringey,2018-07-01,Freehold,1022985.3797468354,765000.0,79
Haringey,2018-07-01,Leasehold,484428.9910714286,461450.0,112
Haringey,2018-08-01,Freehold,914577.0114942528,742500.0,87
Haringey,2018-08-01,Leasehold,477021.5571428572,461250.0,140
Haringey,2018-09-01,Freehold,952543.7735849057,810000.0,53
Haringey,2018-09-01,Leasehold,471442.3222222222,472500.0,90
Haringey,2018-10-01,Freehold,857441.3333333334,715000.0,75
Haringey,2018-10-01,Leasehold,492531.96,445500.0,100
Haringey,2018-11-01,Freehold,962723.2142857143,807500.0,56
Haringey,2018-11-01,Leasehold,464813.3137254902,426000.0,102
Haringey,2018-12-01,Freehold,837040.6923076923,632500.0,65
Haringey,2018-12-01,Leasehold,471892.3125,400750.0,96
Haringey,2019-01-01,Freehold,1013354.5138888889,721250.0,72
Haringey,2019-01-01,Leasehold,472956.8604651163,434000.0,86
Haringey,2019-02-01,Freehold,855688.8888888889,687000.0,45
Haringey,2019-02-01,Leasehold,468150.56097560975,426500.0,82
Haringey,2019-03-01,Freehold,841815.701754386,700000.0,57
Haringey,2019-03-01,Leasehold,487412.39285714284,449000.0,84
Haringey,2019-04-01,Freehold,901552.0833333334,722500.0,48
Haringey,2019-04-01,Leasehold,465689.296875,440000.0,64
Haringey,2019-05-01,Freehold,998854.8387096775,847750.0,62
Haringey,2019-05-01,Leasehold,451690.0361445783,442100.0,83
Haringey,2019-06-01,Freehold,963035.5555555555,810000.0,45
Haringey,2019-06-01,Leasehold,526990.0471698113,446250.0,106
Haringey,2019-07-01,Freehold,894925.4285714285,684000.0,70
Haringey,2019-07-01,Leasehold,481182.55263157893,427500.0,114
Haringey,2019-08-01,Freehold,860783.1081081082,632500.0,74
Haringey,2019-08-01,Leasehold,467318.4496124031,452000.0,129
Haringey,2019-09-01,Freehold,1019742.6666666666,817000.0,75
Haringey,2019-09-01,Leasehold,492574.7663551402,442000.0,107
Haringey,2019-10-01,Freehold,958787.6119402985,795000.0,67
Haringey,2019-10-01,Leasehold,467750.793814433,457500.0,97
Haringey,2019-11-01,Freehold,954510.9516129033,752500.0,62
Haringey,2019-11-01,Leasehold,455361.18644067796,411000.0,118
Haringey,2019-12-01,Freehold,1022856.1294117647,731000.0,85
Haringey,2019-12-01,Leasehold,429724.80898876407,420000.0,89
Haringey,2020-01-01,Freehold,858303.2142857143,720000.0,70
Haringey,2020-01-01,Leasehold,470041.54929577466,431000.0,71
Haringey,2020-02-01,Freehold,1133373.8636363635,753750.0,44
Haringey,2020-02-01,Leasehold,427428.7162162162,412500.0,74
Haringey,2020-03-01,Freehold,938874.0163934426,800000.0,61
Haringey,2020-03-01,Leasehold,403327.4568965517,377500.0,116
Haringey,2020-04-01,Freehold,793982.3235294118,580000.0,34
Haringey,2020-04-01,Leasehold,470373.6111111111,440500.0,36
Haringey,2020-05-01,Freehold,846726.25,599000.0,24
Haringey,2020-05-01,Leasehold,450927.8653846154,404500.0,52
Haringey,2020-06-01,Freehold,978773.2051282051,765000.0,39
Haringey,2020-06-01,Leasehold,451698.73529411765,429500.0,68
Haringey,2020-07-01,Freehold,868924.1,722500.0,60
Haringey,2020-07-01,Leasehold,467527.45454545453,463250.0,88
Haringey,2020-08-01,Freehold,1053069.0740740742,820000.0,81
Haringey,2020-08-01,Leasehold,496205.9885057471,450000.0,87
Haringey,2020-09-01,Freehold,1112198.717948718,805000.0,78
Haringey,2020-09-01,Leasehold,495380.67272727273,443250.0,110
Haringey,2020-10-01,Freehold,1101944.4430379746,800000.0,79
Haringey,2020-10-01,Leasehold,505736.3769230769,443874.0,130
Haringey,2020-11-01,Freehold,1023359.6385542168,765000.0,83
Haringey,2020-11-01,Leasehold,474195.7983193277,435000.0,119
Haringey,2020-12-01,Freehold,971642.7904761905,760000.0,105
Haringey,2020-12-01,Leasehold,509564.7894736842,482500.0,152
Haringey,2021-01-01,Freehold,1075812.9807692308,750000.0,104
Haringey,2021-01-01,Leasehold,521948.3157894737,498000.0,114
Haringey,2021-02-01,Freehold,980851.6438356164,755000.0,73
Haringey,2021-02-01,Leasehold,487088.47643979057,467460.0,191
Haringey,2021-03-01,Freehold,855260.411392405,693250.0,158
Haringey,2021-03-01,Leasehold,492118.1802120141,483360.0,283
Haringey,2021-04-01,Freehold,787447.2,672500.0,80
Haringey,2021-04-01,Leasehold,521456.8216216216,500000.0,185
Haringey,2021-05-01,Freehold,954399.8,626250.0,60
Haringey,2021-05-01,Leasehold,488154.5317460318,467500.0,126
Haringey,2021-06-01,Freehold,1012320.183745583,810000.0,283
Haringey,2021-06-01,Leasehold,500644.55105973023,475000.0,519
Haringey,2021-07-01,Freehold,1733205.8823529412,1250000.0,17
Haringey,2021-07-01,Leasehold,410799.6808510638,392850.0,47
Haringey,2021-08-01,Freehold,1302250.0,904000.0,62
Haringey,2021-08-01,Leasehold,477587.01492537314,425000.0,67
Haringey,2021-09-01,Freehold,1007428.0,750750.0,139
Haringey,2021-09-01,Leasehold,513503.67597765365,445000.0,179
Haringey,2021-10-01,Freehold,1122666.8125,842500.0,48
Haringey,2021-10-01,Leasehold,495462.4756097561,436500.0,82
Haringey,2021-11-01,Freehold,1053206.7164179105,792500.0,67
Haringey,2021-11-01,Leasehold,487495.8620689655,462000.0,87
Haringey,2021-12-01,Freehold,935384.390625,812500.0,64
Haringey,2021-12-01,Leasehold,475855.2905982906,450000.0,117
Haringey,2022-01-01,Freehold,1025154.7260273972,785000.0,73
Haringey,2022-01-01,Leasehold,516218.46153846156,465000.0,91
Haringey,2022-02-01,Freehold,911941.0606060605,770000.0,66
Haringey,2022-02-01,Leasehold,501037.52747252746,465000.0,91
Haringey,2022-03-01,Freehold,1044015.1095890411,770000.0,73
Haringey,2022-03-01,Leasehold,487163.23076923075,439250.0,130
Haringey,2022-04-01,Freehold,1217985.9154929577,850000.0,71
Haringey,2022-04-01,Leasehold,502211.00917431194,468000.0,109
Haringey,2022-05-01,Freehold,1025049.2957746478,725000.0,71
Haringey,2022-05-01,Leasehold,517830.25423728814,510000.0,118
Haringey,2022-06-01,Freehold,1191846.9387755103,890000.0,49
Haringey,2022-06-01,Leasehold,503026.9022556391,496860.0,133
Haringey,2022-07-01,Freehold,1343438.9782608696,950000.0,92
Haringey,2022-07-01,Leasehold,518871.47239263804,500000.0,163
Haringey,2022-08-01,Freehold,1215361.0833333333,873750.0,108
Haringey,2022-08-01,Leasehold,518070.1614906832,456125.0,161
Haringey,2022-09-01,Freehold,1133004.4513274336,951000.0,113
Haringey,2022-09-01,Leasehold,505408.25766871165,470000.0,163
Haringey,2022-10-01,Freehold,1141704.2839506173,840000.0,81
Haringey,2022-10-01,Leasehold,518381.15972222225,478750.0,144
Haringey,2022-11-01,Freehold,1221096.0,950000.0,99
Haringey,2022-11-01,Leasehold,565402.161111111,551475.0,180
Haringey,2022-12-01,Freehold,1029472.3880597015,750000.0,67
Haringey,2022-12-01,Leasehold,537181.2068965518,497000.0,145
Haringey,2023-01-01,Freehold,1251865.5172413792,842500.0,58
Haringey,2023-01-01,Leasehold,507417.8846153846,462250.0,78
Haringey,2023-02-01,Freehold,1131528.6956521738,1061500.0,46
Haringey,2023-02-01,Leasehold,488912.5,465500.0,126
Haringey,2023-03-01,Freehold,972421.875,825000.0,64
Haringey,2023-03-01,Leasehold,500489.8670520231,466000.0,173
Haringey,2023-04-01,Freehold,1266195.8333333333,950000.0,60
Haringey,2023-04-01,Leasehold,481114.9705882353,449845.0,102
Haringey,2023-05-01,Freehold,1163461.1206896552,890000.0,58
Haringey,2023-05-01,Leasehold,556708.3333333334,435000.0,66
Haringey,2023-06-01,Freehold,1138820.7538461538,850000.0,65
Haringey,2023-06-01,Leasehold,543945.5346534654,491000.0,101
Haringey,2023-07-01,Freehold,952117.625,792500.0,80
Haringey,2023-07-01,Leasehold,519700.0181818182,485500.0,110
Haringey,2023-08-01,Freehold,1038150.8208955224,885000.0,67
Haringey,2023-08-01,Leasehold,558840.6444444444,500000.0,135
Haringey,2023-09-01,Freehold,1181504.425531915,965000.0,94
Haringey,2023-09-01,Leasehold,531722.6639344263,520000.0,122
Haringey,2023-10-01,Freehold,998335.0833333334,802500.0,60
Haringey,2023-10-01,Leasehold,473081.1320754717,463000.0,106
Haringey,2023-11-01,Freehold,1118428.2023809524,801500.0,84
Haringey,2023-11-01,Leasehold,519060.7916666667,450000.0,96
Haringey,2023-12-01,Freehold,951282.1692307693,707500.0,65
Haringey,2023-12-01,Leasehold,496755.5934065934,450000.0,91
Haringey,2024-01-01,Freehold,1100100.0,931000.0,54
Haringey,2024-01-01,Leasehold,488121.75384615385,423460.0,65
Haringey,2024-02-01,Freehold,921356.1363636364,757750.0,66
Haringey,2024-02-01,Leasehold,510940.427480916,467000.0,131
Haringey,2024-03-01,Freehold,987359.6097560975,845944.0,41
Haringey,2024-03-01,Leasehold,499389.407079646,476950.0,113
Haringey,2024-04-01,Freehold,1110944.5319148935,817500.0,47
Haringey,2024-04-01,Leasehold,489336.34408602153,465000.0,93
Haringey,2024-05-01,Freehold,1074188.9855072463,860000.0,69
Haringey,2024-05-01,Leasehold,496910.144,480000.0,125
Haringey,2024-06-01,Freehold,967152.8548387097,735000.0,62
Haringey,2024-06-01,Leasehold,495618.2631578947,440000.0,95
Haringey,2024-07-01,Freehold,1237804.641304348,910000.0,92
Haringey,2024-07-01,Leasehold,522600.9636363636,464000.0,110
Haringey,2024-08-01,Freehold,1108003.0612244897,857090.0,98
Haringey,2024-08-01,Leasehold,516754.309352518,480000.0,139
Haringey,2024-09-01,Freehold,1243648.0133333334,800000.0,75
Haringey,2024-09-01,Leasehold,509998.0487804878,462500.0,123
Haringey,2024-10-01,Freehold,1054020.6172839506,828000.0,81
Haringey,2024-10-01,Leasehold,511785.6417910448,477962.5,134
Haringey,2024-11-01,Freehold,973444.2794117647,766500.0,68
Haringey,2024-11-01,Leasehold,539047.9090909091,486475.0,110
Haringey,2024-12-01,Freehold,1135765.7714285713,767075.0,70
Haringey,2024-12-01,Leasehold,511282.752293578,440000.0,109
Haringey,2025-01-01,Freehold,1043814.6883116884,845000.0,77
Haringey,2025-01-01,Leasehold,545711.551724138,527500.0,116
Haringey,2025-02-01,Freehold,1098710.6547619049,769500.0,84
Haringey,2025-02-01,Leasehold,517257.6762589928,482500.0,139
Haringey,2025-03-01,Freehold,995184.2417582418,830000.0,182
Haringey,2025-03-01,Leasehold,503426.0814332248,480000.0,307
Haringey,2025-04-01,Freehold,1028212.4,845000.0,25
Haringey,2025-04-01,Leasehold,450607.55102040817,408000.0,49
Haringey,2025-05-01,Freehold,926513.3333333334,765000.0,45
Haringey,2025-05-01,Leasehold,497822.4696969697,453750.0,66
Haringey,2025-06-01,Freehold,1054946.981818182,778000.0,55
Haringey,2025-06-01,Leasehold,520945.3870967742,490000.0,93
Haringey,2025-07-01,Freehold,1144856.0196078431,925000.0,102
Haringey,2025-07-01,Leasehold,506852.84,448112.5,100
Haringey,2025-08-01,Freehold,1135766.3043478262,895000.0,92
Haringey,2025-08-01,Leasehold,506808.2653061224,462500.0,98
Haringey,2025-09-01,Freehold,1101628.75,895500.0,88
Haringey,2025-09-01,Leasehold,525094.0761904762,457500.0,105
Haringey,2025-10-01,Freehold,1202643.1506849315,865000.0,73
Haringey,2025-10-01,Leasehold,506038.7619047619,466000.0,105
Haringey,2025-11-01,Freehold,1189656.3636363635,865000.0,55
Haringey,2025-11-01,Leasehold,459562.183908046,430000.0,87
Haringey,2025-12-01,Freehold,931777.6,802750.0,50
Haringey,2025-12-01,Leasehold,531097.3863636364,450000.0,88
Haringey,2026-01-01,Freehold,917261.3695652174,781500.0,46
Haringey,2026-01-01,Leasehold,554387.9365079365,475000.0,63
Haringey,2026-02-01,Freehold,841397.0588235294,698000.0,34
Haringey,2026-02-01,Leasehold,476565.0833333333,455000.0,48
Haringey,2026-03-01,Freehold,917505.1282051282,675000.0,39
Haringey,2026-03-01,Leasehold,493303.1935483871,467500.0,62
Haringey,2026-04-01,Freehold,620454.5454545454,585000.0,22
Haringey,2026-04-01,Leasehold,522665.3846153846,480000.0,39
Haringey,2026-05-01,Freehold,930900.0,615000.0,15
Haringey,2026-05-01,Leasehold,518046.2272727273,455000.0,22
Harrow,2006-01-01,Freehold,306843.04827586206,265000.0,145
Harrow,2006-01-01,Leasehold,198541.23711340205,185000.0,97
Harrow,2006-02-01,Freehold,318132.47222222225,280000.0,180
Harrow,2006-02-01,Leasehold,209952.19298245615,185000.0,114
Harrow,2006-03-01,Freehold,310249.9694323144,275000.0,229
Harrow,2006-03-01,Leasehold,198447.38518518518,180000.0,135
Harrow,2006-04-01,Freehold,327800.6345177665,292000.0,197
Harrow,2006-04-01,Leasehold,209914.31451612903,195000.0,124
Harrow,2006-05-01,Freehold,369013.3144104803,290000.0,229
Harrow,2006-05-01,Leasehold,224136.58955223882,200000.0,134
Harrow,2006-06-01,Freehold,359222.78008298756,292000.0,241
Harrow,2006-06-01,Leasehold,198758.04635761588,184000.0,151
Harrow,2006-07-01,Freehold,350056.54008438817,305000.0,237
Harrow,2006-07-01,Leasehold,196849.44852941178,180000.0,136
Harrow,2006-08-01,Freehold,355961.42045454547,295000.0,264
Harrow,2006-08-01,Leasehold,213274.3918918919,193500.0,148
Harrow,2006-09-01,Freehold,375183.2819548872,306250.0,266
Harrow,2006-09-01,Leasehold,209080.4814814815,189000.0,135
Harrow,2006-10-01,Freehold,336853.97569444444,295000.0,288
Harrow,2006-10-01,Leasehold,223792.14049586776,191000.0,121
Harrow,2006-11-01,Freehold,361923.32444444444,320000.0,225
Harrow,2006-11-01,Leasehold,217399.55405405405,192750.0,148
Harrow,2006-12-01,Freehold,356221.43049327354,309950.0,223
Harrow,2006-12-01,Leasehold,219395.13422818793,194000.0,149
Harrow,2007-01-01,Freehold,378346.80555555556,300000.0,180
Harrow,2007-01-01,Leasehold,216999.14406779662,196000.0,118
Harrow,2007-02-01,Freehold,336225.9705882353,305000.0,204
Harrow,2007-02-01,Leasehold,212098.88666666666,194500.0,150
Harrow,2007-03-01,Freehold,362365.5929648241,302500.0,199
Harrow,2007-03-01,Leasehold,205364.72483221476,192000.0,149
Harrow,2007-04-01,Freehold,382513.4943820225,325000.0,178
Harrow,2007-04-01,Leasehold,214075.03968253967,198250.0,126
Harrow,2007-05-01,Freehold,369180.95939086296,321000.0,197
Harrow,2007-05-01,Leasehold,214530.0447761194,201500.0,134
Harrow,2007-06-01,Freehold,381084.64347826084,326250.0,230
Harrow,2007-06-01,Leasehold,197403.5447761194,190000.0,134
Harrow,2007-07-01,Freehold,380729.28870292887,339000.0,239
Harrow,2007-07-01,Leasehold,211293.23333333334,202750.0,120
Harrow,2007-08-01,Freehold,415135.5724137931,341500.0,290
Harrow,2007-08-01,Leasehold,222054.4965034965,205000.0,143
Harrow,2007-09-01,Freehold,452310.28921568627,361475.0,204
Harrow,2007-09-01,Leasehold,233877.04098360657,210000.0,122
Harrow,2007-10-01,Freehold,384776.44444444444,339950.0,225
Harrow,2007-10-01,Leasehold,240680.78472222222,226000.0,144
Harrow,2007-11-01,Freehold,393291.59537572257,360000.0,173
Harrow,2007-11-01,Leasehold,237645.6611570248,216125.0,121
Harrow,2007-12-01,Freehold,373491.63120567374,332000.0,141
Harrow,2007-12-01,Leasehold,226041.04210526316,217000.0,95
Harrow,2008-01-01,Freehold,388638.5740740741,336500.0,162
Harrow,2008-01-01,Leasehold,223063.40789473685,210000.0,76
Harrow,2008-02-01,Freehold,397802.54032258067,333000.0,124
Harrow,2008-02-01,Leasehold,235331.11224489796,220000.0,98
Harrow,2008-03-01,Freehold,350840.0,309000.0,105
Harrow,2008-03-01,Leasehold,244350.56962025317,228000.0,79
Harrow,2008-04-01,Freehold,397367.304964539,338000.0,141
Harrow,2008-04-01,Leasehold,232155.6590909091,212500.0,88
Harrow,2008-05-01,Freehold,391707.3966942149,330000.0,121
Harrow,2008-05-01,Leasehold,247982.15,246000.0,80
Harrow,2008-06-01,Freehold,416305.3191489362,322500.0,94
Harrow,2008-06-01,Leasehold,214925.30573248406,205000.0,157
Harrow,2008-07-01,Freehold,410346.2523364486,350000.0,107
Harrow,2008-07-01,Leasehold,225421.61538461538,219500.0,52
Harrow,2008-08-01,Freehold,360570.74528301886,308750.0,106
Harrow,2008-08-01,Leasehold,222795.3125,220000.0,64
Harrow,2008-09-01,Freehold,368984.02898550726,325000.0,69
Harrow,2008-09-01,Leasehold,222922.734375,207475.0,64
Harrow,2008-10-01,Freehold,366712.5,300000.0,84
Harrow,2008-10-01,Leasehold,224278.5303030303,203750.0,66
Harrow,2008-11-01,Freehold,368244.55,310500.0,60
Harrow,2008-11-01,Leasehold,190177.3396226415,170000.0,53
Harrow,2008-12-01,Freehold,356315.4393939394,300000.0,66
Harrow,2008-12-01,Leasehold,191736.49206349207,180000.0,63
Harrow,2009-01-01,Freehold,334918.24324324325,285000.0,74
Harrow,2009-01-01,Leasehold,188910.3103448276,178000.0,29
Harrow,2009-02-01,Freehold,287398.67307692306,250000.0,52
Harrow,2009-02-01,Leasehold,203555.55555555556,175000.0,36
Harrow,2009-03-01,Freehold,321406.01666666666,287500.0,60
Harrow,2009-03-01,Leasehold,190357.35294117648,177500.0,34
Harrow,2009-04-01,Freehold,323706.3205128205,281000.0,78
Harrow,2009-04-01,Leasehold,186512.16216216216,175000.0,37
Harrow,2009-05-01,Freehold,331713.63636363635,300000.0,77
Harrow,2009-05-01,Leasehold,203456.0810810811,185000.0,37
Harrow,2009-06-01,Freehold,349415.83,291000.0,100
Harrow,2009-06-01,Leasehold,179951.47540983607,170000.0,61
Harrow,2009-07-01,Freehold,328135.0,288000.0,127
Harrow,2009-07-01,Leasehold,208318.53846153847,190000.0,91
Harrow,2009-08-01,Freehold,364359.09230769234,297750.0,130
Harrow,2009-08-01,Leasehold,208033.3076923077,190000.0,65
Harrow,2009-09-01,Freehold,362600.35555555555,315000.0,135
Harrow,2009-09-01,Leasehold,191101.13636363635,175000.0,66
Harrow,2009-10-01,Freehold,333873.5537190083,302000.0,121
Harrow,2009-10-01,Leasehold,197627.27272727274,190000.0,77
Harrow,2009-11-01,Freehold,350219.16535433073,315000.0,127
Harrow,2009-11-01,Leasehold,225709.1168831169,187500.0,77
Harrow,2009-12-01,Freehold,371052.3178807947,315000.0,151
Harrow,2009-12-01,Leasehold,197161.22857142857,185000.0,105
Harrow,2010-01-01,Freehold,378415.4761904762,335000.0,84
Harrow,2010-01-01,Leasehold,194103.02380952382,195000.0,42
Harrow,2010-02-01,Freehold,335254.24731182796,309950.0,93
Harrow,2010-02-01,Leasehold,192637.44262295082,190000.0,61
Harrow,2010-03-01,Freehold,384577.39130434784,320000.0,115
Harrow,2010-03-01,Leasehold,208389.08450704225,199950.0,71
Harrow,2010-04-01,Freehold,380556.4356435643,319950.0,101
Harrow,2010-04-01,Leasehold,231909.80392156861,200000.0,51
Harrow,2010-05-01,Freehold,353732.6612903226,323000.0,124
Harrow,2010-05-01,Leasehold,240856.29032258064,214500.0,62
Harrow,2010-06-01,Freehold,409208.2631578947,342500.0,152
Harrow,2010-06-01,Leasehold,214865.7894736842,208975.0,76
Harrow,2010-07-01,Freehold,421088.7417218543,346000.0,151
Harrow,2010-07-01,Leasehold,223380.0,209500.0,60
Harrow,2010-08-01,Freehold,388733.4146341463,334000.0,123
Harrow,2010-08-01,Leasehold,212908.50746268657,207000.0,67
Harrow,2010-09-01,Freehold,397243.8270676692,349950.0,133
Harrow,2010-09-01,Leasehold,222616.85483870967,198500.0,62
Harrow,2010-10-01,Freehold,412880.43884892086,345000.0,139
Harrow,2010-10-01,Leasehold,255539.35483870967,239000.0,93
Harrow,2010-11-01,Freehold,385991.2167832168,347000.0,143
Harrow,2010-11-01,Leasehold,235852.8705882353,220000.0,85
Harrow,2010-12-01,Freehold,390124.9576271186,357000.0,118
Harrow,2010-12-01,Leasehold,221000.0,210000.0,59
Harrow,2011-01-01,Freehold,399632.13095238095,320000.0,84
Harrow,2011-01-01,Leasehold,229798.03703703705,217500.0,54
Harrow,2011-02-01,Freehold,396733.6477272727,333500.5,88
Harrow,2011-02-01,Leasehold,236560.73846153845,224000.0,65
Harrow,2011-03-01,Freehold,443811.07368421054,338950.0,95
Harrow,2011-03-01,Leasehold,203814.75,213750.0,44
Harrow,2011-04-01,Freehold,407092.6509433962,345500.0,106
Harrow,2011-04-01,Leasehold,242402.3023255814,213500.0,43
Harrow,2011-05-01,Freehold,379830.2087912088,325000.0,91
Harrow,2011-05-01,Leasehold,217448.9814814815,214812.5,54
Harrow,2011-06-01,Freehold,387148.6725663717,340000.0,113
Harrow,2011-06-01,Leasehold,230173.23255813954,220000.0,86
Harrow,2011-07-01,Freehold,393464.72602739726,335000.0,146
Harrow,2011-07-01,Leasehold,213599.92537313432,210000.0,67
Harrow,2011-08-01,Freehold,442078.2,351500.0,150
Harrow,2011-08-01,Leasehold,208618.17567567568,203000.0,74
Harrow,2011-09-01,Freehold,425118.66,340000.0,150
Harrow,2011-09-01,Leasehold,235204.61842105264,215500.0,76
Harrow,2011-10-01,Freehold,402023.6641221374,335000.0,131
Harrow,2011-10-01,Leasehold,239292.1052631579,228000.0,57
Harrow,2011-11-01,Freehold,400192.9416058394,335000.0,137
Harrow,2011-11-01,Leasehold,225325.0,209500.0,66
Harrow,2011-12-01,Freehold,386961.49206349207,355000.0,126
Harrow,2011-12-01,Leasehold,217384.79411764705,213475.0,68
Harrow,2012-01-01,Freehold,385194.5909090909,337500.0,110
Harrow,2012-01-01,Leasehold,216053.7037037037,197500.0,54
Harrow,2012-02-01,Freehold,407555.49074074073,336800.0,108
Harrow,2012-02-01,Leasehold,225147.06666666668,206750.0,60
Harrow,2012-03-01,Freehold,374694.1203703704,320250.0,108
Harrow,2012-03-01,Leasehold,205058.5164835165,195000.0,91
Harrow,2012-04-01,Freehold,384476.0240963855,346000.0,83
Harrow,2012-04-01,Leasehold,246426.07142857142,220000.0,42
Harrow,2012-05-01,Freehold,410741.88679245283,351000.0,106
Harrow,2012-05-01,Leasehold,205197.11864406778,188000.0,59
Harrow,2012-06-01,Freehold,417499.6343283582,360000.0,134
Harrow,2012-06-01,Leasehold,236112.71186440677,212500.0,59
Harrow,2012-07-01,Freehold,423181.5655737705,350000.0,122
Harrow,2012-07-01,Leasehold,281206.8309859155,225000.0,71
Harrow,2012-08-01,Freehold,435795.3868613139,377500.0,137
Harrow,2012-08-01,Leasehold,231294.20289855072,220000.0,69
Harrow,2012-09-01,Freehold,407037.05303030304,351137.5,132
Harrow,2012-09-01,Leasehold,242504.23469387754,219025.0,98
Harrow,2012-10-01,Freehold,435655.9142857143,361250.0,140
Harrow,2012-10-01,Leasehold,237420.57647058825,210000.0,85
Harrow,2012-11-01,Freehold,422585.359375,385000.0,128
Harrow,2012-11-01,Leasehold,221979.6588235294,207000.0,85
Harrow,2012-12-01,Freehold,474922.87234042556,376000.0,94
Harrow,2012-12-01,Leasehold,232228.71717171717,220000.0,99
Harrow,2013-01-01,Freehold,412658.77358490566,361750.0,106
Harrow,2013-01-01,Leasehold,232953.84615384616,232000.0,65
Harrow,2013-02-01,Freehold,400765.9587628866,375000.0,97
Harrow,2013-02-01,Leasehold,228801.42857142858,206500.0,70
Harrow,2013-03-01,Freehold,440532.6595744681,392862.5,94
Harrow,2013-03-01,Leasehold,236579.14285714287,215000.0,70
Harrow,2013-04-01,Freehold,419128.72641509434,370000.0,106
Harrow,2013-04-01,Leasehold,237377.46835443037,215000.0,79
Harrow,2013-05-01,Freehold,430070.216,363000.0,125
Harrow,2013-05-01,Leasehold,247287.81927710844,235000.0,83
Harrow,2013-06-01,Freehold,421693.75,385000.0,136
Harrow,2013-06-01,Leasehold,242659.15492957746,230000.0,71
Harrow,2013-07-01,Freehold,412209.10322580644,370000.0,155
Harrow,2013-07-01,Leasehold,278163.31395348837,245000.0,86
Harrow,2013-08-01,Freehold,473310.89743589744,411000.0,156
Harrow,2013-08-01,Leasehold,261363.10344827586,244000.0,87
Harrow,2013-09-01,Freehold,483395.6131386861,377000.0,137
Harrow,2013-09-01,Leasehold,236789.10638297873,203500.0,94
Harrow,2013-10-01,Freehold,484808.8954248366,399950.0,153
Harrow,2013-10-01,Leasehold,246549.1512605042,220000.0,119
Harrow,2013-11-01,Freehold,447873.9802631579,395000.0,152
Harrow,2013-11-01,Leasehold,257004.82178217822,240000.0,101
Harrow,2013-12-01,Freehold,488750.36496350367,412000.0,137
Harrow,2013-12-01,Leasehold,314867.0731707317,249475.0,82
Harrow,2014-01-01,Freehold,491253.1746031746,412250.0,126
Harrow,2014-01-01,Leasehold,278074.7474747475,250000.0,99
Harrow,2014-02-01,Freehold,476730.27192982455,388250.0,114
Harrow,2014-02-01,Leasehold,266450.8333333333,240000.0,84
Harrow,2014-03-01,Freehold,472675.35772357724,425000.0,123
Harrow,2014-03-01,Leasehold,293383.2978723404,236000.0,94
Harrow,2014-04-01,Freehold,479322.8070175439,400000.0,114
Harrow,2014-04-01,Leasehold,295240.3614457831,260500.0,83
Harrow,2014-05-01,Freehold,600847.6585365854,455000.0,123
Harrow,2014-05-01,Leasehold,242970.8125,245000.0,80
Harrow,2014-06-01,Freehold,523864.5642857143,435000.0,140
Harrow,2014-06-01,Leasehold,348299.53781512607,265000.0,119
Harrow,2014-07-01,Freehold,567141.1582733813,470000.0,139
Harrow,2014-07-01,Leasehold,299631.7722772277,250000.0,101
Harrow,2014-08-01,Freehold,515298.60135135136,467500.0,148
Harrow,2014-08-01,Leasehold,262694.4888888889,249500.0,90
Harrow,2014-09-01,Freehold,555623.9794520548,468500.0,146
Harrow,2014-09-01,Leasehold,297570.9789473684,241000.0,95
Harrow,2014-10-01,Freehold,503743.26241134753,449950.0,141
Harrow,2014-10-01,Leasehold,265181.42372881353,250000.0,118
Harrow,2014-11-01,Freehold,507632.12903225806,455000.0,155
Harrow,2014-11-01,Leasehold,265500.8888888889,250000.0,72
Harrow,2014-12-01,Freehold,618841.6416666667,500000.0,120
Harrow,2014-12-01,Leasehold,290045.6989247312,279000.0,93
Harrow,2015-01-01,Freehold,578432.1526717558,460000.0,131
Harrow,2015-01-01,Leasehold,272506.16438356164,250000.0,73
Harrow,2015-02-01,Freehold,520782.7927927928,475000.0,111
Harrow,2015-02-01,Leasehold,299428.675,271475.0,80
Harrow,2015-03-01,Freehold,543033.8055555555,466500.0,108
Harrow,2015-03-01,Leasehold,290462.1794871795,257475.0,78
Harrow,2015-04-01,Freehold,604725.8173076923,515000.0,104
Harrow,2015-04-01,Leasehold,317835.2150537634,297500.0,93
Harrow,2015-05-01,Freehold,547712.5,475000.0,120
Harrow,2015-05-01,Leasehold,327036.21276595746,297500.0,94
Harrow,2015-06-01,Freehold,575620.7315436242,499950.0,149
Harrow,2015-06-01,Leasehold,321445.6382978723,305000.0,141
Harrow,2015-07-01,Freehold,610579.7966101695,530000.0,177
Harrow,2015-07-01,Leasehold,307747.8951965066,300000.0,229
Harrow,2015-08-01,Freehold,633420.0357142857,505000.0,140
Harrow,2015-08-01,Leasehold,297183.99,283500.0,100
Harrow,2015-09-01,Freehold,617383.3333333334,525000.0,141
Harrow,2015-09-01,Leasehold,318445.2578125,305000.0,128
Harrow,2015-10-01,Freehold,585226.1895424837,520000.0,153
Harrow,2015-10-01,Leasehold,350343.43434343435,295000.0,99
Harrow,2015-11-01,Freehold,561481.2101910828,510000.0,157
Harrow,2015-11-01,Leasehold,320599.22580645164,295000.0,93
Harrow,2015-12-01,Freehold,602006.5573770492,532500.0,122
Harrow,2015-12-01,Leasehold,320526.69491525425,310000.0,118
Harrow,2016-01-01,Freehold,617118.8512396694,550000.0,121
Harrow,2016-01-01,Leasehold,312880.9775280899,300000.0,89
Harrow,2016-02-01,Freehold,600938.6764705882,547500.0,102
Harrow,2016-02-01,Leasehold,336353.76712328766,319500.0,73
Harrow,2016-03-01,Freehold,642616.7957446808,550000.0,235
Harrow,2016-03-01,Leasehold,328790.01069518714,322500.0,187
Harrow,2016-04-01,Freehold,588060.0,534950.0,55
Harrow,2016-04-01,Leasehold,337662.14285714284,332500.0,49
Harrow,2016-05-01,Freehold,559532.5757575758,547500.0,66
Harrow,2016-05-01,Leasehold,318848.46153846156,325000.0,65
Harrow,2016-06-01,Freehold,669288.3222222222,570750.0,90
Harrow,2016-06-01,Leasehold,342116.99,344000.0,100
Harrow,2016-07-01,Freehold,660978.2300884955,575000.0,113
Harrow,2016-07-01,Leasehold,322959.28571428574,325000.0,70
Harrow,2016-08-01,Freehold,670789.1089108911,585000.0,101
Harrow,2016-08-01,Leasehold,376782.6923076923,358750.0,78
Harrow,2016-09-01,Freehold,604834.1772151899,530000.0,79
Harrow,2016-09-01,Leasehold,324416.93548387097,305000.0,62
Harrow,2016-10-01,Freehold,604678.7878787878,540000.0,99
Harrow,2016-10-01,Leasehold,351996.4285714286,322475.0,56
Harrow,2016-11-01,Freehold,616632.8571428572,542500.0,112
Harrow,2016-11-01,Leasehold,391525.7068965517,387475.0,58
Harrow,2016-12-01,Freehold,619072.1739130435,560000.0,115
Harrow,2016-12-01,Leasehold,362904.21428571426,332500.0,70
Harrow,2017-01-01,Freehold,639443.8314606742,567000.0,89
Harrow,2017-01-01,Leasehold,372230.4861111111,341000.0,72
Harrow,2017-02-01,Freehold,622918.4615384615,550000.0,91
Harrow,2017-02-01,Leasehold,408961.91780821915,365000.0,73
Harrow,2017-03-01,Freehold,624228.7019230769,542500.0,104
Harrow,2017-03-01,Leasehold,356149.1621621622,331875.0,74
Harrow,2017-04-01,Freehold,662604.0161290322,575000.0,62
Harrow,2017-04-01,Leasehold,396163.3333333333,378000.0,75
Harrow,2017-05-01,Freehold,649598.8488372093,607250.0,86
Harrow,2017-05-01,Leasehold,368165.09433962265,341000.0,53
Harrow,2017-06-01,Freehold,620008.9207920792,585000.0,101
Harrow,2017-06-01,Leasehold,332066.6666666667,307500.0,66
Harrow,2017-07-01,Freehold,660741.7156862745,568000.0,102
Harrow,2017-07-01,Leasehold,391425.0,375000.0,88
Harrow,2017-08-01,Freehold,625028.2407407408,559975.0,108
Harrow,2017-08-01,Leasehold,378784.4155844156,364000.0,77
Harrow,2017-09-01,Freehold,649358.6538461539,590000.0,104
Harrow,2017-09-01,Leasehold,360874.0714285714,333500.0,56
Harrow,2017-10-01,Freehold,679171.914893617,600000.0,94
Harrow,2017-10-01,Leasehold,389063.7931034483,367500.0,58
Harrow,2017-11-01,Freehold,595499.4,563000.0,110
Harrow,2017-11-01,Leasehold,390597.5308641975,370000.0,81
Harrow,2017-12-01,Freehold,601025.2828282828,550000.0,99
Harrow,2017-12-01,Leasehold,366722.01492537314,350000.0,67
Harrow,2018-01-01,Freehold,574754.5657894737,567500.0,76
Harrow,2018-01-01,Leasehold,378554.82954545453,375000.0,88
Harrow,2018-02-01,Freehold,646999.025974026,575000.0,77
Harrow,2018-02-01,Leasehold,392365.4761904762,368000.0,63
Harrow,2018-03-01,Freehold,620715.5,557500.0,100
Harrow,2018-03-01,Leasehold,337586.84210526315,348750.0,76
Harrow,2018-04-01,Freehold,618483.2592592592,530000.0,81
Harrow,2018-04-01,Leasehold,380269.29824561405,361000.0,57
Harrow,2018-05-01,Freehold,638426.0,582000.0,75
Harrow,2018-05-01,Leasehold,360817.6612903226,354000.0,62
Harrow,2018-06-01,Freehold,605654.6296296297,590000.0,108
Harrow,2018-06-01,Leasehold,384986.36363636365,373455.0,121
Harrow,2018-07-01,Freehold,633434.7222222222,593750.0,108
Harrow,2018-07-01,Leasehold,373039.82352941175,363160.0,85
Harrow,2018-08-01,Freehold,620585.0666666667,566000.0,120
Harrow,2018-08-01,Leasehold,364188.55319148937,360000.0,94
Harrow,2018-09-01,Freehold,641933.8811881188,570000.0,101
Harrow,2018-09-01,Leasehold,376723.7051282051,358750.0,78
Harrow,2018-10-01,Freehold,628236.5575221239,535000.0,113
Harrow,2018-10-01,Leasehold,377506.2658227848,335000.0,79
Harrow,2018-11-01,Freehold,645128.7340425532,582500.0,94
Harrow,2018-11-01,Leasehold,356144.85294117645,352500.0,68
Harrow,2018-12-01,Freehold,605747.3578947368,546000.0,95
Harrow,2018-12-01,Leasehold,369782.2580645161,365000.0,93
Harrow,2019-01-01,Freehold,574427.8953488372,530000.0,86
Harrow,2019-01-01,Leasehold,339998.7631578947,331000.0,76
Harrow,2019-02-01,Freehold,616086.3052631579,545000.0,95
Harrow,2019-02-01,Leasehold,335391.7910447761,330000.0,67
Harrow,2019-03-01,Freehold,632341.5,594500.0,100
Harrow,2019-03-01,Leasehold,382033.14,367000.0,150
Harrow,2019-04-01,Freehold,590307.9268292683,512500.0,82
Harrow,2019-04-01,Leasehold,409967.5,401000.0,122
Harrow,2019-05-01,Freehold,618264.2156862745,598500.0,102
Harrow,2019-05-01,Leasehold,370986.6304347826,370000.0,92
Harrow,2019-06-01,Freehold,624941.1057692308,583000.0,104
Harrow,2019-06-01,Leasehold,375279.78723404254,365000.0,94
Harrow,2019-07-01,Freehold,614692.931372549,567526.5,102
Harrow,2019-07-01,Leasehold,348931.9589041096,325000.0,73
Harrow,2019-08-01,Freehold,628625.0,525000.0,104
Harrow,2019-08-01,Leasehold,351061.0560747664,355000.0,107
Harrow,2019-09-01,Freehold,584868.4660194175,565000.0,103
Harrow,2019-09-01,Leasehold,360597.3888888889,350000.0,90
Harrow,2019-10-01,Freehold,598710.1851851852,530000.0,108
Harrow,2019-10-01,Leasehold,362269.37333333335,355000.0,75
Harrow,2019-11-01,Freehold,630079.7931034482,590000.0,116
Harrow,2019-11-01,Leasehold,332425.63291139243,328000.0,79
Harrow,2019-12-01,Freehold,629094.44,568125.0,100
Harrow,2019-12-01,Leasehold,358668.4210526316,360000.0,76
Harrow,2020-01-01,Freehold,637678.0510204082,555000.0,98
Harrow,2020-01-01,Leasehold,337418.1807228916,330000.0,83
Harrow,2020-02-01,Freehold,591325.0,541000.0,86
Harrow,2020-02-01,Leasehold,357164.5119047619,373750.0,84
Harrow,2020-03-01,Freehold,610005.2636363637,590000.0,110
Harrow,2020-03-01,Leasehold,396305.43956043955,395000.0,91
Harrow,2020-04-01,Freehold,548998.3870967742,500000.0,31
Harrow,2020-04-01,Leasehold,341952.9411764706,338250.0,34
Harrow,2020-05-01,Freehold,595218.75,545500.0,32
Harrow,2020-05-01,Leasehold,342446.5517241379,319000.0,29
Harrow,2020-06-01,Freehold,620111.8181818182,585000.0,77
Harrow,2020-06-01,Leasehold,339414.32692307694,356500.0,52
Harrow,2020-07-01,Freehold,692775.64,610000.0,75
Harrow,2020-07-01,Leasehold,369758.3333333333,344000.0,51
Harrow,2020-08-01,Freehold,676651.7951807228,585000.0,83
Harrow,2020-08-01,Leasehold,356974.5333333333,316000.0,45
Harrow,2020-09-01,Freehold,635721.5688073394,580000.0,109
Harrow,2020-09-01,Leasehold,372320.47826086957,339950.0,69
Harrow,2020-10-01,Freehold,645819.2,570000.0,125
Harrow,2020-10-01,Leasehold,366376.3888888889,367500.0,72
Harrow,2020-11-01,Freehold,623648.4251968504,585000.0,127
Harrow,2020-11-01,Leasehold,411113.4504504505,420420.0,111
Harrow,2020-12-01,Freehold,665979.1666666666,592500.0,120
Harrow,2020-12-01,Leasehold,394246.03658536583,370000.0,82
Harrow,2021-01-01,Freehold,655627.6285714286,585000.0,105
Harrow,2021-01-01,Leasehold,386644.7733333333,350000.0,75
Harrow,2021-02-01,Freehold,660134.7697368421,605500.0,152
Harrow,2021-02-01,Leasehold,378199.1,377500.0,100
Harrow,2021-03-01,Freehold,665478.175,600000.0,240
Harrow,2021-03-01,Leasehold,417923.4671532847,385000.0,137
Harrow,2021-04-01,Freehold,648403.1746031746,600000.0,126
Harrow,2021-04-01,Leasehold,389527.9220779221,375000.0,77
Harrow,2021-05-01,Freehold,646429.8021978022,595000.0,91
Harrow,2021-05-01,Leasehold,358074.1509433962,360000.0,53
Harrow,2021-06-01,Freehold,661052.5179063361,600000.0,363
Harrow,2021-06-01,Leasehold,391284.0898203593,360000.0,167
Harrow,2021-07-01,Freehold,712815.7894736842,737500.0,19
Harrow,2021-07-01,Leasehold,366491.1724137931,285000.0,29
Harrow,2021-08-01,Freehold,712759.7014925373,640000.0,67
Harrow,2021-08-01,Leasehold,340141.0256410256,285000.0,39
Harrow,2021-09-01,Freehold,702401.2741116751,640000.0,197
Harrow,2021-09-01,Leasehold,347531.41025641025,327500.0,78
Harrow,2021-10-01,Freehold,772694.6428571428,632500.0,56
Harrow,2021-10-01,Leasehold,337163.5416666667,332500.0,48
Harrow,2021-11-01,Freehold,750997.2840909091,675000.0,88
Harrow,2021-11-01,Leasehold,351325.0,347500.0,46
Harrow,2021-12-01,Freehold,716621.1071428572,600000.0,84
Harrow,2021-12-01,Leasehold,399899.23076923075,360000.0,65
Harrow,2022-01-01,Freehold,701876.404494382,625000.0,89
Harrow,2022-01-01,Leasehold,366105.39215686277,335000.0,51
Harrow,2022-02-01,Freehold,708759.2592592592,580000.0,81
Harrow,2022-02-01,Leasehold,340449.9130434783,327500.0,46
Harrow,2022-03-01,Freehold,657050.7425742574,610000.0,101
Harrow,2022-03-01,Leasehold,363041.7164179105,360000.0,67
Harrow,2022-04-01,Freehold,721183.2708333334,612500.0,96
Harrow,2022-04-01,Leasehold,349783.07692307694,350000.0,65
Harrow,2022-05-01,Freehold,703331.8681318681,640000.0,91
Harrow,2022-05-01,Leasehold,351148.5294117647,340000.0,68
Harrow,2022-06-01,Freehold,721511.0,650000.0,91
Harrow,2022-06-01,Leasehold,404083.5031446541,407550.0,159
Harrow,2022-07-01,Freehold,800033.8405797102,655000.0,138
Harrow,2022-07-01,Leasehold,424077.76470588235,380000.0,85
Harrow,2022-08-01,Freehold,789913.3773584906,693277.5,106
Harrow,2022-08-01,Leasehold,396878.6375,375000.0,80
Harrow,2022-09-01,Freehold,745937.2764227642,675000.0,123
Harrow,2022-09-01,Leasehold,379363.6666666667,373800.0,75
Harrow,2022-10-01,Freehold,700658.224489796,628750.0,98
Harrow,2022-10-01,Leasehold,352575.40983606555,343000.0,61
Harrow,2022-11-01,Freehold,702715.4722222222,650000.0,108
Harrow,2022-11-01,Leasehold,397685.82089552237,332500.0,67
Harrow,2022-12-01,Freehold,787884.9166666666,685000.0,96
Harrow,2022-12-01,Leasehold,344912.22222222225,342500.0,45
Harrow,2023-01-01,Freehold,872084.5070422535,665000.0,71
Harrow,2023-01-01,Leasehold,359969.2,318500.0,40
Harrow,2023-02-01,Freehold,734922.9508196721,650000.0,61
Harrow,2023-02-01,Leasehold,392753.42647058825,362797.5,68
Harrow,2023-03-01,Freehold,844771.2264150943,657500.0,106
Harrow,2023-03-01,Leasehold,359099.8404255319,332000.0,94
Harrow,2023-04-01,Freehold,728980.7692307692,625000.0,52
Harrow,2023-04-01,Leasehold,386303.79069767444,333000.0,43
Harrow,2023-05-01,Freehold,666562.9032258064,599975.0,62
Harrow,2023-05-01,Leasehold,354117.3469387755,337500.0,49
Harrow,2023-06-01,Freehold,726016.4605263158,624500.0,76
Harrow,2023-06-01,Leasehold,363445.7522123894,328500.0,113
Harrow,2023-07-01,Freehold,690556.0975609756,629000.0,82
Harrow,2023-07-01,Leasehold,310073.21428571426,312500.0,42
Harrow,2023-08-01,Freehold,736861.1652892563,650000.0,121
Harrow,2023-08-01,Leasehold,366066.8095238095,340000.0,63
Harrow,2023-09-01,Freehold,734673.8541666666,630000.0,96
Harrow,2023-09-01,Leasehold,375879.5,347500.0,50
Harrow,2023-10-01,Freehold,787961.5384615385,710000.0,78
Harrow,2023-10-01,Leasehold,381186.3333333333,364610.0,45
Harrow,2023-11-01,Freehold,716954.4303797468,625000.0,79
Harrow,2023-11-01,Leasehold,378801.31111111114,360000.0,45
Harrow,2023-12-01,Freehold,683250.4153846154,635000.0,65
Harrow,2023-12-01,Leasehold,373258.98148148146,348500.0,54
Harrow,2024-01-01,Freehold,716756.2465753425,670000.0,73
Harrow,2024-01-01,Leasehold,330736.47222222225,342500.0,36
Harrow,2024-02-01,Freehold,714857.6923076923,625000.0,78
Harrow,2024-02-01,Leasehold,310452.38095238095,315000.0,42
Harrow,2024-03-01,Freehold,718979.1666666666,596500.0,60
Harrow,2024-03-01,Leasehold,383897.75,364900.0,56
Harrow,2024-04-01,Freehold,773655.1282051282,660000.0,78
Harrow,2024-04-01,Leasehold,362869.32692307694,370000.0,52
Harrow,2024-05-01,Freehold,786930.37,650500.0,100
Harrow,2024-05-01,Leasehold,370349.4318181818,340000.0,44
Harrow,2024-06-01,Freehold,715415.1232876712,655000.0,73
Harrow,2024-06-01,Leasehold,389704.51020408166,345000.0,49
Harrow,2024-07-01,Freehold,747708.695652174,630000.0,115
Harrow,2024-07-01,Leasehold,388398.3695652174,361000.0,46
Harrow,2024-08-01,Freehold,725601.3838383838,670000.0,99
Harrow,2024-08-01,Leasehold,429668.62264150946,365000.0,53
Harrow,2024-09-01,Freehold,722902.8761904762,677000.0,105
Harrow,2024-09-01,Leasehold,369353.5714285714,381250.0,70
Harrow,2024-10-01,Freehold,722083.3138686131,635000.0,137
Harrow,2024-10-01,Leasehold,379011.8674698795,350000.0,83
Harrow,2024-11-01,Freehold,689941.3932584269,620000.0,89
Harrow,2024-11-01,Leasehold,366710.3409090909,355000.0,44
Harrow,2024-12-01,Freehold,720876.0273972603,620000.0,73
Harrow,2024-12-01,Leasehold,334014.0,316000.0,50
Harrow,2025-01-01,Freehold,696286.7307692308,618250.0,78
Harrow,2025-01-01,Leasehold,371788.63636363635,333750.0,44
Harrow,2025-02-01,Freehold,700960.3369565217,665000.0,92
Harrow,2025-02-01,Leasehold,368329.8245614035,360000.0,57
Harrow,2025-03-01,Freehold,675361.5909090909,616000.0,220
Harrow,2025-03-01,Leasehold,389813.2950819672,372500.0,122
Harrow,2025-04-01,Freehold,765093.8181818182,619249.5,22
Harrow,2025-04-01,Leasehold,309523.4482758621,285000.0,29
Harrow,2025-05-01,Freehold,812573.7692307692,695000.0,65
Harrow,2025-05-01,Leasehold,385816.6666666667,342500.0,30
Harrow,2025-06-01,Freehold,726918.4477611941,650000.0,67
Harrow,2025-06-01,Leasehold,370370.74074074073,349000.0,54
Harrow,2025-07-01,Freehold,752097.1590909091,693000.0,88
Harrow,2025-07-01,Leasehold,389418.9583333333,352500.0,48
Harrow,2025-08-01,Freehold,648534.6913580247,650000.0,81
Harrow,2025-08-01,Leasehold,322125.75757575757,325000.0,33
Harrow,2025-09-01,Freehold,731052.0731707317,609500.0,82
Harrow,2025-09-01,Leasehold,310086.6176470588,310000.0,34
Harrow,2025-10-01,Freehold,715729.5263157894,660000.0,95
Harrow,2025-10-01,Leasehold,340021.05263157893,340000.0,57
Harrow,2025-11-01,Freehold,733688.28125,628750.0,64
Harrow,2025-11-01,Leasehold,325479.0975609756,325000.0,41
Harrow,2025-12-01,Freehold,683322.9206349206,615000.0,63
Harrow,2025-12-01,Leasehold,330598.6842105263,327500.0,38
Harrow,2026-01-01,Freehold,741553.7037037037,687500.0,54
Harrow,2026-01-01,Leasehold,323266.6666666667,334000.0,24
Harrow,2026-02-01,Freehold,674344.8636363636,610000.0,44
Harrow,2026-02-01,Leasehold,355896.05263157893,330000.0,19
Harrow,2026-03-01,Freehold,677598.5857142857,642500.0,70
Harrow,2026-03-01,Leasehold,327810.9375,339000.0,32
Harrow,2026-04-01,Freehold,695810.9756097561,646000.0,41
Harrow,2026-04-01,Leasehold,352428.5714285714,307500.0,28
Harrow,2026-05-01,Freehold,658730.0,590000.0,25
Harrow,2026-05-01,Leasehold,366923.07692307694,364000.0,13
Havering,2006-01-01,Freehold,242964.05241935485,210000.0,248
Havering,2006-01-01,Leasehold,148952.98507462686,140000.0,67
Havering,2006-02-01,Freehold,239573.68776371307,217500.0,237
Havering,2006-02-01,Leasehold,156032.46913580247,140000.0,81
Havering,2006-03-01,Freehold,238507.51633986927,211750.0,306
Havering,2006-03-01,Leasehold,158928.13084112148,155000.0,107
Havering,2006-04-01,Freehold,244305.02100840336,210000.0,238
Havering,2006-04-01,Leasehold,154960.5,148500.0,80
Havering,2006-05-01,Freehold,251333.92405063292,222250.0,316
Havering,2006-05-01,Leasehold,141435.61797752808,142000.0,89
Havering,2006-06-01,Freehold,234610.45994065283,215000.0,337
Havering,2006-06-01,Leasehold,150091.70731707316,145000.0,82
Havering,2006-07-01,Freehold,247914.56589147286,220000.0,387
Havering,2006-07-01,Leasehold,160877.39361702127,147750.0,94
Havering,2006-08-01,Freehold,250389.67857142858,223000.0,392
Havering,2006-08-01,Leasehold,153090.5157894737,147500.0,95
Havering,2006-09-01,Freehold,263189.15555555554,230000.0,360
Havering,2006-09-01,Leasehold,160837.13541666666,159000.0,96
Havering,2006-10-01,Freehold,240597.625,218000.0,368
Havering,2006-10-01,Leasehold,154898.6146788991,151000.0,109
Havering,2006-11-01,Freehold,265715.3864864865,225000.0,370
Havering,2006-11-01,Leasehold,164253.37068965516,156500.0,116
Havering,2006-12-01,Freehold,259519.50666666665,228000.0,375
Havering,2006-12-01,Leasehold,172277.39333333334,168000.0,150
Havering,2007-01-01,Freehold,260809.14393939395,225000.0,264
Havering,2007-01-01,Leasehold,159054.05555555556,156000.0,90
Havering,2007-02-01,Freehold,254009.72164948453,229000.0,291
Havering,2007-02-01,Leasehold,157301.57142857142,154000.0,105
Havering,2007-03-01,Freehold,259618.59831460673,228997.5,356
Havering,2007-03-01,Leasehold,172871.3780487805,170000.0,164
Havering,2007-04-01,Freehold,266612.00353356893,231000.0,283
Havering,2007-04-01,Leasehold,167717.24770642203,165000.0,109
Havering,2007-05-01,Freehold,277953.83035714284,244247.5,336
Havering,2007-05-01,Leasehold,178048.54189944133,176606.0,179
Havering,2007-06-01,Freehold,278594.0345821326,245000.0,347
Havering,2007-06-01,Leasehold,177266.88815789475,166583.0,152
Havering,2007-07-01,Freehold,291334.3080684597,249995.0,409
Havering,2007-07-01,Leasehold,171896.54074074075,163400.0,135
Havering,2007-08-01,Freehold,274204.0324189526,245000.0,401
Havering,2007-08-01,Leasehold,168496.48598130842,164750.0,107
Havering,2007-09-01,Freehold,300466.8761061947,249995.0,339
Havering,2007-09-01,Leasehold,173119.27551020408,169997.5,98
Havering,2007-10-01,Freehold,267582.3482428115,246000.0,313
Havering,2007-10-01,Leasehold,181316.5796178344,170500.0,157
Havering,2007-11-01,Freehold,279784.3958333333,246400.0,336
Havering,2007-11-01,Leasehold,175884.1393442623,172750.0,122
Havering,2007-12-01,Freehold,275188.1818181818,242500.0,231
Havering,2007-12-01,Leasehold,188075.82242990655,185995.0,107
Havering,2008-01-01,Freehold,285331.7348837209,249995.0,215
Havering,2008-01-01,Leasehold,175682.90625,165050.0,96
Havering,2008-02-01,Freehold,266681.5990338164,245000.0,207
Havering,2008-02-01,Leasehold,168627.5,164000.0,60
Havering,2008-03-01,Freehold,270620.87939698494,245000.0,199
Havering,2008-03-01,Leasehold,162298.0,165000.0,60
Havering,2008-04-01,Freehold,296278.9751552795,245000.0,161
Havering,2008-04-01,Leasehold,169906.7088607595,160000.0,79
Havering,2008-05-01,Freehold,286573.6524064171,248000.0,187
Havering,2008-05-01,Leasehold,174268.60655737706,164000.0,61
Havering,2008-06-01,Freehold,277066.3212121212,249995.0,165
Havering,2008-06-01,Leasehold,173766.6265060241,172000.0,83
Havering,2008-07-01,Freehold,291639.9382022472,247500.0,178
Havering,2008-07-01,Leasehold,156109.44680851063,155000.0,47
Havering,2008-08-01,Freehold,272650.2413793103,241995.0,145
Havering,2008-08-01,Leasehold,159555.55555555556,155000.0,36
Havering,2008-09-01,Freehold,288838.4369747899,238000.0,119
Havering,2008-09-01,Leasehold,164522.61904761905,160000.0,42
Havering,2008-10-01,Freehold,253085.25,230000.0,140
Havering,2008-10-01,Leasehold,162339.0243902439,165000.0,41
Havering,2008-11-01,Freehold,234521.76470588235,222500.0,119
Havering,2008-11-01,Leasehold,154453.68421052632,140000.0,38
Havering,2008-12-01,Freehold,252260.7142857143,220000.0,105
Havering,2008-12-01,Leasehold,152247.0,150500.0,52
Havering,2009-01-01,Freehold,254353.6923076923,220000.0,65
Havering,2009-01-01,Leasehold,169728.37837837837,150000.0,37
Havering,2009-02-01,Freehold,234233.421875,227500.0,64
Havering,2009-02-01,Leasehold,140641.47826086957,120000.0,23
Havering,2009-03-01,Freehold,238515.96774193548,212500.0,93
Havering,2009-03-01,Leasehold,143750.0,137500.0,24
Havering,2009-04-01,Freehold,225589.272,200000.0,125
Havering,2009-04-01,Leasehold,152994.5,133197.5,20
Havering,2009-05-01,Freehold,256588.67857142858,215000.0,140
Havering,2009-05-01,Leasehold,154130.11764705883,150000.0,68
Havering,2009-06-01,Freehold,253303.6689189189,210000.0,148
Havering,2009-06-01,Leasehold,152534.3103448276,140000.0,29
Havering,2009-07-01,Freehold,245526.8514851485,215000.0,202
Havering,2009-07-01,Leasehold,158917.71929824562,151995.0,57
Havering,2009-08-01,Freehold,233240.18032786885,210000.0,183
Havering,2009-08-01,Leasehold,140931.875,130500.0,48
Havering,2009-09-01,Freehold,254487.2794117647,215000.0,204
Havering,2009-09-01,Leasehold,148557.55813953487,135000.0,43
Havering,2009-10-01,Freehold,255150.89393939395,230000.0,198
Havering,2009-10-01,Leasehold,149261.91836734695,148000.0,49
Havering,2009-11-01,Freehold,254313.6067961165,230000.0,206
Havering,2009-11-01,Leasehold,156383.8,154750.0,50
Havering,2009-12-01,Freehold,247340.12017167383,225000.0,233
Havering,2009-12-01,Leasehold,159237.52427184465,155000.0,103
Havering,2010-01-01,Freehold,273448.0078740158,221500.0,127
Havering,2010-01-01,Leasehold,151352.33333333334,154000.0,30
Havering,2010-02-01,Freehold,271215.74375,234750.0,160
Havering,2010-02-01,Leasehold,158151.36363636365,155000.0,33
Havering,2010-03-01,Freehold,289039.2121212121,233900.0,198
Havering,2010-03-01,Leasehold,150561.88679245283,152000.0,53
Havering,2010-04-01,Freehold,293022.17088607594,236000.0,158
Havering,2010-04-01,Leasehold,152033.60465116278,152000.0,43
Havering,2010-05-01,Freehold,277975.55555555556,242750.0,162
Havering,2010-05-01,Leasehold,157802.7659574468,155000.0,47
Havering,2010-06-01,Freehold,273339.00456621003,242000.0,219
Havering,2010-06-01,Leasehold,172947.71929824562,169000.0,57
Havering,2010-07-01,Freehold,291574.27981651376,245000.0,218
Havering,2010-07-01,Leasehold,169020.5,158475.0,50
Havering,2010-08-01,Freehold,279626.1139896373,247500.0,193
Havering,2010-08-01,Leasehold,162448.87931034484,155000.0,58
Havering,2010-09-01,Freehold,300030.3730569948,245000.0,193
Havering,2010-09-01,Leasehold,167244.06976744186,168500.0,43
Havering,2010-10-01,Freehold,287392.27906976745,249995.0,215
Havering,2010-10-01,Leasehold,173204.67346938775,171000.0,49
Havering,2010-11-01,Freehold,267700.57738095237,229000.0,168
Havering,2010-11-01,Leasehold,151458.0,150250.0,30
Havering,2010-12-01,Freehold,269071.3450292398,233000.0,171
Havering,2010-12-01,Leasehold,145765.09259259258,148250.0,54
Havering,2011-01-01,Freehold,274379.0862068966,237500.0,116
Havering,2011-01-01,Leasehold,155661.85185185185,145000.0,27
Havering,2011-02-01,Freehold,256786.07246376813,230000.0,138
Havering,2011-02-01,Leasehold,154895.0,155000.0,31
Havering,2011-03-01,Freehold,255342.34265734267,221000.0,143
Havering,2011-03-01,Leasehold,153585.57142857142,147000.0,35
Havering,2011-04-01,Freehold,274073.05294117646,235250.0,170
Havering,2011-04-01,Leasehold,168978.7380952381,161750.0,42
Havering,2011-05-01,Freehold,263160.102189781,223750.0,137
Havering,2011-05-01,Leasehold,171865.48387096773,145000.0,31
Havering,2011-06-01,Freehold,282575.6611111111,235500.0,180
Havering,2011-06-01,Leasehold,160476.40625,139000.0,32
Havering,2011-07-01,Freehold,264841.4834123223,235000.0,211
Havering,2011-07-01,Leasehold,158142.24489795917,157000.0,49
Havering,2011-08-01,Freehold,248948.4771573604,228000.0,197
Havering,2011-08-01,Leasehold,149400.13333333333,150000.0,45
Havering,2011-09-01,Freehold,284276.70454545453,233000.0,220
Havering,2011-09-01,Leasehold,148295.37037037036,141000.0,54
Havering,2011-10-01,Freehold,294337.73039215687,250000.0,204
Havering,2011-10-01,Leasehold,172857.1875,166500.0,48
Havering,2011-11-01,Freehold,276548.53846153844,242000.0,208
Havering,2011-11-01,Leasehold,149476.9,147472.5,50
Havering,2011-12-01,Freehold,254349.42222222223,237500.0,180
Havering,2011-12-01,Leasehold,154654.23913043478,147500.0,46
Havering,2012-01-01,Freehold,263678.0,233000.0,165
Havering,2012-01-01,Leasehold,153099.8780487805,152500.0,41
Havering,2012-02-01,Freehold,260829.58659217876,230000.0,179
Havering,2012-02-01,Leasehold,142159.2564102564,144500.0,39
Havering,2012-03-01,Freehold,242175.8130081301,219000.0,246
Havering,2012-03-01,Leasehold,156869.1489361702,152500.0,94
Havering,2012-04-01,Freehold,282349.8473282443,249000.0,131
Havering,2012-04-01,Leasehold,157616.93333333332,165497.5,60
Havering,2012-05-01,Freehold,284691.1224489796,245000.0,196
Havering,2012-05-01,Leasehold,155945.50847457626,159995.0,59
Havering,2012-06-01,Freehold,270137.31677018636,250000.0,161
Havering,2012-06-01,Leasehold,167351.13636363635,161000.0,44
Havering,2012-07-01,Freehold,269776.00456621003,247000.0,219
Havering,2012-07-01,Leasehold,147733.72340425532,147500.0,47
Havering,2012-08-01,Freehold,269831.495,235000.0,200
Havering,2012-08-01,Leasehold,154824.89583333334,159000.0,48
Havering,2012-09-01,Freehold,279724.75,250000.0,168
Havering,2012-09-01,Leasehold,155414.86111111112,165000.0,36
Havering,2012-10-01,Freehold,286492.2102272727,250000.0,176
Havering,2012-10-01,Leasehold,141602.5,136000.0,34
Havering,2012-11-01,Freehold,288458.1758241758,246500.0,182
Havering,2012-11-01,Leasehold,159857.0,151750.0,60
Havering,2012-12-01,Freehold,258274.0,242000.0,176
Havering,2012-12-01,Leasehold,159169.19642857142,145997.5,56
Havering,2013-01-01,Freehold,272598.0642857143,240000.0,140
Havering,2013-01-01,Leasehold,154314.14285714287,151500.0,42
Havering,2013-02-01,Freehold,257373.25,237500.0,160
Havering,2013-02-01,Leasehold,140851.85185185185,140000.0,27
Havering,2013-03-01,Freehold,299767.0581395349,249999.5,172
Havering,2013-03-01,Leasehold,166713.6923076923,162000.0,65
Havering,2013-04-01,Freehold,288824.1047120419,248000.0,191
Havering,2013-04-01,Leasehold,162538.5072463768,165000.0,69
Havering,2013-05-01,Freehold,274229.83684210526,239500.0,190
Havering,2013-05-01,Leasehold,157831.7358490566,155000.0,53
Havering,2013-06-01,Freehold,278583.9081632653,245000.0,196
Havering,2013-06-01,Leasehold,163583.0579710145,161495.0,69
Havering,2013-07-01,Freehold,286678.3927272727,249995.0,275
Havering,2013-07-01,Leasehold,180450.42424242425,163500.0,66
Havering,2013-08-01,Freehold,297732.68199233717,249995.0,261
Havering,2013-08-01,Leasehold,164339.63106796116,166000.0,103
Havering,2013-09-01,Freehold,312807.53125,261750.0,256
Havering,2013-09-01,Leasehold,167444.27,164995.0,100
Havering,2013-10-01,Freehold,288892.7559322034,250000.0,295
Havering,2013-10-01,Leasehold,155477.61643835617,148995.0,73
Havering,2013-11-01,Freehold,269601.62626262626,240000.0,297
Havering,2013-11-01,Leasehold,148556.9836065574,145000.0,61
Havering,2013-12-01,Freehold,286946.5180327869,250000.0,305
Havering,2013-12-01,Leasehold,159123.48101265822,158000.0,79
Havering,2014-01-01,Freehold,298356.0465116279,250000.0,258
Havering,2014-01-01,Leasehold,164295.7627118644,161500.0,59
Havering,2014-02-01,Freehold,304109.548,265000.0,250
Havering,2014-02-01,Leasehold,180231.875,173750.0,56
Havering,2014-03-01,Freehold,305201.125,265500.0,256
Havering,2014-03-01,Leasehold,164268.0487804878,160000.0,82
Havering,2014-04-01,Freehold,308612.21428571426,275000.0,210
Havering,2014-04-01,Leasehold,171443.72368421053,165000.0,76
Havering,2014-05-01,Freehold,323128.84444444446,270000.0,270
Havering,2014-05-01,Leasehold,169886.4126984127,165000.0,63
Havering,2014-06-01,Freehold,319105.2804054054,290000.0,296
Havering,2014-06-01,Leasehold,178146.6911764706,175000.0,68
Havering,2014-07-01,Freehold,316250.1949458484,280000.0,277
Havering,2014-07-01,Leasehold,179280.11570247935,180000.0,121
Havering,2014-08-01,Freehold,324165.6679841897,280000.0,253
Havering,2014-08-01,Leasehold,186528.98734177215,185000.0,79
Havering,2014-09-01,Freehold,351806.47265625,300000.0,256
Havering,2014-09-01,Leasehold,194454.1343283582,187995.0,201
Havering,2014-10-01,Freehold,321032.3074324324,290000.0,296
Havering,2014-10-01,Leasehold,183947.0888888889,178500.0,90
Havering,2014-11-01,Freehold,319981.4816513761,285000.0,218
Havering,2014-11-01,Leasehold,182043.7837837838,183500.0,74
Havering,2014-12-01,Freehold,338937.76833976834,289999.0,259
Havering,2014-12-01,Leasehold,182144.3373493976,181500.0,83
Havering,2015-01-01,Freehold,329791.9421052632,289995.0,190
Havering,2015-01-01,Leasehold,188937.05357142858,188000.0,56
Havering,2015-02-01,Freehold,348531.90594059404,294500.0,202
Havering,2015-02-01,Leasehold,191459.93333333332,190000.0,75
Havering,2015-03-01,Freehold,332444.7393364929,295000.0,211
Havering,2015-03-01,Leasehold,196166.6911764706,190000.0,68
Havering,2015-04-01,Freehold,345801.775862069,295000.0,174
Havering,2015-04-01,Leasehold,205070.0579710145,201000.0,69
Havering,2015-05-01,Freehold,353697.9368932039,310000.0,206
Havering,2015-05-01,Leasehold,198455.59782608695,197997.5,92
Havering,2015-06-01,Freehold,350096.4319066148,305000.0,257
Havering,2015-06-01,Leasehold,203927.0,193000.0,110
Havering,2015-07-01,Freehold,377499.0660660661,330000.0,333
Havering,2015-07-01,Leasehold,212607.1717171717,207000.0,99
Havering,2015-08-01,Freehold,371267.8825622776,330000.0,281
Havering,2015-08-01,Leasehold,200387.42990654206,202500.0,107
Havering,2015-09-01,Freehold,378870.66202090593,319000.0,287
Havering,2015-09-01,Leasehold,216631.72077922078,213622.5,154
Havering,2015-10-01,Freehold,370560.43365695793,332000.0,309
Havering,2015-10-01,Leasehold,226508.20224719102,230000.0,89
Havering,2015-11-01,Freehold,382126.1067193676,339995.0,253
Havering,2015-11-01,Leasehold,207980.9126984127,210000.0,126
Havering,2015-12-01,Freehold,382907.51020408166,345000.0,245
Havering,2015-12-01,Leasehold,217661.83870967742,215000.0,155
Havering,2016-01-01,Freehold,396085.33185840707,351000.0,226
Havering,2016-01-01,Leasehold,222537.5,237500.0,98
Havering,2016-02-01,Freehold,406357.11627906974,350000.0,215
Havering,2016-02-01,Leasehold,230638.40594059406,230000.0,101
Havering,2016-03-01,Freehold,397956.2696629214,360000.0,356
Havering,2016-03-01,Leasehold,241395.9476744186,233500.0,172
Havering,2016-04-01,Freehold,387579.4890510949,360000.0,137
Havering,2016-04-01,Leasehold,212022.45833333334,215894.5,48
Havering,2016-05-01,Freehold,390430.7239263804,360000.0,163
Havering,2016-05-01,Leasehold,231561.04395604396,229950.0,91
Havering,2016-06-01,Freehold,426571.76767676766,374000.0,198
Havering,2016-06-01,Leasehold,228117.89024390245,220000.0,82
Havering,2016-07-01,Freehold,407219.1570247934,367500.0,242
Havering,2016-07-01,Leasehold,227167.11764705883,230000.0,85
Havering,2016-08-01,Freehold,429167.7346938776,380000.0,245
Havering,2016-08-01,Leasehold,236989.7435897436,236375.0,78
Havering,2016-09-01,Freehold,423048.5875,376500.0,240
Havering,2016-09-01,Leasehold,268356.13636363635,250000.0,110
Havering,2016-10-01,Freehold,420772.5,382500.0,184
Havering,2016-10-01,Leasehold,230948.9,230000.0,50
Havering,2016-11-01,Freehold,426492.4647887324,385000.0,213
Havering,2016-11-01,Leasehold,235872.5462962963,242500.0,108
Havering,2016-12-01,Freehold,415180.74742268043,369000.0,194
Havering,2016-12-01,Leasehold,246702.57894736843,237500.0,95
Havering,2017-01-01,Freehold,441913.8072916667,393000.0,192
Havering,2017-01-01,Leasehold,259741.3,250000.0,80
Havering,2017-02-01,Freehold,415649.865,366250.0,200
Havering,2017-02-01,Leasehold,236772.49438202247,232000.0,89
Havering,2017-03-01,Freehold,427709.60251046024,380000.0,239
Havering,2017-03-01,Leasehold,247071.13402061857,250000.0,97
Havering,2017-04-01,Freehold,409293.93684210523,375000.0,190
Havering,2017-04-01,Leasehold,234714.3103448276,243750.0,58
Havering,2017-05-01,Freehold,418135.9065934066,375000.0,182
Havering,2017-05-01,Leasehold,273095.8904109589,271000.0,73
Havering,2017-06-01,Freehold,438246.9585492228,376000.0,193
Havering,2017-06-01,Leasehold,255601.66216216216,258325.0,74
Havering,2017-07-01,Freehold,435811.6052631579,381000.0,266
Havering,2017-07-01,Leasehold,261662.93333333332,250000.0,75
Havering,2017-08-01,Freehold,440188.4653846154,395000.0,260
Havering,2017-08-01,Leasehold,267510.32608695654,270000.0,92
Havering,2017-09-01,Freehold,444450.3211009174,383585.0,218
Havering,2017-09-01,Leasehold,295110.5288461539,295000.0,104
Havering,2017-10-01,Freehold,433448.6140350877,392900.0,228
Havering,2017-10-01,Leasehold,246255.10416666666,252500.0,48
Havering,2017-11-01,Freehold,436491.2803738318,377000.0,214
Havering,2017-11-01,Leasehold,245219.54545454544,248000.0,66
Havering,2017-12-01,Freehold,453546.5046296296,386000.0,216
Havering,2017-12-01,Leasehold,257798.35714285713,255500.0,56
Havering,2018-01-01,Freehold,410070.77777777775,380000.0,180
Havering,2018-01-01,Leasehold,274930.62295081967,256500.0,61
Havering,2018-02-01,Freehold,411174.1354166667,380000.0,192
Havering,2018-02-01,Leasehold,262394.0,254500.0,50
Havering,2018-03-01,Freehold,445043.24311926606,372750.0,218
Havering,2018-03-01,Leasehold,247173.49180327868,250000.0,61
Havering,2018-04-01,Freehold,443613.9053254438,400000.0,169
Havering,2018-04-01,Leasehold,224593.07843137256,230000.0,51
Havering,2018-05-01,Freehold,449724.175257732,387497.5,194
Havering,2018-05-01,Leasehold,259263.94736842104,260000.0,57
Havering,2018-06-01,Freehold,434123.0150753769,393000.0,199
Havering,2018-06-01,Leasehold,273711.43617021275,272500.0,94
Havering,2018-07-01,Freehold,436996.18143459916,385000.0,237
Havering,2018-07-01,Leasehold,276586.45652173914,277500.0,92
Havering,2018-08-01,Freehold,419085.2589641434,380000.0,251
Havering,2018-08-01,Leasehold,285778.3522727273,285000.0,88
Havering,2018-09-01,Freehold,431052.8409090909,394350.0,220
Havering,2018-09-01,Leasehold,289534.7549019608,283500.0,102
Havering,2018-10-01,Freehold,426530.91162790696,388000.0,215
Havering,2018-10-01,Leasehold,288164.0842105263,277000.0,95
Havering,2018-11-01,Freehold,440838.58208955225,390000.0,268
Havering,2018-11-01,Leasehold,252952.7027027027,254625.0,74
Havering,2018-12-01,Freehold,416917.0873786408,390000.0,206
Havering,2018-12-01,Leasehold,244459.375,231250.0,48
Havering,2019-01-01,Freehold,433641.6842105263,382000.0,171
Havering,2019-01-01,Leasehold,244270.7142857143,247000.0,49
Havering,2019-02-01,Freehold,423911.74011299433,375000.0,177
Havering,2019-02-01,Leasehold,232383.41025641025,232000.0,39
Havering,2019-03-01,Freehold,415282.7098445596,375000.0,193
Havering,2019-03-01,Leasehold,251145.8656716418,250000.0,67
Havering,2019-04-01,Freehold,422625.987654321,379997.5,162
Havering,2019-04-01,Leasehold,253400.9375,251250.0,48
Havering,2019-05-01,Freehold,418358.93296089384,385000.0,179
Havering,2019-05-01,Leasehold,249405.20833333334,238750.0,48
Havering,2019-06-01,Freehold,440548.6180904523,395000.0,199
Havering,2019-06-01,Leasehold,256537.8431372549,240000.0,51
Havering,2019-07-01,Freehold,444883.820754717,398750.0,212
Havering,2019-07-01,Leasehold,227179.02985074627,235000.0,67
Havering,2019-08-01,Freehold,424213.9203187251,400000.0,251
Havering,2019-08-01,Leasehold,233547.21153846153,235000.0,52
Havering,2019-09-01,Freehold,444742.86036036036,400000.0,222
Havering,2019-09-01,Leasehold,252050.0,245000.0,50
Havering,2019-10-01,Freehold,445382.49572649575,387750.0,234
Havering,2019-10-01,Leasehold,353229.1666666667,261500.0,60
Havering,2019-11-01,Freehold,443562.596,400000.0,250
Havering,2019-11-01,Leasehold,238366.1971830986,240000.0,71
Havering,2019-12-01,Freehold,447197.57416267943,387500.0,209
Havering,2019-12-01,Leasehold,265827.5862068966,262500.0,58
Havering,2020-01-01,Freehold,435142.9207920792,390000.0,202
Havering,2020-01-01,Leasehold,250840.27777777778,235000.0,36
Havering,2020-02-01,Freehold,470135.62,413500.0,200
Havering,2020-02-01,Leasehold,258904.16666666666,251000.0,60
Havering,2020-03-01,Freehold,433950.5862068966,400000.0,203
Havering,2020-03-01,Leasehold,261362.06896551725,258350.0,58
Havering,2020-04-01,Freehold,452049.8510638298,390000.0,94
Havering,2020-04-01,Leasehold,279029.4117647059,250000.0,34
Havering,2020-05-01,Freehold,398092.87735849054,388000.0,106
Havering,2020-05-01,Leasehold,248875.0,252000.0,36
Havering,2020-06-01,Freehold,431029.7297297297,405000.0,185
Havering,2020-06-01,Leasehold,235247.72727272726,247500.0,55
Havering,2020-07-01,Freehold,462039.0208333333,417250.0,192
Havering,2020-07-01,Leasehold,247418.60465116278,236000.0,43
Havering,2020-08-01,Freehold,462649.42783505155,415000.0,194
Havering,2020-08-01,Leasehold,263878.125,257500.0,40
Havering,2020-09-01,Freehold,449865.00471698114,410000.0,212
Havering,2020-09-01,Leasehold,256206.25,245000.0,48
Havering,2020-10-01,Freehold,465140.625,421000.0,256
Havering,2020-10-01,Leasehold,249040.2786885246,240000.0,61
Havering,2020-11-01,Freehold,470695.99170124484,425000.0,241
Havering,2020-11-01,Leasehold,250338.37209302327,240000.0,43
Havering,2020-12-01,Freehold,453355.79047619045,415000.0,315
Havering,2020-12-01,Leasehold,259118.33333333334,260000.0,75
Havering,2021-01-01,Freehold,465989.9311594203,421250.0,276
Havering,2021-01-01,Leasehold,270742.676056338,270000.0,71
Havering,2021-02-01,Freehold,460650.13054187194,425000.0,406
Havering,2021-02-01,Leasehold,278556.1830985916,270000.0,71
Havering,2021-03-01,Freehold,477567.5984848485,421000.0,528
Havering,2021-03-01,Leasehold,257855.5588235294,252500.0,136
Havering,2021-04-01,Freehold,476688.1869688385,425000.0,353
Havering,2021-04-01,Leasehold,260500.32894736843,256750.0,76
Havering,2021-05-01,Freehold,473363.24803149607,425000.0,254
Havering,2021-05-01,Leasehold,251965.92105263157,250000.0,76
Havering,2021-06-01,Freehold,490706.3628318584,435000.0,791
Havering,2021-06-01,Leasehold,264608.99375,265000.0,160
Havering,2021-07-01,Freehold,435229.22222222225,403750.0,90
Havering,2021-07-01,Leasehold,226595.83333333334,229000.0,60
Havering,2021-08-01,Freehold,456126.4827586207,420000.0,174
Havering,2021-08-01,Leasehold,256251.54320987655,252000.0,81
Havering,2021-09-01,Freehold,483415.89743589744,440000.0,429
Havering,2021-09-01,Leasehold,280981.94166666665,265000.0,120
Havering,2021-10-01,Freehold,530294.4097222222,430000.0,144
Havering,2021-10-01,Leasehold,239782.21153846153,246000.0,52
Havering,2021-11-01,Freehold,479466.1421800948,440000.0,211
Havering,2021-11-01,Leasehold,260905.15151515152,255000.0,66
Havering,2021-12-01,Freehold,494555.94974874373,450000.0,199
Havering,2021-12-01,Leasehold,284917.52747252746,300000.0,91
Havering,2022-01-01,Freehold,513816.6174863388,455000.0,183
Havering,2022-01-01,Leasehold,266578.125,270000.0,56
Havering,2022-02-01,Freehold,507976.66964285716,460000.0,224
Havering,2022-02-01,Leasehold,244129.73770491802,250000.0,61
Havering,2022-03-01,Freehold,514978.2702702703,460000.0,259
Havering,2022-03-01,Leasehold,259729.08333333334,250000.0,60
Havering,2022-04-01,Freehold,519729.4502617801,457000.0,191
Havering,2022-04-01,Leasehold,274993.137254902,265000.0,51
Havering,2022-05-01,Freehold,517296.3122171946,480000.0,221
Havering,2022-05-01,Leasehold,287279.3698630137,285000.0,73
Havering,2022-06-01,Freehold,523635.92307692306,462500.0,221
Havering,2022-06-01,Leasehold,265842.7710843373,265000.0,83
Havering,2022-07-01,Freehold,536362.2857142857,480000.0,245
Havering,2022-07-01,Leasehold,279956.1285714286,269000.0,70
Havering,2022-08-01,Freehold,510069.6738197425,472500.0,233
Havering,2022-08-01,Leasehold,276328.7534246575,277500.0,73
Havering,2022-09-01,Freehold,544805.7488584475,500000.0,219
Havering,2022-09-01,Leasehold,284006.0240963855,285000.0,83
Havering,2022-10-01,Freehold,516236.0172413793,475000.0,232
Havering,2022-10-01,Leasehold,269450.0,271500.0,78
Havering,2022-11-01,Freehold,533668.388,499497.5,250
Havering,2022-11-01,Leasehold,294823.125,290000.0,80
Havering,2022-12-01,Freehold,531347.9591836735,480000.0,196
Havering,2022-12-01,Leasehold,298933.03571428574,315000.0,112
Havering,2023-01-01,Freehold,513865.4678362573,487000.0,171
Havering,2023-01-01,Leasehold,272701.90566037735,280000.0,53
Havering,2023-02-01,Freehold,517017.6685082873,472000.0,181
Havering,2023-02-01,Leasehold,285125.0,275000.0,84
Havering,2023-03-01,Freehold,534228.8628571428,470000.0,175
Havering,2023-03-01,Leasehold,294240.62765957444,301000.0,94
Havering,2023-04-01,Freehold,515034.19852941175,487500.0,136
Havering,2023-04-01,Leasehold,296596.1538461539,300000.0,52
Havering,2023-05-01,Freehold,550688.8095238095,468000.0,147
Havering,2023-05-01,Leasehold,279354.1666666667,278000.0,48
Havering,2023-06-01,Freehold,524954.760479042,450000.0,167
Havering,2023-06-01,Leasehold,275939.262295082,280000.0,61
Havering,2023-07-01,Freehold,532822.6204819278,475000.0,166
Havering,2023-07-01,Leasehold,314650.0,302075.0,68
Havering,2023-08-01,Freehold,509421.1937172775,475000.0,191
Havering,2023-08-01,Leasehold,246260.22727272726,241000.0,44
Havering,2023-09-01,Freehold,534536.9346733668,475000.0,199
Havering,2023-09-01,Leasehold,258729.2033898305,270000.0,59
Havering,2023-10-01,Freehold,505125.7696629214,470000.0,178
Havering,2023-10-01,Leasehold,253499.12280701756,275000.0,57
Havering,2023-11-01,Freehold,498632.4503311258,465000.0,151
Havering,2023-11-01,Leasehold,243323.27586206896,271000.0,58
Havering,2023-12-01,Freehold,545142.3693181818,475000.0,176
Havering,2023-12-01,Leasehold,264795.9183673469,275000.0,49
Havering,2024-01-01,Freehold,490433.1770833333,460000.0,192
Havering,2024-01-01,Leasehold,273673.7804878049,280000.0,41
Havering,2024-02-01,Freehold,472463.8614457831,447500.0,166
Havering,2024-02-01,Leasehold,258034.88372093023,255000.0,43
Havering,2024-03-01,Freehold,513882.8823529412,460000.0,187
Havering,2024-03-01,Leasehold,256289.5283018868,270000.0,53
Havering,2024-04-01,Freehold,498986.45930232556,450000.0,172
Havering,2024-04-01,Leasehold,244068.29268292684,260000.0,41
Havering,2024-05-01,Freehold,490348.58031088085,440000.0,193
Havering,2024-05-01,Leasehold,260965.8620689655,270000.0,58
Havering,2024-06-01,Freehold,542250.0,470000.0,173
Havering,2024-06-01,Leasehold,270168.4259259259,264500.0,54
Havering,2024-07-01,Freehold,529204.0578512397,475000.0,242
Havering,2024-07-01,Leasehold,273161.11842105264,275000.0,76
Havering,2024-08-01,Freehold,529658.1186440678,480000.0,236
Havering,2024-08-01,Leasehold,254061.39344262294,265000.0,61
Havering,2024-09-01,Freehold,532421.2771739131,465000.0,184
Havering,2024-09-01,Leasehold,262203.22222222225,270000.0,45
Havering,2024-10-01,Freehold,524528.6654411765,474000.0,272
Havering,2024-10-01,Leasehold,274836.84210526315,283000.0,57
Havering,2024-11-01,Freehold,516903.95256917,459000.0,253
Havering,2024-11-01,Leasehold,265777.5593220339,270000.0,59
Havering,2024-12-01,Freehold,498946.41237113404,455000.0,194
Havering,2024-12-01,Leasehold,258701.69811320756,250000.0,53
Havering,2025-01-01,Freehold,520026.76018099545,480000.0,221
Havering,2025-01-01,Leasehold,263648.63636363635,271250.0,44
Havering,2025-02-01,Freehold,538712.2175732218,483000.0,239
Havering,2025-02-01,Leasehold,256669.44444444444,264000.0,36
Havering,2025-03-01,Freehold,540910.9803536346,490000.0,509
Havering,2025-03-01,Leasehold,280903.8793103448,280000.0,116
Havering,2025-04-01,Freehold,528698.7012987013,487500.0,77
Havering,2025-04-01,Leasehold,233145.83333333334,227500.0,24
Havering,2025-05-01,Freehold,555964.7286821705,490000.0,129
Havering,2025-05-01,Leasehold,249081.81818181818,250000.0,33
Havering,2025-06-01,Freehold,512150.6711409396,460000.0,149
Havering,2025-06-01,Leasehold,261923.46153846153,269500.0,52
Havering,2025-07-01,Freehold,522097.1615720524,470000.0,229
Havering,2025-07-01,Leasehold,244396.82539682538,250000.0,63
Havering,2025-08-01,Freehold,541515.5687203791,485000.0,211
Havering,2025-08-01,Leasehold,251363.28125,264000.0,64
Havering,2025-09-01,Freehold,558896.1020408163,510500.0,196
Havering,2025-09-01,Leasehold,274040.54054054053,275000.0,37
Havering,2025-10-01,Freehold,532380.3783783783,475000.0,222
Havering,2025-10-01,Leasehold,255661.45833333334,252500.0,48
Havering,2025-11-01,Freehold,525236.8902439025,476250.0,164
Havering,2025-11-01,Leasehold,270644.7368421053,266000.0,38
Havering,2025-12-01,Freehold,513282.2916666667,490000.0,144
Havering,2025-12-01,Leasehold,275393.2291666667,287500.0,48
Havering,2026-01-01,Freehold,513406.72222222225,475000.0,162
Havering,2026-01-01,Leasehold,264450.0,259750.0,40
Havering,2026-02-01,Freehold,516727.0797101449,480000.0,138
Havering,2026-02-01,Leasehold,270811.1111111111,285000.0,45
Havering,2026-03-01,Freehold,521604.3165467626,480000.0,139
Havering,2026-03-01,Leasehold,262176.6666666667,270000.0,45
Havering,2026-04-01,Freehold,519902.44736842107,475000.0,114
Havering,2026-04-01,Leasehold,266209.67741935485,264000.0,31
Havering,2026-05-01,Freehold,497296.875,470750.0,32
Havering,2026-05-01,Leasehold,202083.33333333334,176250.0,6
Hillingdon,2006-01-01,Freehold,270824.28870292887,236000.0,239
Hillingdon,2006-01-01,Leasehold,160167.66666666666,145750.0,90
Hillingdon,2006-02-01,Freehold,293279.4749034749,247000.0,259
Hillingdon,2006-02-01,Leasehold,171837.44047619047,162750.0,84
Hillingdon,2006-03-01,Freehold,270744.9163763066,240000.0,287
Hillingdon,2006-03-01,Leasehold,163531.69918699187,151500.0,123
Hillingdon,2006-04-01,Freehold,260668.03225806452,235000.0,279
Hillingdon,2006-04-01,Leasehold,166207.8947368421,160000.0,95
Hillingdon,2006-05-01,Freehold,276937.6023391813,237000.0,342
Hillingdon,2006-05-01,Leasehold,167255.66666666666,154000.0,105
Hillingdon,2006-06-01,Freehold,269850.5938303342,240000.0,389
Hillingdon,2006-06-01,Leasehold,172566.38686131386,164950.0,137
Hillingdon,2006-07-01,Freehold,300535.0138888889,249950.0,360
Hillingdon,2006-07-01,Leasehold,164295.65625,163500.0,128
Hillingdon,2006-08-01,Freehold,298732.9010416667,250000.0,384
Hillingdon,2006-08-01,Leasehold,176472.60273972602,165000.0,146
Hillingdon,2006-09-01,Freehold,279810.97354497353,247000.0,378
Hillingdon,2006-09-01,Leasehold,172755.59872611464,165000.0,157
Hillingdon,2006-10-01,Freehold,294671.9204892966,249950.0,327
Hillingdon,2006-10-01,Leasehold,170396.31386861313,161000.0,137
Hillingdon,2006-11-01,Freehold,294912.30163043475,250000.0,368
Hillingdon,2006-11-01,Leasehold,167887.32876712328,155500.0,146
Hillingdon,2006-12-01,Freehold,293640.48295454547,250000.0,352
Hillingdon,2006-12-01,Leasehold,178333.92857142858,164500.0,140
Hillingdon,2007-01-01,Freehold,289457.5111111111,246000.0,315
Hillingdon,2007-01-01,Leasehold,172357.3275862069,169000.0,116
Hillingdon,2007-02-01,Freehold,306200.0,250000.0,270
Hillingdon,2007-02-01,Leasehold,165883.19327731093,165500.0,119
Hillingdon,2007-03-01,Freehold,296580.16949152545,250000.0,295
Hillingdon,2007-03-01,Leasehold,176141.88034188034,175000.0,117
Hillingdon,2007-04-01,Freehold,308149.74061433447,250000.0,293
Hillingdon,2007-04-01,Leasehold,176582.82178217822,165500.0,101
Hillingdon,2007-05-01,Freehold,306125.43575418997,258000.0,358
Hillingdon,2007-05-01,Leasehold,186582.64925373133,177995.0,134
Hillingdon,2007-06-01,Freehold,294267.3304347826,255000.0,345
Hillingdon,2007-06-01,Leasehold,188907.63953488372,188725.0,172
Hillingdon,2007-07-01,Freehold,323469.26219512196,279000.0,328
Hillingdon,2007-07-01,Leasehold,194967.893081761,189950.0,159
Hillingdon,2007-08-01,Freehold,317175.27857142856,270000.0,420
Hillingdon,2007-08-01,Leasehold,185510.18633540373,172000.0,161
Hillingdon,2007-09-01,Freehold,309792.9779179811,273000.0,317
Hillingdon,2007-09-01,Leasehold,183506.966442953,182000.0,149
Hillingdon,2007-10-01,Freehold,334745.62903225806,283975.0,310
Hillingdon,2007-10-01,Leasehold,187740.20253164557,185000.0,158
Hillingdon,2007-11-01,Freehold,313753.51219512196,275500.0,328
Hillingdon,2007-11-01,Leasehold,190541.54929577466,180000.0,142
Hillingdon,2007-12-01,Freehold,304743.03797468357,267000.0,237
Hillingdon,2007-12-01,Leasehold,200634.34426229508,195000.0,122
Hillingdon,2008-01-01,Freehold,311190.18691588787,275000.0,214
Hillingdon,2008-01-01,Leasehold,195157.8947368421,180000.0,95
Hillingdon,2008-02-01,Freehold,291797.5442477876,250000.0,226
Hillingdon,2008-02-01,Leasehold,200712.734375,190000.0,128
Hillingdon,2008-03-01,Freehold,309465.95930232556,259500.0,172
Hillingdon,2008-03-01,Leasehold,193438.78676470587,188225.0,136
Hillingdon,2008-04-01,Freehold,299101.6978021978,262250.0,182
Hillingdon,2008-04-01,Leasehold,205784.42962962962,202000.0,135
Hillingdon,2008-05-01,Freehold,306016.1256281407,276000.0,199
Hillingdon,2008-05-01,Leasehold,203701.40186915887,195000.0,107
Hillingdon,2008-06-01,Freehold,311214.78571428574,269500.0,182
Hillingdon,2008-06-01,Leasehold,208047.9381443299,195000.0,97
Hillingdon,2008-07-01,Freehold,308664.2291666667,274000.0,144
Hillingdon,2008-07-01,Leasehold,206406.0975609756,196500.0,82
Hillingdon,2008-08-01,Freehold,332887.6369863014,250000.0,146
Hillingdon,2008-08-01,Leasehold,198560.36486486485,194975.0,74
Hillingdon,2008-09-01,Freehold,317528.3185840708,268000.0,113
Hillingdon,2008-09-01,Leasehold,202281.57894736843,190500.0,76
Hillingdon,2008-10-01,Freehold,293948.90510948905,250000.0,137
Hillingdon,2008-10-01,Leasehold,209244.26136363635,189500.0,88
Hillingdon,2008-11-01,Freehold,334552.8045977011,250000.0,87
Hillingdon,2008-11-01,Leasehold,201867.17741935485,205000.0,62
Hillingdon,2008-12-01,Freehold,289913.632,250000.0,125
Hillingdon,2008-12-01,Leasehold,216027.3230769231,190000.0,65
Hillingdon,2009-01-01,Freehold,275435.632183908,245000.0,87
Hillingdon,2009-01-01,Leasehold,170994.15217391305,165000.0,46
Hillingdon,2009-02-01,Freehold,257797.6923076923,228000.0,65
Hillingdon,2009-02-01,Leasehold,218317.67567567568,195000.0,37
Hillingdon,2009-03-01,Freehold,258926.08695652173,225000.0,115
Hillingdon,2009-03-01,Leasehold,194633.0625,183500.0,48
Hillingdon,2009-04-01,Freehold,268158.5982905983,230000.0,117
Hillingdon,2009-04-01,Leasehold,195934.25925925927,181500.0,54
Hillingdon,2009-05-01,Freehold,255041.0447761194,235000.0,134
Hillingdon,2009-05-01,Leasehold,201055.61971830987,200000.0,71
Hillingdon,2009-06-01,Freehold,280196.88356164383,239975.0,146
Hillingdon,2009-06-01,Leasehold,197087.11538461538,180000.0,78
Hillingdon,2009-07-01,Freehold,292502.1703296703,250000.0,182
Hillingdon,2009-07-01,Leasehold,179225.89024390245,175000.0,82
Hillingdon,2009-08-01,Freehold,311937.6787878788,250000.0,165
Hillingdon,2009-08-01,Leasehold,192950.78125,175000.0,64
Hillingdon,2009-09-01,Freehold,301224.38036809815,249950.0,163
Hillingdon,2009-09-01,Leasehold,172269.79166666666,162500.0,48
Hillingdon,2009-10-01,Freehold,290707.20207253884,250000.0,193
Hillingdon,2009-10-01,Leasehold,188068.47222222222,175000.0,108
Hillingdon,2009-11-01,Freehold,309254.3350515464,250000.0,194
Hillingdon,2009-11-01,Leasehold,181829.44444444444,169000.0,90
Hillingdon,2009-12-01,Freehold,294525.0256410256,250000.0,195
Hillingdon,2009-12-01,Leasehold,180947.20588235295,173675.0,102
Hillingdon,2010-01-01,Freehold,288905.47154471546,263000.0,123
Hillingdon,2010-01-01,Leasehold,188993.47826086957,189500.0,46
Hillingdon,2010-02-01,Freehold,297182.21774193546,261250.0,124
Hillingdon,2010-02-01,Leasehold,178632.41666666666,180000.0,60
Hillingdon,2010-03-01,Freehold,300474.900621118,265060.0,161
Hillingdon,2010-03-01,Leasehold,185215.546875,181000.0,64
Hillingdon,2010-04-01,Freehold,316448.1460674157,275000.0,178
Hillingdon,2010-04-01,Leasehold,182173.96825396825,175000.0,63
Hillingdon,2010-05-01,Freehold,311624.41780821915,276250.0,146
Hillingdon,2010-05-01,Leasehold,172282.5806451613,174000.0,62
Hillingdon,2010-06-01,Freehold,314463.9533898305,275000.0,236
Hillingdon,2010-06-01,Leasehold,183332.35294117648,180000.0,85
Hillingdon,2010-07-01,Freehold,317635.8869565217,276250.0,230
Hillingdon,2010-07-01,Leasehold,187062.63953488372,176500.0,86
Hillingdon,2010-08-01,Freehold,342808.1596244131,275000.0,213
Hillingdon,2010-08-01,Leasehold,190993.10344827586,181000.0,58
Hillingdon,2010-09-01,Freehold,350012.8708133971,290000.0,209
Hillingdon,2010-09-01,Leasehold,185053.31578947368,184500.0,95
Hillingdon,2010-10-01,Freehold,308771.1890547264,275000.0,201
Hillingdon,2010-10-01,Leasehold,185651.01204819276,187000.0,83
Hillingdon,2010-11-01,Freehold,324955.99029126216,270000.0,206
Hillingdon,2010-11-01,Leasehold,190498.35820895524,189950.0,67
Hillingdon,2010-12-01,Freehold,330289.28571428574,280000.0,203
Hillingdon,2010-12-01,Leasehold,201948.55319148937,203750.0,94
Hillingdon,2011-01-01,Freehold,362516.2162162162,288975.0,148
Hillingdon,2011-01-01,Leasehold,183423.5294117647,175000.0,51
Hillingdon,2011-02-01,Freehold,307705.60493827163,274975.0,162
Hillingdon,2011-02-01,Leasehold,194270.79710144928,180000.0,69
Hillingdon,2011-03-01,Freehold,296269.1256830601,265000.0,183
Hillingdon,2011-03-01,Leasehold,191931.14666666667,180000.0,75
Hillingdon,2011-04-01,Freehold,340910.78034682083,275000.0,173
Hillingdon,2011-04-01,Leasehold,199090.9638554217,190000.0,83
Hillingdon,2011-05-01,Freehold,330286.49693251535,280000.0,163
Hillingdon,2011-05-01,Leasehold,189594.50980392157,195000.0,51
Hillingdon,2011-06-01,Freehold,314427.64851485146,268330.0,202
Hillingdon,2011-06-01,Leasehold,187718.86363636365,180000.0,66
Hillingdon,2011-07-01,Freehold,338364.21186440677,295000.0,236
Hillingdon,2011-07-01,Leasehold,192590.4411764706,182250.0,68
Hillingdon,2011-08-01,Freehold,362387.135371179,304995.0,229
Hillingdon,2011-08-01,Leasehold,194248.31683168316,190000.0,101
Hillingdon,2011-09-01,Freehold,334534.35555555555,275000.0,225
Hillingdon,2011-09-01,Leasehold,181720.8085106383,170000.0,141
Hillingdon,2011-10-01,Freehold,328195.1016042781,281750.0,187
Hillingdon,2011-10-01,Leasehold,182711.90384615384,179776.5,104
Hillingdon,2011-11-01,Freehold,346051.61650485435,285000.0,206
Hillingdon,2011-11-01,Leasehold,201420.25384615385,195000.0,130
Hillingdon,2011-12-01,Freehold,341595.4054054054,285000.0,185
Hillingdon,2011-12-01,Leasehold,193404.66165413533,193500.0,133
Hillingdon,2012-01-01,Freehold,310028.94736842107,276000.0,152
Hillingdon,2012-01-01,Leasehold,193218.22222222222,187500.0,81
Hillingdon,2012-02-01,Freehold,318020.9430379747,277475.0,158
Hillingdon,2012-02-01,Leasehold,203531.75247524751,200000.0,101
Hillingdon,2012-03-01,Freehold,307071.2989690722,250500.0,194
Hillingdon,2012-03-01,Leasehold,191435.91390728476,189950.0,151
Hillingdon,2012-04-01,Freehold,332059.0869565217,280000.0,115
Hillingdon,2012-04-01,Leasehold,193965.3918918919,190000.0,74
Hillingdon,2012-05-01,Freehold,404499.6625766871,323000.0,163
Hillingdon,2012-05-01,Leasehold,184714.5344827586,182500.0,58
Hillingdon,2012-06-01,Freehold,364038.902173913,315000.0,184
Hillingdon,2012-06-01,Leasehold,231598.32967032967,215000.0,91
Hillingdon,2012-07-01,Freehold,359831.8743961353,290000.0,207
Hillingdon,2012-07-01,Leasehold,214361.78651685393,203000.0,89
Hillingdon,2012-08-01,Freehold,349874.41777777777,294500.0,225
Hillingdon,2012-08-01,Leasehold,207856.57894736843,188000.0,95
Hillingdon,2012-09-01,Freehold,347234.7826086957,295000.0,161
Hillingdon,2012-09-01,Leasehold,202663.09708737864,182500.0,103
Hillingdon,2012-10-01,Freehold,352420.3448275862,295000.0,203
Hillingdon,2012-10-01,Leasehold,215060.57954545456,205000.0,88
Hillingdon,2012-11-01,Freehold,338992.6963350785,300000.0,191
Hillingdon,2012-11-01,Leasehold,208727.45714285714,202375.0,140
Hillingdon,2012-12-01,Freehold,359999.0414507772,295000.0,193
Hillingdon,2012-12-01,Leasehold,207461.8735632184,205000.0,87
Hillingdon,2013-01-01,Freehold,357748.00662251655,300000.0,151
Hillingdon,2013-01-01,Leasehold,195010.3409090909,183027.5,44
Hillingdon,2013-02-01,Freehold,330852.19310344825,295000.0,145
Hillingdon,2013-02-01,Leasehold,189506.34285714285,186450.0,70
Hillingdon,2013-03-01,Freehold,343745.3823529412,286000.0,170
Hillingdon,2013-03-01,Leasehold,210068.77358490566,196500.0,106
Hillingdon,2013-04-01,Freehold,345985.13333333336,290000.0,135
Hillingdon,2013-04-01,Leasehold,209104.16216216216,199000.0,74
Hillingdon,2013-05-01,Freehold,337361.12994350283,299950.0,177
Hillingdon,2013-05-01,Leasehold,204505.86486486485,196000.0,74
Hillingdon,2013-06-01,Freehold,341401.06707317074,285500.0,164
Hillingdon,2013-06-01,Leasehold,203568.9247311828,197000.0,93
Hillingdon,2013-07-01,Freehold,353939.43192488264,305000.0,213
Hillingdon,2013-07-01,Leasehold,213253.75213675213,210000.0,117
Hillingdon,2013-08-01,Freehold,348162.79357798165,309225.0,218
Hillingdon,2013-08-01,Leasehold,201221.29213483146,200000.0,89
Hillingdon,2013-09-01,Freehold,344141.01369863015,310000.0,219
Hillingdon,2013-09-01,Leasehold,198809.9411764706,185500.0,85
Hillingdon,2013-10-01,Freehold,366860.44052863435,320000.0,227
Hillingdon,2013-10-01,Leasehold,212435.3,210000.0,100
Hillingdon,2013-11-01,Freehold,374305.735426009,327950.0,223
Hillingdon,2013-11-01,Leasehold,229116.60330578513,230995.0,121
Hillingdon,2013-12-01,Freehold,379395.663507109,345000.0,211
Hillingdon,2013-12-01,Leasehold,206038.2380952381,212000.0,105
Hillingdon,2014-01-01,Freehold,371582.51231527096,325000.0,203
Hillingdon,2014-01-01,Leasehold,216074.67716535434,208000.0,127
Hillingdon,2014-02-01,Freehold,381026.2195121951,335100.0,164
Hillingdon,2014-02-01,Leasehold,231209.83333333334,220000.0,120
Hillingdon,2014-03-01,Freehold,400740.19886363635,325000.0,176
Hillingdon,2014-03-01,Leasehold,213964.0404040404,217000.0,99
Hillingdon,2014-04-01,Freehold,359532.875,330000.0,176
Hillingdon,2014-04-01,Leasehold,205284.23913043478,197000.0,92
Hillingdon,2014-05-01,Freehold,408099.1139896373,370000.0,193
Hillingdon,2014-05-01,Leasehold,225331.19791666666,222000.0,96
Hillingdon,2014-06-01,Freehold,422714.8512820513,369950.0,195
Hillingdon,2014-06-01,Leasehold,236324.7572815534,230000.0,103
Hillingdon,2014-07-01,Freehold,405188.0,370000.0,201
Hillingdon,2014-07-01,Leasehold,209675.54347826086,209500.0,92
Hillingdon,2014-08-01,Freehold,431403.82790697674,365000.0,215
Hillingdon,2014-08-01,Leasehold,227332.56880733944,220000.0,109
Hillingdon,2014-09-01,Freehold,431435.68376068375,371000.0,234
Hillingdon,2014-09-01,Leasehold,237918.69892473117,226500.0,93
Hillingdon,2014-10-01,Freehold,445630.7305936073,370000.0,219
Hillingdon,2014-10-01,Leasehold,228692.56435643564,219950.0,101
Hillingdon,2014-11-01,Freehold,445437.7454545455,370000.0,220
Hillingdon,2014-11-01,Leasehold,236169.33870967742,223500.0,124
Hillingdon,2014-12-01,Freehold,423694.8312236287,380000.0,237
Hillingdon,2014-12-01,Leasehold,229829.81818181818,234000.0,110
Hillingdon,2015-01-01,Freehold,428397.36842105264,370000.0,171
Hillingdon,2015-01-01,Leasehold,262387.65277777775,246750.0,72
Hillingdon,2015-02-01,Freehold,425084.9193548387,380000.0,186
Hillingdon,2015-02-01,Leasehold,246047.8350515464,240000.0,97
Hillingdon,2015-03-01,Freehold,465464.4518072289,380000.0,166
Hillingdon,2015-03-01,Leasehold,274123.85714285716,247500.0,91
Hillingdon,2015-04-01,Freehold,413699.61267605633,375250.0,142
Hillingdon,2015-04-01,Leasehold,260941.81632653062,248750.0,98
Hillingdon,2015-05-01,Freehold,419096.4404761905,393308.0,168
Hillingdon,2015-05-01,Leasehold,246082.2947368421,250000.0,95
Hillingdon,2015-06-01,Freehold,449275.4953703704,414975.0,216
Hillingdon,2015-06-01,Leasehold,266971.9130434783,250000.0,115
Hillingdon,2015-07-01,Freehold,466566.9421487603,394950.0,242
Hillingdon,2015-07-01,Leasehold,267095.91333333333,279975.0,150
Hillingdon,2015-08-01,Freehold,476159.678111588,410500.0,233
Hillingdon,2015-08-01,Leasehold,282296.16,285000.0,125
Hillingdon,2015-09-01,Freehold,483924.8155737705,418725.0,244
Hillingdon,2015-09-01,Leasehold,273146.79439252336,270000.0,107
Hillingdon,2015-10-01,Freehold,493873.7603305785,427500.0,242
Hillingdon,2015-10-01,Leasehold,287317.0238095238,285975.0,126
Hillingdon,2015-11-01,Freehold,486288.4490740741,447500.0,216
Hillingdon,2015-11-01,Leasehold,281643.5671641791,275500.0,134
Hillingdon,2015-12-01,Freehold,480715.5311004785,450000.0,209
Hillingdon,2015-12-01,Leasehold,279840.05154639174,275000.0,97
Hillingdon,2016-01-01,Freehold,506337.89830508473,430000.0,177
Hillingdon,2016-01-01,Leasehold,293792.5432098765,262500.0,81
Hillingdon,2016-02-01,Freehold,497629.14364640886,435000.0,181
Hillingdon,2016-02-01,Leasehold,304323.475,291000.0,80
Hillingdon,2016-03-01,Freehold,529337.5664739885,442500.0,346
Hillingdon,2016-03-01,Leasehold,289863.58260869567,272500.0,230
Hillingdon,2016-04-01,Freehold,473326.0353982301,434995.0,113
Hillingdon,2016-04-01,Leasehold,353212.94444444444,296250.0,54
Hillingdon,2016-05-01,Freehold,474344.5813953488,445000.0,129
Hillingdon,2016-05-01,Leasehold,337783.4736842105,291000.0,76
Hillingdon,2016-06-01,Freehold,522136.5243902439,460000.0,164
Hillingdon,2016-06-01,Leasehold,307967.2077922078,295000.0,77
Hillingdon,2016-07-01,Freehold,568282.4065934066,488497.5,182
Hillingdon,2016-07-01,Leasehold,287577.0588235294,293000.0,85
Hillingdon,2016-08-01,Freehold,516574.76785714284,461997.5,168
Hillingdon,2016-08-01,Leasehold,280615.24418604653,224000.0,172
Hillingdon,2016-09-01,Freehold,514240.0248447205,450000.0,161
Hillingdon,2016-09-01,Leasehold,281958.01470588235,257750.0,68
Hillingdon,2016-10-01,Freehold,536209.6315789474,472497.5,152
Hillingdon,2016-10-01,Leasehold,301554.13483146066,295000.0,89
Hillingdon,2016-11-01,Freehold,510128.14024390245,459975.0,164
Hillingdon,2016-11-01,Leasehold,326542.64957264956,299950.0,117
Hillingdon,2016-12-01,Freehold,545543.4911242604,470000.0,169
Hillingdon,2016-12-01,Leasehold,284056.25,275000.0,64
Hillingdon,2017-01-01,Freehold,541797.8928571428,472500.0,140
Hillingdon,2017-01-01,Leasehold,323743.60759493674,320000.0,79
Hillingdon,2017-02-01,Freehold,528857.3243243244,458750.0,148
Hillingdon,2017-02-01,Leasehold,323962.5903614458,308000.0,83
Hillingdon,2017-03-01,Freehold,530277.0290697674,473750.0,172
Hillingdon,2017-03-01,Leasehold,299477.6914893617,297000.0,94
Hillingdon,2017-04-01,Freehold,499431.893081761,450000.0,159
Hillingdon,2017-04-01,Leasehold,320734.3382352941,309997.5,68
Hillingdon,2017-05-01,Freehold,526615.5151515151,460000.0,165
Hillingdon,2017-05-01,Leasehold,317413.03846153844,317500.0,130
Hillingdon,2017-06-01,Freehold,563483.5365853659,487500.0,164
Hillingdon,2017-06-01,Leasehold,331926.5094339623,316250.0,106
Hillingdon,2017-07-01,Freehold,538566.3918918918,500000.0,148
Hillingdon,2017-07-01,Leasehold,359153.75,370000.0,124
Hillingdon,2017-08-01,Freehold,521259.70050761424,462000.0,197
Hillingdon,2017-08-01,Leasehold,324652.8040540541,309995.0,148
Hillingdon,2017-09-01,Freehold,546328.9775280899,476000.0,178
Hillingdon,2017-09-01,Leasehold,339410.3157894737,326500.0,95
Hillingdon,2017-10-01,Freehold,505830.89743589744,470000.0,156
Hillingdon,2017-10-01,Leasehold,321814.44444444444,305000.0,90
Hillingdon,2017-11-01,Freehold,536979.7590361446,478000.0,166
Hillingdon,2017-11-01,Leasehold,346530.9345794392,355000.0,107
Hillingdon,2017-12-01,Freehold,511951.64197530865,459000.0,162
Hillingdon,2017-12-01,Leasehold,336859.44444444444,334000.0,117
Hillingdon,2018-01-01,Freehold,516773.093220339,463750.0,118
Hillingdon,2018-01-01,Leasehold,329436.1855670103,328000.0,97
Hillingdon,2018-02-01,Freehold,527349.8015873015,470000.0,126
Hillingdon,2018-02-01,Leasehold,314184.5283018868,295000.0,106
Hillingdon,2018-03-01,Freehold,516688.07947019866,465000.0,151
Hillingdon,2018-03-01,Leasehold,326182.2831858407,319995.0,113
Hillingdon,2018-04-01,Freehold,550388.1449275363,478750.0,138
Hillingdon,2018-04-01,Leasehold,301868.4666666667,297000.0,105
Hillingdon,2018-05-01,Freehold,508500.0,465000.0,133
Hillingdon,2018-05-01,Leasehold,315330.79365079367,300000.0,63
Hillingdon,2018-06-01,Freehold,508116.0416666667,466250.0,144
Hillingdon,2018-06-01,Leasehold,293927.7840909091,280000.0,88
Hillingdon,2018-07-01,Freehold,561850.5521472392,474000.0,163
Hillingdon,2018-07-01,Leasehold,302412.80303030304,293500.0,66
Hillingdon,2018-08-01,Freehold,567905.5243243243,507000.0,185
Hillingdon,2018-08-01,Leasehold,300369.5833333333,288250.0,108
Hillingdon,2018-09-01,Freehold,523523.4331210191,460000.0,157
Hillingdon,2018-09-01,Leasehold,305675.0,300000.0,75
Hillingdon,2018-10-01,Freehold,503135.0654761905,462500.0,168
Hillingdon,2018-10-01,Leasehold,311575.9,314000.0,100
Hillingdon,2018-11-01,Freehold,516207.3494623656,476000.0,186
Hillingdon,2018-11-01,Leasehold,331068.2588235294,315000.0,85
Hillingdon,2018-12-01,Freehold,509987.0333333333,458500.0,120
Hillingdon,2018-12-01,Leasehold,297602.962962963,294995.0,81
Hillingdon,2019-01-01,Freehold,509348.24427480914,460000.0,131
Hillingdon,2019-01-01,Leasehold,306260.14925373136,300000.0,67
Hillingdon,2019-02-01,Freehold,500428.8888888889,442000.0,117
Hillingdon,2019-02-01,Leasehold,291764.5882352941,305000.0,51
Hillingdon,2019-03-01,Freehold,543093.8774193549,485000.0,155
Hillingdon,2019-03-01,Leasehold,303307.26744186046,300750.0,86
Hillingdon,2019-04-01,Freehold,526284.2519685039,455000.0,127
Hillingdon,2019-04-01,Leasehold,319708.5256410256,295000.0,78
Hillingdon,2019-05-01,Freehold,546463.7267080746,475000.0,161
Hillingdon,2019-05-01,Leasehold,282216.0512820513,285000.0,78
Hillingdon,2019-06-01,Freehold,524861.1439393939,474500.0,132
Hillingdon,2019-06-01,Leasehold,328056.8538461538,316750.0,130
Hillingdon,2019-07-01,Freehold,511564.897260274,464000.0,146
Hillingdon,2019-07-01,Leasehold,324089.7297297297,315000.0,74
Hillingdon,2019-08-01,Freehold,508747.71428571426,470000.0,175
Hillingdon,2019-08-01,Leasehold,295237.9518072289,275000.0,83
Hillingdon,2019-09-01,Freehold,505599.22297297296,465000.0,148
Hillingdon,2019-09-01,Leasehold,309556.76767676766,305000.0,99
Hillingdon,2019-10-01,Freehold,523493.6180904523,470000.0,199
Hillingdon,2019-10-01,Leasehold,306130.7534246575,289000.0,73
Hillingdon,2019-11-01,Freehold,546134.5762711865,495000.0,177
Hillingdon,2019-11-01,Leasehold,317183.1447368421,316500.0,76
Hillingdon,2019-12-01,Freehold,555393.125,477000.0,160
Hillingdon,2019-12-01,Leasehold,319081.0540540541,311250.0,74
Hillingdon,2020-01-01,Freehold,517513.54901960783,450000.0,153
Hillingdon,2020-01-01,Leasehold,321466.0714285714,300000.0,84
Hillingdon,2020-02-01,Freehold,520085.19736842107,462500.0,152
Hillingdon,2020-02-01,Leasehold,311976.6923076923,290000.0,65
Hillingdon,2020-03-01,Freehold,528103.3823529412,485000.0,136
Hillingdon,2020-03-01,Leasehold,311437.4827586207,289911.0,58
Hillingdon,2020-04-01,Freehold,487066.25,427500.0,52
Hillingdon,2020-04-01,Leasehold,309844.0238095238,310500.0,42
Hillingdon,2020-05-01,Freehold,514585.6984126984,467500.0,63
Hillingdon,2020-05-01,Leasehold,333920.3125,322500.0,32
Hillingdon,2020-06-01,Freehold,512590.3218390805,469000.0,87
Hillingdon,2020-06-01,Leasehold,295089.74358974356,282000.0,39
Hillingdon,2020-07-01,Freehold,556249.9583333334,511250.0,120
Hillingdon,2020-07-01,Leasehold,306868.84057971014,310000.0,69
Hillingdon,2020-08-01,Freehold,533907.4,480000.0,135
Hillingdon,2020-08-01,Leasehold,321424.012345679,320000.0,81
Hillingdon,2020-09-01,Freehold,560356.7857142857,500000.0,154
Hillingdon,2020-09-01,Leasehold,320411.1129032258,325000.0,62
Hillingdon,2020-10-01,Freehold,571400.4396135266,515000.0,207
Hillingdon,2020-10-01,Leasehold,301574.4794520548,300000.0,73
Hillingdon,2020-11-01,Freehold,566502.9950495049,500000.0,202
Hillingdon,2020-11-01,Leasehold,352394.23076923075,349950.0,104
Hillingdon,2020-12-01,Freehold,532955.0826086956,480000.0,230
Hillingdon,2020-12-01,Leasehold,371341.2878787879,382500.0,132
Hillingdon,2021-01-01,Freehold,559279.875,497000.0,176
Hillingdon,2021-01-01,Leasehold,316709.0655737705,300000.0,61
Hillingdon,2021-02-01,Freehold,547734.0926829268,490000.0,205
Hillingdon,2021-02-01,Leasehold,333016.21153846156,330000.0,104
Hillingdon,2021-03-01,Freehold,572769.5567010309,517500.0,388
Hillingdon,2021-03-01,Leasehold,331442.46218487393,315000.0,119
Hillingdon,2021-04-01,Freehold,538637.2339449541,493500.0,218
Hillingdon,2021-04-01,Leasehold,349295.4732824427,326000.0,131
Hillingdon,2021-05-01,Freehold,544670.1257861635,500000.0,159
Hillingdon,2021-05-01,Leasehold,342206.99253731343,335000.0,134
Hillingdon,2021-06-01,Freehold,574257.9726027397,515000.0,584
Hillingdon,2021-06-01,Leasehold,344002.2511848341,315000.0,211
Hillingdon,2021-07-01,Freehold,486405.4054054054,470000.0,37
Hillingdon,2021-07-01,Leasehold,291317.64705882355,289000.0,51
Hillingdon,2021-08-01,Freehold,579064.6875,505000.0,112
Hillingdon,2021-08-01,Leasehold,321444.5652173913,324000.0,92
Hillingdon,2021-09-01,Freehold,582404.2481481482,536000.0,270
Hillingdon,2021-09-01,Leasehold,355649.49704142014,318000.0,169
Hillingdon,2021-10-01,Freehold,634787.4222222222,535000.0,90
Hillingdon,2021-10-01,Leasehold,319530.2469135802,298000.0,81
Hillingdon,2021-11-01,Freehold,571030.0192307692,500000.0,156
Hillingdon,2021-11-01,Leasehold,322127.82352941175,315000.0,85
Hillingdon,2021-12-01,Freehold,585201.04,525000.0,150
Hillingdon,2021-12-01,Leasehold,306627.55102040817,300000.0,98
Hillingdon,2022-01-01,Freehold,602692.3263888889,531500.0,144
Hillingdon,2022-01-01,Leasehold,338439.3220338983,325000.0,59
Hillingdon,2022-02-01,Freehold,590056.3357142857,525000.0,140
Hillingdon,2022-02-01,Leasehold,350912.2247191011,325000.0,89
Hillingdon,2022-03-01,Freehold,558009.0174418605,500000.0,172
Hillingdon,2022-03-01,Leasehold,333366.3888888889,315000.0,108
Hillingdon,2022-04-01,Freehold,606464.3467741936,518500.0,124
Hillingdon,2022-04-01,Leasehold,306373.75,297500.0,80
Hillingdon,2022-05-01,Freehold,609411.7712418301,535000.0,153
Hillingdon,2022-05-01,Leasehold,313247.8021978022,305000.0,91
Hillingdon,2022-06-01,Freehold,644806.2836879432,550000.0,141
Hillingdon,2022-06-01,Leasehold,364862.04848484846,350680.0,165
Hillingdon,2022-07-01,Freehold,623591.2080924856,545000.0,173
Hillingdon,2022-07-01,Leasehold,361641.73170731706,375000.0,123
Hillingdon,2022-08-01,Freehold,589038.612565445,535000.0,191
Hillingdon,2022-08-01,Leasehold,342100.53571428574,323500.0,84
Hillingdon,2022-09-01,Freehold,615140.3225806452,564000.0,186
Hillingdon,2022-09-01,Leasehold,343143.43137254904,330000.0,102
Hillingdon,2022-10-01,Freehold,611899.0179640718,550000.0,167
Hillingdon,2022-10-01,Leasehold,330732.4705882353,315000.0,102
Hillingdon,2022-11-01,Freehold,646947.6723163842,590000.0,177
Hillingdon,2022-11-01,Leasehold,341554.95495495497,345000.0,111
Hillingdon,2022-12-01,Freehold,608816.304347826,562500.0,138
Hillingdon,2022-12-01,Leasehold,380461.80412371136,363250.0,194
Hillingdon,2023-01-01,Freehold,636281.9122807018,570000.0,114
Hillingdon,2023-01-01,Leasehold,330463.3870967742,314950.0,93
Hillingdon,2023-02-01,Freehold,627907.3300970874,565000.0,103
Hillingdon,2023-02-01,Leasehold,328569.2073170732,311250.0,82
Hillingdon,2023-03-01,Freehold,647659.4918032787,552500.0,122
Hillingdon,2023-03-01,Leasehold,334806.3157894737,325000.0,95
Hillingdon,2023-04-01,Freehold,658905.7619047619,559000.0,84
Hillingdon,2023-04-01,Leasehold,330132.07547169813,330000.0,53
Hillingdon,2023-05-01,Freehold,586933.1404958678,535000.0,121
Hillingdon,2023-05-01,Leasehold,412276.78571428574,353980.0,84
Hillingdon,2023-06-01,Freehold,648085.1333333333,550000.0,135
Hillingdon,2023-06-01,Leasehold,341397.73722627736,330770.0,137
Hillingdon,2023-07-01,Freehold,593757.2580645161,531000.0,124
Hillingdon,2023-07-01,Leasehold,319876.4556962025,325000.0,79
Hillingdon,2023-08-01,Freehold,625552.2,580000.0,155
Hillingdon,2023-08-01,Leasehold,343200.3181818182,334100.0,88
Hillingdon,2023-09-01,Freehold,607649.4155844155,549500.0,154
Hillingdon,2023-09-01,Leasehold,292841.74603174604,290000.0,63
Hillingdon,2023-10-01,Freehold,611895.6766917293,535000.0,133
Hillingdon,2023-10-01,Leasehold,306271.63157894736,302500.0,76
Hillingdon,2023-11-01,Freehold,609112.0833333334,560500.0,120
Hillingdon,2023-11-01,Leasehold,336559.55056179775,320000.0,89
Hillingdon,2023-12-01,Freehold,592223.8532110092,530000.0,109
Hillingdon,2023-12-01,Leasehold,302886.87234042556,310000.0,47
Hillingdon,2024-01-01,Freehold,632030.2100840337,550000.0,119
Hillingdon,2024-01-01,Leasehold,304301.3157894737,297500.0,38
Hillingdon,2024-02-01,Freehold,619081.0325203252,540000.0,123
Hillingdon,2024-02-01,Leasehold,321451.62264150946,320000.0,53
Hillingdon,2024-03-01,Freehold,595937.4583333334,540000.0,120
Hillingdon,2024-03-01,Leasehold,296095.873015873,289500.0,63
Hillingdon,2024-04-01,Freehold,571291.2058823529,524500.0,102
Hillingdon,2024-04-01,Leasehold,329148.2456140351,290000.0,57
Hillingdon,2024-05-01,Freehold,564415.0144927537,514000.0,138
Hillingdon,2024-05-01,Leasehold,300234.63636363635,300000.0,55
Hillingdon,2024-06-01,Freehold,604986.8852459016,545000.0,122
Hillingdon,2024-06-01,Leasehold,309499.0566037736,315000.0,53
Hillingdon,2024-07-01,Freehold,631575.8636363636,568000.0,154
Hillingdon,2024-07-01,Leasehold,295236.2068965517,272475.0,58
Hillingdon,2024-08-01,Freehold,603555.6315789474,541750.0,190
Hillingdon,2024-08-01,Leasehold,334498.7195121951,310000.0,82
Hillingdon,2024-09-01,Freehold,614796.644295302,560000.0,149
Hillingdon,2024-09-01,Leasehold,326275.8474576271,305500.0,59
Hillingdon,2024-10-01,Freehold,626059.6222222223,586250.0,180
Hillingdon,2024-10-01,Leasehold,324448.46153846156,309000.0,65
Hillingdon,2024-11-01,Freehold,596723.6820809249,550000.0,173
Hillingdon,2024-11-01,Leasehold,297935.5,295000.0,62
Hillingdon,2024-12-01,Freehold,594706.7894736842,525000.0,133
Hillingdon,2024-12-01,Leasehold,298571.875,311000.0,48
Hillingdon,2025-01-01,Freehold,659805.2598425196,540000.0,127
Hillingdon,2025-01-01,Leasehold,347636.9130434783,320000.0,46
Hillingdon,2025-02-01,Freehold,632076.8920863309,545000.0,139
Hillingdon,2025-02-01,Leasehold,332906.73076923075,305000.0,52
Hillingdon,2025-03-01,Freehold,611582.553133515,560000.0,367
Hillingdon,2025-03-01,Leasehold,332377.4355828221,330000.0,163
Hillingdon,2025-04-01,Freehold,592645.1612903225,555000.0,31
Hillingdon,2025-04-01,Leasehold,310056.41025641025,299950.0,39
Hillingdon,2025-05-01,Freehold,665848.72,587500.0,100
Hillingdon,2025-05-01,Leasehold,344317.02127659577,308000.0,47
Hillingdon,2025-06-01,Freehold,638976.3720930233,595000.0,129
Hillingdon,2025-06-01,Leasehold,355864.07608695654,345525.0,92
Hillingdon,2025-07-01,Freehold,579904.6953125,544000.0,128
Hillingdon,2025-07-01,Leasehold,329712.74468085106,305000.0,47
Hillingdon,2025-08-01,Freehold,677072.1214285714,585000.0,140
Hillingdon,2025-08-01,Leasehold,348756.7924528302,346250.0,53
Hillingdon,2025-09-01,Freehold,641321.5342465753,592500.0,146
Hillingdon,2025-09-01,Leasehold,295754.0,305500.0,50
Hillingdon,2025-10-01,Freehold,592955.7446808511,545000.0,141
Hillingdon,2025-10-01,Leasehold,352866.32653061225,334950.0,49
Hillingdon,2025-11-01,Freehold,601086.7117117117,550000.0,111
Hillingdon,2025-11-01,Leasehold,292850.0,297500.0,50
Hillingdon,2025-12-01,Freehold,651668.9479166666,585000.0,96
Hillingdon,2025-12-01,Leasehold,276256.75675675675,272000.0,37
Hillingdon,2026-01-01,Freehold,620871.6460176992,560000.0,113
Hillingdon,2026-01-01,Leasehold,288262.85714285716,273000.0,28
Hillingdon,2026-02-01,Freehold,607091.6568627451,580000.0,102
Hillingdon,2026-02-01,Leasehold,309955.76923076925,322000.0,39
Hillingdon,2026-03-01,Freehold,603028.1549295775,567500.0,71
Hillingdon,2026-03-01,Leasehold,271216.037037037,275000.0,54
Hillingdon,2026-04-01,Freehold,665722.9230769231,570000.0,65
Hillingdon,2026-04-01,Leasehold,297476.1081081081,305000.0,37
Hillingdon,2026-05-01,Freehold,577188.724137931,539950.0,29
Hillingdon,2026-05-01,Leasehold,319000.0,313250.0,20
Hounslow,2006-01-01,Freehold,356053.1552795031,250000.0,161
Hounslow,2006-01-01,Leasehold,199631.65185185184,185000.0,135
Hounslow,2006-02-01,Freehold,316484.63333333336,240000.0,150
Hounslow,2006-02-01,Leasehold,219202.2014925373,198497.5,134
Hounslow,2006-03-01,Freehold,319025.94811320753,248500.0,212
Hounslow,2006-03-01,Leasehold,233603.82122905029,197000.0,179
Hounslow,2006-04-01,Freehold,321439.2,249950.0,165
Hounslow,2006-04-01,Leasehold,228661.21739130435,186625.0,138
Hounslow,2006-05-01,Freehold,355421.1907216495,249997.5,194
Hounslow,2006-05-01,Leasehold,228207.41721854304,202000.0,151
Hounslow,2006-06-01,Freehold,330951.5441860465,249000.0,215
Hounslow,2006-06-01,Leasehold,225960.0298013245,200000.0,302
Hounslow,2006-07-01,Freehold,333379.45945945947,249995.0,259
Hounslow,2006-07-01,Leasehold,209136.33636363636,184950.0,220
Hounslow,2006-08-01,Freehold,402730.47970479704,265000.0,271
Hounslow,2006-08-01,Leasehold,216534.71779141104,190000.0,163
Hounslow,2006-09-01,Freehold,354432.3924528302,265000.0,265
Hounslow,2006-09-01,Leasehold,219258.0,190000.0,184
Hounslow,2006-10-01,Freehold,331677.4941634241,249950.0,257
Hounslow,2006-10-01,Leasehold,221457.578313253,199225.0,166
Hounslow,2006-11-01,Freehold,346895.73170731706,249995.0,246
Hounslow,2006-11-01,Leasehold,218810.02538071066,184000.0,197
Hounslow,2006-12-01,Freehold,318949.8112244898,250000.0,196
Hounslow,2006-12-01,Leasehold,229757.30041152262,212500.0,243
Hounslow,2007-01-01,Freehold,343822.42268041236,269975.0,194
Hounslow,2007-01-01,Leasehold,229069.0487804878,207500.0,164
Hounslow,2007-02-01,Freehold,314535.86666666664,249950.0,180
Hounslow,2007-02-01,Leasehold,227275.25,206000.0,172
Hounslow,2007-03-01,Freehold,362722.2422907489,272000.0,227
Hounslow,2007-03-01,Leasehold,229084.26694915254,208975.0,236
Hounslow,2007-04-01,Freehold,340584.86627906974,270000.0,172
Hounslow,2007-04-01,Leasehold,251625.69948186527,227995.0,193
Hounslow,2007-05-01,Freehold,375577.4130434783,283975.0,184
Hounslow,2007-05-01,Leasehold,241794.97663551403,232497.5,214
Hounslow,2007-06-01,Freehold,363764.35102040815,281000.0,245
Hounslow,2007-06-01,Leasehold,224599.74918566775,213000.0,307
Hounslow,2007-07-01,Freehold,409518.59205776174,285000.0,277
Hounslow,2007-07-01,Leasehold,234998.76969696968,215000.0,165
Hounslow,2007-08-01,Freehold,393405.45627376426,290000.0,263
Hounslow,2007-08-01,Leasehold,244536.70422535212,221000.0,213
Hounslow,2007-09-01,Freehold,369435.8743169399,282500.0,183
Hounslow,2007-09-01,Leasehold,254105.89772727274,230497.5,176
Hounslow,2007-10-01,Freehold,430945.358490566,311000.0,212
Hounslow,2007-10-01,Leasehold,250758.39226519337,228000.0,181
Hounslow,2007-11-01,Freehold,426203.7453703704,310000.0,216
Hounslow,2007-11-01,Leasehold,253812.9802955665,239822.0,203
Hounslow,2007-12-01,Freehold,370256.2893081761,290000.0,159
Hounslow,2007-12-01,Leasehold,261053.4956521739,234000.0,115
Hounslow,2008-01-01,Freehold,484460.6902654867,320000.0,113
Hounslow,2008-01-01,Leasehold,244540.33,216700.0,100
Hounslow,2008-02-01,Freehold,352875.1804511278,267000.0,133
Hounslow,2008-02-01,Leasehold,237430.53097345133,214000.0,113
Hounslow,2008-03-01,Freehold,374447.14285714284,285000.0,91
Hounslow,2008-03-01,Leasehold,247164.44444444444,212500.0,90
Hounslow,2008-04-01,Freehold,356499.0854700855,275000.0,117
Hounslow,2008-04-01,Leasehold,240045.35833333334,226997.5,120
Hounslow,2008-05-01,Freehold,482569.98214285716,288000.0,112
Hounslow,2008-05-01,Leasehold,248348.92134831462,220106.0,89
Hounslow,2008-06-01,Freehold,374230.2989690722,265000.0,97
Hounslow,2008-06-01,Leasehold,268430.3191489362,250000.0,188
Hounslow,2008-07-01,Freehold,339373.1666666667,267500.0,96
Hounslow,2008-07-01,Leasehold,243585.90721649484,225000.0,97
Hounslow,2008-08-01,Freehold,372955.61363636365,250000.0,88
Hounslow,2008-08-01,Leasehold,237626.7441860465,225000.0,86
Hounslow,2008-09-01,Freehold,373492.69662921346,250000.0,89
Hounslow,2008-09-01,Leasehold,235167.2857142857,226500.0,91
Hounslow,2008-10-01,Freehold,361094.0657894737,250000.0,76
Hounslow,2008-10-01,Leasehold,230899.0909090909,220000.0,66
Hounslow,2008-11-01,Freehold,329376.5625,250000.0,64
Hounslow,2008-11-01,Leasehold,212119.05172413794,210000.0,58
Hounslow,2008-12-01,Freehold,382821.85714285716,250000.0,84
Hounslow,2008-12-01,Leasehold,212135.078125,205000.0,64
Hounslow,2009-01-01,Freehold,408499.537037037,249975.0,54
Hounslow,2009-01-01,Leasehold,219262.475,183750.0,40
Hounslow,2009-02-01,Freehold,303719.8275862069,238750.0,58
Hounslow,2009-02-01,Leasehold,212685.5625,177000.0,32
Hounslow,2009-03-01,Freehold,332730.0566037736,250000.0,53
Hounslow,2009-03-01,Leasehold,190616.16216216216,177000.0,37
Hounslow,2009-04-01,Freehold,352717.4603174603,249950.0,63
Hounslow,2009-04-01,Leasehold,197426.31578947368,190000.0,38
Hounslow,2009-05-01,Freehold,294193.3521126761,235000.0,71
Hounslow,2009-05-01,Leasehold,212738.9019607843,185000.0,51
Hounslow,2009-06-01,Freehold,360435.89423076925,249000.0,104
Hounslow,2009-06-01,Leasehold,238063.4492753623,230000.0,69
Hounslow,2009-07-01,Freehold,414717.7008547009,250000.0,117
Hounslow,2009-07-01,Leasehold,236976.0294117647,219975.0,68
Hounslow,2009-08-01,Freehold,414346.3873873874,272000.0,111
Hounslow,2009-08-01,Leasehold,250615.5303030303,231000.0,66
Hounslow,2009-09-01,Freehold,400083.87096774194,274500.0,124
Hounslow,2009-09-01,Leasehold,219467.2837837838,198975.0,74
Hounslow,2009-10-01,Freehold,378927.5794392523,250000.0,107
Hounslow,2009-10-01,Leasehold,232854.23595505618,199950.0,89
Hounslow,2009-11-01,Freehold,360143.08928571426,252500.0,112
Hounslow,2009-11-01,Leasehold,241939.3625,220000.0,80
Hounslow,2009-12-01,Freehold,376090.4365079365,250000.0,126
Hounslow,2009-12-01,Leasehold,219018.67032967033,194000.0,91
Hounslow,2010-01-01,Freehold,437395.1847826087,272500.0,92
Hounslow,2010-01-01,Leasehold,246984.2876712329,213000.0,73
Hounslow,2010-02-01,Freehold,380281.85840707965,254000.0,113
Hounslow,2010-02-01,Leasehold,247276.21951219512,203250.0,82
Hounslow,2010-03-01,Freehold,414267.9166666667,273500.0,120
Hounslow,2010-03-01,Leasehold,232054.50666666665,207950.0,75
Hounslow,2010-04-01,Freehold,396828.24468085106,274500.0,94
Hounslow,2010-04-01,Leasehold,236296.54794520547,225000.0,73
Hounslow,2010-05-01,Freehold,385751.75675675675,275000.0,111
Hounslow,2010-05-01,Leasehold,232314.36956521738,213500.0,92
Hounslow,2010-06-01,Freehold,412328.2727272727,264000.0,132
Hounslow,2010-06-01,Leasehold,257147.17460317462,235000.0,126
Hounslow,2010-07-01,Freehold,504037.1985815603,299950.0,141
Hounslow,2010-07-01,Leasehold,230517.67741935485,219950.0,93
Hounslow,2010-08-01,Freehold,435740.756302521,280000.0,119
Hounslow,2010-08-01,Leasehold,257623.9537037037,242500.0,108
Hounslow,2010-09-01,Freehold,428805.2868852459,281000.0,122
Hounslow,2010-09-01,Leasehold,259820.26666666666,214500.0,90
Hounslow,2010-10-01,Freehold,382884.9401709402,250000.0,117
Hounslow,2010-10-01,Leasehold,222630.2375,199000.0,80
Hounslow,2010-11-01,Freehold,386638.3953488372,272000.0,129
Hounslow,2010-11-01,Leasehold,266416.99029126216,222500.0,103
Hounslow,2010-12-01,Freehold,406439.9082568807,268500.0,109
Hounslow,2010-12-01,Leasehold,282232.5180722892,249950.0,83
Hounslow,2011-01-01,Freehold,440606.7010309278,297500.0,97
Hounslow,2011-01-01,Leasehold,268171.05263157893,245000.0,57
Hounslow,2011-02-01,Freehold,465839.3617021277,296000.0,94
Hounslow,2011-02-01,Leasehold,238932.3492063492,210000.0,63
Hounslow,2011-03-01,Freehold,487999.693877551,301000.0,98
Hounslow,2011-03-01,Leasehold,320740.7083333333,244950.0,48
Hounslow,2011-04-01,Freehold,423054.5363636364,290000.0,110
Hounslow,2011-04-01,Leasehold,259595.73170731709,216000.0,82
Hounslow,2011-05-01,Freehold,407623.64210526313,293500.0,95
Hounslow,2011-05-01,Leasehold,249285.37974683545,222500.0,79
Hounslow,2011-06-01,Freehold,441683.8349514563,269000.0,103
Hounslow,2011-06-01,Leasehold,244313.66981132075,220000.0,106
Hounslow,2011-07-01,Freehold,450367.4680851064,290000.0,141
Hounslow,2011-07-01,Leasehold,241608.3148148148,218500.0,108
Hounslow,2011-08-01,Freehold,508414.35135135136,294000.0,148
Hounslow,2011-08-01,Leasehold,245942.44186046513,221000.0,86
Hounslow,2011-09-01,Freehold,421987.09375,320000.0,128
Hounslow,2011-09-01,Leasehold,249713.12371134022,235000.0,97
Hounslow,2011-10-01,Freehold,428274.387755102,270000.0,98
Hounslow,2011-10-01,Leasehold,246298.05194805196,219000.0,77
Hounslow,2011-11-01,Freehold,405281.3980582524,280000.0,103
Hounslow,2011-11-01,Leasehold,261083.51764705882,229950.0,85
Hounslow,2011-12-01,Freehold,471405.58181818185,284500.0,110
Hounslow,2011-12-01,Leasehold,240282.2429906542,220000.0,107
Hounslow,2012-01-01,Freehold,418004.8076923077,266250.0,104
Hounslow,2012-01-01,Leasehold,243140.9090909091,220000.0,77
Hounslow,2012-02-01,Freehold,414821.8095238095,274000.0,105
Hounslow,2012-02-01,Leasehold,279931.61971830984,244000.0,71
Hounslow,2012-03-01,Freehold,337934.5073529412,250000.0,136
Hounslow,2012-03-01,Leasehold,277118.98449612403,220000.0,129
Hounslow,2012-04-01,Freehold,416820.7875,295000.0,80
Hounslow,2012-04-01,Leasehold,333780.2469135802,270000.0,81
Hounslow,2012-05-01,Freehold,450652.2,320000.0,115
Hounslow,2012-05-01,Leasehold,342638.05970149254,242500.0,67
Hounslow,2012-06-01,Freehold,406368.2479338843,287000.0,121
Hounslow,2012-06-01,Leasehold,252845.74468085106,237500.0,94
Hounslow,2012-07-01,Freehold,486330.2110091743,333000.0,109
Hounslow,2012-07-01,Leasehold,291997.4025974026,233000.0,77
Hounslow,2012-08-01,Freehold,426859.43859649124,290000.0,114
Hounslow,2012-08-01,Leasehold,295828.3461538461,249999.0,104
Hounslow,2012-09-01,Freehold,457300.02777777775,289315.0,108
Hounslow,2012-09-01,Leasehold,261152.4096385542,230000.0,83
Hounslow,2012-10-01,Freehold,383325.44329896907,295000.0,97
Hounslow,2012-10-01,Leasehold,262845.55555555556,225000.0,90
Hounslow,2012-11-01,Freehold,408018.7943262411,315000.0,141
Hounslow,2012-11-01,Leasehold,288194.6902654867,245000.0,113
Hounslow,2012-12-01,Freehold,452517.2211538461,320000.0,104
Hounslow,2012-12-01,Leasehold,257626.67164179104,210000.0,67
Hounslow,2013-01-01,Freehold,409601.875,300000.0,104
Hounslow,2013-01-01,Leasehold,313108.3333333333,237500.0,78
Hounslow,2013-02-01,Freehold,391482.7272727273,277500.0,110
Hounslow,2013-02-01,Leasehold,291137.81481481483,230000.0,81
Hounslow,2013-03-01,Freehold,481625.93396226416,330000.0,106
Hounslow,2013-03-01,Leasehold,299765.85365853657,218725.0,82
Hounslow,2013-04-01,Freehold,483959.6153846154,321250.0,104
Hounslow,2013-04-01,Leasehold,391317.6056338028,262500.0,71
Hounslow,2013-05-01,Freehold,487706.1570247934,333000.0,121
Hounslow,2013-05-01,Leasehold,319135.0449438202,245000.0,89
Hounslow,2013-06-01,Freehold,477430.77777777775,330000.0,126
Hounslow,2013-06-01,Leasehold,280356.85217391304,230000.0,115
Hounslow,2013-07-01,Freehold,466942.49375,321000.0,160
Hounslow,2013-07-01,Leasehold,255469.46902654867,215000.0,113
Hounslow,2013-08-01,Freehold,509068.512987013,336000.0,154
Hounslow,2013-08-01,Leasehold,307551.53781512607,230000.0,119
Hounslow,2013-09-01,Freehold,490216.61805555556,315000.0,144
Hounslow,2013-09-01,Leasehold,278501.5478260869,249950.0,115
Hounslow,2013-10-01,Freehold,631882.4503311259,365000.0,151
Hounslow,2013-10-01,Leasehold,298632.8639455782,223000.0,147
Hounslow,2013-11-01,Freehold,439713.9866666667,324975.0,150
Hounslow,2013-11-01,Leasehold,267452.4013157895,214000.0,152
Hounslow,2013-12-01,Freehold,437352.5294117647,322000.0,136
Hounslow,2013-12-01,Leasehold,319848.2672413793,249950.0,116
Hounslow,2014-01-01,Freehold,532762.1942446043,350000.0,139
Hounslow,2014-01-01,Leasehold,316269.8495575221,254125.0,113
Hounslow,2014-02-01,Freehold,445894.71153846156,350000.0,104
Hounslow,2014-02-01,Leasehold,285186.924137931,244000.0,145
Hounslow,2014-03-01,Freehold,565776.8839285715,359500.0,112
Hounslow,2014-03-01,Leasehold,302551.2463768116,250000.0,138
Hounslow,2014-04-01,Freehold,467980.2521008403,350000.0,119
Hounslow,2014-04-01,Leasehold,320581.28571428574,301000.0,154
Hounslow,2014-05-01,Freehold,569677.7876106194,370000.0,113
Hounslow,2014-05-01,Leasehold,323577.26704545453,271250.0,176
Hounslow,2014-06-01,Freehold,466421.47967479675,335000.0,123
Hounslow,2014-06-01,Leasehold,367727.73369565216,338725.0,184
Hounslow,2014-07-01,Freehold,632980.9152542372,362500.0,118
Hounslow,2014-07-01,Leasehold,345687.5753424658,294500.0,146
Hounslow,2014-08-01,Freehold,595706.976744186,385000.0,129
Hounslow,2014-08-01,Leasehold,314180.3064516129,267475.0,124
Hounslow,2014-09-01,Freehold,530057.0215827338,360000.0,139
Hounslow,2014-09-01,Leasehold,356832.7272727273,260000.0,121
Hounslow,2014-10-01,Freehold,618673.546875,379500.0,128
Hounslow,2014-10-01,Leasehold,349084.13194444444,270000.0,144
Hounslow,2014-11-01,Freehold,603681.690140845,380000.0,142
Hounslow,2014-11-01,Leasehold,333984.99253731343,280962.5,134
Hounslow,2014-12-01,Freehold,487247.57575757575,349950.0,99
Hounslow,2014-12-01,Leasehold,328986.76666666666,280125.0,180
Hounslow,2015-01-01,Freehold,568518.2424242424,370000.0,99
Hounslow,2015-01-01,Leasehold,335702.7631578947,294500.0,152
Hounslow,2015-02-01,Freehold,434222.193877551,343725.0,98
Hounslow,2015-02-01,Leasehold,333889.1649484536,255000.0,97
Hounslow,2015-03-01,Freehold,481692.63157894736,375000.0,114
Hounslow,2015-03-01,Leasehold,350866.3153153153,289950.0,111
Hounslow,2015-04-01,Freehold,656022.8842105264,400000.0,95
Hounslow,2015-04-01,Leasehold,420111.7948717949,285000.0,117
Hounslow,2015-05-01,Freehold,527103.4144144144,380000.0,111
Hounslow,2015-05-01,Leasehold,373308.89932885906,315000.0,149
Hounslow,2015-06-01,Freehold,564200.3692307692,372500.0,130
Hounslow,2015-06-01,Leasehold,393772.22222222225,340000.0,171
Hounslow,2015-07-01,Freehold,550034.7608695652,381750.0,138
Hounslow,2015-07-01,Leasehold,386664.90476190473,311000.0,147
Hounslow,2015-08-01,Freehold,600692.224137931,397000.0,116
Hounslow,2015-08-01,Leasehold,391203.847826087,316000.0,138
Hounslow,2015-09-01,Freehold,653962.6408450705,414000.0,142
Hounslow,2015-09-01,Leasehold,396175.2133333333,345500.0,150
Hounslow,2015-10-01,Freehold,527463.7058823529,432500.0,136
Hounslow,2015-10-01,Leasehold,397964.89304812835,350000.0,187
Hounslow,2015-11-01,Freehold,552968.9694656489,420000.0,131
Hounslow,2015-11-01,Leasehold,375997.5985915493,303475.0,142
Hounslow,2015-12-01,Freehold,607729.2173913043,442500.0,138
Hounslow,2015-12-01,Leasehold,376677.7908163265,340000.0,196
Hounslow,2016-01-01,Freehold,605264.78125,470000.0,96
Hounslow,2016-01-01,Leasehold,393368.3962264151,320000.0,106
Hounslow,2016-02-01,Freehold,577391.2371134021,420000.0,97
Hounslow,2016-02-01,Leasehold,418156.58653846156,321500.0,104
Hounslow,2016-03-01,Freehold,610464.2083333334,430500.0,216
Hounslow,2016-03-01,Leasehold,411968.8920863309,352497.5,278
Hounslow,2016-04-01,Freehold,566121.8214285715,440000.0,56
Hounslow,2016-04-01,Leasehold,457924.0894308943,410000.0,123
Hounslow,2016-05-01,Freehold,522693.51948051946,440000.0,77
Hounslow,2016-05-01,Leasehold,495510.5930232558,377500.0,86
Hounslow,2016-06-01,Freehold,520513.45360824745,420000.0,97
Hounslow,2016-06-01,Leasehold,482869.390625,408055.5,128
Hounslow,2016-07-01,Freehold,614020.5555555555,449750.0,90
Hounslow,2016-07-01,Leasehold,467252.53211009176,360000.0,109
Hounslow,2016-08-01,Freehold,638581.2626262626,445000.0,99
Hounslow,2016-08-01,Leasehold,423747.38679245283,355000.0,106
Hounslow,2016-09-01,Freehold,518974.125,416500.0,96
Hounslow,2016-09-01,Leasehold,308546.4840425532,255000.0,188
Hounslow,2016-10-01,Freehold,502697.0930232558,427500.0,86
Hounslow,2016-10-01,Leasehold,338686.63636363635,283000.0,165
Hounslow,2016-11-01,Freehold,654665.4761904762,442500.0,84
Hounslow,2016-11-01,Leasehold,326514.59731543623,305000.0,149
Hounslow,2016-12-01,Freehold,618836.0,449000.0,125
Hounslow,2016-12-01,Leasehold,328761.3189655172,289975.0,116
Hounslow,2017-01-01,Freehold,679326.9662921348,448500.0,89
Hounslow,2017-01-01,Leasehold,346783.07692307694,320000.0,65
Hounslow,2017-02-01,Freehold,636537.9104477612,475000.0,67
Hounslow,2017-02-01,Leasehold,391731.90196078434,327750.0,102
Hounslow,2017-03-01,Freehold,762712.5471698113,495000.0,106
Hounslow,2017-03-01,Leasehold,405296.41007194243,342500.0,139
Hounslow,2017-04-01,Freehold,605953.425,445000.0,80
Hounslow,2017-04-01,Leasehold,374527.1929824561,335000.0,114
Hounslow,2017-05-01,Freehold,612254.6511627907,473500.0,86
Hounslow,2017-05-01,Leasehold,371205.1794871795,297975.0,78
Hounslow,2017-06-01,Freehold,687987.5,474000.0,96
Hounslow,2017-06-01,Leasehold,367299.8888888889,320975.0,108
Hounslow,2017-07-01,Freehold,607371.7738095238,447500.0,84
Hounslow,2017-07-01,Leasehold,406854.0114942529,355000.0,87
Hounslow,2017-08-01,Freehold,604652.09375,465000.0,96
Hounslow,2017-08-01,Leasehold,415588.1440677966,349000.0,118
Hounslow,2017-09-01,Freehold,573725.0,455000.0,102
Hounslow,2017-09-01,Leasehold,388768.8829787234,265000.0,188
Hounslow,2017-10-01,Freehold,696138.0961538461,505000.0,104
Hounslow,2017-10-01,Leasehold,474090.68493150687,280000.0,146
Hounslow,2017-11-01,Freehold,566716.1546391753,455000.0,97
Hounslow,2017-11-01,Leasehold,449513.26174496644,360000.0,149
Hounslow,2017-12-01,Freehold,629198.1294117647,485000.0,85
Hounslow,2017-12-01,Leasehold,447105.4857142857,415500.0,140
Hounslow,2018-01-01,Freehold,566004.268292683,437750.0,82
Hounslow,2018-01-01,Leasehold,454604.525862069,418000.0,116
Hounslow,2018-02-01,Freehold,604670.7142857143,463000.0,70
Hounslow,2018-02-01,Leasehold,418615.85365853657,360000.0,82
Hounslow,2018-03-01,Freehold,573389.6132075472,467750.0,106
Hounslow,2018-03-01,Leasehold,434838.4105263158,340000.0,95
Hounslow,2018-04-01,Freehold,538198.7051282051,436250.0,78
Hounslow,2018-04-01,Leasehold,441815.2916666667,324500.0,72
Hounslow,2018-05-01,Freehold,640467.3289473684,472500.0,76
Hounslow,2018-05-01,Leasehold,434702.5352112676,325000.0,71
Hounslow,2018-06-01,Freehold,637778.2886597938,480000.0,97
Hounslow,2018-06-01,Leasehold,484085.57575757575,375000.0,99
Hounslow,2018-07-01,Freehold,612906.6576576576,465000.0,111
Hounslow,2018-07-01,Leasehold,428778.60169491527,388750.0,118
Hounslow,2018-08-01,Freehold,556878.6363636364,460000.0,110
Hounslow,2018-08-01,Leasehold,393490.0862068966,315000.0,116
Hounslow,2018-09-01,Freehold,582010.625,424000.0,80
Hounslow,2018-09-01,Leasehold,383840.9,333500.0,110
Hounslow,2018-10-01,Freehold,654475.2272727273,490500.0,88
Hounslow,2018-10-01,Leasehold,408222.45098039217,335000.0,102
Hounslow,2018-11-01,Freehold,706944.8453608247,470000.0,97
Hounslow,2018-11-01,Leasehold,424397.36842105264,370000.0,95
Hounslow,2018-12-01,Freehold,580284.8314606742,435000.0,89
Hounslow,2018-12-01,Leasehold,346425.43859649124,327000.0,57
Hounslow,2019-01-01,Freehold,577808.8888888889,450000.0,81
Hounslow,2019-01-01,Leasehold,387942.02898550726,350000.0,69
Hounslow,2019-02-01,Freehold,549360.4861111111,445000.0,72
Hounslow,2019-02-01,Leasehold,375165.43333333335,334000.0,60
Hounslow,2019-03-01,Freehold,605078.231707317,512485.0,82
Hounslow,2019-03-01,Leasehold,354563.03921568627,327475.0,102
Hounslow,2019-04-01,Freehold,644928.2625,477500.0,80
Hounslow,2019-04-01,Leasehold,406278.5714285714,375000.0,77
Hounslow,2019-05-01,Freehold,556330.4626865672,450000.0,67
Hounslow,2019-05-01,Leasehold,401565.8461538461,345000.0,65
Hounslow,2019-06-01,Freehold,611241.265625,462500.0,64
Hounslow,2019-06-01,Leasehold,437401.1194029851,370000.0,67
Hounslow,2019-07-01,Freehold,615102.7894736842,442500.0,76
Hounslow,2019-07-01,Leasehold,420742.1296296296,372500.0,54
Hounslow,2019-08-01,Freehold,624013.9784946237,440000.0,93
Hounslow,2019-08-01,Leasehold,392302.43023255817,351000.0,86
Hounslow,2019-09-01,Freehold,646270.3296703297,465000.0,91
Hounslow,2019-09-01,Leasehold,350776.4492753623,310000.0,69
Hounslow,2019-10-01,Freehold,633441.9274193548,487500.0,124
Hounslow,2019-10-01,Leasehold,418603.20652173914,377500.0,92
Hounslow,2019-11-01,Freehold,626457.8313253012,460000.0,83
Hounslow,2019-11-01,Leasehold,365654.40594059404,325000.0,101
Hounslow,2019-12-01,Freehold,644568.5555555555,470000.0,90
Hounslow,2019-12-01,Leasehold,408196.2025316456,369950.0,79
Hounslow,2020-01-01,Freehold,762448.9090909091,494100.0,77
Hounslow,2020-01-01,Leasehold,405506.175257732,377500.0,97
Hounslow,2020-02-01,Freehold,674493.9759036144,500000.0,83
Hounslow,2020-02-01,Leasehold,408009.5975609756,358500.0,82
Hounslow,2020-03-01,Freehold,634375.8152173914,492500.0,92
Hounslow,2020-03-01,Leasehold,427252.61627906974,369750.0,86
Hounslow,2020-04-01,Freehold,606883.3333333334,470000.0,39
Hounslow,2020-04-01,Leasehold,347792.5306122449,334000.0,49
Hounslow,2020-05-01,Freehold,694060.9375,522500.0,32
Hounslow,2020-05-01,Leasehold,362093.76470588235,360500.0,34
Hounslow,2020-06-01,Freehold,709412.5,520000.0,52
Hounslow,2020-06-01,Leasehold,364052.3076923077,339130.0,39
Hounslow,2020-07-01,Freehold,661012.125,497750.0,88
Hounslow,2020-07-01,Leasehold,353987.2340425532,320000.0,47
Hounslow,2020-08-01,Freehold,840260.8550724637,550000.0,69
Hounslow,2020-08-01,Leasehold,374914.6153846154,331000.0,65
Hounslow,2020-09-01,Freehold,843765.625,512500.0,80
Hounslow,2020-09-01,Leasehold,404484.14634146343,380000.0,123
Hounslow,2020-10-01,Freehold,784520.4193548387,525000.0,93
Hounslow,2020-10-01,Leasehold,396830.612244898,370500.0,98
Hounslow,2020-11-01,Freehold,739676.8796296297,531500.0,108
Hounslow,2020-11-01,Leasehold,437643.2727272727,388000.0,110
Hounslow,2020-12-01,Freehold,653189.4173913044,500000.0,115
Hounslow,2020-12-01,Leasehold,395054.7244094488,380000.0,127
Hounslow,2021-01-01,Freehold,622119.1395348837,500000.0,86
Hounslow,2021-01-01,Leasehold,389600.75268817204,378000.0,93
Hounslow,2021-02-01,Freehold,702865.2352941176,525000.0,136
Hounslow,2021-02-01,Leasehold,413980.1807228916,363000.0,83
Hounslow,2021-03-01,Freehold,704891.2146892656,542500.0,177
Hounslow,2021-03-01,Leasehold,403379.7385620915,361000.0,153
Hounslow,2021-04-01,Freehold,779769.5,515000.0,100
Hounslow,2021-04-01,Leasehold,409162.9518072289,375000.0,83
Hounslow,2021-05-01,Freehold,547326.5865384615,519370.0,104
Hounslow,2021-05-01,Leasehold,398064.0243902439,372000.0,82
Hounslow,2021-06-01,Freehold,724092.7376093294,550000.0,343
Hounslow,2021-06-01,Leasehold,444651.73722627736,418750.0,274
Hounslow,2021-07-01,Freehold,731289.7931034482,475000.0,29
Hounslow,2021-07-01,Leasehold,339194.44444444444,271000.0,36
Hounslow,2021-08-01,Freehold,766069.1392405063,495000.0,79
Hounslow,2021-08-01,Leasehold,398150.0,340000.0,59
Hounslow,2021-09-01,Freehold,741516.5802469136,550000.0,162
Hounslow,2021-09-01,Leasehold,406685.28571428574,357000.0,105
Hounslow,2021-10-01,Freehold,688923.4057971014,505000.0,69
Hounslow,2021-10-01,Leasehold,381405.0,272500.0,30
Hounslow,2021-11-01,Freehold,676464.3939393939,530000.0,99
Hounslow,2021-11-01,Leasehold,373376.9682539682,326500.0,63
Hounslow,2021-12-01,Freehold,662696.1325301204,500000.0,83
Hounslow,2021-12-01,Leasehold,391844.4166666667,351250.0,60
Hounslow,2022-01-01,Freehold,659270.974025974,490000.0,77
Hounslow,2022-01-01,Leasehold,378817.92,330000.0,75
Hounslow,2022-02-01,Freehold,711576.3440860215,517000.0,93
Hounslow,2022-02-01,Leasehold,391837.37647058826,353000.0,85
Hounslow,2022-03-01,Freehold,770893.6842105263,570000.0,95
Hounslow,2022-03-01,Leasehold,348788.0,340000.0,75
Hounslow,2022-04-01,Freehold,740503.5802469136,558000.0,81
Hounslow,2022-04-01,Leasehold,453128.7878787879,358000.0,66
Hounslow,2022-05-01,Freehold,838564.2911392405,600000.0,79
Hounslow,2022-05-01,Leasehold,407018.40579710144,345000.0,69
Hounslow,2022-06-01,Freehold,797746.1868131869,630000.0,91
Hounslow,2022-06-01,Leasehold,432458.7,407000.0,120
Hounslow,2022-07-01,Freehold,818143.6521739131,540000.0,115
Hounslow,2022-07-01,Leasehold,400258.3552631579,343474.5,76
Hounslow,2022-08-01,Freehold,825814.4134615385,625725.0,104
Hounslow,2022-08-01,Leasehold,426073.15277777775,420000.0,144
Hounslow,2022-09-01,Freehold,988569.4117647059,588000.0,119
Hounslow,2022-09-01,Leasehold,459489.5900621118,430000.0,161
Hounslow,2022-10-01,Freehold,806096.3916666667,575500.0,120
Hounslow,2022-10-01,Leasehold,441109.73509933776,415000.0,151
Hounslow,2022-11-01,Freehold,752626.7448979592,620000.0,98
Hounslow,2022-11-01,Leasehold,440402.2868217054,400000.0,129
Hounslow,2022-12-01,Freehold,723166.2207792208,555000.0,77
Hounslow,2022-12-01,Leasehold,475715.25179856113,430000.0,139
Hounslow,2023-01-01,Freehold,847451.5810810811,602500.0,74
Hounslow,2023-01-01,Leasehold,384187.6666666667,367500.0,72
Hounslow,2023-02-01,Freehold,919579.9558823529,600000.0,68
Hounslow,2023-02-01,Leasehold,403987.29197080294,369788.0,137
Hounslow,2023-03-01,Freehold,822909.9230769231,532500.0,78
Hounslow,2023-03-01,Leasehold,378254.3388429752,350000.0,121
Hounslow,2023-04-01,Freehold,651231.5094339623,520000.0,53
Hounslow,2023-04-01,Leasehold,513819.6438356164,435000.0,73
Hounslow,2023-05-01,Freehold,757494.0289855072,565000.0,69
Hounslow,2023-05-01,Leasehold,452739.87012987013,385000.0,77
Hounslow,2023-06-01,Freehold,772659.6027397261,535000.0,73
Hounslow,2023-06-01,Leasehold,471500.234375,424687.5,64
Hounslow,2023-07-01,Freehold,723294.6404494382,550000.0,89
Hounslow,2023-07-01,Leasehold,488409.625,412500.0,64
Hounslow,2023-08-01,Freehold,816796.9831932773,575000.0,119
Hounslow,2023-08-01,Leasehold,425621.77419354836,337500.0,62
Hounslow,2023-09-01,Freehold,878466.4835164836,625000.0,91
Hounslow,2023-09-01,Leasehold,497804.5138888889,417500.0,72
Hounslow,2023-10-01,Freehold,602504.2368421053,547500.0,76
Hounslow,2023-10-01,Leasehold,449012.96341463417,432777.5,82
Hounslow,2023-11-01,Freehold,619168.4285714285,500000.0,77
Hounslow,2023-11-01,Leasehold,466770.6,439075.0,95
Hounslow,2023-12-01,Freehold,732579.8507462686,557000.0,67
Hounslow,2023-12-01,Leasehold,417657.14285714284,367500.0,70
Hounslow,2024-01-01,Freehold,836060.0,565000.0,70
Hounslow,2024-01-01,Leasehold,404062.1818181818,351625.0,77
Hounslow,2024-02-01,Freehold,687843.2098765433,550000.0,81
Hounslow,2024-02-01,Leasehold,436418.2098765432,399000.0,81
Hounslow,2024-03-01,Freehold,798970.1842105263,519000.0,76
Hounslow,2024-03-01,Leasehold,402322.7126436782,348000.0,87
Hounslow,2024-04-01,Freehold,674260.9375,600000.0,64
Hounslow,2024-04-01,Leasehold,396773.07692307694,350000.0,65
Hounslow,2024-05-01,Freehold,793407.8303571428,590000.0,112
Hounslow,2024-05-01,Leasehold,379398.0909090909,347500.0,66
Hounslow,2024-06-01,Freehold,666376.9736842106,558000.0,76
Hounslow,2024-06-01,Leasehold,498151.84210526315,430000.0,95
Hounslow,2024-07-01,Freehold,694454.5918367347,550000.0,98
Hounslow,2024-07-01,Leasehold,497972.0481927711,385000.0,83
Hounslow,2024-08-01,Freehold,845818.4361702128,565000.0,94
Hounslow,2024-08-01,Leasehold,431835.75,392500.0,84
Hounslow,2024-09-01,Freehold,701725.6764705882,520000.0,102
Hounslow,2024-09-01,Leasehold,474839.7831325301,402500.0,83
Hounslow,2024-10-01,Freehold,732273.2601626016,550000.0,123
Hounslow,2024-10-01,Leasehold,524206.0802919708,425000.0,137
Hounslow,2024-11-01,Freehold,790146.0900900901,575000.0,111
Hounslow,2024-11-01,Leasehold,368054.3023255814,327500.0,86
Hounslow,2024-12-01,Freehold,685789.5930232558,550000.0,86
Hounslow,2024-12-01,Leasehold,420971.8309859155,380000.0,71
Hounslow,2025-01-01,Freehold,853139.540229885,610000.0,87
Hounslow,2025-01-01,Leasehold,364839.6896551724,322500.0,58
Hounslow,2025-02-01,Freehold,800751.7311827957,540000.0,93
Hounslow,2025-02-01,Leasehold,447412.32558139536,381000.0,86
Hounslow,2025-03-01,Freehold,711250.4120171674,540000.0,233
Hounslow,2025-03-01,Leasehold,440514.17050691246,410000.0,217
Hounslow,2025-04-01,Freehold,680200.0,585000.0,31
Hounslow,2025-04-01,Leasehold,364766.3333333333,325500.0,24
Hounslow,2025-05-01,Freehold,858781.5344827586,620000.0,58
Hounslow,2025-05-01,Leasehold,355242.3620689655,305000.0,58
Hounslow,2025-06-01,Freehold,817023.4461538461,561000.0,65
Hounslow,2025-06-01,Leasehold,384691.6,335000.0,85
Hounslow,2025-07-01,Freehold,977660.2727272727,618000.0,99
Hounslow,2025-07-01,Leasehold,442427.2727272727,390500.0,77
Hounslow,2025-08-01,Freehold,909960.2954545454,570250.0,88
Hounslow,2025-08-01,Leasehold,412164.52702702704,395000.0,74
Hounslow,2025-09-01,Freehold,687663.3604651163,555500.0,86
Hounslow,2025-09-01,Leasehold,405432.3076923077,350000.0,65
Hounslow,2025-10-01,Freehold,695849.3272727273,571250.0,110
Hounslow,2025-10-01,Leasehold,368603.4655172414,344500.0,58
Hounslow,2025-11-01,Freehold,718883.3333333334,660000.0,69
Hounslow,2025-11-01,Leasehold,434411.29032258067,350000.0,62
Hounslow,2025-12-01,Freehold,655859.0909090909,512750.0,77
Hounslow,2025-12-01,Leasehold,374738.63636363635,321500.0,55
Hounslow,2026-01-01,Freehold,638478.125,537500.0,48
Hounslow,2026-01-01,Leasehold,389303.26086956525,330000.0,46
Hounslow,2026-02-01,Freehold,632527.6153846154,522500.0,65
Hounslow,2026-02-01,Leasehold,386670.756097561,325000.0,41
Hounslow,2026-03-01,Freehold,657075.6714285715,545000.0,70
Hounslow,2026-03-01,Leasehold,434774.50980392157,335000.0,51
Hounslow,2026-04-01,Freehold,580345.1463414634,540000.0,41
Hounslow,2026-04-01,Leasehold,382227.9310344828,385000.0,29
Hounslow,2026-05-01,Freehold,601600.0,480000.0,15
Hounslow,2026-05-01,Leasehold,455216.1,388000.0,10
Islington,2006-01-01,Freehold,571478.1521739131,563750.0,46
Islington,2006-01-01,Leasehold,280586.32596685085,249999.0,181
Islington,2006-02-01,Freehold,603294.0,492500.0,50
Islington,2006-02-01,Leasehold,268428.7626262626,245000.0,198
Islington,2006-03-01,Freehold,532354.1805555555,505500.0,72
Islington,2006-03-01,Leasehold,282715.8305785124,250000.0,242
Islington,2006-04-01,Freehold,674393.7105263158,555000.0,76
Islington,2006-04-01,Leasehold,283992.9162303665,250000.0,191
Islington,2006-05-01,Freehold,635999.024691358,549127.0,81
Islington,2006-05-01,Leasehold,285215.99574468087,250000.0,235
Islington,2006-06-01,Freehold,625552.5806451613,565000.0,93
Islington,2006-06-01,Leasehold,277579.54545454547,250000.0,308
Islington,2006-07-01,Freehold,605900.6829268293,537500.0,82
Islington,2006-07-01,Leasehold,279745.2586206897,250000.0,290
Islington,2006-08-01,Freehold,690265.0408163265,625000.0,98
Islington,2006-08-01,Leasehold,303409.79032258067,274975.0,310
Islington,2006-09-01,Freehold,632335.1348314607,547500.0,89
Islington,2006-09-01,Leasehold,286950.0422163588,270000.0,379
Islington,2006-10-01,Freehold,687381.8194444445,623375.0,72
Islington,2006-10-01,Leasehold,310924.325,283500.0,280
Islington,2006-11-01,Freehold,733723.9423076923,602500.0,52
Islington,2006-11-01,Leasehold,292423.787456446,269950.0,287
Islington,2006-12-01,Freehold,767972.1290322581,670000.0,62
Islington,2006-12-01,Leasehold,313641.0,299975.0,270
Islington,2007-01-01,Freehold,629523.262295082,605000.0,61
Islington,2007-01-01,Leasehold,322400.5142857143,291000.0,245
Islington,2007-02-01,Freehold,749018.7346938775,645000.0,49
Islington,2007-02-01,Leasehold,306260.815920398,273000.0,201
Islington,2007-03-01,Freehold,665593.0675675676,607500.0,74
Islington,2007-03-01,Leasehold,322101.19471947197,297660.0,303
Islington,2007-04-01,Freehold,865270.262295082,755000.0,61
Islington,2007-04-01,Leasehold,355095.1666666667,325000.0,240
Islington,2007-05-01,Freehold,794548.7352941176,667000.0,68
Islington,2007-05-01,Leasehold,325669.32380952383,285000.0,210
Islington,2007-06-01,Freehold,732907.506329114,699000.0,79
Islington,2007-06-01,Leasehold,352604.32851985557,315000.0,277
Islington,2007-07-01,Freehold,887801.8333333334,800576.5,72
Islington,2007-07-01,Leasehold,359552.0699300699,314000.0,286
Islington,2007-08-01,Freehold,854866.1428571428,761000.5,84
Islington,2007-08-01,Leasehold,374423.829787234,334000.0,329
Islington,2007-09-01,Freehold,755259.1846153847,650000.0,65
Islington,2007-09-01,Leasehold,375618.1615120275,335100.0,291
Islington,2007-10-01,Freehold,734843.38,671000.0,50
Islington,2007-10-01,Leasehold,360431.91774891777,320100.0,231
Islington,2007-11-01,Freehold,879914.5166666667,779500.0,60
Islington,2007-11-01,Leasehold,353396.99134199135,325000.0,231
Islington,2007-12-01,Freehold,858707.2291666666,816443.0,48
Islington,2007-12-01,Leasehold,353052.98870056495,320000.0,177
Islington,2008-01-01,Freehold,764102.8,669500.0,40
Islington,2008-01-01,Leasehold,369720.34523809527,345000.0,168
Islington,2008-02-01,Freehold,747787.5,624000.0,40
Islington,2008-02-01,Leasehold,365183.46276595746,325000.0,188
Islington,2008-03-01,Freehold,731490.0,777250.0,25
Islington,2008-03-01,Leasehold,380761.28571428574,340000.0,182
Islington,2008-04-01,Freehold,822534.8684210526,751250.0,38
Islington,2008-04-01,Leasehold,398907.67272727273,353000.0,165
Islington,2008-05-01,Freehold,798433.7631578947,632000.0,38
Islington,2008-05-01,Leasehold,364738.81868131866,330000.0,182
Islington,2008-06-01,Freehold,761514.5161290322,699000.0,31
Islington,2008-06-01,Leasehold,356444.06214689265,333750.0,177
Islington,2008-07-01,Freehold,823558.75,724000.0,40
Islington,2008-07-01,Leasehold,361899.6948051948,331250.0,154
Islington,2008-08-01,Freehold,1003692.3076923077,730000.0,26
Islington,2008-08-01,Leasehold,347411.2708333333,334825.0,192
Islington,2008-09-01,Freehold,750200.4838709678,690000.0,31
Islington,2008-09-01,Leasehold,341333.3768115942,310000.0,138
Islington,2008-10-01,Freehold,757882.3529411765,636500.0,17
Islington,2008-10-01,Leasehold,324304.8106060606,286250.0,132
Islington,2008-11-01,Freehold,733443.15,702500.0,20
Islington,2008-11-01,Leasehold,331043.1472392638,330000.0,163
Islington,2008-12-01,Freehold,813645.7916666666,721000.0,24
Islington,2008-12-01,Leasehold,328949.3596491228,330000.0,114
Islington,2009-01-01,Freehold,646357.1428571428,625000.0,21
Islington,2009-01-01,Leasehold,328625.69863013696,305000.0,73
Islington,2009-02-01,Freehold,842916.625,650000.0,24
Islington,2009-02-01,Leasehold,335922.595959596,322000.0,99
Islington,2009-03-01,Freehold,601312.5,507500.0,16
Islington,2009-03-01,Leasehold,338605.9090909091,310403.0,121
Islington,2009-04-01,Freehold,598980.0,550000.0,25
Islington,2009-04-01,Leasehold,345301.8956521739,323496.0,115
Islington,2009-05-01,Freehold,658520.8333333334,597500.0,24
Islington,2009-05-01,Leasehold,307306.4711538461,277500.0,104
Islington,2009-06-01,Freehold,694527.7777777778,688250.0,36
Islington,2009-06-01,Leasehold,329759.9347826087,298750.0,138
Islington,2009-07-01,Freehold,853053.2040816327,785000.0,49
Islington,2009-07-01,Leasehold,335994.268907563,299500.0,238
Islington,2009-08-01,Freehold,733154.619047619,721000.0,42
Islington,2009-08-01,Leasehold,330904.89,310000.0,200
Islington,2009-09-01,Freehold,818556.3559322034,709500.0,59
Islington,2009-09-01,Leasehold,352290.375,328500.0,208
Islington,2009-10-01,Freehold,681423.7021276596,656000.0,47
Islington,2009-10-01,Leasehold,343768.53921568627,315000.0,204
Islington,2009-11-01,Freehold,748130.1111111111,763500.0,54
Islington,2009-11-01,Leasehold,352371.19369369367,300000.0,222
Islington,2009-12-01,Freehold,849205.1025641026,715000.0,39
Islington,2009-12-01,Leasehold,349974.93644067796,330500.0,236
Islington,2010-01-01,Freehold,813309.0476190476,750000.0,42
Islington,2010-01-01,Leasehold,384880.0896551724,335000.0,145
Islington,2010-02-01,Freehold,901223.1785714285,737500.0,28
Islington,2010-02-01,Leasehold,366575.3354037267,330000.0,161
Islington,2010-03-01,Freehold,954480.2432432432,830000.0,37
Islington,2010-03-01,Leasehold,366156.1554404145,350000.0,193
Islington,2010-04-01,Freehold,922090.1860465116,860000.0,43
Islington,2010-04-01,Leasehold,371584.9451219512,331500.0,164
Islington,2010-05-01,Freehold,735293.8837209302,702250.0,43
Islington,2010-05-01,Leasehold,378674.18947368424,350000.0,190
Islington,2010-06-01,Freehold,811336.4339622641,738381.0,53
Islington,2010-06-01,Leasehold,393828.76168224297,357500.0,214
Islington,2010-07-01,Freehold,979249.1666666666,815500.0,60
Islington,2010-07-01,Leasehold,388821.6074766355,347500.0,214
Islington,2010-08-01,Freehold,867114.2698412698,768500.0,63
Islington,2010-08-01,Leasehold,384734.9912663755,347400.0,229
Islington,2010-09-01,Freehold,852186.25,770000.0,40
Islington,2010-09-01,Leasehold,404397.33490566036,358750.0,212
Islington,2010-10-01,Freehold,859000.0,772500.0,38
Islington,2010-10-01,Leasehold,375038.24,350000.0,200
Islington,2010-11-01,Freehold,890717.2727272727,855000.0,55
Islington,2010-11-01,Leasehold,416172.6,375000.0,215
Islington,2010-12-01,Freehold,961107.0227272727,755000.0,44
Islington,2010-12-01,Leasehold,387012.9053254438,370000.0,169
Islington,2011-01-01,Freehold,923970.7948717949,950000.0,39
Islington,2011-01-01,Leasehold,401533.4638554217,351250.0,166
Islington,2011-02-01,Freehold,877408.5,752500.0,44
Islington,2011-02-01,Leasehold,368018.82608695654,315000.0,115
Islington,2011-03-01,Freehold,937925.0,855000.0,54
Islington,2011-03-01,Leasehold,397003.38255033555,350000.0,149
Islington,2011-04-01,Freehold,1108840.1509433961,1021000.0,53
Islington,2011-04-01,Leasehold,404010.8449612403,367500.0,129
Islington,2011-05-01,Freehold,711526.2,670000.0,30
Islington,2011-05-01,Leasehold,367189.24647887325,342500.0,142
Islington,2011-06-01,Freehold,879297.7777777778,817500.0,36
Islington,2011-06-01,Leasehold,396398.8131868132,363500.0,182
Islington,2011-07-01,Freehold,965458.4285714285,875000.0,63
Islington,2011-07-01,Leasehold,395541.67553191487,352500.0,188
Islington,2011-08-01,Freehold,961945.1129032258,849500.0,62
Islington,2011-08-01,Leasehold,403208.5071090047,355000.0,211
Islington,2011-09-01,Freehold,1018622.1016949152,900450.0,59
Islington,2011-09-01,Leasehold,397955.21304347826,352500.0,230
Islington,2011-10-01,Freehold,972534.6153846154,801000.0,39
Islington,2011-10-01,Leasehold,388703.9240506329,357500.0,158
Islington,2011-11-01,Freehold,879168.3,728500.0,30
Islington,2011-11-01,Leasehold,379321.2118226601,365000.0,203
Islington,2011-12-01,Freehold,954882.6470588235,809000.0,34
Islington,2011-12-01,Leasehold,397283.9530516432,350000.0,213
Islington,2012-01-01,Freehold,987729.0322580645,820000.0,31
Islington,2012-01-01,Leasehold,410979.47027027025,367500.0,185
Islington,2012-02-01,Freehold,899250.0,875000.0,34
Islington,2012-02-01,Leasehold,407530.6994818653,338000.0,193
Islington,2012-03-01,Freehold,1156210.9714285715,810000.0,35
Islington,2012-03-01,Leasehold,413954.38624338625,355000.0,189
Islington,2012-04-01,Freehold,1037383.804347826,935500.0,46
Islington,2012-04-01,Leasehold,434882.55704697984,385000.0,149
Islington,2012-05-01,Freehold,926248.4,830000.0,45
Islington,2012-05-01,Leasehold,454101.3036649215,415000.0,191
Islington,2012-06-01,Freehold,1039793.5689655172,890000.0,58
Islington,2012-06-01,Leasehold,409550.4727272727,379976.0,220
Islington,2012-07-01,Freehold,1052371.255319149,855000.0,47
Islington,2012-07-01,Leasehold,388932.3212851406,340000.0,249
Islington,2012-08-01,Freehold,1074846.7903225806,1115000.0,62
Islington,2012-08-01,Leasehold,417412.37339055794,390000.0,233
Islington,2012-09-01,Freehold,973751.1904761905,940000.0,42
Islington,2012-09-01,Leasehold,415395.7238095238,367500.0,210
Islington,2012-10-01,Freehold,1012626.1714285715,850000.0,35
Islington,2012-10-01,Leasehold,419761.33838383836,371250.0,198
Islington,2012-11-01,Freehold,914159.2972972973,940000.0,37
Islington,2012-11-01,Leasehold,436887.77486910997,375000.0,191
Islington,2012-12-01,Freehold,1141395.2424242424,878000.0,33
Islington,2012-12-01,Leasehold,419688.6496815287,375000.0,157
Islington,2013-01-01,Freehold,1073098.1333333333,851000.0,30
Islington,2013-01-01,Leasehold,433191.3043478261,413500.0,138
Islington,2013-02-01,Freehold,1058908.6206896552,950000.0,29
Islington,2013-02-01,Leasehold,428501.02205882355,377475.0,136
Islington,2013-03-01,Freehold,1133531.78125,1105000.0,32
Islington,2013-03-01,Leasehold,460822.807106599,432500.0,197
Islington,2013-04-01,Freehold,1195651.5789473683,1239406.0,38
Islington,2013-04-01,Leasehold,444207.6614173228,415000.0,127
Islington,2013-05-01,Freehold,995471.5490196078,860000.0,51
Islington,2013-05-01,Leasehold,432661.30319148937,389975.0,188
Islington,2013-06-01,Freehold,1153412.7631578948,1058500.0,38
Islington,2013-06-01,Leasehold,486155.8163265306,440000.0,245
Islington,2013-07-01,Freehold,1168798.2033898304,1100000.0,59
Islington,2013-07-01,Leasehold,486328.16730038024,425000.0,263
Islington,2013-08-01,Freehold,1067769.924528302,999950.0,53
Islington,2013-08-01,Leasehold,471958.85984848486,425000.0,264
Islington,2013-09-01,Freehold,1020343.3529411765,937500.0,34
Islington,2013-09-01,Leasehold,497018.76958525344,440000.0,217
Islington,2013-10-01,Freehold,1054349.7045454546,990000.0,44
Islington,2013-10-01,Leasehold,481112.6255319149,460000.0,235
Islington,2013-11-01,Freehold,1168125.42,953335.5,50
Islington,2013-11-01,Leasehold,480668.11020408163,429950.0,245
Islington,2013-12-01,Freehold,1199498.6923076923,1100000.0,39
Islington,2013-12-01,Leasehold,490504.3464566929,435000.0,254
Islington,2014-01-01,Freehold,1225790.575,1215000.0,40
Islington,2014-01-01,Leasehold,508328.90857142856,460000.0,175
Islington,2014-02-01,Freehold,1386395.775,1299975.0,40
Islington,2014-02-01,Leasehold,509245.9090909091,445000.0,165
Islington,2014-03-01,Freehold,1110257.641025641,999999.0,39
Islington,2014-03-01,Leasehold,519448.9476744186,475000.0,172
Islington,2014-04-01,Freehold,1294013.1315789474,1250000.0,38
Islington,2014-04-01,Leasehold,511831.73076923075,429000.0,182
Islington,2014-05-01,Freehold,1461231.857142857,1240000.0,42
Islington,2014-05-01,Leasehold,536214.8709677419,499950.0,217
Islington,2014-06-01,Freehold,1393413.8157894737,1410000.0,38
Islington,2014-06-01,Leasehold,557354.9189189189,536500.0,222
Islington,2014-07-01,Freehold,1299869.02,1237493.5,50
Islington,2014-07-01,Leasehold,555648.5234375,497000.0,256
Islington,2014-08-01,Freehold,1455323.6458333333,1286830.0,48
Islington,2014-08-01,Leasehold,555786.7626262626,500000.0,198
Islington,2014-09-01,Freehold,1272525.46875,1357500.0,32
Islington,2014-09-01,Leasehold,555529.77486911,515000.0,191
Islington,2014-10-01,Freehold,1286371.5277777778,1042500.0,36
Islington,2014-10-01,Leasehold,543617.8142076503,501500.0,183
Islington,2014-11-01,Freehold,1299014.2857142857,1200000.0,35
Islington,2014-11-01,Leasehold,509801.7733333333,450000.0,150
Islington,2014-12-01,Freehold,1361613.8095238095,1080279.0,42
Islington,2014-12-01,Leasehold,554068.5702479339,510000.0,242
Islington,2015-01-01,Freehold,1442784.5,1205000.0,38
Islington,2015-01-01,Leasehold,545005.0227272727,499975.0,132
Islington,2015-02-01,Freehold,1633923.7777777778,1240800.0,27
Islington,2015-02-01,Leasehold,596669.2189781022,519968.0,137
Islington,2015-03-01,Freehold,1348647.7045454546,1335000.0,44
Islington,2015-03-01,Leasehold,532877.3027027027,495000.0,185
Islington,2015-04-01,Freehold,1449757.9803921569,1380000.0,51
Islington,2015-04-01,Leasehold,604580.8280254777,520000.0,157
Islington,2015-05-01,Freehold,1219244.0882352942,1175000.0,34
Islington,2015-05-01,Leasehold,633609.9708029197,547000.0,137
Islington,2015-06-01,Freehold,1564384.6153846155,1340000.0,26
Islington,2015-06-01,Leasehold,602004.3333333334,540500.0,180
Islington,2015-07-01,Freehold,1363857.6666666667,1375000.0,45
Islington,2015-07-01,Leasehold,584042.4512195121,520000.0,164
Islington,2015-08-01,Freehold,1652068.6046511629,1412500.0,43
Islington,2015-08-01,Leasehold,606538.6836158192,554950.0,177
Islington,2015-09-01,Freehold,1370669.3548387096,1290000.0,31
Islington,2015-09-01,Leasehold,581206.5705128205,548500.0,156
Islington,2015-10-01,Freehold,1771653.8461538462,1450000.0,26
Islington,2015-10-01,Leasehold,573242.7784810127,515000.0,158
Islington,2015-11-01,Freehold,1209275.0,1257500.0,28
Islington,2015-11-01,Leasehold,580969.586419753,506250.0,162
Islington,2015-12-01,Freehold,1423011.810810811,1190000.0,37
Islington,2015-12-01,Leasehold,587378.024691358,548375.0,162
Islington,2016-01-01,Freehold,1314290.2413793104,1240000.0,29
Islington,2016-01-01,Leasehold,557897.605839416,512500.0,137
Islington,2016-02-01,Freehold,1172657.3333333333,1031666.0,18
Islington,2016-02-01,Leasehold,575613.0,535000.0,153
Islington,2016-03-01,Freehold,1655980.603174603,1590000.0,63
Islington,2016-03-01,Leasehold,656919.8203463204,604250.0,462
Islington,2016-04-01,Freehold,1307166.6666666667,975000.0,12
Islington,2016-04-01,Leasehold,698076.4666666667,682500.0,150
Islington,2016-05-01,Freehold,1449000.0,1300000.0,15
Islington,2016-05-01,Leasehold,650298.432,605000.0,125
Islington,2016-06-01,Freehold,1534936.6785714286,1437500.0,28
Islington,2016-06-01,Leasehold,632167.674796748,577500.0,123
Islington,2016-07-01,Freehold,1562329.7368421052,1340000.0,38
Islington,2016-07-01,Leasehold,665198.8895027625,575000.0,181
Islington,2016-08-01,Freehold,1624404.7142857143,1310000.0,21
Islington,2016-08-01,Leasehold,611041.2907801418,530000.0,141
Islington,2016-09-01,Freehold,1254805.5416666667,1237500.0,24
Islington,2016-09-01,Leasehold,665784.3478260869,537000.0,138
Islington,2016-10-01,Freehold,1543423.9375,1275000.0,32
Islington,2016-10-01,Leasehold,552397.2727272727,505000.0,121
Islington,2016-11-01,Freehold,1288968.75,1257500.0,16
Islington,2016-11-01,Leasehold,658521.65625,615000.0,128
Islington,2016-12-01,Freehold,1315464.03125,1245000.0,32
Islington,2016-12-01,Leasehold,664096.1832061069,585000.0,131
Islington,2017-01-01,Freehold,1493000.0,1347500.0,20
Islington,2017-01-01,Leasehold,585800.9090909091,531100.0,110
Islington,2017-02-01,Freehold,1360480.0,1310000.0,15
Islington,2017-02-01,Leasehold,585060.2376237623,556000.0,101
Islington,2017-03-01,Freehold,1493676.4705882352,1337500.0,34
Islington,2017-03-01,Leasehold,600960.7933884298,555000.0,121
Islington,2017-04-01,Freehold,1394024.7419354839,1420000.0,31
Islington,2017-04-01,Leasehold,583656.9139784946,528928.0,93
Islington,2017-05-01,Freehold,1848369.0476190476,1465000.0,21
Islington,2017-05-01,Leasehold,601515.5894736842,545000.0,95
Islington,2017-06-01,Freehold,1594766.5882352942,1485000.0,34
Islington,2017-06-01,Leasehold,604860.9375,540500.0,144
Islington,2017-07-01,Freehold,1678476.25,1250000.0,32
Islington,2017-07-01,Leasehold,649420.5833333334,573500.0,120
Islington,2017-08-01,Freehold,1471405.5,1385000.0,40
Islington,2017-08-01,Leasehold,642898.52,540000.0,125
Islington,2017-09-01,Freehold,1472606.0606060605,1375000.0,33
Islington,2017-09-01,Leasehold,599124.4769230769,540775.0,130
Islington,2017-10-01,Freehold,1287166.1904761905,1300000.0,21
Islington,2017-10-01,Leasehold,600834.3137254902,531250.0,102
Islington,2017-11-01,Freehold,1510119.0476190476,1340000.0,21
Islington,2017-11-01,Leasehold,603175.4814814815,522500.0,108
Islington,2017-12-01,Freehold,1332625.6296296297,1200000.0,27
Islington,2017-12-01,Leasehold,535501.0091743119,510000.0,109
Islington,2018-01-01,Freehold,1638650.0,1342500.0,28
Islington,2018-01-01,Leasehold,574652.8260869565,507500.0,92
Islington,2018-02-01,Freehold,1233418.4210526317,1200000.0,19
Islington,2018-02-01,Leasehold,534737.9381443299,487000.0,97
Islington,2018-03-01,Freehold,1406579.1333333333,1225799.0,15
Islington,2018-03-01,Leasehold,576867.5431034482,502500.0,116
Islington,2018-04-01,Freehold,1326944.5,1264000.5,18
Islington,2018-04-01,Leasehold,597385.9813084112,544000.0,107
Islington,2018-05-01,Freehold,1665679.625,1452500.0,24
Islington,2018-05-01,Leasehold,590808.3039215687,560000.0,102
Islington,2018-06-01,Freehold,1448983.4583333333,1362500.0,24
Islington,2018-06-01,Leasehold,570210.4845360825,525000.0,97
Islington,2018-07-01,Freehold,1602727.6578947369,1389000.0,38
Islington,2018-07-01,Leasehold,634195.3008130081,560000.0,123
Islington,2018-08-01,Freehold,1353237.3636363635,1350000.0,22
Islington,2018-08-01,Leasehold,606666.0833333334,547500.0,168
Islington,2018-09-01,Freehold,1192931.4583333333,1015000.0,24
Islington,2018-09-01,Leasehold,698995.9691358025,592500.0,162
Islington,2018-10-01,Freehold,1358463.2352941176,1309500.0,34
Islington,2018-10-01,Leasehold,693632.8166666667,572500.0,120
Islington,2018-11-01,Freehold,1381878.7878787878,1230000.0,33
Islington,2018-11-01,Leasehold,648207.6323529412,600000.0,136
Islington,2018-12-01,Freehold,1385751.388888889,1257500.0,18
Islington,2018-12-01,Leasehold,557893.4925373135,505500.0,134
Islington,2019-01-01,Freehold,1353087.5,1225000.0,24
Islington,2019-01-01,Leasehold,570377.6310679612,538000.0,103
Islington,2019-02-01,Freehold,1118842.105263158,1150000.0,19
Islington,2019-02-01,Leasehold,571460.3969465649,526000.0,131
Islington,2019-03-01,Freehold,1302297.5,1155000.0,24
Islington,2019-03-01,Leasehold,555745.5655172414,525000.0,145
Islington,2019-04-01,Freehold,1364284.6153846155,1345000.0,26
Islington,2019-04-01,Leasehold,565453.7037037037,505000.0,108
Islington,2019-05-01,Freehold,1410872.4,1374000.0,30
Islington,2019-05-01,Leasehold,654443.1711711711,530792.0,111
Islington,2019-06-01,Freehold,1211103.448275862,1100000.0,29
Islington,2019-06-01,Leasehold,618944.0,563500.0,142
Islington,2019-07-01,Freehold,1490237.2105263157,1335000.0,38
Islington,2019-07-01,Leasehold,583252.0536912752,521000.0,149
Islington,2019-08-01,Freehold,1356628.5,1165000.0,38
Islington,2019-08-01,Leasehold,668736.7320261438,600000.0,153
Islington,2019-09-01,Freehold,1603636.3181818181,1435000.0,22
Islington,2019-09-01,Leasehold,652100.6166666667,570150.0,120
Islington,2019-10-01,Freehold,1149923.448275862,1060000.0,29
Islington,2019-10-01,Leasehold,602911.7152317881,560000.0,151
Islington,2019-11-01,Freehold,1402671.3714285714,1256789.0,35
Islington,2019-11-01,Leasehold,653867.75,562500.0,124
Islington,2019-12-01,Freehold,1342733.3333333333,1300000.0,30
Islington,2019-12-01,Leasehold,684660.5978260869,580000.0,92
Islington,2020-01-01,Freehold,1411195.652173913,1325000.0,23
Islington,2020-01-01,Leasehold,609829.0097087378,545000.0,103
Islington,2020-02-01,Freehold,1371498.7037037036,1357000.0,27
Islington,2020-02-01,Leasehold,688574.3076923077,600000.0,156
Islington,2020-03-01,Freehold,1565798.5714285714,1365000.0,35
Islington,2020-03-01,Leasehold,619309.7533039647,558000.0,227
Islington,2020-04-01,Freehold,1675399.9,1513499.5,10
Islington,2020-04-01,Leasehold,660437.4358974359,577500.0,78
Islington,2020-05-01,Freehold,1483625.0,1298500.0,16
Islington,2020-05-01,Leasehold,547961.5192307692,475000.0,52
Islington,2020-06-01,Freehold,1988714.2857142857,1392500.0,14
Islington,2020-06-01,Leasehold,646436.4677419355,603344.0,62
Islington,2020-07-01,Freehold,1543540.0,1372500.0,30
Islington,2020-07-01,Leasehold,650980.1136363636,592500.0,88
Islington,2020-08-01,Freehold,1538312.5,1395000.0,32
Islington,2020-08-01,Leasehold,679124.1279069767,615000.0,86
Islington,2020-09-01,Freehold,1598600.0,1310000.0,31
Islington,2020-09-01,Leasehold,707192.5414364641,625000.0,181
Islington,2020-10-01,Freehold,1522048.3870967743,1350000.0,31
Islington,2020-10-01,Leasehold,708352.5102040817,630000.0,147
Islington,2020-11-01,Freehold,1587165.625,1467500.0,32
Islington,2020-11-01,Leasehold,622040.1134751773,575000.0,141
Islington,2020-12-01,Freehold,1458071.0526315789,1260000.0,38
Islington,2020-12-01,Leasehold,622279.217948718,560250.0,234
Islington,2021-01-01,Freehold,1449392.6136363635,1277500.0,44
Islington,2021-01-01,Leasehold,640687.380952381,620000.0,105
Islington,2021-02-01,Freehold,1393083.0,1290000.0,35
Islington,2021-02-01,Leasehold,712739.1666666666,575000.0,150
Islington,2021-03-01,Freehold,1554080.366197183,1450000.0,71
Islington,2021-03-01,Leasehold,629421.2490421456,580000.0,261
Islington,2021-04-01,Freehold,1284400.0,1130000.0,25
Islington,2021-04-01,Leasehold,655683.1728395062,554250.0,162
Islington,2021-05-01,Freehold,1516177.7777777778,1480000.0,18
Islington,2021-05-01,Leasehold,609998.0158730159,537500.0,126
Islington,2021-06-01,Freehold,1413231.4927536233,1300000.0,138
Islington,2021-06-01,Leasehold,622171.1921568627,562900.0,510
Islington,2021-07-01,Freehold,1470581.4615384615,1380000.0,13
Islington,2021-07-01,Leasehold,590028.8461538461,500000.0,26
Islington,2021-08-01,Freehold,1735365.9090909092,1550000.0,33
Islington,2021-08-01,Leasehold,673380.9358974359,567500.0,78
Islington,2021-09-01,Freehold,1802625.0701754387,1350000.0,57
Islington,2021-09-01,Leasehold,640476.8687782806,595000.0,221
Islington,2021-10-01,Freehold,1821846.1538461538,1457500.0,26
Islington,2021-10-01,Leasehold,636599.6323529412,542500.0,68
Islington,2021-11-01,Freehold,1609912.5,1370000.0,40
Islington,2021-11-01,Leasehold,659207.525,540000.0,80
Islington,2021-12-01,Freehold,1626645.65,1437500.0,40
Islington,2021-12-01,Leasehold,702589.0341880342,610000.0,117
Islington,2022-01-01,Freehold,1595225.9259259258,1272500.0,27
Islington,2022-01-01,Leasehold,599779.625,532750.0,88
Islington,2022-02-01,Freehold,1677132.6129032257,1577000.0,31
Islington,2022-02-01,Leasehold,621232.025210084,575000.0,119
Islington,2022-03-01,Freehold,1734986.5454545454,1682500.0,44
Islington,2022-03-01,Leasehold,667238.4253731343,597500.0,134
Islington,2022-04-01,Freehold,1796125.0,1487875.0,30
Islington,2022-04-01,Leasehold,656527.776119403,582500.0,134
Islington,2022-05-01,Freehold,1470377.5227272727,1375000.0,44
Islington,2022-05-01,Leasehold,676367.2335766423,635000.0,137
Islington,2022-06-01,Freehold,1483732.0526315789,1342500.0,38
Islington,2022-06-01,Leasehold,621500.9527027027,564750.0,148
Islington,2022-07-01,Freehold,1776770.9210526317,1487600.0,38
Islington,2022-07-01,Leasehold,629681.4090909091,600000.0,154
Islington,2022-08-01,Freehold,1957031.914893617,1650000.0,47
Islington,2022-08-01,Leasehold,659569.432160804,618750.0,199
Islington,2022-09-01,Freehold,1781695.6216216215,1375000.0,37
Islington,2022-09-01,Leasehold,628914.9565217391,575000.0,161
Islington,2022-10-01,Freehold,1506716.888888889,1300000.0,45
Islington,2022-10-01,Leasehold,647005.7540106951,600000.0,187
Islington,2022-11-01,Freehold,1697755.4,1542500.0,40
Islington,2022-11-01,Leasehold,634225.3072289156,555000.0,166
Islington,2022-12-01,Freehold,1495624.2592592593,1250000.0,27
Islington,2022-12-01,Leasehold,627178.0469798658,545000.0,149
Islington,2023-01-01,Freehold,1394657.894736842,1375000.0,19
Islington,2023-01-01,Leasehold,615734.7872340425,575000.0,94
Islington,2023-02-01,Freehold,1644492.1612903227,1400000.0,31
Islington,2023-02-01,Leasehold,579003.0116279069,520000.0,86
Islington,2023-03-01,Freehold,1512503.448275862,1350000.0,29
Islington,2023-03-01,Leasehold,722207.9257142857,715000.0,175
Islington,2023-04-01,Freehold,2081422.6153846155,1952500.0,26
Islington,2023-04-01,Leasehold,749473.0102040817,691400.0,98
Islington,2023-05-01,Freehold,1655296.2962962964,1500000.0,27
Islington,2023-05-01,Leasehold,624447.808080808,550000.0,99
Islington,2023-06-01,Freehold,1794790.0,1855000.0,35
Islington,2023-06-01,Leasehold,643687.0,570000.0,118
Islington,2023-07-01,Freehold,1521033.8536585367,1450000.0,41
Islington,2023-07-01,Leasehold,681760.7633587787,605000.0,131
Islington,2023-08-01,Freehold,1466062.0,1313750.0,50
Islington,2023-08-01,Leasehold,720005.8658536585,631045.0,164
Islington,2023-09-01,Freehold,1594659.7222222222,1482500.0,36
Islington,2023-09-01,Leasehold,652160.9657534247,562750.0,146
Islington,2023-10-01,Freehold,1554686.046511628,1345000.0,43
Islington,2023-10-01,Leasehold,743518.5714285715,600000.0,147
Islington,2023-11-01,Freehold,1974370.0,1450000.0,31
Islington,2023-11-01,Leasehold,702788.8881987578,620000.0,161
Islington,2023-12-01,Freehold,1459251.65625,1300000.0,32
Islington,2023-12-01,Leasehold,790911.4540229886,642500.0,174
Islington,2024-01-01,Freehold,1305978.2608695652,1270000.0,23
Islington,2024-01-01,Leasehold,743445.1648351648,650000.0,91
Islington,2024-02-01,Freehold,1743487.5,1635000.0,24
Islington,2024-02-01,Leasehold,808306.9261744966,700000.0,149
Islington,2024-03-01,Freehold,1579828.6,1587500.0,30
Islington,2024-03-01,Leasehold,757636.4893617021,685000.0,141
Islington,2024-04-01,Freehold,1620379.5555555555,1632500.0,36
Islington,2024-04-01,Leasehold,808894.2848484848,758363.0,165
Islington,2024-05-01,Freehold,2054819.142857143,1750000.0,35
Islington,2024-05-01,Leasehold,675845.3802816902,602500.0,142
Islington,2024-06-01,Freehold,1686572.4137931035,1440000.0,29
Islington,2024-06-01,Leasehold,708028.7099236641,610000.0,131
Islington,2024-07-01,Freehold,1834100.0,1550000.0,40
Islington,2024-07-01,Leasehold,707389.8139534884,620000.0,172
Islington,2024-08-01,Freehold,1635448.3829787234,1537160.0,47
Islington,2024-08-01,Leasehold,680992.7391304348,600000.0,161
Islington,2024-09-01,Freehold,2096153.8461538462,1790000.0,26
Islington,2024-09-01,Leasehold,643136.85625,581000.0,160
Islington,2024-10-01,Freehold,1691601.5476190476,1640000.0,42
Islington,2024-10-01,Leasehold,680967.447257384,575000.0,237
Islington,2024-11-01,Freehold,1635700.0,1621000.0,34
Islington,2024-11-01,Leasehold,691289.2394366197,575000.0,142
Islington,2024-12-01,Freehold,1779442.3076923077,1642500.0,26
Islington,2024-12-01,Leasehold,637639.92,590000.0,125
Islington,2025-01-01,Freehold,1779107.25,1700000.0,24
Islington,2025-01-01,Leasehold,642634.2644628099,600000.0,121
Islington,2025-02-01,Freehold,1453078.125,1367500.0,32
Islington,2025-02-01,Leasehold,645464.3543307086,585000.0,127
Islington,2025-03-01,Freehold,1634956.6326530613,1415000.0,49
Islington,2025-03-01,Leasehold,597409.323699422,550000.0,346
Islington,2025-04-01,Freehold,2103781.25,2100000.0,16
Islington,2025-04-01,Leasehold,845040.1351351351,657500.0,37
Islington,2025-05-01,Freehold,1608321.6,1700000.0,25
Islington,2025-05-01,Leasehold,674242.0675675676,616500.0,74
Islington,2025-06-01,Freehold,1598661.12,1450000.0,25
Islington,2025-06-01,Leasehold,721168.2075471698,635000.0,106
Islington,2025-07-01,Freehold,1898547.7272727273,1733900.0,44
Islington,2025-07-01,Leasehold,671397.9621212122,607500.0,132
Islington,2025-08-01,Freehold,1741306.4516129033,1750000.0,31
Islington,2025-08-01,Leasehold,650988.0,618000.0,136
Islington,2025-09-01,Freehold,1683418.8181818181,1537021.0,33
Islington,2025-09-01,Leasehold,644312.0676691729,545000.0,133
Islington,2025-10-01,Freehold,1708765.1764705882,1430000.0,34
Islington,2025-10-01,Leasehold,688087.7461538462,591250.0,130
Islington,2025-11-01,Freehold,1635873.0833333333,1612500.0,36
Islington,2025-11-01,Leasehold,624973.3163265307,547500.0,98
Islington,2025-12-01,Freehold,1919300.0,1625000.0,15
Islington,2025-12-01,Leasehold,608848.2210526316,590000.0,95
Islington,2026-01-01,Freehold,1509178.5714285714,1387500.0,14
Islington,2026-01-01,Leasehold,624872.5396825396,595000.0,63
Islington,2026-02-01,Freehold,1635540.076923077,1825000.0,13
Islington,2026-02-01,Leasehold,640074.1857142857,595000.0,70
Islington,2026-03-01,Freehold,1401250.0,1098750.0,6
Islington,2026-03-01,Leasehold,602911.0,515000.0,81
Islington,2026-04-01,Freehold,1611063.5714285714,1455445.0,7
Islington,2026-04-01,Leasehold,589908.7741935484,580500.0,62
Islington,2026-05-01,Freehold,1464150.0,1750000.0,5
Islington,2026-05-01,Leasehold,595294.3142857143,550000.0,35
Kensington And Chelsea,2006-01-01,Freehold,1752535.810810811,1237500.0,74
Kensington And Chelsea,2006-01-01,Leasehold,562687.3104838709,437500.0,248
Kensington And Chelsea,2006-02-01,Freehold,1602704.0714285714,1462500.0,56
Kensington And Chelsea,2006-02-01,Leasehold,518665.53225806454,425000.0,186
Kensington And Chelsea,2006-03-01,Freehold,1963170.8795180724,1500000.0,83
Kensington And Chelsea,2006-03-01,Leasehold,545302.5635738831,445000.0,291
Kensington And Chelsea,2006-04-01,Freehold,1912843.75,1355000.0,64
Kensington And Chelsea,2006-04-01,Leasehold,581080.2636986302,435000.0,292
Kensington And Chelsea,2006-05-01,Freehold,1643778.2258064516,1390000.0,62
Kensington And Chelsea,2006-05-01,Leasehold,629660.9252669039,480000.0,281
Kensington And Chelsea,2006-06-01,Freehold,1976297.76,1550000.0,75
Kensington And Chelsea,2006-06-01,Leasehold,627954.6301775147,446904.0,338
Kensington And Chelsea,2006-07-01,Freehold,2580825.3493975904,1850000.0,83
Kensington And Chelsea,2006-07-01,Leasehold,627372.806122449,460000.0,294
Kensington And Chelsea,2006-08-01,Freehold,1883271.8769230768,1362500.0,65
Kensington And Chelsea,2006-08-01,Leasehold,622247.1939799332,445000.0,299
Kensington And Chelsea,2006-09-01,Freehold,1939048.0273972603,1350000.0,73
Kensington And Chelsea,2006-09-01,Leasehold,631551.1074626866,442500.0,335
Kensington And Chelsea,2006-10-01,Freehold,1944141.6164383562,1375000.0,73
Kensington And Chelsea,2006-10-01,Leasehold,640854.4715719064,480000.0,299
Kensington And Chelsea,2006-11-01,Freehold,2056789.3561643835,1695000.0,73
Kensington And Chelsea,2006-11-01,Leasehold,680228.3157894737,485000.0,285
Kensington And Chelsea,2006-12-01,Freehold,1774226.3898305085,1500000.0,59
Kensington And Chelsea,2006-12-01,Leasehold,647432.6516516516,495000.0,333
Kensington And Chelsea,2007-01-01,Freehold,1976040.7608695652,1602500.0,92
Kensington And Chelsea,2007-01-01,Leasehold,737887.6729559748,522500.0,318
Kensington And Chelsea,2007-02-01,Freehold,2368820.1,1863500.0,60
Kensington And Chelsea,2007-02-01,Leasehold,738818.0871212122,512500.0,264
Kensington And Chelsea,2007-03-01,Freehold,2291711.725490196,2000000.0,51
Kensington And Chelsea,2007-03-01,Leasehold,736786.6699346405,524000.0,306
Kensington And Chelsea,2007-04-01,Freehold,2292582.64,1850000.0,50
Kensington And Chelsea,2007-04-01,Leasehold,770802.1824817518,600000.0,274
Kensington And Chelsea,2007-05-01,Freehold,2208789.9782608696,1767500.0,46
Kensington And Chelsea,2007-05-01,Leasehold,713300.0938628159,575000.0,277
Kensington And Chelsea,2007-06-01,Freehold,2895975.612244898,1925000.0,49
Kensington And Chelsea,2007-06-01,Leasehold,711415.4697508897,585000.0,281
Kensington And Chelsea,2007-07-01,Freehold,2931694.9322033897,2300000.0,59
Kensington And Chelsea,2007-07-01,Leasehold,782726.8209876543,614250.0,324
Kensington And Chelsea,2007-08-01,Freehold,2425898.117647059,1800000.0,51
Kensington And Chelsea,2007-08-01,Leasehold,767050.7188612099,595000.0,281
Kensington And Chelsea,2007-09-01,Freehold,2740192.470588235,2025000.0,51
Kensington And Chelsea,2007-09-01,Leasehold,896120.8733624454,655118.0,229
Kensington And Chelsea,2007-10-01,Freehold,2645690.7027027025,2100000.0,37
Kensington And Chelsea,2007-10-01,Leasehold,763819.7253886011,560000.0,193
Kensington And Chelsea,2007-11-01,Freehold,3520521.03125,2712500.0,32
Kensington And Chelsea,2007-11-01,Leasehold,544599.6923076923,385000.0,273
Kensington And Chelsea,2007-12-01,Freehold,2350133.695652174,2050000.0,23
Kensington And Chelsea,2007-12-01,Leasehold,805378.238410596,575000.0,151
Kensington And Chelsea,2008-01-01,Freehold,2872243.029411765,2492500.0,34
Kensington And Chelsea,2008-01-01,Leasehold,824235.5769230769,650000.0,156
Kensington And Chelsea,2008-02-01,Freehold,3087263.210526316,2975000.0,19
Kensington And Chelsea,2008-02-01,Leasehold,818041.8721804512,597000.0,133
Kensington And Chelsea,2008-03-01,Freehold,3045227.272727273,2407500.0,22
Kensington And Chelsea,2008-03-01,Leasehold,804768.6371681415,623000.0,113
Kensington And Chelsea,2008-04-01,Freehold,3203568.9655172415,2150000.0,29
Kensington And Chelsea,2008-04-01,Leasehold,801334.8375,585000.0,160
Kensington And Chelsea,2008-05-01,Freehold,2348892.8571428573,1675000.0,28
Kensington And Chelsea,2008-05-01,Leasehold,921584.6350364963,680000.0,137
Kensington And Chelsea,2008-06-01,Freehold,2945523.214285714,2800000.0,28
Kensington And Chelsea,2008-06-01,Leasehold,1035582.4579439253,608000.0,107
Kensington And Chelsea,2008-07-01,Freehold,2861402.43902439,2200000.0,41
Kensington And Chelsea,2008-07-01,Leasehold,846646.1496062992,625000.0,127
Kensington And Chelsea,2008-08-01,Freehold,2040390.4761904762,1750000.0,21
Kensington And Chelsea,2008-08-01,Leasehold,776144.6078431372,570500.0,102
Kensington And Chelsea,2008-09-01,Freehold,2234166.6666666665,1795000.0,39
Kensington And Chelsea,2008-09-01,Leasehold,750122.6470588235,585000.0,119
Kensington And Chelsea,2008-10-01,Freehold,3619059.222222222,1600000.0,27
Kensington And Chelsea,2008-10-01,Leasehold,657229.6593406594,500000.0,91
Kensington And Chelsea,2008-11-01,Freehold,2222958.3333333335,1975000.0,24
Kensington And Chelsea,2008-11-01,Leasehold,706928.7397260274,480000.0,73
Kensington And Chelsea,2008-12-01,Freehold,3068125.0,2525000.0,16
Kensington And Chelsea,2008-12-01,Leasehold,753724.1413043478,494975.0,92
Kensington And Chelsea,2009-01-01,Freehold,1795000.0,1525000.0,9
Kensington And Chelsea,2009-01-01,Leasehold,653244.2638888889,562500.0,72
Kensington And Chelsea,2009-02-01,Freehold,1876304.347826087,1375000.0,23
Kensington And Chelsea,2009-02-01,Leasehold,669172.972972973,525000.0,74
Kensington And Chelsea,2009-03-01,Freehold,2627465.217391304,1916000.0,23
Kensington And Chelsea,2009-03-01,Leasehold,636943.49,532500.0,100
Kensington And Chelsea,2009-04-01,Freehold,1992483.3333333333,1690000.0,30
Kensington And Chelsea,2009-04-01,Leasehold,715055.5384615385,580000.0,117
Kensington And Chelsea,2009-05-01,Freehold,2331076.8846153845,1898750.0,26
Kensington And Chelsea,2009-05-01,Leasehold,767252.5882352941,535000.0,119
Kensington And Chelsea,2009-06-01,Freehold,3103125.0,2231250.0,32
Kensington And Chelsea,2009-06-01,Leasehold,771259.1748251749,625000.0,143
Kensington And Chelsea,2009-07-01,Freehold,1860913.6307692307,1600000.0,65
Kensington And Chelsea,2009-07-01,Leasehold,777273.7,592500.0,170
Kensington And Chelsea,2009-08-01,Freehold,2501921.710526316,2032565.5,38
Kensington And Chelsea,2009-08-01,Leasehold,836375.8255033557,585000.0,149
Kensington And Chelsea,2009-09-01,Freehold,2361868.925,1775000.0,40
Kensington And Chelsea,2009-09-01,Leasehold,763096.3193717278,615000.0,191
Kensington And Chelsea,2009-10-01,Freehold,2029742.0454545454,1662500.0,44
Kensington And Chelsea,2009-10-01,Leasehold,763760.8201058201,575000.0,189
Kensington And Chelsea,2009-11-01,Freehold,2239047.6341463416,2312500.0,41
Kensington And Chelsea,2009-11-01,Leasehold,741543.201058201,580000.0,189
Kensington And Chelsea,2009-12-01,Freehold,2287785.294117647,1804000.0,34
Kensington And Chelsea,2009-12-01,Leasehold,753331.1666666666,603750.0,144
Kensington And Chelsea,2010-01-01,Freehold,2626000.8444444444,1980000.0,45
Kensington And Chelsea,2010-01-01,Leasehold,941079.8742138365,675000.0,159
Kensington And Chelsea,2010-02-01,Freehold,3236729.3103448274,1950000.0,29
Kensington And Chelsea,2010-02-01,Leasehold,793379.2601626016,570000.0,123
Kensington And Chelsea,2010-03-01,Freehold,3307740.25,2680000.0,40
Kensington And Chelsea,2010-03-01,Leasehold,805041.1348314607,599975.0,178
Kensington And Chelsea,2010-04-01,Freehold,2460561.891891892,2010000.0,37
Kensington And Chelsea,2010-04-01,Leasehold,960260.1195652174,675000.0,184
Kensington And Chelsea,2010-05-01,Freehold,2438730.1923076925,2050000.0,26
Kensington And Chelsea,2010-05-01,Leasehold,850435.735483871,675000.0,155
Kensington And Chelsea,2010-06-01,Freehold,2246488.1071428573,1795000.0,28
Kensington And Chelsea,2010-06-01,Leasehold,892383.7425742574,610000.0,202
Kensington And Chelsea,2010-07-01,Freehold,3476652.38,3010125.0,50
Kensington And Chelsea,2010-07-01,Leasehold,832105.7536231884,585000.0,207
Kensington And Chelsea,2010-08-01,Freehold,2670868.023809524,1842500.0,42
Kensington And Chelsea,2010-08-01,Leasehold,813581.5625,642500.0,160
Kensington And Chelsea,2010-09-01,Freehold,2943352.9534883723,2000000.0,43
Kensington And Chelsea,2010-09-01,Leasehold,869957.4262295082,685000.0,183
Kensington And Chelsea,2010-10-01,Freehold,2777996.511627907,2450000.0,43
Kensington And Chelsea,2010-10-01,Leasehold,848959.7232704402,625000.0,159
Kensington And Chelsea,2010-11-01,Freehold,3496344.56097561,2775000.0,41
Kensington And Chelsea,2010-11-01,Leasehold,851553.2794117647,651000.0,136
Kensington And Chelsea,2010-12-01,Freehold,3361764.4545454546,2275000.0,33
Kensington And Chelsea,2010-12-01,Leasehold,940160.0292397661,730000.0,171
Kensington And Chelsea,2011-01-01,Freehold,3066797.2972972975,2335000.0,37
Kensington And Chelsea,2011-01-01,Leasehold,802673.7379310345,580000.0,145
Kensington And Chelsea,2011-02-01,Freehold,2459900.0,2040000.0,25
Kensington And Chelsea,2011-02-01,Leasehold,885974.801369863,615000.0,146
Kensington And Chelsea,2011-03-01,Freehold,3618745.625,2884000.0,48
Kensington And Chelsea,2011-03-01,Leasehold,996571.4814814815,795000.0,189
Kensington And Chelsea,2011-04-01,Freehold,3171341.3235294116,2675000.0,68
Kensington And Chelsea,2011-04-01,Leasehold,984634.4108910891,785250.0,202
Kensington And Chelsea,2011-05-01,Freehold,1986098.75,2031500.0,16
Kensington And Chelsea,2011-05-01,Leasehold,736684.2867132868,635000.0,143
Kensington And Chelsea,2011-06-01,Freehold,2780379.6296296297,2050000.0,27
Kensington And Chelsea,2011-06-01,Leasehold,879988.9638554216,666000.0,166
Kensington And Chelsea,2011-07-01,Freehold,2873996.5208333335,2315000.0,48
Kensington And Chelsea,2011-07-01,Leasehold,882861.1,672500.0,200
Kensington And Chelsea,2011-08-01,Freehold,2842781.418604651,2400000.0,43
Kensington And Chelsea,2011-08-01,Leasehold,810475.5527638191,650000.0,199
Kensington And Chelsea,2011-09-01,Freehold,3104105.4423076925,2662500.0,52
Kensington And Chelsea,2011-09-01,Leasehold,990810.7150537635,691150.0,186
Kensington And Chelsea,2011-10-01,Freehold,2855691.5,2362500.0,34
Kensington And Chelsea,2011-10-01,Leasehold,871112.9346405229,675000.0,153
Kensington And Chelsea,2011-11-01,Freehold,3160264.8125,2599000.0,32
Kensington And Chelsea,2011-11-01,Leasehold,1103067.8245614036,775000.0,171
Kensington And Chelsea,2011-12-01,Freehold,2975907.407407407,2300000.0,27
Kensington And Chelsea,2011-12-01,Leasehold,913582.1793103449,625000.0,145
Kensington And Chelsea,2012-01-01,Freehold,2445055.263157895,1890000.0,38
Kensington And Chelsea,2012-01-01,Leasehold,945925.1513157894,717500.0,152
Kensington And Chelsea,2012-02-01,Freehold,3253777.303030303,2800000.0,33
Kensington And Chelsea,2012-02-01,Leasehold,977510.2394366197,746277.5,142
Kensington And Chelsea,2012-03-01,Freehold,3108297.153846154,2337500.0,26
Kensington And Chelsea,2012-03-01,Leasehold,956657.0147058824,652500.0,136
Kensington And Chelsea,2012-04-01,Freehold,3622631.3513513515,2650000.0,37
Kensington And Chelsea,2012-04-01,Leasehold,992510.9029850747,670000.0,134
Kensington And Chelsea,2012-05-01,Freehold,3359700.7714285715,2900000.0,35
Kensington And Chelsea,2012-05-01,Leasehold,1051021.94375,772500.0,160
Kensington And Chelsea,2012-06-01,Freehold,3258816.25,2710500.0,40
Kensington And Chelsea,2012-06-01,Leasehold,1016247.7564102564,750063.5,156
Kensington And Chelsea,2012-07-01,Freehold,3708465.909090909,2864000.0,44
Kensington And Chelsea,2012-07-01,Leasehold,1214963.8958333333,867200.0,192
Kensington And Chelsea,2012-08-01,Freehold,3530897.0588235296,2345000.0,34
Kensington And Chelsea,2012-08-01,Leasehold,992728.25,787500.0,144
Kensington And Chelsea,2012-09-01,Freehold,4162756.595238095,2837500.0,42
Kensington And Chelsea,2012-09-01,Leasehold,1105585.0,762350.0,158
Kensington And Chelsea,2012-10-01,Freehold,3938871.3157894737,2900000.0,38
Kensington And Chelsea,2012-10-01,Leasehold,1077748.5586206897,780000.0,145
Kensington And Chelsea,2012-11-01,Freehold,3752977.5517241377,3165000.0,29
Kensington And Chelsea,2012-11-01,Leasehold,1084573.0062893082,800000.0,159
Kensington And Chelsea,2012-12-01,Freehold,2540262.111111111,2100000.0,27
Kensington And Chelsea,2012-12-01,Leasehold,1013589.0969696969,765000.0,165
Kensington And Chelsea,2013-01-01,Freehold,3408541.638888889,3082500.0,36
Kensington And Chelsea,2013-01-01,Leasehold,1236182.7278911564,850000.0,147
Kensington And Chelsea,2013-02-01,Freehold,3562085.85,2644500.0,20
Kensington And Chelsea,2013-02-01,Leasehold,1035316.408,760000.0,125
Kensington And Chelsea,2013-03-01,Freehold,3390893.510638298,2500000.0,47
Kensington And Chelsea,2013-03-01,Leasehold,1153955.7654320989,797500.0,162
Kensington And Chelsea,2013-04-01,Freehold,2886439.222222222,2900000.0,27
Kensington And Chelsea,2013-04-01,Leasehold,1190830.6013513512,865628.5,148
Kensington And Chelsea,2013-05-01,Freehold,3024246.0967741935,2700000.0,31
Kensington And Chelsea,2013-05-01,Leasehold,1168066.1743589744,763500.0,195
Kensington And Chelsea,2013-06-01,Freehold,3464867.96,2600000.0,50
Kensington And Chelsea,2013-06-01,Leasehold,1203598.8106508877,830000.0,169
Kensington And Chelsea,2013-07-01,Freehold,3789287.403846154,3123750.0,52
Kensington And Chelsea,2013-07-01,Leasehold,1167853.401746725,835000.0,229
Kensington And Chelsea,2013-08-01,Freehold,4188828.9615384615,3900000.0,52
Kensington And Chelsea,2013-08-01,Leasehold,1294863.621212121,852500.0,198
Kensington And Chelsea,2013-09-01,Freehold,3793767.534883721,3100000.0,43
Kensington And Chelsea,2013-09-01,Leasehold,1262682.1157407407,922500.0,216
Kensington And Chelsea,2013-10-01,Freehold,4289294.457142857,3075000.0,35
Kensington And Chelsea,2013-10-01,Leasehold,1077081.9627659575,700000.0,188
Kensington And Chelsea,2013-11-01,Freehold,3819722.6,3100000.0,55
Kensington And Chelsea,2013-11-01,Leasehold,1207386.3942307692,900000.0,208
Kensington And Chelsea,2013-12-01,Freehold,4886740.743589744,3700000.0,39
Kensington And Chelsea,2013-12-01,Leasehold,1276105.6861702127,880000.0,188
Kensington And Chelsea,2014-01-01,Freehold,4235988.520833333,2993750.0,48
Kensington And Chelsea,2014-01-01,Leasehold,1225905.4763948498,850000.0,233
Kensington And Chelsea,2014-02-01,Freehold,5546979.166666667,4237500.0,24
Kensington And Chelsea,2014-02-01,Leasehold,1489932.1313131314,916500.0,198
Kensington And Chelsea,2014-03-01,Freehold,3832578.4583333335,3255004.0,48
Kensington And Chelsea,2014-03-01,Leasehold,1305599.7572254336,950000.0,173
Kensington And Chelsea,2014-04-01,Freehold,5349629.513513514,3850000.0,37
Kensington And Chelsea,2014-04-01,Leasehold,1428143.1548672565,998999.5,226
Kensington And Chelsea,2014-05-01,Freehold,4401500.0,3280000.0,40
Kensington And Chelsea,2014-05-01,Leasehold,1354685.2863636364,1017775.0,220
Kensington And Chelsea,2014-06-01,Freehold,4155055.5555555555,3295000.0,36
Kensington And Chelsea,2014-06-01,Leasehold,1570116.08045977,993250.0,174
Kensington And Chelsea,2014-07-01,Freehold,4663623.529411765,3300000.0,51
Kensington And Chelsea,2014-07-01,Leasehold,1465824.0558375635,1100000.0,197
Kensington And Chelsea,2014-08-01,Freehold,4531292.682926829,3150000.0,41
Kensington And Chelsea,2014-08-01,Leasehold,1308330.822857143,1075000.0,175
Kensington And Chelsea,2014-09-01,Freehold,4822527.777777778,3650000.0,36
Kensington And Chelsea,2014-09-01,Leasehold,1426508.7065868264,1000000.0,167
Kensington And Chelsea,2014-10-01,Freehold,4203741.185185186,3250000.0,27
Kensington And Chelsea,2014-10-01,Leasehold,1903792.8712871287,1032500.0,202
Kensington And Chelsea,2014-11-01,Freehold,3921828.4,3400000.0,35
Kensington And Chelsea,2014-11-01,Leasehold,1288917.5409836066,975000.0,122
Kensington And Chelsea,2014-12-01,Freehold,4801575.757575758,3100000.0,33
Kensington And Chelsea,2014-12-01,Leasehold,1148356.0652173914,927500.0,138
Kensington And Chelsea,2015-01-01,Freehold,4778918.205128205,4300000.0,39
Kensington And Chelsea,2015-01-01,Leasehold,1381691.9194630873,983000.0,149
Kensington And Chelsea,2015-02-01,Freehold,4962589.925925926,3225000.0,27
Kensington And Chelsea,2015-02-01,Leasehold,1267101.2838709678,1120000.0,155
Kensington And Chelsea,2015-03-01,Freehold,3452368.2580645164,2530000.0,31
Kensington And Chelsea,2015-03-01,Leasehold,1226148.7469135802,892500.0,162
Kensington And Chelsea,2015-04-01,Freehold,3538437.5,3301250.0,24
Kensington And Chelsea,2015-04-01,Leasehold,1405662.0,980000.0,133
Kensington And Chelsea,2015-05-01,Freehold,3831527.777777778,2880000.0,18
Kensington And Chelsea,2015-05-01,Leasehold,2094562.5163398692,1125000.0,153
Kensington And Chelsea,2015-06-01,Freehold,4255500.0,2875000.0,28
Kensington And Chelsea,2015-06-01,Leasehold,1252646.206451613,900000.0,155
Kensington And Chelsea,2015-07-01,Freehold,4197820.615384615,3500000.0,39
Kensington And Chelsea,2015-07-01,Leasehold,1583911.48125,1075000.0,160
Kensington And Chelsea,2015-08-01,Freehold,4331205.882352941,3639000.0,34
Kensington And Chelsea,2015-08-01,Leasehold,1282775.8139534884,905000.0,129
Kensington And Chelsea,2015-09-01,Freehold,4870066.5625,3662500.0,32
Kensington And Chelsea,2015-09-01,Leasehold,1336784.4901960783,1087500.0,153
Kensington And Chelsea,2015-10-01,Freehold,3701346.65,3291041.5,20
Kensington And Chelsea,2015-10-01,Leasehold,1207774.843537415,800000.0,147
Kensington And Chelsea,2015-11-01,Freehold,4915675.675675675,3675000.0,37
Kensington And Chelsea,2015-11-01,Leasehold,1418606.88,1125000.0,125
Kensington And Chelsea,2015-12-01,Freehold,4038111.5789473685,2725000.0,19
Kensington And Chelsea,2015-12-01,Leasehold,1806621.9082125605,945000.0,207
Kensington And Chelsea,2016-01-01,Freehold,4171613.964285714,3562500.0,28
Kensington And Chelsea,2016-01-01,Leasehold,1385664.3006993006,1100000.0,143
Kensington And Chelsea,2016-02-01,Freehold,4932500.0,3525000.0,23
Kensington And Chelsea,2016-02-01,Leasehold,1493692.2,1085000.0,115
Kensington And Chelsea,2016-03-01,Freehold,4705011.038961039,3600000.0,77
Kensington And Chelsea,2016-03-01,Leasehold,1435710.9507389162,1037000.0,406
Kensington And Chelsea,2016-04-01,Freehold,2717746.090909091,2725000.0,11
Kensington And Chelsea,2016-04-01,Leasehold,1708263.9176470588,1120000.0,85
Kensington And Chelsea,2016-05-01,Freehold,4399857.142857143,2887500.0,14
Kensington And Chelsea,2016-05-01,Leasehold,1233018.6842105263,917500.0,76
Kensington And Chelsea,2016-06-01,Freehold,4186308.3333333335,3100000.0,12
Kensington And Chelsea,2016-06-01,Leasehold,1398888.2142857143,980000.0,112
Kensington And Chelsea,2016-07-01,Freehold,3824440.0,3350000.0,25
Kensington And Chelsea,2016-07-01,Leasehold,1123043.8375,936250.0,80
Kensington And Chelsea,2016-08-01,Freehold,3468048.095238095,3140000.0,21
Kensington And Chelsea,2016-08-01,Leasehold,1346079.1466666667,875000.0,75
Kensington And Chelsea,2016-09-01,Freehold,4453000.0,3752500.0,19
Kensington And Chelsea,2016-09-01,Leasehold,1317127.1276595744,950000.0,94
Kensington And Chelsea,2016-10-01,Freehold,4129636.3636363638,3625000.0,22
Kensington And Chelsea,2016-10-01,Leasehold,1414327.5,875000.0,80
Kensington And Chelsea,2016-11-01,Freehold,3492680.8695652173,3250000.0,23
Kensington And Chelsea,2016-11-01,Leasehold,1502883.01010101,1125000.0,99
Kensington And Chelsea,2016-12-01,Freehold,6643000.0,3875000.0,30
Kensington And Chelsea,2016-12-01,Leasehold,1749264.6142857142,975000.0,140
Kensington And Chelsea,2017-01-01,Freehold,4911875.0,3350000.0,24
Kensington And Chelsea,2017-01-01,Leasehold,1575738.1531531531,1130000.0,111
Kensington And Chelsea,2017-02-01,Freehold,4764123.529411765,4000000.0,17
Kensington And Chelsea,2017-02-01,Leasehold,1350924.2291666667,1100000.0,96
Kensington And Chelsea,2017-03-01,Freehold,4202017.433333334,3650000.0,30
Kensington And Chelsea,2017-03-01,Leasehold,1612845.349593496,1170000.0,123
Kensington And Chelsea,2017-04-01,Freehold,4315185.185185186,3600000.0,27
Kensington And Chelsea,2017-04-01,Leasehold,1588026.8659793814,1245000.0,97
Kensington And Chelsea,2017-05-01,Freehold,5342713.260869565,3700000.0,23
Kensington And Chelsea,2017-05-01,Leasehold,1624685.362745098,1300000.0,102
Kensington And Chelsea,2017-06-01,Freehold,4291515.151515151,3500000.0,33
Kensington And Chelsea,2017-06-01,Leasehold,1350530.8043478262,1015000.0,138
Kensington And Chelsea,2017-07-01,Freehold,3446650.0,2875000.0,30
Kensington And Chelsea,2017-07-01,Leasehold,1497157.677419355,975000.0,93
Kensington And Chelsea,2017-08-01,Freehold,3752008.409090909,3676500.0,22
Kensington And Chelsea,2017-08-01,Leasehold,1389955.436893204,1000000.0,103
Kensington And Chelsea,2017-09-01,Freehold,4273116.333333333,3200000.0,30
Kensington And Chelsea,2017-09-01,Leasehold,1393851.216981132,1010000.0,106
Kensington And Chelsea,2017-10-01,Freehold,3684690.476190476,2525000.0,21
Kensington And Chelsea,2017-10-01,Leasehold,1663503.2,1075000.0,90
Kensington And Chelsea,2017-11-01,Freehold,5635870.916666667,4925000.0,12
Kensington And Chelsea,2017-11-01,Leasehold,2185747.9056603773,1222500.0,106
Kensington And Chelsea,2017-12-01,Freehold,2532666.6666666665,2200000.0,15
Kensington And Chelsea,2017-12-01,Leasehold,2205352.3225806453,1462500.0,124
Kensington And Chelsea,2018-01-01,Freehold,4795500.0,3185000.0,36
Kensington And Chelsea,2018-01-01,Leasehold,2667230.2747252746,1307000.0,91
Kensington And Chelsea,2018-02-01,Freehold,6409444.333333333,3300000.0,9
Kensington And Chelsea,2018-02-01,Leasehold,1857109.0909090908,1511000.0,77
Kensington And Chelsea,2018-03-01,Freehold,4289294.642857143,3750000.0,28
Kensington And Chelsea,2018-03-01,Leasehold,1756975.125,1198000.0,96
Kensington And Chelsea,2018-04-01,Freehold,4125745.375,3150000.0,24
Kensington And Chelsea,2018-04-01,Leasehold,1658385.0947368422,1210000.0,95
Kensington And Chelsea,2018-05-01,Freehold,4191842.1052631577,2900000.0,19
Kensington And Chelsea,2018-05-01,Leasehold,1171705.7846153846,800000.0,65
Kensington And Chelsea,2018-06-01,Freehold,5647727.2727272725,3825000.0,22
Kensington And Chelsea,2018-06-01,Leasehold,1717815.9722222222,1072500.0,108
Kensington And Chelsea,2018-07-01,Freehold,5017382.594594595,3950000.0,37
Kensington And Chelsea,2018-07-01,Leasehold,1560420.7976190476,1115000.0,84
Kensington And Chelsea,2018-08-01,Freehold,5198483.870967742,3600000.0,31
Kensington And Chelsea,2018-08-01,Leasehold,1224905.7826086956,910000.0,69
Kensington And Chelsea,2018-09-01,Freehold,4799674.242424242,4050000.0,33
Kensington And Chelsea,2018-09-01,Leasehold,1197007.963414634,960000.0,82
Kensington And Chelsea,2018-10-01,Freehold,3293987.0967741935,2600000.0,31
Kensington And Chelsea,2018-10-01,Leasehold,1525115.417475728,1095000.0,103
Kensington And Chelsea,2018-11-01,Freehold,4060050.0,3550000.0,20
Kensington And Chelsea,2018-11-01,Leasehold,1824970.2702702703,1035000.0,74
Kensington And Chelsea,2018-12-01,Freehold,3619407.9375,2577763.5,16
Kensington And Chelsea,2018-12-01,Leasehold,1527456.9701492537,1136000.0,67
Kensington And Chelsea,2019-01-01,Freehold,3530225.0,3142500.0,24
Kensington And Chelsea,2019-01-01,Leasehold,1452955.4782608696,958000.0,92
Kensington And Chelsea,2019-02-01,Freehold,4964411.764705882,3500000.0,17
Kensington And Chelsea,2019-02-01,Leasehold,1591682.2692307692,1197500.0,78
Kensington And Chelsea,2019-03-01,Freehold,5359064.45,5025000.0,20
Kensington And Chelsea,2019-03-01,Leasehold,1350542.4137931035,875000.0,87
Kensington And Chelsea,2019-04-01,Freehold,5025333.333333333,3650000.0,33
Kensington And Chelsea,2019-04-01,Leasehold,1585480.61971831,1050000.0,71
Kensington And Chelsea,2019-05-01,Freehold,3738718.9615384615,3096250.0,26
Kensington And Chelsea,2019-05-01,Leasehold,1924761.5764705883,1000000.0,85
Kensington And Chelsea,2019-06-01,Freehold,4478841.666666667,2895000.0,24
Kensington And Chelsea,2019-06-01,Leasehold,1941091.1263157895,1190000.0,95
Kensington And Chelsea,2019-07-01,Freehold,4672013.793103448,4075000.0,29
Kensington And Chelsea,2019-07-01,Leasehold,1247508.6635514018,1050000.0,107
Kensington And Chelsea,2019-08-01,Freehold,3893007.4,2505000.0,30
Kensington And Chelsea,2019-08-01,Leasehold,1312085.2959183673,952500.0,98
Kensington And Chelsea,2019-09-01,Freehold,3637309.9393939395,2850000.0,33
Kensington And Chelsea,2019-09-01,Leasehold,1374654.7096774194,910000.0,93
Kensington And Chelsea,2019-10-01,Freehold,3797363.6363636362,2886000.0,22
Kensington And Chelsea,2019-10-01,Leasehold,1215761.6082474226,900000.0,97
Kensington And Chelsea,2019-11-01,Freehold,4889638.636363637,3500000.0,22
Kensington And Chelsea,2019-11-01,Leasehold,1713349.3010752688,905000.0,93
Kensington And Chelsea,2019-12-01,Freehold,4204781.548387097,2900000.0,31
Kensington And Chelsea,2019-12-01,Leasehold,1274561.2043010753,1125000.0,93
Kensington And Chelsea,2020-01-01,Freehold,4642270.853658536,3800000.0,41
Kensington And Chelsea,2020-01-01,Leasehold,1250208.6699029126,1000000.0,103
Kensington And Chelsea,2020-02-01,Freehold,5019423.076923077,4165000.0,26
Kensington And Chelsea,2020-02-01,Leasehold,1697898.4942528736,1010000.0,87
Kensington And Chelsea,2020-03-01,Freehold,3964196.4285714286,3350000.0,28
Kensington And Chelsea,2020-03-01,Leasehold,1452272.0909090908,1087500.0,110
Kensington And Chelsea,2020-04-01,Freehold,6221534.647058823,4650000.0,17
Kensington And Chelsea,2020-04-01,Leasehold,1489431.84375,1112500.0,64
Kensington And Chelsea,2020-05-01,Freehold,3593047.6,3975000.0,10
Kensington And Chelsea,2020-05-01,Leasehold,1536113.862745098,1042500.0,51
Kensington And Chelsea,2020-06-01,Freehold,3632000.0,2775000.0,15
Kensington And Chelsea,2020-06-01,Leasehold,1383478.7234042552,860000.0,47
Kensington And Chelsea,2020-07-01,Freehold,4546864.137931035,3300000.0,29
Kensington And Chelsea,2020-07-01,Leasehold,1693889.6626506024,1000000.0,83
Kensington And Chelsea,2020-08-01,Freehold,4314686.0,2850000.0,23
Kensington And Chelsea,2020-08-01,Leasehold,1353848.981818182,1020000.0,55
Kensington And Chelsea,2020-09-01,Freehold,4007371.4210526315,2903250.0,38
Kensington And Chelsea,2020-09-01,Leasehold,1454075.371681416,1000000.0,113
Kensington And Chelsea,2020-10-01,Freehold,5018450.909090909,2875000.0,33
Kensington And Chelsea,2020-10-01,Leasehold,1184506.0740740742,921500.0,108
Kensington And Chelsea,2020-11-01,Freehold,5214121.694444444,4174600.0,36
Kensington And Chelsea,2020-11-01,Leasehold,1606659.79,1057500.0,100
Kensington And Chelsea,2020-12-01,Freehold,4176479.1666666665,3025000.0,24
Kensington And Chelsea,2020-12-01,Leasehold,1684296.5648148148,1155625.0,108
Kensington And Chelsea,2021-01-01,Freehold,6912250.263157895,4440500.0,38
Kensington And Chelsea,2021-01-01,Leasehold,1173361.7283950618,887500.0,81
Kensington And Chelsea,2021-02-01,Freehold,4568031.21875,3350000.0,32
Kensington And Chelsea,2021-02-01,Leasehold,1407514.7407407407,992500.0,108
Kensington And Chelsea,2021-03-01,Freehold,3877046.4109589043,3075000.0,73
Kensington And Chelsea,2021-03-01,Leasehold,1330980.5420560748,1006345.0,214
Kensington And Chelsea,2021-04-01,Freehold,3263878.125,1975000.0,32
Kensington And Chelsea,2021-04-01,Leasehold,1377616.303030303,1000000.0,99
Kensington And Chelsea,2021-05-01,Freehold,3981763.888888889,3342500.0,36
Kensington And Chelsea,2021-05-01,Leasehold,1263871.6304347827,931250.0,92
Kensington And Chelsea,2021-06-01,Freehold,4427323.8965517245,3100000.0,87
Kensington And Chelsea,2021-06-01,Leasehold,1180068.7529069767,832537.5,344
Kensington And Chelsea,2021-07-01,Freehold,5407429.5,4825000.0,18
Kensington And Chelsea,2021-07-01,Leasehold,1728156.25,1260000.0,32
Kensington And Chelsea,2021-08-01,Freehold,4176832.222222222,3410000.0,45
Kensington And Chelsea,2021-08-01,Leasehold,2552865.2025316455,1285000.0,79
Kensington And Chelsea,2021-09-01,Freehold,6203965.555555556,4350000.0,45
Kensington And Chelsea,2021-09-01,Leasehold,1563344.1902173914,1081900.0,184
Kensington And Chelsea,2021-10-01,Freehold,4461800.0,3900000.0,25
Kensington And Chelsea,2021-10-01,Leasehold,2023942.5,1024875.0,70
Kensington And Chelsea,2021-11-01,Freehold,4418800.0,3437500.0,30
Kensington And Chelsea,2021-11-01,Leasehold,1550713.7368421052,1052800.0,95
Kensington And Chelsea,2021-12-01,Freehold,5443744.0,3800000.0,25
Kensington And Chelsea,2021-12-01,Leasehold,1406050.7413793104,1034828.5,116
Kensington And Chelsea,2022-01-01,Freehold,5309884.928571428,4433586.5,42
Kensington And Chelsea,2022-01-01,Leasehold,1603442.4220183487,1029300.0,109
Kensington And Chelsea,2022-02-01,Freehold,4758027.827586207,3250000.0,29
Kensington And Chelsea,2022-02-01,Leasehold,1784628.1515151516,1225000.0,99
Kensington And Chelsea,2022-03-01,Freehold,5878662.119047619,4250000.0,42
Kensington And Chelsea,2022-03-01,Leasehold,1537812.9627329193,1150000.0,161
Kensington And Chelsea,2022-04-01,Freehold,5023888.621621622,3700000.0,37
Kensington And Chelsea,2022-04-01,Leasehold,1808159.8688524591,1332500.0,122
Kensington And Chelsea,2022-05-01,Freehold,6133194.444444444,3500000.0,36
Kensington And Chelsea,2022-05-01,Leasehold,1693529.2857142857,1197500.0,126
Kensington And Chelsea,2022-06-01,Freehold,4578454.042553191,3650000.0,47
Kensington And Chelsea,2022-06-01,Leasehold,1605612.896,995000.0,125
Kensington And Chelsea,2022-07-01,Freehold,6005773.431372549,3950000.0,51
Kensington And Chelsea,2022-07-01,Leasehold,1896293.8076923077,1197500.0,130
Kensington And Chelsea,2022-08-01,Freehold,7323944.871794872,4750000.0,39
Kensington And Chelsea,2022-08-01,Leasehold,1600707.2109375,1163500.0,128
Kensington And Chelsea,2022-09-01,Freehold,5425270.116279069,4300000.0,43
Kensington And Chelsea,2022-09-01,Leasehold,1588230.576388889,1157500.0,144
Kensington And Chelsea,2022-10-01,Freehold,4608030.303030303,3500000.0,33
Kensington And Chelsea,2022-10-01,Leasehold,1294829.1666666667,910000.0,120
Kensington And Chelsea,2022-11-01,Freehold,4878928.571428572,3725000.0,35
Kensington And Chelsea,2022-11-01,Leasehold,1445071.6363636365,1084500.0,110
Kensington And Chelsea,2022-12-01,Freehold,4876435.483870967,2975000.0,31
Kensington And Chelsea,2022-12-01,Leasehold,1656925.8898305085,996250.0,118
Kensington And Chelsea,2023-01-01,Freehold,6588285.483870967,3850000.0,31
Kensington And Chelsea,2023-01-01,Leasehold,1518325.7254901961,1022500.0,102
Kensington And Chelsea,2023-02-01,Freehold,4850690.909090909,3337500.0,22
Kensington And Chelsea,2023-02-01,Leasehold,1709142.4487179487,1030000.0,78
Kensington And Chelsea,2023-03-01,Freehold,4675156.28125,3225000.0,32
Kensington And Chelsea,2023-03-01,Leasehold,1510035.5321100918,1100000.0,109
Kensington And Chelsea,2023-04-01,Freehold,4406279.047619048,3450000.0,21
Kensington And Chelsea,2023-04-01,Leasehold,1629644.6419753085,960000.0,81
Kensington And Chelsea,2023-05-01,Freehold,7185769.230769231,5050000.0,26
Kensington And Chelsea,2023-05-01,Leasehold,1668797.8333333333,1150000.0,90
Kensington And Chelsea,2023-06-01,Freehold,6384487.5,3957500.0,40
Kensington And Chelsea,2023-06-01,Leasehold,1401781.1083333334,1065000.0,120
Kensington And Chelsea,2023-07-01,Freehold,4393941.75,3230000.0,32
Kensington And Chelsea,2023-07-01,Leasehold,1269263.2166666666,973750.0,120
Kensington And Chelsea,2023-08-01,Freehold,5198519.054054054,3600000.0,37
Kensington And Chelsea,2023-08-01,Leasehold,1631041.7,1100000.0,120
Kensington And Chelsea,2023-09-01,Freehold,5138000.0,3438000.0,42
Kensington And Chelsea,2023-09-01,Leasehold,1470319.6350364964,1070000.0,137
Kensington And Chelsea,2023-10-01,Freehold,3909401.03125,3385000.0,32
Kensington And Chelsea,2023-10-01,Leasehold,2071149.7676767677,1090000.0,99
Kensington And Chelsea,2023-11-01,Freehold,3626635.4411764704,2555000.0,34
Kensington And Chelsea,2023-11-01,Leasehold,1130253.2608695652,890000.0,92
Kensington And Chelsea,2023-12-01,Freehold,3482434.8695652173,2650000.0,23
Kensington And Chelsea,2023-12-01,Leasehold,1661785.9893617022,867500.0,94
Kensington And Chelsea,2024-01-01,Freehold,4668573.32,4625000.0,25
Kensington And Chelsea,2024-01-01,Leasehold,1599718.619047619,1050000.0,105
Kensington And Chelsea,2024-02-01,Freehold,5570937.5,3850000.0,16
Kensington And Chelsea,2024-02-01,Leasehold,1295495.8333333333,934000.0,96
Kensington And Chelsea,2024-03-01,Freehold,5967697.777777778,3245000.0,18
Kensington And Chelsea,2024-03-01,Leasehold,1826830.2293577981,995000.0,109
Kensington And Chelsea,2024-04-01,Freehold,4568047.068965517,3300000.0,29
Kensington And Chelsea,2024-04-01,Leasehold,1294935.8376068375,932000.0,117
Kensington And Chelsea,2024-05-01,Freehold,4586299.516129033,3600000.0,31
Kensington And Chelsea,2024-05-01,Leasehold,1516776.906779661,1055000.0,118
Kensington And Chelsea,2024-06-01,Freehold,5717318.9677419355,3800000.0,31
Kensington And Chelsea,2024-06-01,Leasehold,1749958.8267716535,1000000.0,127
Kensington And Chelsea,2024-07-01,Freehold,4104796.1666666665,3050000.0,30
Kensington And Chelsea,2024-07-01,Leasehold,1275073.2033898304,930000.0,118
Kensington And Chelsea,2024-08-01,Freehold,3551227.272727273,2583000.0,33
Kensington And Chelsea,2024-08-01,Leasehold,1478169.734375,1100000.0,128
Kensington And Chelsea,2024-09-01,Freehold,5119277.769230769,3150000.0,39
Kensington And Chelsea,2024-09-01,Leasehold,1612635.1984126985,1135000.0,126
Kensington And Chelsea,2024-10-01,Freehold,4111451.4516129033,2780000.0,31
Kensington And Chelsea,2024-10-01,Leasehold,1630033.208588957,1050000.0,163
Kensington And Chelsea,2024-11-01,Freehold,3761996.1818181816,2882500.0,22
Kensington And Chelsea,2024-11-01,Leasehold,1472944.088888889,961250.0,90
Kensington And Chelsea,2024-12-01,Freehold,4778388.409090909,3200000.0,22
Kensington And Chelsea,2024-12-01,Leasehold,1378963.625,950000.0,120
Kensington And Chelsea,2025-01-01,Freehold,3983724.8,2515000.0,40
Kensington And Chelsea,2025-01-01,Leasehold,1377100.8440366972,1060000.0,109
Kensington And Chelsea,2025-02-01,Freehold,3591442.8928571427,3000000.0,28
Kensington And Chelsea,2025-02-01,Leasehold,1717432.9793814432,1075000.0,97
Kensington And Chelsea,2025-03-01,Freehold,3367897.777777778,2442400.0,45
Kensington And Chelsea,2025-03-01,Leasehold,1093813.6206896552,757500.0,232
Kensington And Chelsea,2025-04-01,Freehold,5487016.736842105,3772500.0,19
Kensington And Chelsea,2025-04-01,Leasehold,1732007.3529411764,1125000.0,68
Kensington And Chelsea,2025-05-01,Freehold,4909512.448275862,3600000.0,29
Kensington And Chelsea,2025-05-01,Leasehold,1540879.0404040404,1120000.0,99
Kensington And Chelsea,2025-06-01,Freehold,4994276.19047619,2280000.0,21
Kensington And Chelsea,2025-06-01,Leasehold,1441360.5106382978,1255500.0,94
Kensington And Chelsea,2025-07-01,Freehold,6210097.222222222,4275000.0,27
Kensington And Chelsea,2025-07-01,Leasehold,1284140.756302521,985000.0,119
Kensington And Chelsea,2025-08-01,Freehold,4616026.785714285,3443750.0,28
Kensington And Chelsea,2025-08-01,Leasehold,1214310.551020408,832500.0,98
Kensington And Chelsea,2025-09-01,Freehold,4067009.6666666665,3890000.0,30
Kensington And Chelsea,2025-09-01,Leasehold,1162414.6464646466,940000.0,99
Kensington And Chelsea,2025-10-01,Freehold,5565833.333333333,4575000.0,27
Kensington And Chelsea,2025-10-01,Leasehold,1152422.4,875000.0,105
Kensington And Chelsea,2025-11-01,Freehold,4209192.307692308,3075000.0,26
Kensington And Chelsea,2025-11-01,Leasehold,1095892.16,870000.0,75
Kensington And Chelsea,2025-12-01,Freehold,3652666.6666666665,3700000.0,12
Kensington And Chelsea,2025-12-01,Leasehold,1142078.5714285714,815000.0,70
Kensington And Chelsea,2026-01-01,Freehold,5602272.7272727275,3700000.0,11
Kensington And Chelsea,2026-01-01,Leasehold,1098022.9038461538,922500.0,52
Kensington And Chelsea,2026-02-01,Freehold,7286277.777777778,7100000.0,9
Kensington And Chelsea,2026-02-01,Leasehold,986301.3939393939,795000.0,33
Kensington And Chelsea,2026-03-01,Freehold,6080000.0,1900000.0,8
Kensington And Chelsea,2026-03-01,Leasehold,1009954.2553191489,790000.0,47
Kensington And Chelsea,2026-04-01,Freehold,3381863.6363636362,2200000.0,11
Kensington And Chelsea,2026-04-01,Leasehold,986551.3888888889,915000.0,36
Kensington And Chelsea,2026-05-01,Freehold,3250000.0,3250000.0,2
Kensington And Chelsea,2026-05-01,Leasehold,950619.0476190476,722500.0,21
Kingston Upon Thames,2006-01-01,Freehold,338139.70588235295,285000.0,170
Kingston Upon Thames,2006-01-01,Leasehold,210415.97345132745,200000.0,113
Kingston Upon Thames,2006-02-01,Freehold,384797.9096045198,290000.0,177
Kingston Upon Thames,2006-02-01,Leasehold,200205.82113821138,192500.0,123
Kingston Upon Thames,2006-03-01,Freehold,322790.28571428574,298500.0,189
Kingston Upon Thames,2006-03-01,Leasehold,196983.9552238806,191500.0,134
Kingston Upon Thames,2006-04-01,Freehold,336574.0267379679,290000.0,187
Kingston Upon Thames,2006-04-01,Leasehold,216614.5982142857,187725.0,112
Kingston Upon Thames,2006-05-01,Freehold,334412.8815165877,275000.0,211
Kingston Upon Thames,2006-05-01,Leasehold,204681.33076923076,194500.0,130
Kingston Upon Thames,2006-06-01,Freehold,347881.74774774775,299500.0,222
Kingston Upon Thames,2006-06-01,Leasehold,217774.9923076923,207750.0,130
Kingston Upon Thames,2006-07-01,Freehold,363955.8,310000.0,255
Kingston Upon Thames,2006-07-01,Leasehold,204128.83783783784,205000.0,148
Kingston Upon Thames,2006-08-01,Freehold,376889.3357933579,324950.0,271
Kingston Upon Thames,2006-08-01,Leasehold,220769.88235294117,210000.0,170
Kingston Upon Thames,2006-09-01,Freehold,369161.28571428574,325000.0,259
Kingston Upon Thames,2006-09-01,Leasehold,209535.12837837837,201125.0,148
Kingston Upon Thames,2006-10-01,Freehold,378440.89351851854,345000.0,216
Kingston Upon Thames,2006-10-01,Leasehold,216142.6976744186,208000.0,172
Kingston Upon Thames,2006-11-01,Freehold,375419.03723404254,325000.0,188
Kingston Upon Thames,2006-11-01,Leasehold,220124.36363636365,216000.0,165
Kingston Upon Thames,2006-12-01,Freehold,413571.18894009216,345000.0,217
Kingston Upon Thames,2006-12-01,Leasehold,232965.76551724138,232000.0,145
Kingston Upon Thames,2007-01-01,Freehold,423874.36708860757,342500.0,158
Kingston Upon Thames,2007-01-01,Leasehold,224007.42592592593,215500.0,108
Kingston Upon Thames,2007-02-01,Freehold,357408.9294871795,336000.0,156
Kingston Upon Thames,2007-02-01,Leasehold,229936.85815602838,215000.0,141
Kingston Upon Thames,2007-03-01,Freehold,384478.9466019418,325000.0,206
Kingston Upon Thames,2007-03-01,Leasehold,230319.3076923077,220000.0,143
Kingston Upon Thames,2007-04-01,Freehold,399429.6614583333,340000.0,192
Kingston Upon Thames,2007-04-01,Leasehold,248236.0,238500.0,154
Kingston Upon Thames,2007-05-01,Freehold,404990.44897959183,356250.0,196
Kingston Upon Thames,2007-05-01,Leasehold,253510.35897435897,249725.0,156
Kingston Upon Thames,2007-06-01,Freehold,473260.387434555,355000.0,191
Kingston Upon Thames,2007-06-01,Leasehold,246054.6265060241,240000.0,166
Kingston Upon Thames,2007-07-01,Freehold,451480.32627118647,389000.0,236
Kingston Upon Thames,2007-07-01,Leasehold,259578.2893081761,248000.0,159
Kingston Upon Thames,2007-08-01,Freehold,422892.375,380000.0,248
Kingston Upon Thames,2007-08-01,Leasehold,246089.61267605633,246000.0,142
Kingston Upon Thames,2007-09-01,Freehold,442688.89673913043,365250.0,184
Kingston Upon Thames,2007-09-01,Leasehold,243831.30817610063,239950.0,159
Kingston Upon Thames,2007-10-01,Freehold,488562.1111111111,369500.0,180
Kingston Upon Thames,2007-10-01,Leasehold,240925.7037037037,234976.0,162
Kingston Upon Thames,2007-11-01,Freehold,418921.4071856287,380000.0,167
Kingston Upon Thames,2007-11-01,Leasehold,256674.45323741008,248000.0,139
Kingston Upon Thames,2007-12-01,Freehold,426776.9375,364500.0,112
Kingston Upon Thames,2007-12-01,Leasehold,246718.58974358975,246750.0,78
Kingston Upon Thames,2008-01-01,Freehold,402251.44444444444,364000.0,90
Kingston Upon Thames,2008-01-01,Leasehold,243223.2394366197,240000.0,71
Kingston Upon Thames,2008-02-01,Freehold,422638.8024691358,365000.0,81
Kingston Upon Thames,2008-02-01,Leasehold,254711.78048780488,243275.0,82
Kingston Upon Thames,2008-03-01,Freehold,431367.93548387097,370000.0,93
Kingston Upon Thames,2008-03-01,Leasehold,243518.85294117648,240750.0,68
Kingston Upon Thames,2008-04-01,Freehold,461629.0833333333,384975.0,96
Kingston Upon Thames,2008-04-01,Leasehold,259005.09411764707,247500.0,85
Kingston Upon Thames,2008-05-01,Freehold,410341.4466019418,342000.0,103
Kingston Upon Thames,2008-05-01,Leasehold,253324.66666666666,245000.0,81
Kingston Upon Thames,2008-06-01,Freehold,457772.9772727273,390000.0,88
Kingston Upon Thames,2008-06-01,Leasehold,235363.57142857142,223750.0,70
Kingston Upon Thames,2008-07-01,Freehold,513430.7433628319,383000.0,113
Kingston Upon Thames,2008-07-01,Leasehold,229261.10204081633,235000.0,49
Kingston Upon Thames,2008-08-01,Freehold,486804.70930232556,365000.0,86
Kingston Upon Thames,2008-08-01,Leasehold,237131.81818181818,245000.0,55
Kingston Upon Thames,2008-09-01,Freehold,415359.6818181818,319000.0,66
Kingston Upon Thames,2008-09-01,Leasehold,266460.6382978723,242000.0,47
Kingston Upon Thames,2008-10-01,Freehold,379492.40506329114,322000.0,79
Kingston Upon Thames,2008-10-01,Leasehold,225779.79166666666,210000.0,48
Kingston Upon Thames,2008-11-01,Freehold,449645.0,342500.0,40
Kingston Upon Thames,2008-11-01,Leasehold,226636.73529411765,216500.0,34
Kingston Upon Thames,2008-12-01,Freehold,411113.1,357500.0,50
Kingston Upon Thames,2008-12-01,Leasehold,201651.4705882353,200000.0,34
Kingston Upon Thames,2009-01-01,Freehold,411219.29824561405,295000.0,57
Kingston Upon Thames,2009-01-01,Leasehold,209126.9714285714,207500.0,35
Kingston Upon Thames,2009-02-01,Freehold,327484.14634146343,294000.0,41
Kingston Upon Thames,2009-02-01,Leasehold,195845.0,193500.0,30
Kingston Upon Thames,2009-03-01,Freehold,373198.4375,307500.0,64
Kingston Upon Thames,2009-03-01,Leasehold,193873.07692307694,195000.0,26
Kingston Upon Thames,2009-04-01,Freehold,345820.3947368421,285000.0,76
Kingston Upon Thames,2009-04-01,Leasehold,198708.7837837838,193000.0,37
Kingston Upon Thames,2009-05-01,Freehold,351911.9298245614,325000.0,114
Kingston Upon Thames,2009-05-01,Leasehold,200350.63829787233,200000.0,47
Kingston Upon Thames,2009-06-01,Freehold,332057.6404494382,312250.0,89
Kingston Upon Thames,2009-06-01,Leasehold,227198.64864864864,217000.0,37
Kingston Upon Thames,2009-07-01,Freehold,355038.60759493674,302500.0,158
Kingston Upon Thames,2009-07-01,Leasehold,205637.12121212122,200000.0,66
Kingston Upon Thames,2009-08-01,Freehold,412608.3781512605,340000.0,119
Kingston Upon Thames,2009-08-01,Leasehold,220465.7894736842,225000.0,57
Kingston Upon Thames,2009-09-01,Freehold,419034.27857142856,353500.0,140
Kingston Upon Thames,2009-09-01,Leasehold,217206.0606060606,207500.0,66
Kingston Upon Thames,2009-10-01,Freehold,407878.048,347450.0,125
Kingston Upon Thames,2009-10-01,Leasehold,222812.31506849316,225000.0,73
Kingston Upon Thames,2009-11-01,Freehold,396471.54545454547,358975.0,132
Kingston Upon Thames,2009-11-01,Leasehold,208578.75,210000.0,80
Kingston Upon Thames,2009-12-01,Freehold,453133.72093023255,340000.0,129
Kingston Upon Thames,2009-12-01,Leasehold,232272.86170212767,219000.0,94
Kingston Upon Thames,2010-01-01,Freehold,418555.8155339806,371500.0,103
Kingston Upon Thames,2010-01-01,Leasehold,218981.52307692307,209500.0,65
Kingston Upon Thames,2010-02-01,Freehold,415025.62765957444,360000.0,94
Kingston Upon Thames,2010-02-01,Leasehold,189646.66666666666,180500.0,75
Kingston Upon Thames,2010-03-01,Freehold,450966.4396551724,380000.0,116
Kingston Upon Thames,2010-03-01,Leasehold,243662.68656716417,234000.0,67
Kingston Upon Thames,2010-04-01,Freehold,481536.8918918919,375000.0,111
Kingston Upon Thames,2010-04-01,Leasehold,257001.875,229975.0,80
Kingston Upon Thames,2010-05-01,Freehold,445391.01123595505,399950.0,89
Kingston Upon Thames,2010-05-01,Leasehold,279679.8387096774,233000.0,62
Kingston Upon Thames,2010-06-01,Freehold,400014.69852941175,365000.0,136
Kingston Upon Thames,2010-06-01,Leasehold,246384.34343434343,240000.0,99
Kingston Upon Thames,2010-07-01,Freehold,531772.2602739726,439000.0,146
Kingston Upon Thames,2010-07-01,Leasehold,249160.67073170733,244775.0,82
Kingston Upon Thames,2010-08-01,Freehold,443669.7517241379,371000.0,145
Kingston Upon Thames,2010-08-01,Leasehold,243631.25,245000.0,92
Kingston Upon Thames,2010-09-01,Freehold,425779.91338582675,375500.0,127
Kingston Upon Thames,2010-09-01,Leasehold,239520.4252873563,238000.0,87
Kingston Upon Thames,2010-10-01,Freehold,434246.1206896552,391000.0,116
Kingston Upon Thames,2010-10-01,Leasehold,231302.04411764705,226250.0,68
Kingston Upon Thames,2010-11-01,Freehold,466697.5939849624,347000.0,133
Kingston Upon Thames,2010-11-01,Leasehold,430608.06451612903,243750.0,62
Kingston Upon Thames,2010-12-01,Freehold,467497.2,410000.0,125
Kingston Upon Thames,2010-12-01,Leasehold,235871.05263157896,229975.0,76
Kingston Upon Thames,2011-01-01,Freehold,443215.4578313253,385000.0,83
Kingston Upon Thames,2011-01-01,Leasehold,240423.6181818182,229000.0,55
Kingston Upon Thames,2011-02-01,Freehold,386240.9893617021,340000.0,94
Kingston Upon Thames,2011-02-01,Leasehold,223430.1875,217500.0,48
Kingston Upon Thames,2011-03-01,Freehold,473333.84146341466,385000.0,82
Kingston Upon Thames,2011-03-01,Leasehold,244563.70175438595,225000.0,57
Kingston Upon Thames,2011-04-01,Freehold,444451.2873563218,370000.0,87
Kingston Upon Thames,2011-04-01,Leasehold,240934.61538461538,231000.0,78
Kingston Upon Thames,2011-05-01,Freehold,450059.45945945947,410000.0,111
Kingston Upon Thames,2011-05-01,Leasehold,253122.5806451613,244000.0,62
Kingston Upon Thames,2011-06-01,Freehold,412753.0703125,360000.0,128
Kingston Upon Thames,2011-06-01,Leasehold,247128.16091954024,237500.0,87
Kingston Upon Thames,2011-07-01,Freehold,462345.7686567164,371750.0,134
Kingston Upon Thames,2011-07-01,Leasehold,256266.9540229885,240000.0,87
Kingston Upon Thames,2011-08-01,Freehold,465765.8496732026,394500.0,153
Kingston Upon Thames,2011-08-01,Leasehold,260979.29761904763,250000.0,84
Kingston Upon Thames,2011-09-01,Freehold,420098.8559322034,375750.0,118
Kingston Upon Thames,2011-09-01,Leasehold,227468.24324324325,219000.0,74
Kingston Upon Thames,2011-10-01,Freehold,439859.0,374950.0,119
Kingston Upon Thames,2011-10-01,Leasehold,259051.38888888888,245000.0,72
Kingston Upon Thames,2011-11-01,Freehold,470851.953125,377500.0,128
Kingston Upon Thames,2011-11-01,Leasehold,234210.04761904763,236250.0,84
Kingston Upon Thames,2011-12-01,Freehold,421481.19548872183,370000.0,133
Kingston Upon Thames,2011-12-01,Leasehold,256059.13978494622,248000.0,93
Kingston Upon Thames,2012-01-01,Freehold,420065.74468085106,369000.0,94
Kingston Upon Thames,2012-01-01,Leasehold,259561.40350877194,249950.0,57
Kingston Upon Thames,2012-02-01,Freehold,438841.797752809,343000.0,89
Kingston Upon Thames,2012-02-01,Leasehold,250235.27272727274,235000.0,55
Kingston Upon Thames,2012-03-01,Freehold,399863.2833333333,336950.0,120
Kingston Upon Thames,2012-03-01,Leasehold,225714.34065934067,225000.0,91
Kingston Upon Thames,2012-04-01,Freehold,469184.0103092783,415000.0,97
Kingston Upon Thames,2012-04-01,Leasehold,269341.0,240000.0,50
Kingston Upon Thames,2012-05-01,Freehold,457770.5181818182,412500.0,110
Kingston Upon Thames,2012-05-01,Leasehold,270658.5714285714,244500.0,70
Kingston Upon Thames,2012-06-01,Freehold,443042.5431034483,412500.0,116
Kingston Upon Thames,2012-06-01,Leasehold,264267.7631578947,250000.0,76
Kingston Upon Thames,2012-07-01,Freehold,481678.5714285714,420000.0,133
Kingston Upon Thames,2012-07-01,Leasehold,228774.98684210525,226500.0,76
Kingston Upon Thames,2012-08-01,Freehold,541178.6234567901,417500.0,162
Kingston Upon Thames,2012-08-01,Leasehold,249520.40404040404,242500.0,99
Kingston Upon Thames,2012-09-01,Freehold,477854.6875,393500.0,128
Kingston Upon Thames,2012-09-01,Leasehold,276934.5070422535,250000.0,71
Kingston Upon Thames,2012-10-01,Freehold,476932.2180451128,405000.0,133
Kingston Upon Thames,2012-10-01,Leasehold,261127.275,249975.0,80
Kingston Upon Thames,2012-11-01,Freehold,413512.3333333333,360000.0,129
Kingston Upon Thames,2012-11-01,Leasehold,268364.1037735849,249950.0,106
Kingston Upon Thames,2012-12-01,Freehold,514026.2931034483,406750.0,116
Kingston Upon Thames,2012-12-01,Leasehold,310169.5652173913,274500.0,92
Kingston Upon Thames,2013-01-01,Freehold,504956.4516129032,390000.0,93
Kingston Upon Thames,2013-01-01,Leasehold,267051.6865671642,260000.0,67
Kingston Upon Thames,2013-02-01,Freehold,431540.7888888889,394000.0,90
Kingston Upon Thames,2013-02-01,Leasehold,251702.45901639343,250000.0,61
Kingston Upon Thames,2013-03-01,Freehold,530113.774509804,383000.0,102
Kingston Upon Thames,2013-03-01,Leasehold,261687.5,250000.0,70
Kingston Upon Thames,2013-04-01,Freehold,622501.9174311927,470000.0,109
Kingston Upon Thames,2013-04-01,Leasehold,258748.18181818182,237500.0,55
Kingston Upon Thames,2013-05-01,Freehold,533297.7272727273,440000.0,132
Kingston Upon Thames,2013-05-01,Leasehold,265107.95454545453,263500.0,88
Kingston Upon Thames,2013-06-01,Freehold,505600.15079365077,420000.0,126
Kingston Upon Thames,2013-06-01,Leasehold,278757.4074074074,272500.0,108
Kingston Upon Thames,2013-07-01,Freehold,487822.0714285714,431000.0,154
Kingston Upon Thames,2013-07-01,Leasehold,295819.1538461539,268500.0,130
Kingston Upon Thames,2013-08-01,Freehold,497371.23668639053,445000.0,169
Kingston Upon Thames,2013-08-01,Leasehold,274037.54887218046,250000.0,133
Kingston Upon Thames,2013-09-01,Freehold,501195.9463087248,430000.0,149
Kingston Upon Thames,2013-09-01,Leasehold,288552.037037037,270000.0,108
Kingston Upon Thames,2013-10-01,Freehold,489980.9756097561,455000.0,164
Kingston Upon Thames,2013-10-01,Leasehold,281732.6,267750.0,130
Kingston Upon Thames,2013-11-01,Freehold,505370.3865030675,435000.0,163
Kingston Upon Thames,2013-11-01,Leasehold,336196.72897196264,299250.0,107
Kingston Upon Thames,2013-12-01,Freehold,539601.59375,462500.0,128
Kingston Upon Thames,2013-12-01,Leasehold,288278.4601769911,270000.0,113
Kingston Upon Thames,2014-01-01,Freehold,546640.3798449612,480000.0,129
Kingston Upon Thames,2014-01-01,Leasehold,288831.57281553396,269950.0,103
Kingston Upon Thames,2014-02-01,Freehold,605772.2166666667,449974.0,120
Kingston Upon Thames,2014-02-01,Leasehold,298164.7727272727,286000.0,88
Kingston Upon Thames,2014-03-01,Freehold,566172.5779816514,485000.0,109
Kingston Upon Thames,2014-03-01,Leasehold,300078.25,288000.0,92
Kingston Upon Thames,2014-04-01,Freehold,558745.2302158274,510000.0,139
Kingston Upon Thames,2014-04-01,Leasehold,318487.8118811881,295850.0,101
Kingston Upon Thames,2014-05-01,Freehold,516137.49074074073,462500.0,108
Kingston Upon Thames,2014-05-01,Leasehold,311087.15887850465,308000.0,107
Kingston Upon Thames,2014-06-01,Freehold,590019.6260162601,489950.0,123
Kingston Upon Thames,2014-06-01,Leasehold,327400.55462184874,287500.0,119
Kingston Upon Thames,2014-07-01,Freehold,609326.9635036497,513500.0,137
Kingston Upon Thames,2014-07-01,Leasehold,405505.2594936709,330000.0,158
Kingston Upon Thames,2014-08-01,Freehold,608118.0164835164,498000.0,182
Kingston Upon Thames,2014-08-01,Leasehold,354686.07272727275,330750.0,110
Kingston Upon Thames,2014-09-01,Freehold,655586.7286821705,499950.0,129
Kingston Upon Thames,2014-09-01,Leasehold,368487.3017751479,335750.0,169
Kingston Upon Thames,2014-10-01,Freehold,567114.6666666666,551500.0,144
Kingston Upon Thames,2014-10-01,Leasehold,347616.26666666666,330000.0,150
Kingston Upon Thames,2014-11-01,Freehold,708381.9758064516,563500.0,124
Kingston Upon Thames,2014-11-01,Leasehold,384387.0689655172,338475.0,116
Kingston Upon Thames,2014-12-01,Freehold,628589.7936507936,528975.0,126
Kingston Upon Thames,2014-12-01,Leasehold,310995.26785714284,290000.0,112
Kingston Upon Thames,2015-01-01,Freehold,598978.0111111111,541000.0,90
Kingston Upon Thames,2015-01-01,Leasehold,330034.8,320000.0,90
Kingston Upon Thames,2015-02-01,Freehold,574718.9902912622,524950.0,103
Kingston Upon Thames,2015-02-01,Leasehold,339659.35365853657,315000.0,82
Kingston Upon Thames,2015-03-01,Freehold,611134.3298969072,550000.0,97
Kingston Upon Thames,2015-03-01,Leasehold,336043.3734939759,302500.0,83
Kingston Upon Thames,2015-04-01,Freehold,694456.0683760684,550000.0,117
Kingston Upon Thames,2015-04-01,Leasehold,338525.5833333333,314500.0,84
Kingston Upon Thames,2015-05-01,Freehold,579107.6132075472,510500.0,106
Kingston Upon Thames,2015-05-01,Leasehold,347672.60638297873,320000.0,94
Kingston Upon Thames,2015-06-01,Freehold,634570.456,540000.0,125
Kingston Upon Thames,2015-06-01,Leasehold,319734.2156862745,311250.0,102
Kingston Upon Thames,2015-07-01,Freehold,606140.9090909091,557500.0,143
Kingston Upon Thames,2015-07-01,Leasehold,351157.4770642202,330000.0,109
Kingston Upon Thames,2015-08-01,Freehold,719451.3971631206,585000.0,141
Kingston Upon Thames,2015-08-01,Leasehold,348466.72043010755,339950.0,93
Kingston Upon Thames,2015-09-01,Freehold,559231.6176470588,515000.0,102
Kingston Upon Thames,2015-09-01,Leasehold,357740.625,318000.0,96
Kingston Upon Thames,2015-10-01,Freehold,660909.175,577500.0,160
Kingston Upon Thames,2015-10-01,Leasehold,356407.14285714284,335000.0,98
Kingston Upon Thames,2015-11-01,Freehold,589821.25,557500.0,120
Kingston Upon Thames,2015-11-01,Leasehold,334186.1386138614,330000.0,101
Kingston Upon Thames,2015-12-01,Freehold,636341.8139534884,525000.0,129
Kingston Upon Thames,2015-12-01,Leasehold,355936.8181818182,350000.0,99
Kingston Upon Thames,2016-01-01,Freehold,685076.2376237623,555000.0,101
Kingston Upon Thames,2016-01-01,Leasehold,355700.0,350000.0,59
Kingston Upon Thames,2016-02-01,Freehold,669442.2018348624,592500.0,109
Kingston Upon Thames,2016-02-01,Leasehold,365757.27173913043,345000.0,92
Kingston Upon Thames,2016-03-01,Freehold,691071.4816753927,600000.0,191
Kingston Upon Thames,2016-03-01,Leasehold,405452.8465116279,395000.0,215
Kingston Upon Thames,2016-04-01,Freehold,681439.6153846154,609500.0,65
Kingston Upon Thames,2016-04-01,Leasehold,363109.7708333333,367500.0,48
Kingston Upon Thames,2016-05-01,Freehold,723884.4647887324,625000.0,71
Kingston Upon Thames,2016-05-01,Leasehold,395597.1052631579,365000.0,57
Kingston Upon Thames,2016-06-01,Freehold,711940.1958762887,608000.0,97
Kingston Upon Thames,2016-06-01,Leasehold,375314.09230769234,375000.0,65
Kingston Upon Thames,2016-07-01,Freehold,667467.0260869565,582500.0,115
Kingston Upon Thames,2016-07-01,Leasehold,372033.4827586207,365000.0,87
Kingston Upon Thames,2016-08-01,Freehold,628253.5398230088,565000.0,113
Kingston Upon Thames,2016-08-01,Leasehold,357375.8064516129,345000.0,62
Kingston Upon Thames,2016-09-01,Freehold,679921.6666666666,562750.0,90
Kingston Upon Thames,2016-09-01,Leasehold,389784.3333333333,398000.0,51
Kingston Upon Thames,2016-10-01,Freehold,646359.1463414634,591250.0,82
Kingston Upon Thames,2016-10-01,Leasehold,338623.13636363635,348750.0,66
Kingston Upon Thames,2016-11-01,Freehold,689946.2446808511,607500.0,94
Kingston Upon Thames,2016-11-01,Leasehold,386893.75,378750.0,56
Kingston Upon Thames,2016-12-01,Freehold,634960.396039604,620000.0,101
Kingston Upon Thames,2016-12-01,Leasehold,393011.06172839506,375000.0,81
Kingston Upon Thames,2017-01-01,Freehold,675057.2463768116,600000.0,69
Kingston Upon Thames,2017-01-01,Leasehold,349403.70588235295,320000.0,51
Kingston Upon Thames,2017-02-01,Freehold,724226.588888889,573750.0,90
Kingston Upon Thames,2017-02-01,Leasehold,366473.2,370000.0,45
Kingston Upon Thames,2017-03-01,Freehold,646746.5416666666,551000.0,96
Kingston Upon Thames,2017-03-01,Leasehold,407190.5641025641,398975.0,78
Kingston Upon Thames,2017-04-01,Freehold,696923.6538461539,583500.0,78
Kingston Upon Thames,2017-04-01,Leasehold,384360.7843137255,372000.0,51
Kingston Upon Thames,2017-05-01,Freehold,739234.5,620000.0,100
Kingston Upon Thames,2017-05-01,Leasehold,391681.16883116885,365000.0,77
Kingston Upon Thames,2017-06-01,Freehold,714396.68,615250.0,100
Kingston Upon Thames,2017-06-01,Leasehold,383170.884057971,372000.0,69
Kingston Upon Thames,2017-07-01,Freehold,629485.5317460317,556250.0,126
Kingston Upon Thames,2017-07-01,Leasehold,414016.6865671642,402000.0,67
Kingston Upon Thames,2017-08-01,Freehold,675945.8965517242,625000.0,145
Kingston Upon Thames,2017-08-01,Leasehold,382990.5797101449,371000.0,69
Kingston Upon Thames,2017-09-01,Freehold,776056.1904761905,660000.0,105
Kingston Upon Thames,2017-09-01,Leasehold,409584.0909090909,385000.0,44
Kingston Upon Thames,2017-10-01,Freehold,656776.3913043478,572500.0,92
Kingston Upon Thames,2017-10-01,Leasehold,372395.96774193546,370000.0,62
Kingston Upon Thames,2017-11-01,Freehold,655369.5454545454,576500.0,110
Kingston Upon Thames,2017-11-01,Leasehold,378707.4054054054,372500.0,74
Kingston Upon Thames,2017-12-01,Freehold,687410.7954545454,646500.0,88
Kingston Upon Thames,2017-12-01,Leasehold,386098.46153846156,380000.0,65
Kingston Upon Thames,2018-01-01,Freehold,660780.0,635000.0,75
Kingston Upon Thames,2018-01-01,Leasehold,383953.40983606555,356000.0,61
Kingston Upon Thames,2018-02-01,Freehold,665942.1428571428,595000.0,70
Kingston Upon Thames,2018-02-01,Leasehold,365836.95652173914,350000.0,46
Kingston Upon Thames,2018-03-01,Freehold,711254.5161290322,630000.0,93
Kingston Upon Thames,2018-03-01,Leasehold,347045.606741573,335000.0,89
Kingston Upon Thames,2018-04-01,Freehold,770377.108433735,589000.0,83
Kingston Upon Thames,2018-04-01,Leasehold,375121.76086956525,335500.0,46
Kingston Upon Thames,2018-05-01,Freehold,727202.6,595000.0,85
Kingston Upon Thames,2018-05-01,Leasehold,403051.3157894737,371250.0,76
Kingston Upon Thames,2018-06-01,Freehold,711851.0762711865,609843.0,118
Kingston Upon Thames,2018-06-01,Leasehold,372521.34920634923,365000.0,63
Kingston Upon Thames,2018-07-01,Freehold,688425.641025641,615000.0,117
Kingston Upon Thames,2018-07-01,Leasehold,402887.3015873016,380000.0,63
Kingston Upon Thames,2018-08-01,Freehold,682659.074074074,580000.0,135
Kingston Upon Thames,2018-08-01,Leasehold,362953.6024096386,350000.0,83
Kingston Upon Thames,2018-09-01,Freehold,660577.1276595745,606250.0,94
Kingston Upon Thames,2018-09-01,Leasehold,467849.04285714286,450400.0,70
Kingston Upon Thames,2018-10-01,Freehold,708203.8793103448,575000.0,116
Kingston Upon Thames,2018-10-01,Leasehold,453243.48514851485,432500.0,101
Kingston Upon Thames,2018-11-01,Freehold,660853.8461538461,580000.0,117
Kingston Upon Thames,2018-11-01,Leasehold,385459.74025974027,352500.0,77
Kingston Upon Thames,2018-12-01,Freehold,693568.2795698924,600000.0,93
Kingston Upon Thames,2018-12-01,Leasehold,375759.0804597701,350000.0,87
Kingston Upon Thames,2019-01-01,Freehold,675453.8876404495,600000.0,89
Kingston Upon Thames,2019-01-01,Leasehold,355460.1111111111,337500.0,63
Kingston Upon Thames,2019-02-01,Freehold,638738.3125,560725.0,80
Kingston Upon Thames,2019-02-01,Leasehold,414401.2073170732,394975.0,82
Kingston Upon Thames,2019-03-01,Freehold,595727.1170212766,550475.0,94
Kingston Upon Thames,2019-03-01,Leasehold,457689.0103092783,430000.0,97
Kingston Upon Thames,2019-04-01,Freehold,644610.1011235955,560000.0,89
Kingston Upon Thames,2019-04-01,Leasehold,421336.6538461539,373997.5,52
Kingston Upon Thames,2019-05-01,Freehold,696038.8796296297,538500.0,108
Kingston Upon Thames,2019-05-01,Leasehold,345734.1666666667,331500.0,60
Kingston Upon Thames,2019-06-01,Freehold,656348.6785714285,576250.0,84
Kingston Upon Thames,2019-06-01,Leasehold,418730.80555555556,410500.0,72
Kingston Upon Thames,2019-07-01,Freehold,729280.3888888889,645000.0,108
Kingston Upon Thames,2019-07-01,Leasehold,466190.1960784314,429250.0,102
Kingston Upon Thames,2019-08-01,Freehold,691117.1428571428,590000.0,140
Kingston Upon Thames,2019-08-01,Leasehold,399533.6666666667,355000.0,75
Kingston Upon Thames,2019-09-01,Freehold,745717.1052631579,635000.0,95
Kingston Upon Thames,2019-09-01,Leasehold,392546.2121212121,385750.0,66
Kingston Upon Thames,2019-10-01,Freehold,791766.8879310344,644500.0,116
Kingston Upon Thames,2019-10-01,Leasehold,368688.2653061224,368500.0,98
Kingston Upon Thames,2019-11-01,Freehold,693384.6534653465,575000.0,101
Kingston Upon Thames,2019-11-01,Leasehold,410676.0,400000.0,103
Kingston Upon Thames,2019-12-01,Freehold,729568.8888888889,600000.0,90
Kingston Upon Thames,2019-12-01,Leasehold,390941.09411764704,380000.0,85
Kingston Upon Thames,2020-01-01,Freehold,747086.4197530864,600000.0,81
Kingston Upon Thames,2020-01-01,Leasehold,369899.0909090909,330000.0,55
Kingston Upon Thames,2020-02-01,Freehold,998713.2210526316,611600.0,95
Kingston Upon Thames,2020-02-01,Leasehold,379171.8253968254,367500.0,63
Kingston Upon Thames,2020-03-01,Freehold,753544.9438202247,590000.0,89
Kingston Upon Thames,2020-03-01,Leasehold,383258.5294117647,345000.0,68
Kingston Upon Thames,2020-04-01,Freehold,734520.6739130435,609000.0,46
Kingston Upon Thames,2020-04-01,Leasehold,460865.0,377500.0,30
Kingston Upon Thames,2020-05-01,Freehold,619485.75,502500.0,32
Kingston Upon Thames,2020-05-01,Leasehold,448634.5238095238,420000.0,21
Kingston Upon Thames,2020-06-01,Freehold,790560.5769230769,582500.0,52
Kingston Upon Thames,2020-06-01,Leasehold,378142.3611111111,357500.0,36
Kingston Upon Thames,2020-07-01,Freehold,786667.3636363636,727000.0,99
Kingston Upon Thames,2020-07-01,Leasehold,409831.0188679245,383000.0,53
Kingston Upon Thames,2020-08-01,Freehold,729109.313559322,640000.0,118
Kingston Upon Thames,2020-08-01,Leasehold,394336.2340425532,368000.0,47
Kingston Upon Thames,2020-09-01,Freehold,726990.4587155964,640000.0,109
Kingston Upon Thames,2020-09-01,Leasehold,382910.71428571426,365000.0,56
Kingston Upon Thames,2020-10-01,Freehold,889726.0317460317,655975.0,126
Kingston Upon Thames,2020-10-01,Leasehold,414241.15853658534,400025.0,82
Kingston Upon Thames,2020-11-01,Freehold,719718.6153846154,620000.0,130
Kingston Upon Thames,2020-11-01,Leasehold,422937.36559139786,410000.0,93
Kingston Upon Thames,2020-12-01,Freehold,716857.074829932,660000.0,147
Kingston Upon Thames,2020-12-01,Leasehold,401725.625,390000.0,80
Kingston Upon Thames,2021-01-01,Freehold,767108.7024793389,660000.0,121
Kingston Upon Thames,2021-01-01,Leasehold,395723.45454545453,390000.0,66
Kingston Upon Thames,2021-02-01,Freehold,771656.5176470588,667500.0,170
Kingston Upon Thames,2021-02-01,Leasehold,411394.2660550459,398100.0,109
Kingston Upon Thames,2021-03-01,Freehold,726168.427480916,630000.0,262
Kingston Upon Thames,2021-03-01,Leasehold,409528.04347826086,380000.0,138
Kingston Upon Thames,2021-04-01,Freehold,693172.9140625,592500.0,128
Kingston Upon Thames,2021-04-01,Leasehold,379318.4210526316,385000.0,95
Kingston Upon Thames,2021-05-01,Freehold,781941.6666666666,600000.0,114
Kingston Upon Thames,2021-05-01,Leasehold,394578.81944444444,382500.0,72
Kingston Upon Thames,2021-06-01,Freehold,770147.8383561644,676500.0,365
Kingston Upon Thames,2021-06-01,Leasehold,416392.2775330396,398000.0,227
Kingston Upon Thames,2021-07-01,Freehold,642750.0,575250.0,34
Kingston Upon Thames,2021-07-01,Leasehold,388830.8823529412,323025.0,34
Kingston Upon Thames,2021-08-01,Freehold,858353.01,705000.0,100
Kingston Upon Thames,2021-08-01,Leasehold,406389.5833333333,362750.0,48
Kingston Upon Thames,2021-09-01,Freehold,797127.0434782609,700000.0,207
Kingston Upon Thames,2021-09-01,Leasehold,381885.546875,356500.0,128
Kingston Upon Thames,2021-10-01,Freehold,842242.4657534247,665000.0,73
Kingston Upon Thames,2021-10-01,Leasehold,397175.47540983604,395000.0,61
Kingston Upon Thames,2021-11-01,Freehold,811428.7464788732,735000.0,71
Kingston Upon Thames,2021-11-01,Leasehold,395672.9885057471,385000.0,87
Kingston Upon Thames,2021-12-01,Freehold,858675.5555555555,682500.0,90
Kingston Upon Thames,2021-12-01,Leasehold,397241.5,378000.0,74
Kingston Upon Thames,2022-01-01,Freehold,797051.7934782609,680000.0,92
Kingston Upon Thames,2022-01-01,Leasehold,409004.13333333336,380000.0,75
Kingston Upon Thames,2022-02-01,Freehold,777595.7790697674,697500.0,86
Kingston Upon Thames,2022-02-01,Leasehold,449483.78205128206,411250.0,78
Kingston Upon Thames,2022-03-01,Freehold,843667.5655737704,727500.0,122
Kingston Upon Thames,2022-03-01,Leasehold,434612.84285714285,390000.0,70
Kingston Upon Thames,2022-04-01,Freehold,799270.4555555555,682500.0,90
Kingston Upon Thames,2022-04-01,Leasehold,439850.421875,400000.0,64
Kingston Upon Thames,2022-05-01,Freehold,815105.5238095238,700000.0,105
Kingston Upon Thames,2022-05-01,Leasehold,413280.53398058255,385000.0,103
Kingston Upon Thames,2022-06-01,Freehold,795246.8461538461,700000.0,104
Kingston Upon Thames,2022-06-01,Leasehold,426382.6504854369,385000.0,103
Kingston Upon Thames,2022-07-01,Freehold,933342.0076335878,765000.0,131
Kingston Upon Thames,2022-07-01,Leasehold,480520.8791208791,440000.0,91
Kingston Upon Thames,2022-08-01,Freehold,856359.35,747500.0,140
Kingston Upon Thames,2022-08-01,Leasehold,461717.496124031,426999.0,129
Kingston Upon Thames,2022-09-01,Freehold,861909.7028985508,752500.0,138
Kingston Upon Thames,2022-09-01,Leasehold,439534.7755102041,420710.0,98
Kingston Upon Thames,2022-10-01,Freehold,943260.7355371901,720000.0,121
Kingston Upon Thames,2022-10-01,Leasehold,430996.5677966102,406777.5,118
Kingston Upon Thames,2022-11-01,Freehold,891018.4186046511,786500.0,86
Kingston Upon Thames,2022-11-01,Leasehold,405387.3109243697,400000.0,119
Kingston Upon Thames,2022-12-01,Freehold,888320.243902439,795000.0,82
Kingston Upon Thames,2022-12-01,Leasehold,438626.11650485435,397000.0,103
Kingston Upon Thames,2023-01-01,Freehold,969470.0657894737,813500.0,76
Kingston Upon Thames,2023-01-01,Leasehold,463793.2471910112,425000.0,89
Kingston Upon Thames,2023-02-01,Freehold,834731.4285714285,727500.0,70
Kingston Upon Thames,2023-02-01,Leasehold,504060.975,412750.0,80
Kingston Upon Thames,2023-03-01,Freehold,891176.1894736842,733500.0,95
Kingston Upon Thames,2023-03-01,Leasehold,525117.075,475000.0,120
Kingston Upon Thames,2023-04-01,Freehold,854664.9295774648,689610.0,71
Kingston Upon Thames,2023-04-01,Leasehold,485003.0612244898,447000.0,49
Kingston Upon Thames,2023-05-01,Freehold,930621.3333333334,735000.0,75
Kingston Upon Thames,2023-05-01,Leasehold,513267.8588235294,489850.0,85
Kingston Upon Thames,2023-06-01,Freehold,836716.2162162162,710000.0,111
Kingston Upon Thames,2023-06-01,Leasehold,437165.14634146343,397500.0,82
Kingston Upon Thames,2023-07-01,Freehold,826198.1782178218,720000.0,101
Kingston Upon Thames,2023-07-01,Leasehold,450637.41071428574,407800.0,56
Kingston Upon Thames,2023-08-01,Freehold,976686.8,790000.0,125
Kingston Upon Thames,2023-08-01,Leasehold,471825.72463768115,405000.0,69
Kingston Upon Thames,2023-09-01,Freehold,810108.8235294118,667500.0,102
Kingston Upon Thames,2023-09-01,Leasehold,401746.8793103448,385000.0,58
Kingston Upon Thames,2023-10-01,Freehold,830869.9431818182,712000.0,88
Kingston Upon Thames,2023-10-01,Leasehold,416673.1506849315,385000.0,73
Kingston Upon Thames,2023-11-01,Freehold,917325.7058823529,735000.0,85
Kingston Upon Thames,2023-11-01,Leasehold,397388.4035087719,360000.0,57
Kingston Upon Thames,2023-12-01,Freehold,749127.34375,700000.0,64
Kingston Upon Thames,2023-12-01,Leasehold,422473.0,404600.0,62
Kingston Upon Thames,2024-01-01,Freehold,675855.3571428572,625000.0,70
Kingston Upon Thames,2024-01-01,Leasehold,385196.7962962963,368250.0,54
Kingston Upon Thames,2024-02-01,Freehold,796000.5157894737,675000.0,95
Kingston Upon Thames,2024-02-01,Leasehold,385098.81481481483,363500.0,54
Kingston Upon Thames,2024-03-01,Freehold,800120.3492063492,705000.0,63
Kingston Upon Thames,2024-03-01,Leasehold,369241.22807017545,360000.0,57
Kingston Upon Thames,2024-04-01,Freehold,858763.0588235294,744000.0,85
Kingston Upon Thames,2024-04-01,Leasehold,403004.3859649123,380000.0,57
Kingston Upon Thames,2024-05-01,Freehold,752743.0693069306,700000.0,101
Kingston Upon Thames,2024-05-01,Leasehold,397173.4693877551,385000.0,49
Kingston Upon Thames,2024-06-01,Freehold,881089.025974026,725000.0,77
Kingston Upon Thames,2024-06-01,Leasehold,409028.4482758621,365000.0,58
Kingston Upon Thames,2024-07-01,Freehold,808967.6548672566,750000.0,113
Kingston Upon Thames,2024-07-01,Leasehold,409336.98630136985,380000.0,73
Kingston Upon Thames,2024-08-01,Freehold,822575.2213740458,680000.0,131
Kingston Upon Thames,2024-08-01,Leasehold,412346.0724637681,391999.0,69
Kingston Upon Thames,2024-09-01,Freehold,851782.0084745763,752500.0,118
Kingston Upon Thames,2024-09-01,Leasehold,404390.13636363635,376250.0,66
Kingston Upon Thames,2024-10-01,Freehold,814499.1603053436,742500.0,131
Kingston Upon Thames,2024-10-01,Leasehold,398925.2987012987,375000.0,77
Kingston Upon Thames,2024-11-01,Freehold,747152.1505376344,650000.0,93
Kingston Upon Thames,2024-11-01,Leasehold,389820.5479452055,360000.0,73
Kingston Upon Thames,2024-12-01,Freehold,742461.2903225806,690000.0,93
Kingston Upon Thames,2024-12-01,Leasehold,397008.7341772152,390000.0,79
Kingston Upon Thames,2025-01-01,Freehold,752652.6543209876,700000.0,81
Kingston Upon Thames,2025-01-01,Leasehold,400931.46428571426,397500.0,56
Kingston Upon Thames,2025-02-01,Freehold,747127.6444444444,694000.0,90
Kingston Upon Thames,2025-02-01,Leasehold,429365.30136986304,411500.0,73
Kingston Upon Thames,2025-03-01,Freehold,756929.2669683258,667500.0,221
Kingston Upon Thames,2025-03-01,Leasehold,409273.04964539007,390000.0,141
Kingston Upon Thames,2025-04-01,Freehold,777302.6315789474,717500.0,38
Kingston Upon Thames,2025-04-01,Leasehold,431287.962962963,385000.0,27
Kingston Upon Thames,2025-05-01,Freehold,794667.5135135135,742500.0,74
Kingston Upon Thames,2025-05-01,Leasehold,370934.55319148937,357674.0,47
Kingston Upon Thames,2025-06-01,Freehold,721935.5277777778,650000.0,72
Kingston Upon Thames,2025-06-01,Leasehold,402968.75,362500.0,48
Kingston Upon Thames,2025-07-01,Freehold,793349.8191489362,747500.0,94
Kingston Upon Thames,2025-07-01,Leasehold,412056.7164179105,400000.0,67
Kingston Upon Thames,2025-08-01,Freehold,979348.1061946902,855000.0,113
Kingston Upon Thames,2025-08-01,Leasehold,381505.5789473684,367200.0,57
Kingston Upon Thames,2025-09-01,Freehold,859027.75,777500.0,88
Kingston Upon Thames,2025-09-01,Leasehold,404543.47826086957,382000.0,46
Kingston Upon Thames,2025-10-01,Freehold,767778.6504854369,735000.0,103
Kingston Upon Thames,2025-10-01,Leasehold,357985.55263157893,357000.0,76
Kingston Upon Thames,2025-11-01,Freehold,839294.1688311688,800000.0,77
Kingston Upon Thames,2025-11-01,Leasehold,433654.406779661,375000.0,59
Kingston Upon Thames,2025-12-01,Freehold,807322.275862069,710000.0,87
Kingston Upon Thames,2025-12-01,Leasehold,382920.0,380000.0,50
Kingston Upon Thames,2026-01-01,Freehold,773125.0,750000.0,45
Kingston Upon Thames,2026-01-01,Leasehold,380132.35294117645,367500.0,34
Kingston Upon Thames,2026-02-01,Freehold,697736.2571428572,642500.0,70
Kingston Upon Thames,2026-02-01,Leasehold,407334.25581395347,370000.0,43
Kingston Upon Thames,2026-03-01,Freehold,702233.7962962963,662500.0,54
Kingston Upon Thames,2026-03-01,Leasehold,418390.7894736842,385500.0,38
Kingston Upon Thames,2026-04-01,Freehold,722620.425,614000.0,40
Kingston Upon Thames,2026-04-01,Leasehold,392157.8947368421,365000.0,19
Kingston Upon Thames,2026-05-01,Freehold,839355.9411764706,850000.0,17
Kingston Upon Thames,2026-05-01,Leasehold,390437.5,395250.0,8
Lambeth,2006-01-01,Freehold,412478.6818181818,380500.0,110
Lambeth,2006-01-01,Leasehold,232017.28421052633,215000.0,285
Lambeth,2006-02-01,Freehold,405058.5263157895,350000.0,95
Lambeth,2006-02-01,Leasehold,221359.9537366548,205000.0,281
Lambeth,2006-03-01,Freehold,401640.26219512196,355000.0,164
Lambeth,2006-03-01,Leasehold,222212.15665796344,205000.0,383
Lambeth,2006-04-01,Freehold,429073.87096774194,387500.0,124
Lambeth,2006-04-01,Leasehold,248076.04199475065,222500.0,381
Lambeth,2006-05-01,Freehold,430401.5306122449,384000.0,147
Lambeth,2006-05-01,Leasehold,231999.30857142858,213000.0,350
Lambeth,2006-06-01,Freehold,434489.68639053253,381500.0,169
Lambeth,2006-06-01,Leasehold,234910.31282051283,222500.0,390
Lambeth,2006-07-01,Freehold,429851.0710382514,375000.0,183
Lambeth,2006-07-01,Leasehold,239201.09414225942,225000.0,478
Lambeth,2006-08-01,Freehold,430717.69585253455,390000.0,217
Lambeth,2006-08-01,Leasehold,247475.6603773585,224950.0,477
Lambeth,2006-09-01,Freehold,477023.30337078654,398850.0,178
Lambeth,2006-09-01,Leasehold,247646.13541666666,230000.0,480
Lambeth,2006-10-01,Freehold,427682.4358974359,358500.0,156
Lambeth,2006-10-01,Leasehold,236029.54337899544,225000.0,438
Lambeth,2006-11-01,Freehold,442207.26219512196,396500.0,164
Lambeth,2006-11-01,Leasehold,245956.52620087337,233000.0,458
Lambeth,2006-12-01,Freehold,478246.0939597315,390000.0,149
Lambeth,2006-12-01,Leasehold,249066.58508158507,228500.0,429
Lambeth,2007-01-01,Freehold,450174.0544217687,400000.0,147
Lambeth,2007-01-01,Leasehold,241782.69309462915,229950.0,391
Lambeth,2007-02-01,Freehold,496018.40336134454,390000.0,119
Lambeth,2007-02-01,Leasehold,258837.39017341041,238725.0,346
Lambeth,2007-03-01,Freehold,469904.80124223605,400000.0,161
Lambeth,2007-03-01,Leasehold,264417.6057441253,240000.0,383
Lambeth,2007-04-01,Freehold,499354.5317460318,450500.0,126
Lambeth,2007-04-01,Leasehold,267318.889212828,245000.0,343
Lambeth,2007-05-01,Freehold,537617.1374045801,450000.0,131
Lambeth,2007-05-01,Leasehold,272031.13858695654,249999.5,368
Lambeth,2007-06-01,Freehold,557122.0700636943,476000.0,157
Lambeth,2007-06-01,Leasehold,289232.13027522934,260000.0,545
Lambeth,2007-07-01,Freehold,569307.0872093023,499975.0,172
Lambeth,2007-07-01,Leasehold,288047.2173913043,260000.0,460
Lambeth,2007-08-01,Freehold,539742.064171123,460000.0,187
Lambeth,2007-08-01,Leasehold,294736.88675213675,271250.0,468
Lambeth,2007-09-01,Freehold,603276.6611570248,499950.0,121
Lambeth,2007-09-01,Leasehold,300617.2782369146,256500.0,363
Lambeth,2007-10-01,Freehold,511164.18548387097,457500.0,124
Lambeth,2007-10-01,Leasehold,285638.70714285714,250000.0,420
Lambeth,2007-11-01,Freehold,474370.1794871795,399000.0,117
Lambeth,2007-11-01,Leasehold,282097.47714285715,250000.0,350
Lambeth,2007-12-01,Freehold,521923.4938271605,467103.0,81
Lambeth,2007-12-01,Leasehold,282647.3924914676,260000.0,293
Lambeth,2008-01-01,Freehold,522018.32,446000.0,75
Lambeth,2008-01-01,Leasehold,289511.78472222225,261250.0,288
Lambeth,2008-02-01,Freehold,520614.9166666667,469500.0,60
Lambeth,2008-02-01,Leasehold,292011.45551601425,250000.0,281
Lambeth,2008-03-01,Freehold,506900.66,437500.0,100
Lambeth,2008-03-01,Leasehold,291799.1551724138,250000.0,232
Lambeth,2008-04-01,Freehold,541642.96875,420000.0,64
Lambeth,2008-04-01,Leasehold,298234.91150442476,250000.0,226
Lambeth,2008-05-01,Freehold,484919.35294117645,432500.0,85
Lambeth,2008-05-01,Leasehold,270399.04265402845,250000.0,211
Lambeth,2008-06-01,Freehold,502666.2631578947,420000.0,57
Lambeth,2008-06-01,Leasehold,289261.4074074074,250000.0,216
Lambeth,2008-07-01,Freehold,570241.84,465000.0,75
Lambeth,2008-07-01,Leasehold,279202.37765957444,250000.0,188
Lambeth,2008-08-01,Freehold,576871.4705882353,465000.0,51
Lambeth,2008-08-01,Leasehold,291409.5930232558,249999.5,172
Lambeth,2008-09-01,Freehold,581551.6885245901,440000.0,61
Lambeth,2008-09-01,Leasehold,268056.6046511628,250000.0,129
Lambeth,2008-10-01,Freehold,493177.77777777775,456500.0,36
Lambeth,2008-10-01,Leasehold,246507.55462184874,232500.0,119
Lambeth,2008-11-01,Freehold,422702.7027027027,360000.0,37
Lambeth,2008-11-01,Leasehold,229208.0,225000.0,97
Lambeth,2008-12-01,Freehold,492023.8095238095,444250.0,42
Lambeth,2008-12-01,Leasehold,297379.9909090909,235250.0,110
Lambeth,2009-01-01,Freehold,471668.21875,382500.0,32
Lambeth,2009-01-01,Leasehold,250026.0945945946,233616.0,74
Lambeth,2009-02-01,Freehold,390316.6666666667,347500.0,30
Lambeth,2009-02-01,Leasehold,269960.22222222225,245000.0,63
Lambeth,2009-03-01,Freehold,462390.243902439,415000.0,41
Lambeth,2009-03-01,Leasehold,244909.26966292135,212000.0,89
Lambeth,2009-04-01,Freehold,512323.8484848485,390000.0,33
Lambeth,2009-04-01,Leasehold,246190.45,222500.0,100
Lambeth,2009-05-01,Freehold,450532.22222222225,420000.0,45
Lambeth,2009-05-01,Leasehold,247973.8932038835,230000.0,103
Lambeth,2009-06-01,Freehold,514320.96774193546,447000.0,31
Lambeth,2009-06-01,Leasehold,285939.5983606557,250000.0,122
Lambeth,2009-07-01,Freehold,470265.75,414975.0,84
Lambeth,2009-07-01,Leasehold,257879.38607594935,243500.0,158
Lambeth,2009-08-01,Freehold,506259.9493670886,425000.0,79
Lambeth,2009-08-01,Leasehold,266449.89940828405,245000.0,169
Lambeth,2009-09-01,Freehold,553862.0857142857,450000.0,70
Lambeth,2009-09-01,Leasehold,284084.91891891893,250000.0,185
Lambeth,2009-10-01,Freehold,539594.021978022,483000.0,91
Lambeth,2009-10-01,Leasehold,291099.51941747573,265000.0,206
Lambeth,2009-11-01,Freehold,531881.7142857143,452000.0,70
Lambeth,2009-11-01,Leasehold,278343.672985782,249950.0,211
Lambeth,2009-12-01,Freehold,502244.3953488372,427500.0,86
Lambeth,2009-12-01,Leasehold,266829.8418604651,248750.0,215
Lambeth,2010-01-01,Freehold,513074.6153846154,486000.0,65
Lambeth,2010-01-01,Leasehold,298906.635,267750.0,200
Lambeth,2010-02-01,Freehold,542971.7741935484,475625.0,62
Lambeth,2010-02-01,Leasehold,276786.69333333336,263000.0,150
Lambeth,2010-03-01,Freehold,522866.0294117647,450000.0,68
Lambeth,2010-03-01,Leasehold,281951.7049180328,250000.0,183
Lambeth,2010-04-01,Freehold,571761.9342105263,499974.5,76
Lambeth,2010-04-01,Leasehold,306191.3068181818,268500.0,176
Lambeth,2010-05-01,Freehold,510915.641025641,435000.0,78
Lambeth,2010-05-01,Leasehold,294072.1036036036,250000.0,222
Lambeth,2010-06-01,Freehold,545106.7415730337,450000.0,89
Lambeth,2010-06-01,Leasehold,309605.96444444446,273000.0,225
Lambeth,2010-07-01,Freehold,642821.6153846154,499950.0,117
Lambeth,2010-07-01,Leasehold,300885.8981818182,280000.0,275
Lambeth,2010-08-01,Freehold,557452.3628318585,495000.0,113
Lambeth,2010-08-01,Leasehold,301738.23983739835,270000.0,246
Lambeth,2010-09-01,Freehold,536335.6543209876,485000.0,81
Lambeth,2010-09-01,Leasehold,298142.12556053814,250000.0,223
Lambeth,2010-10-01,Freehold,578856.8431372549,499475.0,102
Lambeth,2010-10-01,Leasehold,284669.3917050691,249500.0,217
Lambeth,2010-11-01,Freehold,504359.6533333333,445500.0,75
Lambeth,2010-11-01,Leasehold,282576.83490566036,261000.0,212
Lambeth,2010-12-01,Freehold,538101.3888888889,476000.0,72
Lambeth,2010-12-01,Leasehold,275959.54639175255,250000.0,194
Lambeth,2011-01-01,Freehold,498522.58904109587,442000.0,73
Lambeth,2011-01-01,Leasehold,290210.78571428574,259250.0,196
Lambeth,2011-02-01,Freehold,578675.6727272727,520000.0,55
Lambeth,2011-02-01,Leasehold,272653.0535714286,244575.0,168
Lambeth,2011-03-01,Freehold,565726.453125,510000.0,64
Lambeth,2011-03-01,Leasehold,283287.19251336897,272000.0,187
Lambeth,2011-04-01,Freehold,531528.2580645161,426250.0,93
Lambeth,2011-04-01,Leasehold,320102.0,285000.0,218
Lambeth,2011-05-01,Freehold,557604.5375,508500.0,80
Lambeth,2011-05-01,Leasehold,295875.38265306124,262500.0,196
Lambeth,2011-06-01,Freehold,616152.3444444444,497475.0,90
Lambeth,2011-06-01,Leasehold,276585.9262672811,245000.0,217
Lambeth,2011-07-01,Freehold,590798.7346938775,482500.0,98
Lambeth,2011-07-01,Leasehold,313710.54771784233,283000.0,241
Lambeth,2011-08-01,Freehold,613524.2410714285,512500.0,112
Lambeth,2011-08-01,Leasehold,301812.91769547324,285000.0,243
Lambeth,2011-09-01,Freehold,648876.5656565657,490000.0,99
Lambeth,2011-09-01,Leasehold,315251.4736842105,270000.0,266
Lambeth,2011-10-01,Freehold,491590.7894736842,477500.0,76
Lambeth,2011-10-01,Leasehold,323827.52466367715,298000.0,223
Lambeth,2011-11-01,Freehold,615827.469879518,550000.0,83
Lambeth,2011-11-01,Leasehold,290664.16438356164,250000.0,219
Lambeth,2011-12-01,Freehold,577191.404040404,500000.0,99
Lambeth,2011-12-01,Leasehold,277073.0236966825,249950.0,211
Lambeth,2012-01-01,Freehold,643614.84,485000.0,75
Lambeth,2012-01-01,Leasehold,282582.1153846154,266150.0,182
Lambeth,2012-02-01,Freehold,608784.4827586206,485000.0,87
Lambeth,2012-02-01,Leasehold,295385.13333333336,270250.0,180
Lambeth,2012-03-01,Freehold,576575.1555555556,467000.0,90
Lambeth,2012-03-01,Leasehold,278801.326984127,249000.0,315
Lambeth,2012-04-01,Freehold,576022.052631579,499999.5,76
Lambeth,2012-04-01,Leasehold,314402.7055214724,300000.0,163
Lambeth,2012-05-01,Freehold,666004.540229885,560000.0,87
Lambeth,2012-05-01,Leasehold,324528.99134199135,295000.0,231
Lambeth,2012-06-01,Freehold,616439.6875,489500.0,96
Lambeth,2012-06-01,Leasehold,307977.72641509434,267475.0,212
Lambeth,2012-07-01,Freehold,619133.624,537500.0,125
Lambeth,2012-07-01,Leasehold,322199.88372093026,292500.0,258
Lambeth,2012-08-01,Freehold,658293.5042735043,580000.0,117
Lambeth,2012-08-01,Leasehold,326845.9605734767,305000.0,279
Lambeth,2012-09-01,Freehold,582782.2150537635,510000.0,93
Lambeth,2012-09-01,Leasehold,328329.58899676375,305000.0,309
Lambeth,2012-10-01,Freehold,649337.8222222222,527500.0,90
Lambeth,2012-10-01,Leasehold,326513.95588235295,288500.0,272
Lambeth,2012-11-01,Freehold,626319.5652173914,541500.0,92
Lambeth,2012-11-01,Leasehold,323755.92083333334,290000.0,240
Lambeth,2012-12-01,Freehold,620814.8857142857,494975.0,70
Lambeth,2012-12-01,Leasehold,318903.3918918919,305000.0,222
Lambeth,2013-01-01,Freehold,582875.6923076923,555000.0,65
Lambeth,2013-01-01,Leasehold,312212.5598290598,286250.0,234
Lambeth,2013-02-01,Freehold,712384.0476190476,595000.0,63
Lambeth,2013-02-01,Leasehold,333876.95673076925,312750.0,208
Lambeth,2013-03-01,Freehold,645514.4725274725,515000.0,91
Lambeth,2013-03-01,Leasehold,313336.4931506849,277500.0,219
Lambeth,2013-04-01,Freehold,622568.3529411765,585000.0,85
Lambeth,2013-04-01,Leasehold,344095.8,302534.5,250
Lambeth,2013-05-01,Freehold,643922.9009900991,555000.0,101
Lambeth,2013-05-01,Leasehold,339033.96166134183,303950.0,313
Lambeth,2013-06-01,Freehold,714806.6881720431,630000.0,93
Lambeth,2013-06-01,Leasehold,325660.4936708861,298250.0,316
Lambeth,2013-07-01,Freehold,752147.5118110236,635000.0,127
Lambeth,2013-07-01,Leasehold,331575.16307692305,305000.0,325
Lambeth,2013-08-01,Freehold,676346.864,625000.0,125
Lambeth,2013-08-01,Leasehold,329471.1497175141,315000.0,354
Lambeth,2013-09-01,Freehold,675282.6886792453,641000.0,106
Lambeth,2013-09-01,Leasehold,370815.2752293578,350000.0,327
Lambeth,2013-10-01,Freehold,784006.2389380531,690000.0,113
Lambeth,2013-10-01,Leasehold,398412.20560747664,335000.0,321
Lambeth,2013-11-01,Freehold,646969.7980769231,621250.0,104
Lambeth,2013-11-01,Leasehold,410529.79398148146,339975.0,432
Lambeth,2013-12-01,Freehold,711824.009009009,610000.0,111
Lambeth,2013-12-01,Leasehold,421273.75235849054,350000.0,424
Lambeth,2014-01-01,Freehold,776221.065934066,635000.0,91
Lambeth,2014-01-01,Leasehold,419159.50422535214,330100.0,355
Lambeth,2014-02-01,Freehold,892990.4382022471,737000.0,89
Lambeth,2014-02-01,Leasehold,541275.4895833334,379975.0,288
Lambeth,2014-03-01,Freehold,673164.7435897436,604500.0,78
Lambeth,2014-03-01,Leasehold,470487.8076923077,351250.0,286
Lambeth,2014-04-01,Freehold,757259.1538461539,699950.0,78
Lambeth,2014-04-01,Leasehold,641781.9285714285,400787.5,280
Lambeth,2014-05-01,Freehold,800110.9888888889,742500.0,90
Lambeth,2014-05-01,Leasehold,435322.8716216216,384999.5,296
Lambeth,2014-06-01,Freehold,898313.4868421053,835750.0,76
Lambeth,2014-06-01,Leasehold,512602.72990353697,386888.0,311
Lambeth,2014-07-01,Freehold,867406.25,775000.0,104
Lambeth,2014-07-01,Leasehold,437750.140776699,399975.0,412
Lambeth,2014-08-01,Freehold,817900.5340909091,747497.5,88
Lambeth,2014-08-01,Leasehold,407899.5487179487,367475.0,390
Lambeth,2014-09-01,Freehold,886143.9534883721,785000.0,86
Lambeth,2014-09-01,Leasehold,462648.5,395000.0,320
Lambeth,2014-10-01,Freehold,805603.4935064935,750000.0,77
Lambeth,2014-10-01,Leasehold,471603.49375,406500.0,320
Lambeth,2014-11-01,Freehold,810005.5454545454,700975.0,66
Lambeth,2014-11-01,Leasehold,426095.384057971,392500.0,276
Lambeth,2014-12-01,Freehold,765206.5217391305,700000.0,69
Lambeth,2014-12-01,Leasehold,428494.7595307918,395000.0,341
Lambeth,2015-01-01,Freehold,835259.5405405406,702500.0,74
Lambeth,2015-01-01,Leasehold,460793.5168539326,418600.0,267
Lambeth,2015-02-01,Freehold,747201.3943661972,675000.0,71
Lambeth,2015-02-01,Leasehold,490611.4285714286,400000.0,266
Lambeth,2015-03-01,Freehold,925325.0266666666,810000.0,75
Lambeth,2015-03-01,Leasehold,416475.57042253524,386250.0,284
Lambeth,2015-04-01,Freehold,796973.2394366197,720000.0,71
Lambeth,2015-04-01,Leasehold,438310.75572519086,399975.0,262
Lambeth,2015-05-01,Freehold,873645.1935483871,822500.0,62
Lambeth,2015-05-01,Leasehold,455801.37593984965,411000.0,266
Lambeth,2015-06-01,Freehold,914215.4895833334,822500.0,96
Lambeth,2015-06-01,Leasehold,452601.76086956525,415000.0,322
Lambeth,2015-07-01,Freehold,889957.2248062015,800000.0,129
Lambeth,2015-07-01,Leasehold,465726.1034482759,435000.0,348
Lambeth,2015-08-01,Freehold,972103.6379310344,860000.0,116
Lambeth,2015-08-01,Leasehold,477266.768115942,447500.0,345
Lambeth,2015-09-01,Freehold,964956.2117647058,765000.0,85
Lambeth,2015-09-01,Leasehold,468815.1337386018,418000.0,329
Lambeth,2015-10-01,Freehold,947687.0,892500.0,90
Lambeth,2015-10-01,Leasehold,442011.4195583596,415000.0,317
Lambeth,2015-11-01,Freehold,805257.4761904762,730000.0,84
Lambeth,2015-11-01,Leasehold,459002.36029411765,417750.0,272
Lambeth,2015-12-01,Freehold,925301.6268656716,805000.0,67
Lambeth,2015-12-01,Leasehold,465278.89152542374,430000.0,295
Lambeth,2016-01-01,Freehold,925784.2253521127,830000.0,71
Lambeth,2016-01-01,Leasehold,468151.16549295775,449975.0,284
Lambeth,2016-02-01,Freehold,917636.9402985075,860000.0,67
Lambeth,2016-02-01,Leasehold,484074.5204918033,450000.0,244
Lambeth,2016-03-01,Freehold,994555.5147058824,916250.0,136
Lambeth,2016-03-01,Leasehold,492878.3405088063,475000.0,511
Lambeth,2016-04-01,Freehold,945133.2653061225,800000.0,49
Lambeth,2016-04-01,Leasehold,480359.44171779143,470000.0,163
Lambeth,2016-05-01,Freehold,885002.037735849,767000.0,53
Lambeth,2016-05-01,Leasehold,481150.6931818182,452500.0,176
Lambeth,2016-06-01,Freehold,897767.8571428572,857500.0,56
Lambeth,2016-06-01,Leasehold,582109.8027681661,542240.0,289
Lambeth,2016-07-01,Freehold,999800.75,893750.0,72
Lambeth,2016-07-01,Leasehold,516872.59365079366,455000.0,315
Lambeth,2016-08-01,Freehold,872456.8533333334,750000.0,75
Lambeth,2016-08-01,Leasehold,489549.5990990991,450000.0,222
Lambeth,2016-09-01,Freehold,923379.3421052631,818750.0,76
Lambeth,2016-09-01,Leasehold,487522.4137931034,460000.0,232
Lambeth,2016-10-01,Freehold,796957.4264705882,740000.0,68
Lambeth,2016-10-01,Leasehold,473742.2893617021,455000.0,235
Lambeth,2016-11-01,Freehold,993037.4098360656,815000.0,61
Lambeth,2016-11-01,Leasehold,498416.49159663863,475000.0,238
Lambeth,2016-12-01,Freehold,847297.3928571428,845625.0,56
Lambeth,2016-12-01,Leasehold,502987.54464285716,482500.0,224
Lambeth,2017-01-01,Freehold,889601.0,800000.0,49
Lambeth,2017-01-01,Leasehold,520538.97959183675,490000.0,196
Lambeth,2017-02-01,Freehold,922674.1071428572,834250.0,56
Lambeth,2017-02-01,Leasehold,493964.81382978725,450000.0,188
Lambeth,2017-03-01,Freehold,943380.9142857143,858750.0,70
Lambeth,2017-03-01,Leasehold,464517.0038910506,425000.0,257
Lambeth,2017-04-01,Freehold,1097875.9344262294,950000.0,61
Lambeth,2017-04-01,Leasehold,470728.5789473684,428500.0,228
Lambeth,2017-05-01,Freehold,903411.9402985075,850000.0,67
Lambeth,2017-05-01,Leasehold,543747.4444444445,492474.0,333
Lambeth,2017-06-01,Freehold,933076.0857142857,856000.0,70
Lambeth,2017-06-01,Leasehold,631405.380952381,537832.0,294
Lambeth,2017-07-01,Freehold,925356.7901234567,865000.0,81
Lambeth,2017-07-01,Leasehold,522645.8185840708,475000.0,226
Lambeth,2017-08-01,Freehold,972586.8988764045,905000.0,89
Lambeth,2017-08-01,Leasehold,550865.7250996016,457000.0,251
Lambeth,2017-09-01,Freehold,919840.9620253164,865000.0,79
Lambeth,2017-09-01,Leasehold,518004.0833333333,470500.0,276
Lambeth,2017-10-01,Freehold,915428.5714285715,842500.0,70
Lambeth,2017-10-01,Leasehold,492026.6145038168,482500.0,262
Lambeth,2017-11-01,Freehold,937929.9180327869,875000.0,61
Lambeth,2017-11-01,Leasehold,480771.93513513514,460000.0,185
Lambeth,2017-12-01,Freehold,900795.690140845,795000.0,71
Lambeth,2017-12-01,Leasehold,590779.554347826,470000.0,276
Lambeth,2018-01-01,Freehold,1091081.2295081967,950000.0,61
Lambeth,2018-01-01,Leasehold,581618.708737864,477750.0,206
Lambeth,2018-02-01,Freehold,925922.6875,872500.0,48
Lambeth,2018-02-01,Leasehold,621374.1504854369,500000.0,206
Lambeth,2018-03-01,Freehold,856847.641509434,736000.0,53
Lambeth,2018-03-01,Leasehold,592582.3658536585,488750.0,246
Lambeth,2018-04-01,Freehold,989326.4150943396,850000.0,53
Lambeth,2018-04-01,Leasehold,585177.328042328,495000.0,189
Lambeth,2018-05-01,Freehold,941672.7272727273,827250.0,77
Lambeth,2018-05-01,Leasehold,528488.1343283582,455000.0,201
Lambeth,2018-06-01,Freehold,1014148.9361702128,885000.0,47
Lambeth,2018-06-01,Leasehold,651700.7601809955,500000.0,221
Lambeth,2018-07-01,Freehold,1042669.3387096775,944000.0,62
Lambeth,2018-07-01,Leasehold,559039.100877193,475000.0,228
Lambeth,2018-08-01,Freehold,937858.4461538461,800000.0,65
Lambeth,2018-08-01,Leasehold,504068.4906542056,448940.0,214
Lambeth,2018-09-01,Freehold,919217.9705882353,882500.0,68
Lambeth,2018-09-01,Leasehold,547280.0463917525,467500.0,194
Lambeth,2018-10-01,Freehold,961595.0704225352,875000.0,71
Lambeth,2018-10-01,Leasehold,552106.6788990826,468750.0,218
Lambeth,2018-11-01,Freehold,929869.125,850500.0,80
Lambeth,2018-11-01,Leasehold,479461.3333333333,435000.0,213
Lambeth,2018-12-01,Freehold,811460.7551020408,755000.0,49
Lambeth,2018-12-01,Leasehold,557042.9263565892,500000.0,258
Lambeth,2019-01-01,Freehold,884936.0483870967,815000.0,62
Lambeth,2019-01-01,Leasehold,573280.1585365854,470000.0,164
Lambeth,2019-02-01,Freehold,905777.1428571428,850000.0,49
Lambeth,2019-02-01,Leasehold,463492.32,448250.0,150
Lambeth,2019-03-01,Freehold,851371.3114754099,820000.0,61
Lambeth,2019-03-01,Leasehold,504133.1153846154,441500.0,182
Lambeth,2019-04-01,Freehold,964388.9523809524,785000.0,63
Lambeth,2019-04-01,Leasehold,502022.8125,432500.0,176
Lambeth,2019-05-01,Freehold,777288.3064516129,710750.0,62
Lambeth,2019-05-01,Leasehold,510928.68888888886,475000.0,270
Lambeth,2019-06-01,Freehold,925218.6440677966,890000.0,59
Lambeth,2019-06-01,Leasehold,619332.3157894737,600000.0,247
Lambeth,2019-07-01,Freehold,945842.9619047618,860000.0,105
Lambeth,2019-07-01,Leasehold,497978.6890756303,452631.5,238
Lambeth,2019-08-01,Freehold,969433.8288288289,853500.0,111
Lambeth,2019-08-01,Leasehold,484328.7071129707,470000.0,239
Lambeth,2019-09-01,Freehold,970804.1363636364,881250.0,88
Lambeth,2019-09-01,Leasehold,657118.9120370371,493010.0,216
Lambeth,2019-10-01,Freehold,895622.4590163934,800000.0,61
Lambeth,2019-10-01,Leasehold,732591.0758293839,483000.0,211
Lambeth,2019-11-01,Freehold,969111.8767123288,890000.0,73
Lambeth,2019-11-01,Leasehold,525470.7004608295,460000.0,217
Lambeth,2019-12-01,Freehold,867455.25,781250.0,72
Lambeth,2019-12-01,Leasehold,679988.268292683,495000.0,205
Lambeth,2020-01-01,Freehold,1032383.6862745098,963000.0,51
Lambeth,2020-01-01,Leasehold,583317.9672131147,480000.0,183
Lambeth,2020-02-01,Freehold,875240.7407407408,827500.0,54
Lambeth,2020-02-01,Leasehold,682211.342519685,541600.0,254
Lambeth,2020-03-01,Freehold,976878.5079365079,870000.0,63
Lambeth,2020-03-01,Leasehold,635998.1626984127,525000.0,252
Lambeth,2020-04-01,Freehold,890380.0,860000.0,25
Lambeth,2020-04-01,Leasehold,644550.2333333333,490462.5,120
Lambeth,2020-05-01,Freehold,834459.25,772500.0,28
Lambeth,2020-05-01,Leasehold,717880.1794871795,480000.0,117
Lambeth,2020-06-01,Freehold,1068624.8,987500.0,50
Lambeth,2020-06-01,Leasehold,819925.078313253,582500.0,166
Lambeth,2020-07-01,Freehold,995155.8823529412,900000.0,68
Lambeth,2020-07-01,Leasehold,776914.1350364963,625000.0,274
Lambeth,2020-08-01,Freehold,1068544.7288135593,925000.0,59
Lambeth,2020-08-01,Leasehold,688092.5822222222,510000.0,225
Lambeth,2020-09-01,Freehold,1076515.0104166667,924000.0,96
Lambeth,2020-09-01,Leasehold,680781.4734299517,540000.0,207
Lambeth,2020-10-01,Freehold,1083348.4157303371,950000.0,89
Lambeth,2020-10-01,Leasehold,637423.2032786885,535000.0,305
Lambeth,2020-11-01,Freehold,973225.8,820000.0,95
Lambeth,2020-11-01,Leasehold,594568.6510791366,507500.0,278
Lambeth,2020-12-01,Freehold,1101103.3389830508,950000.0,118
Lambeth,2020-12-01,Leasehold,564689.5744680851,490000.0,329
Lambeth,2021-01-01,Freehold,993054.0256410256,865500.0,78
Lambeth,2021-01-01,Leasehold,545925.4404145078,512000.0,193
Lambeth,2021-02-01,Freehold,927300.2083333334,855000.0,96
Lambeth,2021-02-01,Leasehold,554411.9318996415,495000.0,279
Lambeth,2021-03-01,Freehold,992990.1988950276,835000.0,181
Lambeth,2021-03-01,Leasehold,598565.1272084806,550000.0,566
Lambeth,2021-04-01,Freehold,1022886.2162162162,950000.0,111
Lambeth,2021-04-01,Leasehold,543335.5478927203,475000.0,261
Lambeth,2021-05-01,Freehold,1060291.115942029,930000.0,69
Lambeth,2021-05-01,Leasehold,585671.8805309734,508312.5,226
Lambeth,2021-06-01,Freehold,1038265.7152317881,945000.0,302
Lambeth,2021-06-01,Leasehold,531864.5561440678,500000.0,944
Lambeth,2021-07-01,Freehold,1540142.857142857,1250000.0,21
Lambeth,2021-07-01,Leasehold,486271.9277108434,418000.0,83
Lambeth,2021-08-01,Freehold,1124784.0909090908,1047750.0,66
Lambeth,2021-08-01,Leasehold,507849.09933774837,440000.0,151
Lambeth,2021-09-01,Freehold,1043179.6933333334,900000.0,150
Lambeth,2021-09-01,Leasehold,555997.18125,480000.0,320
Lambeth,2021-10-01,Freehold,1121933.7916666667,995000.0,48
Lambeth,2021-10-01,Leasehold,484377.7851239669,440000.0,121
Lambeth,2021-11-01,Freehold,1006683.6666666666,890000.0,60
Lambeth,2021-11-01,Leasehold,663710.8172588833,465000.0,197
Lambeth,2021-12-01,Freehold,996822.735632184,900000.0,87
Lambeth,2021-12-01,Leasehold,550366.7448979592,457000.0,196
Lambeth,2022-01-01,Freehold,1140575.455882353,966750.0,68
Lambeth,2022-01-01,Leasehold,546912.7337278107,487500.0,169
Lambeth,2022-02-01,Freehold,1059245.8620689656,910000.0,87
Lambeth,2022-02-01,Leasehold,577627.4895833334,475000.0,192
Lambeth,2022-03-01,Freehold,1022838.8676470588,857500.0,68
Lambeth,2022-03-01,Leasehold,538973.5702811244,470000.0,249
Lambeth,2022-04-01,Freehold,1140025.1739130435,1050000.0,69
Lambeth,2022-04-01,Leasehold,558448.0533333333,485000.0,225
Lambeth,2022-05-01,Freehold,1092395.5783132531,975000.0,83
Lambeth,2022-05-01,Leasehold,516451.15887850465,475000.0,214
Lambeth,2022-06-01,Freehold,1107225.1973684211,920250.0,76
Lambeth,2022-06-01,Leasehold,515191.8106995885,485000.0,243
Lambeth,2022-07-01,Freehold,1054228.6285714286,917500.0,105
Lambeth,2022-07-01,Leasehold,550164.3712374582,485000.0,299
Lambeth,2022-08-01,Freehold,1138278.5409836066,1060000.0,122
Lambeth,2022-08-01,Leasehold,631093.5683890578,515000.0,329
Lambeth,2022-09-01,Freehold,1118708.6516853932,960000.0,89
Lambeth,2022-09-01,Leasehold,569320.9931740614,495000.0,293
Lambeth,2022-10-01,Freehold,1108766.4125,1000000.0,80
Lambeth,2022-10-01,Leasehold,592222.9221183801,510000.0,321
Lambeth,2022-11-01,Freehold,1027683.7228915662,925000.0,83
Lambeth,2022-11-01,Leasehold,541583.7137809187,470000.0,283
Lambeth,2022-12-01,Freehold,994418.9620253164,940000.0,79
Lambeth,2022-12-01,Leasehold,517305.8935361217,490000.0,263
Lambeth,2023-01-01,Freehold,1340167.6470588236,910000.0,51
Lambeth,2023-01-01,Leasehold,511646.93548387097,475000.0,217
Lambeth,2023-02-01,Freehold,1088834.9,941000.0,50
Lambeth,2023-02-01,Leasehold,563372.1712707182,550000.0,181
Lambeth,2023-03-01,Freehold,1020231.5849056604,900000.0,53
Lambeth,2023-03-01,Leasehold,533725.1497584541,465000.0,207
Lambeth,2023-04-01,Freehold,1019748.8636363636,918250.0,44
Lambeth,2023-04-01,Leasehold,515933.0416666667,485500.0,120
Lambeth,2023-05-01,Freehold,1047414.7555555556,940000.0,45
Lambeth,2023-05-01,Leasehold,523175.8561643836,467500.0,146
Lambeth,2023-06-01,Freehold,1055028.7068965517,908622.5,58
Lambeth,2023-06-01,Leasehold,537861.4838709678,478875.0,186
Lambeth,2023-07-01,Freehold,1147760.595505618,1060000.0,89
Lambeth,2023-07-01,Leasehold,529917.9411764706,475000.0,221
Lambeth,2023-08-01,Freehold,1101107.6666666667,1007499.5,84
Lambeth,2023-08-01,Leasehold,543662.148,495500.0,250
Lambeth,2023-09-01,Freehold,1184346.9888888889,1002500.0,90
Lambeth,2023-09-01,Leasehold,550798.6666666666,490000.0,237
Lambeth,2023-10-01,Freehold,1135418.4615384615,1037500.0,65
Lambeth,2023-10-01,Leasehold,512916.5985130112,475000.0,269
Lambeth,2023-11-01,Freehold,960652.2181818181,850000.0,55
Lambeth,2023-11-01,Leasehold,557986.641350211,493000.0,237
Lambeth,2023-12-01,Freehold,1123943.779661017,950000.0,59
Lambeth,2023-12-01,Leasehold,523148.45495495497,507500.0,222
Lambeth,2024-01-01,Freehold,1095469.4615384615,990000.0,39
Lambeth,2024-01-01,Leasehold,552841.1647727273,470500.0,176
Lambeth,2024-02-01,Freehold,1005328.98,865000.0,50
Lambeth,2024-02-01,Leasehold,508921.1489361702,483875.0,188
Lambeth,2024-03-01,Freehold,1077008.0428571429,952500.0,70
Lambeth,2024-03-01,Leasehold,532251.0188679246,450000.0,212
Lambeth,2024-04-01,Freehold,1078242.3731343283,1031750.0,67
Lambeth,2024-04-01,Leasehold,520292.4235294118,465000.0,170
Lambeth,2024-05-01,Freehold,1078923.9193548388,999975.0,62
Lambeth,2024-05-01,Leasehold,514768.9695652174,470695.0,230
Lambeth,2024-06-01,Freehold,1064224.5757575757,890750.0,66
Lambeth,2024-06-01,Leasehold,521961.37209302327,455000.0,215
Lambeth,2024-07-01,Freehold,1160876.5697674418,987000.0,86
Lambeth,2024-07-01,Leasehold,537204.9253112033,485000.0,241
Lambeth,2024-08-01,Freehold,1232506.043478261,1165000.0,115
Lambeth,2024-08-01,Leasehold,534683.490909091,495000.0,275
Lambeth,2024-09-01,Freehold,1123109.7701149425,1060000.0,87
Lambeth,2024-09-01,Leasehold,529321.8609022556,480000.0,266
Lambeth,2024-10-01,Freehold,1032692.7,925250.0,80
Lambeth,2024-10-01,Leasehold,560325.6262626263,477000.0,297
Lambeth,2024-11-01,Freehold,1026775.6578947369,922500.0,76
Lambeth,2024-11-01,Leasehold,542396.438016529,467500.0,242
Lambeth,2024-12-01,Freehold,1122118.782051282,1000000.0,78
Lambeth,2024-12-01,Leasehold,636450.5308641975,519000.0,243
Lambeth,2025-01-01,Freehold,995123.9117647059,846000.0,68
Lambeth,2025-01-01,Leasehold,572888.8755980862,480000.0,209
Lambeth,2025-02-01,Freehold,1036763.3382352941,937500.0,68
Lambeth,2025-02-01,Leasehold,502605.5655737705,451500.0,244
Lambeth,2025-03-01,Freehold,1065746.966442953,925000.0,149
Lambeth,2025-03-01,Leasehold,505292.9594383775,477500.0,641
Lambeth,2025-04-01,Freehold,1103789.4736842106,1000000.0,19
Lambeth,2025-04-01,Leasehold,539818.2714285714,463625.0,70
Lambeth,2025-05-01,Freehold,1060831.25,950000.0,48
Lambeth,2025-05-01,Leasehold,530436.670967742,450000.0,155
Lambeth,2025-06-01,Freehold,1135378.3698630137,1000000.0,73
Lambeth,2025-06-01,Leasehold,581440.7434554974,535000.0,191
Lambeth,2025-07-01,Freehold,1187026.2333333334,1107500.0,90
Lambeth,2025-07-01,Leasehold,562601.7322834645,500000.0,254
Lambeth,2025-08-01,Freehold,1184672.170212766,1030500.0,94
Lambeth,2025-08-01,Leasehold,522238.12987012987,495000.0,231
Lambeth,2025-09-01,Freehold,1124029.7142857143,947000.0,70
Lambeth,2025-09-01,Leasehold,507437.04678362573,455000.0,171
Lambeth,2025-10-01,Freehold,1155846.4936708861,1125000.0,79
Lambeth,2025-10-01,Leasehold,491821.3696682464,448800.0,211
Lambeth,2025-11-01,Freehold,1056305.650793651,900000.0,63
Lambeth,2025-11-01,Leasehold,478076.65,448500.0,180
Lambeth,2025-12-01,Freehold,998539.3888888889,857500.0,54
Lambeth,2025-12-01,Leasehold,466574.14705882355,450000.0,170
Lambeth,2026-01-01,Freehold,966558.5208333334,910000.0,48
Lambeth,2026-01-01,Leasehold,508824.20930232556,490000.0,129
Lambeth,2026-02-01,Freehold,997022.0882352941,902500.0,34
Lambeth,2026-02-01,Leasehold,507527.0887096774,450000.0,124
Lambeth,2026-03-01,Freehold,1017606.71875,886600.0,32
Lambeth,2026-03-01,Leasehold,481728.3888888889,456250.0,126
Lambeth,2026-04-01,Freehold,1073595.5882352942,910000.0,34
Lambeth,2026-04-01,Leasehold,488958.6836734694,480000.0,98
Lambeth,2026-05-01,Freehold,932968.6315789474,890000.0,19
Lambeth,2026-05-01,Leasehold,467197.9411764706,473200.0,51
Lewisham,2006-01-01,Freehold,249719.49112426036,233000.0,169
Lewisham,2006-01-01,Leasehold,164731.41304347827,154000.0,184
Lewisham,2006-02-01,Freehold,249576.96276595743,235500.0,188
Lewisham,2006-02-01,Leasehold,166781.12307692308,155000.0,195
Lewisham,2006-03-01,Freehold,250013.0780487805,235000.0,205
Lewisham,2006-03-01,Leasehold,169284.38427947598,158500.0,229
Lewisham,2006-04-01,Freehold,273266.7675675676,245000.0,185
Lewisham,2006-04-01,Leasehold,178095.57657657657,167000.0,222
Lewisham,2006-05-01,Freehold,281927.39545454545,249925.0,220
Lewisham,2006-05-01,Leasehold,171479.43037974683,164000.0,237
Lewisham,2006-06-01,Freehold,256177.8955823293,235000.0,249
Lewisham,2006-06-01,Leasehold,193687.7741046832,180000.0,363
Lewisham,2006-07-01,Freehold,269952.0656370656,245000.0,259
Lewisham,2006-07-01,Leasehold,201681.45153061225,183300.0,392
Lewisham,2006-08-01,Freehold,291216.0606060606,250000.0,264
Lewisham,2006-08-01,Leasehold,185067.02702702704,173000.0,333
Lewisham,2006-09-01,Freehold,279525.8232931727,249950.0,249
Lewisham,2006-09-01,Leasehold,188948.28620689656,175000.0,290
Lewisham,2006-10-01,Freehold,277578.3686440678,249999.5,236
Lewisham,2006-10-01,Leasehold,181487.35099337748,170500.0,302
Lewisham,2006-11-01,Freehold,260297.73245614034,244500.0,228
Lewisham,2006-11-01,Leasehold,185262.45070422534,169997.5,284
Lewisham,2006-12-01,Freehold,310095.88188976375,250000.0,254
Lewisham,2006-12-01,Leasehold,189193.97454545455,177500.0,275
Lewisham,2007-01-01,Freehold,279533.5738396624,250000.0,237
Lewisham,2007-01-01,Leasehold,186074.52669039145,172500.0,281
Lewisham,2007-02-01,Freehold,306633.56593406596,269500.0,182
Lewisham,2007-02-01,Leasehold,191521.34322033898,178475.0,236
Lewisham,2007-03-01,Freehold,296426.2658227848,250000.0,237
Lewisham,2007-03-01,Leasehold,186810.6958174905,173000.0,263
Lewisham,2007-04-01,Freehold,319335.6256684492,270000.0,187
Lewisham,2007-04-01,Leasehold,195504.09486166007,177000.0,253
Lewisham,2007-05-01,Freehold,301432.4972972973,275000.0,185
Lewisham,2007-05-01,Leasehold,191002.47138047137,185000.0,297
Lewisham,2007-06-01,Freehold,300534.87234042556,275000.0,235
Lewisham,2007-06-01,Leasehold,197957.61413043478,186000.0,368
Lewisham,2007-07-01,Freehold,322030.25352112675,288247.5,284
Lewisham,2007-07-01,Leasehold,208807.6,196000.0,365
Lewisham,2007-08-01,Freehold,322296.84083044983,290000.0,289
Lewisham,2007-08-01,Leasehold,208054.2274052478,193000.0,343
Lewisham,2007-09-01,Freehold,319786.6542056075,286000.0,214
Lewisham,2007-09-01,Leasehold,207645.17921146954,195000.0,279
Lewisham,2007-10-01,Freehold,319487.0588235294,295500.0,204
Lewisham,2007-10-01,Leasehold,211773.6019736842,204872.5,304
Lewisham,2007-11-01,Freehold,331209.94086021505,299100.0,186
Lewisham,2007-11-01,Leasehold,206313.5868852459,201000.0,305
Lewisham,2007-12-01,Freehold,312806.24832214764,289950.0,149
Lewisham,2007-12-01,Leasehold,217058.25339366516,200000.0,221
Lewisham,2008-01-01,Freehold,301294.8510638298,269995.0,141
Lewisham,2008-01-01,Leasehold,206815.53548387098,193000.0,155
Lewisham,2008-02-01,Freehold,309545.0731707317,284950.0,123
Lewisham,2008-02-01,Leasehold,207178.65536723164,205000.0,177
Lewisham,2008-03-01,Freehold,305065.13223140495,280000.0,121
Lewisham,2008-03-01,Leasehold,204587.48666666666,191500.0,150
Lewisham,2008-04-01,Freehold,314430.6388888889,284500.0,108
Lewisham,2008-04-01,Leasehold,201837.432,199950.0,125
Lewisham,2008-05-01,Freehold,327793.6422018349,287500.0,109
Lewisham,2008-05-01,Leasehold,206683.86559139786,200000.0,186
Lewisham,2008-06-01,Freehold,325113.5,280000.0,100
Lewisham,2008-06-01,Leasehold,203699.453125,191750.0,128
Lewisham,2008-07-01,Freehold,301882.3711340206,250000.0,97
Lewisham,2008-07-01,Leasehold,193688.73786407767,185000.0,103
Lewisham,2008-08-01,Freehold,316357.42718446604,260000.0,103
Lewisham,2008-08-01,Leasehold,210222.85714285713,197750.0,98
Lewisham,2008-09-01,Freehold,307173.9130434783,270000.0,69
Lewisham,2008-09-01,Leasehold,202032.44186046513,195000.0,86
Lewisham,2008-10-01,Freehold,299991.87096774194,250000.0,93
Lewisham,2008-10-01,Leasehold,189080.8552631579,172000.0,76
Lewisham,2008-11-01,Freehold,298993.3287671233,250000.0,73
Lewisham,2008-11-01,Leasehold,187123.5294117647,170000.0,68
Lewisham,2008-12-01,Freehold,276894.9,233000.0,50
Lewisham,2008-12-01,Leasehold,183713.94366197183,180000.0,71
Lewisham,2009-01-01,Freehold,257998.54545454544,235000.0,55
Lewisham,2009-01-01,Leasehold,183754.54545454544,175000.0,55
Lewisham,2009-02-01,Freehold,263335.20930232556,240000.0,43
Lewisham,2009-02-01,Leasehold,181282.02564102566,175000.0,39
Lewisham,2009-03-01,Freehold,258975.59523809524,222500.0,84
Lewisham,2009-03-01,Leasehold,181828.54285714286,175000.0,35
Lewisham,2009-04-01,Freehold,271105.61971830984,245000.0,71
Lewisham,2009-04-01,Leasehold,197731.5,178500.0,46
Lewisham,2009-05-01,Freehold,255252.45744680852,240000.0,94
Lewisham,2009-05-01,Leasehold,177607.22222222222,166500.0,54
Lewisham,2009-06-01,Freehold,273356.8024691358,240000.0,81
Lewisham,2009-06-01,Leasehold,182352.9411764706,173000.0,51
Lewisham,2009-07-01,Freehold,296065.1639344262,245000.0,122
Lewisham,2009-07-01,Leasehold,175425.21978021978,171000.0,91
Lewisham,2009-08-01,Freehold,288578.89705882355,265000.0,136
Lewisham,2009-08-01,Leasehold,189879.55752212388,180000.0,113
Lewisham,2009-09-01,Freehold,308258.712962963,255500.0,108
Lewisham,2009-09-01,Leasehold,189823.05940594058,184000.0,101
Lewisham,2009-10-01,Freehold,316652.8070175439,280000.0,114
Lewisham,2009-10-01,Leasehold,196936.46218487396,183000.0,119
Lewisham,2009-11-01,Freehold,301408.47222222225,269500.0,108
Lewisham,2009-11-01,Leasehold,185313.99,175000.0,100
Lewisham,2009-12-01,Freehold,291657.18699186994,268000.0,123
Lewisham,2009-12-01,Leasehold,179767.2808988764,170000.0,178
Lewisham,2010-01-01,Freehold,341289.5731707317,297750.0,82
Lewisham,2010-01-01,Leasehold,207955.7837837838,189500.0,74
Lewisham,2010-02-01,Freehold,287327.67045454547,273500.0,88
Lewisham,2010-02-01,Leasehold,199628.50458715597,180000.0,109
Lewisham,2010-03-01,Freehold,333106.23076923075,279950.0,117
Lewisham,2010-03-01,Leasehold,203810.76315789475,187750.0,114
Lewisham,2010-04-01,Freehold,326917.89898989897,275000.0,99
Lewisham,2010-04-01,Leasehold,192394.92857142858,180000.0,98
Lewisham,2010-05-01,Freehold,340624.6666666667,295000.0,105
Lewisham,2010-05-01,Leasehold,207239.30357142858,192000.0,112
Lewisham,2010-06-01,Freehold,336609.60784313723,267250.0,102
Lewisham,2010-06-01,Leasehold,210619.39393939395,199997.5,132
Lewisham,2010-07-01,Freehold,331495.94202898553,307500.0,138
Lewisham,2010-07-01,Leasehold,204490.3108108108,195000.0,148
Lewisham,2010-08-01,Freehold,317470.3925925926,298000.0,135
Lewisham,2010-08-01,Leasehold,213807.359375,192250.0,128
Lewisham,2010-09-01,Freehold,341130.8606557377,310500.0,122
Lewisham,2010-09-01,Leasehold,194153.95882352942,179700.0,170
Lewisham,2010-10-01,Freehold,361398.9727272727,309141.0,110
Lewisham,2010-10-01,Leasehold,199425.24683544305,183250.0,158
Lewisham,2010-11-01,Freehold,323219.5625,295000.0,112
Lewisham,2010-11-01,Leasehold,207104.91596638656,195000.0,119
Lewisham,2010-12-01,Freehold,365764.8932038835,295000.0,103
Lewisham,2010-12-01,Leasehold,195279.47552447554,188500.0,143
Lewisham,2011-01-01,Freehold,317711.0561797753,277500.0,89
Lewisham,2011-01-01,Leasehold,197910.44444444444,192000.0,90
Lewisham,2011-02-01,Freehold,318053.61904761905,295750.0,84
Lewisham,2011-02-01,Leasehold,208063.07692307694,190000.0,65
Lewisham,2011-03-01,Freehold,336423.70634920633,276000.0,126
Lewisham,2011-03-01,Leasehold,188609.32258064515,185000.0,93
Lewisham,2011-04-01,Freehold,322795.4682539682,290500.0,126
Lewisham,2011-04-01,Leasehold,185930.52631578947,175000.0,95
Lewisham,2011-05-01,Freehold,323088.1529411765,285000.0,85
Lewisham,2011-05-01,Leasehold,214598.3076923077,195000.0,104
Lewisham,2011-06-01,Freehold,311613.63636363635,269000.0,121
Lewisham,2011-06-01,Leasehold,203237.25342465754,189250.0,146
Lewisham,2011-07-01,Freehold,366347.0445859873,318000.0,157
Lewisham,2011-07-01,Leasehold,206627.83898305084,196000.0,118
Lewisham,2011-08-01,Freehold,344006.6771653543,300000.0,127
Lewisham,2011-08-01,Leasehold,213340.0251572327,210000.0,159
Lewisham,2011-09-01,Freehold,329783.40880503145,300000.0,159
Lewisham,2011-09-01,Leasehold,215501.34161490682,207000.0,161
Lewisham,2011-10-01,Freehold,331750.56153846154,299000.0,130
Lewisham,2011-10-01,Leasehold,212266.37301587302,206250.0,126
Lewisham,2011-11-01,Freehold,294836.53225806454,265000.0,124
Lewisham,2011-11-01,Leasehold,205460.5810810811,199497.5,148
Lewisham,2011-12-01,Freehold,342695.02803738316,297000.0,107
Lewisham,2011-12-01,Leasehold,206745.62676056338,195000.0,142
Lewisham,2012-01-01,Freehold,323925.8823529412,295000.0,102
Lewisham,2012-01-01,Leasehold,206923.2258064516,193000.0,124
Lewisham,2012-02-01,Freehold,321795.44943820225,301000.0,89
Lewisham,2012-02-01,Leasehold,207854.3103448276,198750.0,116
Lewisham,2012-03-01,Freehold,340266.75,290975.0,124
Lewisham,2012-03-01,Leasehold,203330.1421800948,197500.0,211
Lewisham,2012-04-01,Freehold,347365.3301886792,303000.0,106
Lewisham,2012-04-01,Leasehold,209564.71153846153,204850.0,104
Lewisham,2012-05-01,Freehold,342378.73076923075,320000.0,104
Lewisham,2012-05-01,Leasehold,212310.28813559323,200000.0,118
Lewisham,2012-06-01,Freehold,353923.22360248445,332000.0,161
Lewisham,2012-06-01,Leasehold,217623.07731958764,207895.0,194
Lewisham,2012-07-01,Freehold,370922.35877862596,327000.0,131
Lewisham,2012-07-01,Leasehold,227381.8963414634,222000.0,164
Lewisham,2012-08-01,Freehold,373135.8734939759,325000.0,166
Lewisham,2012-08-01,Leasehold,213462.80263157896,202000.0,152
Lewisham,2012-09-01,Freehold,396026.890625,333419.0,128
Lewisham,2012-09-01,Leasehold,229772.12162162163,214749.5,148
Lewisham,2012-10-01,Freehold,371707.12621359224,330000.0,103
Lewisham,2012-10-01,Leasehold,217109.7852760736,218000.0,163
Lewisham,2012-11-01,Freehold,371568.5142857143,329497.5,140
Lewisham,2012-11-01,Leasehold,222753.91477272726,215000.0,176
Lewisham,2012-12-01,Freehold,408288.45967741933,345500.0,124
Lewisham,2012-12-01,Leasehold,227756.41221374046,220000.0,131
Lewisham,2013-01-01,Freehold,354100.8189655172,326500.0,116
Lewisham,2013-01-01,Leasehold,221685.5,220000.0,136
Lewisham,2013-02-01,Freehold,342620.0,305000.0,102
Lewisham,2013-02-01,Leasehold,209654.40366972476,195000.0,109
Lewisham,2013-03-01,Freehold,349217.00980392157,316000.0,102
Lewisham,2013-03-01,Leasehold,213447.5064102564,200000.0,156
Lewisham,2013-04-01,Freehold,408332.875,343625.0,120
Lewisham,2013-04-01,Leasehold,226297.3475177305,215000.0,141
Lewisham,2013-05-01,Freehold,381674.10256410256,345000.0,117
Lewisham,2013-05-01,Leasehold,229445.56281407035,215000.0,199
Lewisham,2013-06-01,Freehold,398352.5724637681,361812.5,138
Lewisham,2013-06-01,Leasehold,245959.78968253967,236000.0,252
Lewisham,2013-07-01,Freehold,433643.0238095238,372500.0,168
Lewisham,2013-07-01,Leasehold,235457.9358974359,230450.0,234
Lewisham,2013-08-01,Freehold,423527.68852459016,385000.0,183
Lewisham,2013-08-01,Leasehold,249713.67475728155,240000.0,206
Lewisham,2013-09-01,Freehold,408997.07096774195,377000.0,155
Lewisham,2013-09-01,Leasehold,243703.4837398374,236250.0,246
Lewisham,2013-10-01,Freehold,401369.4705882353,365500.0,170
Lewisham,2013-10-01,Leasehold,249078.10676156584,240000.0,281
Lewisham,2013-11-01,Freehold,421875.17261904763,375000.0,168
Lewisham,2013-11-01,Leasehold,254940.74204946996,248000.0,283
Lewisham,2013-12-01,Freehold,432865.3024691358,392500.0,162
Lewisham,2013-12-01,Leasehold,258559.2142857143,245000.0,252
Lewisham,2014-01-01,Freehold,442040.1304347826,410000.0,161
Lewisham,2014-01-01,Leasehold,265593.90555555554,249974.5,180
Lewisham,2014-02-01,Freehold,452907.1746031746,412500.0,126
Lewisham,2014-02-01,Leasehold,253520.49777777778,240000.0,225
Lewisham,2014-03-01,Freehold,442915.9197080292,420000.0,137
Lewisham,2014-03-01,Leasehold,262517.4618834081,250000.0,223
Lewisham,2014-04-01,Freehold,482868.8,414500.0,150
Lewisham,2014-04-01,Leasehold,281166.2417061611,275000.0,211
Lewisham,2014-05-01,Freehold,486273.4383561644,461500.0,146
Lewisham,2014-05-01,Leasehold,290673.48416289594,275000.0,221
Lewisham,2014-06-01,Freehold,520522.23728813557,450000.0,118
Lewisham,2014-06-01,Leasehold,281496.6092436975,273000.0,238
Lewisham,2014-07-01,Freehold,476515.5569620253,470000.0,158
Lewisham,2014-07-01,Leasehold,291445.70627062704,275000.0,303
Lewisham,2014-08-01,Freehold,539524.8620689656,499999.5,174
Lewisham,2014-08-01,Leasehold,286891.6345381526,275000.0,249
Lewisham,2014-09-01,Freehold,507328.53225806454,481250.0,124
Lewisham,2014-09-01,Leasehold,289766.93073593074,275000.0,231
Lewisham,2014-10-01,Freehold,503217.91823899373,468000.0,159
Lewisham,2014-10-01,Leasehold,293823.4679245283,280000.0,265
Lewisham,2014-11-01,Freehold,526380.0884955752,494500.0,113
Lewisham,2014-11-01,Leasehold,307744.43119266053,285000.0,218
Lewisham,2014-12-01,Freehold,471159.75539568346,426500.0,139
Lewisham,2014-12-01,Leasehold,295650.70454545453,277500.0,220
Lewisham,2015-01-01,Freehold,515676.5675675676,455000.0,111
Lewisham,2015-01-01,Leasehold,287616.63313609466,280000.0,169
Lewisham,2015-02-01,Freehold,551636.4424778761,480000.0,113
Lewisham,2015-02-01,Leasehold,304132.26277372264,285000.0,137
Lewisham,2015-03-01,Freehold,496961.47933884297,460000.0,121
Lewisham,2015-03-01,Leasehold,296812.970464135,285000.0,237
Lewisham,2015-04-01,Freehold,519410.56910569104,472000.0,123
Lewisham,2015-04-01,Leasehold,311701.51396648044,300000.0,179
Lewisham,2015-05-01,Freehold,517409.6370967742,480000.0,124
Lewisham,2015-05-01,Leasehold,324349.3467741936,320500.0,248
Lewisham,2015-06-01,Freehold,490226.3656716418,466500.0,134
Lewisham,2015-06-01,Leasehold,314389.9096573209,319000.0,321
Lewisham,2015-07-01,Freehold,541215.8863636364,488000.0,176
Lewisham,2015-07-01,Leasehold,314381.65800865804,300000.0,231
Lewisham,2015-08-01,Freehold,549976.0869565217,490000.0,161
Lewisham,2015-08-01,Leasehold,322604.0154639175,310000.0,194
Lewisham,2015-09-01,Freehold,519825.3505747126,481250.0,174
Lewisham,2015-09-01,Leasehold,327536.23673469387,311000.0,245
Lewisham,2015-10-01,Freehold,585344.8630952381,518000.0,168
Lewisham,2015-10-01,Leasehold,333523.1911262799,320000.0,293
Lewisham,2015-11-01,Freehold,542514.5833333334,481000.0,120
Lewisham,2015-11-01,Leasehold,355464.2073170732,350000.0,246
Lewisham,2015-12-01,Freehold,576430.9635036497,525000.0,137
Lewisham,2015-12-01,Leasehold,367805.236196319,357250.0,326
Lewisham,2016-01-01,Freehold,565268.6885245901,528750.0,122
Lewisham,2016-01-01,Leasehold,348441.0057142857,327500.0,175
Lewisham,2016-02-01,Freehold,583774.4310344828,550000.0,116
Lewisham,2016-02-01,Leasehold,346919.73732718895,325000.0,217
Lewisham,2016-03-01,Freehold,611060.95,547500.0,200
Lewisham,2016-03-01,Leasehold,350552.9506641366,327000.0,527
Lewisham,2016-04-01,Freehold,573233.0923076923,550000.0,65
Lewisham,2016-04-01,Leasehold,359236.93258426967,346000.0,178
Lewisham,2016-05-01,Freehold,575433.75,556500.0,92
Lewisham,2016-05-01,Leasehold,369201.628742515,368000.0,167
Lewisham,2016-06-01,Freehold,591754.4672897196,535000.0,107
Lewisham,2016-06-01,Leasehold,393090.7708978328,380000.0,323
Lewisham,2016-07-01,Freehold,603778.234375,560475.0,128
Lewisham,2016-07-01,Leasehold,364672.0985915493,350100.0,213
Lewisham,2016-08-01,Freehold,565272.1176470588,513000.0,119
Lewisham,2016-08-01,Leasehold,344573.1491712707,332500.0,181
Lewisham,2016-09-01,Freehold,653277.5058823529,576500.0,85
Lewisham,2016-09-01,Leasehold,366869.84971098264,350000.0,173
Lewisham,2016-10-01,Freehold,564482.0568181818,542625.0,88
Lewisham,2016-10-01,Leasehold,332843.549132948,320000.0,173
Lewisham,2016-11-01,Freehold,578502.7362637363,555000.0,91
Lewisham,2016-11-01,Leasehold,378009.39763779525,375000.0,254
Lewisham,2016-12-01,Freehold,573377.1272727273,562500.0,110
Lewisham,2016-12-01,Leasehold,358980.3333333333,340000.0,192
Lewisham,2017-01-01,Freehold,578112.6637168141,569000.0,113
Lewisham,2017-01-01,Leasehold,362525.0,346500.0,124
Lewisham,2017-02-01,Freehold,578063.0,550000.0,106
Lewisham,2017-02-01,Leasehold,350757.05673758866,337250.0,141
Lewisham,2017-03-01,Freehold,596466.5140186916,493500.0,107
Lewisham,2017-03-01,Leasehold,341758.41221374046,345000.0,131
Lewisham,2017-04-01,Freehold,559533.1632653062,532500.0,98
Lewisham,2017-04-01,Leasehold,380680.28220858896,375000.0,163
Lewisham,2017-05-01,Freehold,592164.696969697,550000.0,99
Lewisham,2017-05-01,Leasehold,423027.83980582526,416250.0,206
Lewisham,2017-06-01,Freehold,624379.7217391304,585425.0,115
Lewisham,2017-06-01,Leasehold,441264.7664835165,420000.0,364
Lewisham,2017-07-01,Freehold,639967.2743362832,615000.0,113
Lewisham,2017-07-01,Leasehold,418172.79459459457,410000.0,185
Lewisham,2017-08-01,Freehold,647386.2109375,622500.0,128
Lewisham,2017-08-01,Leasehold,379655.59375,373500.0,160
Lewisham,2017-09-01,Freehold,605169.279661017,575000.0,118
Lewisham,2017-09-01,Leasehold,399290.6165413534,385000.0,133
Lewisham,2017-10-01,Freehold,592898.6238532111,530000.0,109
Lewisham,2017-10-01,Leasehold,358027.7697368421,355000.0,152
Lewisham,2017-11-01,Freehold,621015.7280701754,558750.0,114
Lewisham,2017-11-01,Leasehold,357847.57936507935,343750.0,126
Lewisham,2017-12-01,Freehold,576885.6016260163,535000.0,123
Lewisham,2017-12-01,Leasehold,371051.74594594596,352995.0,185
Lewisham,2018-01-01,Freehold,601460.3977272727,528750.0,88
Lewisham,2018-01-01,Leasehold,378081.05917159765,355000.0,169
Lewisham,2018-02-01,Freehold,598076.725,576000.0,80
Lewisham,2018-02-01,Leasehold,368549.37391304347,352500.0,115
Lewisham,2018-03-01,Freehold,609064.9895833334,561460.0,96
Lewisham,2018-03-01,Leasehold,334715.84699453553,325000.0,183
Lewisham,2018-04-01,Freehold,581964.0512820513,567500.0,78
Lewisham,2018-04-01,Leasehold,387854.7770700637,390000.0,157
Lewisham,2018-05-01,Freehold,569437.7070707071,525000.0,99
Lewisham,2018-05-01,Leasehold,397761.74342105264,382497.5,152
Lewisham,2018-06-01,Freehold,597471.3953488372,585000.0,129
Lewisham,2018-06-01,Leasehold,373760.9596412556,380000.0,223
Lewisham,2018-07-01,Freehold,569942.5803571428,530000.0,112
Lewisham,2018-07-01,Leasehold,368729.63333333336,367500.0,150
Lewisham,2018-08-01,Freehold,632142.2086330935,626275.0,139
Lewisham,2018-08-01,Leasehold,370319.3027027027,355000.0,185
Lewisham,2018-09-01,Freehold,591903.8725490196,542000.0,102
Lewisham,2018-09-01,Leasehold,362592.5338983051,351687.5,118
Lewisham,2018-10-01,Freehold,579156.976744186,543000.0,129
Lewisham,2018-10-01,Leasehold,432661.48846153845,425000.0,260
Lewisham,2018-11-01,Freehold,586181.779661017,522500.0,118
Lewisham,2018-11-01,Leasehold,396575.3461538461,395000.0,234
Lewisham,2018-12-01,Freehold,573730.5555555555,538500.0,90
Lewisham,2018-12-01,Leasehold,371302.94029850746,375000.0,134
Lewisham,2019-01-01,Freehold,560745.3448275862,515000.0,87
Lewisham,2019-01-01,Leasehold,352621.09523809527,339000.0,105
Lewisham,2019-02-01,Freehold,604153.5625,522500.0,96
Lewisham,2019-02-01,Leasehold,351081.9595959596,345000.0,99
Lewisham,2019-03-01,Freehold,584210.4716981133,544625.0,106
Lewisham,2019-03-01,Leasehold,389545.27464788733,380000.0,142
Lewisham,2019-04-01,Freehold,610863.75,564000.0,80
Lewisham,2019-04-01,Leasehold,376897.16279069765,355000.0,129
Lewisham,2019-05-01,Freehold,615849.8695652174,565000.0,115
Lewisham,2019-05-01,Leasehold,361514.61363636365,361250.0,132
Lewisham,2019-06-01,Freehold,553012.2857142857,545000.0,98
Lewisham,2019-06-01,Leasehold,389755.82481751824,376500.0,137
Lewisham,2019-07-01,Freehold,591539.2582781457,585000.0,151
Lewisham,2019-07-01,Leasehold,379718.7207792208,371750.0,154
Lewisham,2019-08-01,Freehold,638739.5031847134,605000.0,157
Lewisham,2019-08-01,Leasehold,380641.3930635838,385000.0,173
Lewisham,2019-09-01,Freehold,596524.4015748032,572500.0,127
Lewisham,2019-09-01,Leasehold,371834.36419753084,356500.0,162
Lewisham,2019-10-01,Freehold,622437.8392857143,571000.0,112
Lewisham,2019-10-01,Leasehold,383044.9074074074,361000.0,162
Lewisham,2019-11-01,Freehold,581243.6440677966,550000.0,118
Lewisham,2019-11-01,Leasehold,381915.628742515,365000.0,167
Lewisham,2019-12-01,Freehold,608168.2828282828,600000.0,99
Lewisham,2019-12-01,Leasehold,363928.0887096774,360000.0,124
Lewisham,2020-01-01,Freehold,655015.5376344086,600000.0,93
Lewisham,2020-01-01,Leasehold,371200.74626865675,363875.0,134
Lewisham,2020-02-01,Freehold,636115.39,555000.0,100
Lewisham,2020-02-01,Leasehold,374699.86259541987,370000.0,131
Lewisham,2020-03-01,Freehold,626626.0736842105,555000.0,95
Lewisham,2020-03-01,Leasehold,404600.3202614379,390000.0,153
Lewisham,2020-04-01,Freehold,555690.6774193548,561500.0,31
Lewisham,2020-04-01,Leasehold,420129.0229885057,397700.0,87
Lewisham,2020-05-01,Freehold,649773.4042553192,607000.0,47
Lewisham,2020-05-01,Leasehold,384287.4069767442,396920.0,86
Lewisham,2020-06-01,Freehold,643547.8059701492,555000.0,67
Lewisham,2020-06-01,Leasehold,382639.2173913043,375000.0,115
Lewisham,2020-07-01,Freehold,665749.8117647059,605000.0,85
Lewisham,2020-07-01,Leasehold,373052.4812030075,368000.0,133
Lewisham,2020-08-01,Freehold,633427.6818181818,574000.0,110
Lewisham,2020-08-01,Leasehold,388034.7803030303,365500.0,132
Lewisham,2020-09-01,Freehold,672153.6590909091,645750.0,132
Lewisham,2020-09-01,Leasehold,406544.75163398695,390000.0,153
Lewisham,2020-10-01,Freehold,666695.0743801653,625000.0,121
Lewisham,2020-10-01,Leasehold,400957.4561403509,400000.0,171
Lewisham,2020-11-01,Freehold,650454.9127516778,635000.0,149
Lewisham,2020-11-01,Leasehold,403792.8538011696,387500.0,171
Lewisham,2020-12-01,Freehold,699941.2684210526,674000.0,190
Lewisham,2020-12-01,Leasehold,411271.06880733947,401250.0,218
Lewisham,2021-01-01,Freehold,679456.7465753425,639000.0,146
Lewisham,2021-01-01,Leasehold,404247.77419354836,398600.0,124
Lewisham,2021-02-01,Freehold,658376.2756410256,605500.0,156
Lewisham,2021-02-01,Leasehold,403911.2311827957,392750.0,186
Lewisham,2021-03-01,Freehold,680253.6456140351,630000.0,285
Lewisham,2021-03-01,Leasehold,399915.1034482759,390000.0,290
Lewisham,2021-04-01,Freehold,637397.993150685,611500.0,146
Lewisham,2021-04-01,Leasehold,390373.85714285716,380000.0,175
Lewisham,2021-05-01,Freehold,693734.2315789474,660000.0,95
Lewisham,2021-05-01,Leasehold,375155.1554054054,373500.0,148
Lewisham,2021-06-01,Freehold,641096.6723163842,614700.0,354
Lewisham,2021-06-01,Leasehold,406335.14838709676,392000.0,465
Lewisham,2021-07-01,Freehold,850682.1219512195,665000.0,41
Lewisham,2021-07-01,Leasehold,330768.8875,315000.0,80
Lewisham,2021-08-01,Freehold,696152.0760869565,643750.0,92
Lewisham,2021-08-01,Leasehold,370811.25,360000.0,128
Lewisham,2021-09-01,Freehold,679669.4764150943,619250.0,212
Lewisham,2021-09-01,Leasehold,373325.77966101695,355000.0,236
Lewisham,2021-10-01,Freehold,657567.5373134328,630000.0,67
Lewisham,2021-10-01,Leasehold,381166.2393162393,360000.0,117
Lewisham,2021-11-01,Freehold,692542.3085106383,627500.0,94
Lewisham,2021-11-01,Leasehold,362792.93129770993,345000.0,131
Lewisham,2021-12-01,Freehold,660636.265625,622300.0,128
Lewisham,2021-12-01,Leasehold,367893.21875,355000.0,160
Lewisham,2022-01-01,Freehold,700679.8658536585,669000.0,82
Lewisham,2022-01-01,Leasehold,393322.3620689655,365000.0,116
Lewisham,2022-02-01,Freehold,688577.0408163265,647500.0,98
Lewisham,2022-02-01,Leasehold,385367.1666666667,371000.0,120
Lewisham,2022-03-01,Freehold,660271.1074380166,614000.0,121
Lewisham,2022-03-01,Leasehold,382870.5228426396,375000.0,197
Lewisham,2022-04-01,Freehold,703849.8454545455,662500.0,110
Lewisham,2022-04-01,Leasehold,370152.71508379886,350000.0,179
Lewisham,2022-05-01,Freehold,661652.1290322581,633000.0,124
Lewisham,2022-05-01,Leasehold,383594.488,365000.0,125
Lewisham,2022-06-01,Freehold,706515.992,646000.0,125
Lewisham,2022-06-01,Leasehold,404290.65986394556,390000.0,147
Lewisham,2022-07-01,Freehold,754190.2080924856,637500.0,173
Lewisham,2022-07-01,Leasehold,409899.3236714976,375000.0,207
Lewisham,2022-08-01,Freehold,766201.71875,677500.0,160
Lewisham,2022-08-01,Leasehold,430221.8732394366,395000.0,213
Lewisham,2022-09-01,Freehold,758263.347107438,715000.0,121
Lewisham,2022-09-01,Leasehold,403918.0625,400000.0,192
Lewisham,2022-10-01,Freehold,699273.676923077,685000.0,130
Lewisham,2022-10-01,Leasehold,409510.41538461536,387000.0,195
Lewisham,2022-11-01,Freehold,771526.7375886525,720000.0,141
Lewisham,2022-11-01,Leasehold,398820.2110552764,375000.0,199
Lewisham,2022-12-01,Freehold,708231.3188405797,652500.0,138
Lewisham,2022-12-01,Leasehold,418463.79881656804,400000.0,169
Lewisham,2023-01-01,Freehold,720232.8358208955,630000.0,67
Lewisham,2023-01-01,Leasehold,391349.96062992123,386500.0,127
Lewisham,2023-02-01,Freehold,701691.695652174,678500.0,92
Lewisham,2023-02-01,Leasehold,404669.2517006803,400000.0,147
Lewisham,2023-03-01,Freehold,734132.6666666666,605000.0,69
Lewisham,2023-03-01,Leasehold,408919.1298076923,405000.0,208
Lewisham,2023-04-01,Freehold,704318.16,640000.0,75
Lewisham,2023-04-01,Leasehold,393616.2643678161,358050.0,87
Lewisham,2023-05-01,Freehold,709316.6,650000.0,60
Lewisham,2023-05-01,Leasehold,368984.0588235294,347000.0,85
Lewisham,2023-06-01,Freehold,719036.8625,637500.0,80
Lewisham,2023-06-01,Leasehold,379878.8899082569,360000.0,109
Lewisham,2023-07-01,Freehold,717330.8067226891,705000.0,119
Lewisham,2023-07-01,Leasehold,385854.04545454547,383750.0,132
Lewisham,2023-08-01,Freehold,782805.0344827586,720000.0,116
Lewisham,2023-08-01,Leasehold,388462.53383458644,380000.0,133
Lewisham,2023-09-01,Freehold,747962.8823529412,680000.0,119
Lewisham,2023-09-01,Leasehold,419576.975,406500.0,160
Lewisham,2023-10-01,Freehold,737121.9431818182,691000.0,88
Lewisham,2023-10-01,Leasehold,377603.27702702704,365000.0,148
Lewisham,2023-11-01,Freehold,686507.4819277108,600000.0,83
Lewisham,2023-11-01,Leasehold,378378.28125,368450.0,128
Lewisham,2023-12-01,Freehold,687962.625,641350.0,96
Lewisham,2023-12-01,Leasehold,382379.28873239434,372500.0,142
Lewisham,2024-01-01,Freehold,689247.9166666666,656500.0,72
Lewisham,2024-01-01,Leasehold,396646.84210526315,370000.0,95
Lewisham,2024-02-01,Freehold,762336.9863013698,635000.0,73
Lewisham,2024-02-01,Leasehold,369203.82608695654,355000.0,115
Lewisham,2024-03-01,Freehold,684751.8421052631,625000.0,95
Lewisham,2024-03-01,Leasehold,379622.448,357500.0,125
Lewisham,2024-04-01,Freehold,719355.1829268293,631750.0,82
Lewisham,2024-04-01,Leasehold,398318.05454545456,381250.0,110
Lewisham,2024-05-01,Freehold,756880.2413793104,675000.0,87
Lewisham,2024-05-01,Leasehold,394088.2962962963,385000.0,135
Lewisham,2024-06-01,Freehold,713671.2586206896,653575.0,116
Lewisham,2024-06-01,Leasehold,385878.2113821138,386000.0,123
Lewisham,2024-07-01,Freehold,754662.625,715000.0,120
Lewisham,2024-07-01,Leasehold,406571.21153846156,396500.0,156
Lewisham,2024-08-01,Freehold,709266.5573770492,627500.0,122
Lewisham,2024-08-01,Leasehold,394141.6235955056,375500.0,178
Lewisham,2024-09-01,Freehold,754955.2734375,707200.0,128
Lewisham,2024-09-01,Leasehold,398467.5,386787.5,150
Lewisham,2024-10-01,Freehold,721472.0,680000.0,119
Lewisham,2024-10-01,Leasehold,398939.59064327483,385000.0,171
Lewisham,2024-11-01,Freehold,725192.2561983471,670000.0,121
Lewisham,2024-11-01,Leasehold,399001.5472972973,390500.0,148
Lewisham,2024-12-01,Freehold,725586.4326923077,684000.0,104
Lewisham,2024-12-01,Leasehold,410634.20930232556,400000.0,129
Lewisham,2025-01-01,Freehold,844285.8956521739,674600.0,115
Lewisham,2025-01-01,Leasehold,405924.28571428574,390000.0,119
Lewisham,2025-02-01,Freehold,744651.1428571428,680000.0,105
Lewisham,2025-02-01,Leasehold,392193.5,380000.0,130
Lewisham,2025-03-01,Freehold,675421.3780487805,620000.0,246
Lewisham,2025-03-01,Leasehold,411248.5798969072,400000.0,388
Lewisham,2025-04-01,Freehold,708093.2432432432,722500.0,37
Lewisham,2025-04-01,Leasehold,374764.42307692306,340000.0,52
Lewisham,2025-05-01,Freehold,725810.987654321,650000.0,81
Lewisham,2025-05-01,Leasehold,389530.9913793103,375000.0,116
Lewisham,2025-06-01,Freehold,719959.9891304348,682500.0,92
Lewisham,2025-06-01,Leasehold,380808.72357723577,370000.0,123
Lewisham,2025-07-01,Freehold,755200.3846153846,700000.0,130
Lewisham,2025-07-01,Leasehold,386225.19008264464,365000.0,121
Lewisham,2025-08-01,Freehold,778915.4736842106,746000.0,133
Lewisham,2025-08-01,Leasehold,408468.14285714284,411250.0,126
Lewisham,2025-09-01,Freehold,739095.4150943396,714250.0,106
Lewisham,2025-09-01,Leasehold,415761.9666666667,392500.0,120
Lewisham,2025-10-01,Freehold,724284.304347826,715000.0,115
Lewisham,2025-10-01,Leasehold,388794.8181818182,375000.0,143
Lewisham,2025-11-01,Freehold,724511.8,690000.0,95
Lewisham,2025-11-01,Leasehold,387925.5483870968,375000.0,124
Lewisham,2025-12-01,Freehold,684998.3780487805,659000.0,82
Lewisham,2025-12-01,Leasehold,387602.9411764706,377500.0,102
Lewisham,2026-01-01,Freehold,736579.15,643750.0,60
Lewisham,2026-01-01,Leasehold,398556.7164179105,375000.0,67
Lewisham,2026-02-01,Freehold,723517.9696969697,662500.0,66
Lewisham,2026-02-01,Leasehold,370231.5068493151,346000.0,73
Lewisham,2026-03-01,Freehold,729923.5507246377,645000.0,69
Lewisham,2026-03-01,Leasehold,390858.9285714286,381250.0,112
Lewisham,2026-04-01,Freehold,769151.9827586206,709000.0,58
Lewisham,2026-04-01,Leasehold,380385.4285714286,381973.0,70
Lewisham,2026-05-01,Freehold,699794.8717948718,600000.0,39
Lewisham,2026-05-01,Leasehold,398978.90625,400000.0,32
Merton,2006-01-01,Freehold,341499.010989011,249950.0,182
Merton,2006-01-01,Leasehold,206414.4406779661,197750.0,118
Merton,2006-02-01,Freehold,366591.9108280255,250000.0,157
Merton,2006-02-01,Leasehold,221702.5185185185,204995.0,135
Merton,2006-03-01,Freehold,324886.8177777778,250000.0,225
Merton,2006-03-01,Leasehold,216649.54255319148,204000.0,188
Merton,2006-04-01,Freehold,369602.0698924731,289625.0,186
Merton,2006-04-01,Leasehold,220138.04635761588,200000.0,151
Merton,2006-05-01,Freehold,369290.1072961373,282000.0,233
Merton,2006-05-01,Leasehold,228661.32786885247,208495.0,183
Merton,2006-06-01,Freehold,385303.48333333334,299975.0,240
Merton,2006-06-01,Leasehold,218094.06701030929,191000.0,194
Merton,2006-07-01,Freehold,376297.8006993007,285000.0,286
Merton,2006-07-01,Leasehold,219086.23684210525,190000.0,190
Merton,2006-08-01,Freehold,352558.5103448276,295000.0,290
Merton,2006-08-01,Leasehold,218967.63768115942,200000.0,207
Merton,2006-09-01,Freehold,416823.8530612245,295000.0,245
Merton,2006-09-01,Leasehold,218067.92655367233,200000.0,177
Merton,2006-10-01,Freehold,330871.1643192488,265000.0,213
Merton,2006-10-01,Leasehold,213589.4126984127,195000.0,189
Merton,2006-11-01,Freehold,360896.4156378601,280000.0,243
Merton,2006-11-01,Leasehold,244044.24277456646,220000.0,173
Merton,2006-12-01,Freehold,397636.08658008656,278000.0,231
Merton,2006-12-01,Leasehold,219749.0152284264,200000.0,197
Merton,2007-01-01,Freehold,477046.7272727273,286500.0,220
Merton,2007-01-01,Leasehold,248230.2479338843,225000.0,121
Merton,2007-02-01,Freehold,452615.8011049724,298000.0,181
Merton,2007-02-01,Leasehold,223697.075,203750.0,120
Merton,2007-03-01,Freehold,444607.20901639346,304975.0,244
Merton,2007-03-01,Leasehold,236625.58181818182,218000.0,165
Merton,2007-04-01,Freehold,480395.61574074073,289000.0,216
Merton,2007-04-01,Leasehold,231995.80833333332,209000.0,120
Merton,2007-05-01,Freehold,433735.7025862069,317250.0,232
Merton,2007-05-01,Leasehold,246939.2962962963,221345.0,189
Merton,2007-06-01,Freehold,512819.4009661836,320000.0,207
Merton,2007-06-01,Leasehold,253241.75757575757,229995.0,231
Merton,2007-07-01,Freehold,462722.0,324000.0,258
Merton,2007-07-01,Leasehold,252073.42783505155,234000.0,194
Merton,2007-08-01,Freehold,522524.6762295082,341000.0,244
Merton,2007-08-01,Leasehold,266471.2383419689,229950.0,193
Merton,2007-09-01,Freehold,526613.1538461539,330000.0,195
Merton,2007-09-01,Leasehold,258185.02659574468,240000.0,188
Merton,2007-10-01,Freehold,442621.4975609756,325000.0,205
Merton,2007-10-01,Leasehold,256456.03977272726,232300.0,176
Merton,2007-11-01,Freehold,418164.14782608696,306000.0,230
Merton,2007-11-01,Leasehold,252658.16981132075,244000.0,159
Merton,2007-12-01,Freehold,509242.08403361344,341000.0,119
Merton,2007-12-01,Leasehold,271975.5084745763,241250.0,118
Merton,2008-01-01,Freehold,576685.1186440678,335000.0,118
Merton,2008-01-01,Leasehold,252013.31632653062,235500.0,98
Merton,2008-02-01,Freehold,485763.7021276596,327500.0,141
Merton,2008-02-01,Leasehold,256275.56310679612,226500.0,103
Merton,2008-03-01,Freehold,476606.3416666667,320000.0,120
Merton,2008-03-01,Leasehold,259832.55681818182,236250.0,88
Merton,2008-04-01,Freehold,487608.775,325000.0,120
Merton,2008-04-01,Leasehold,289416.03883495147,245000.0,103
Merton,2008-05-01,Freehold,486519.1015625,330975.0,128
Merton,2008-05-01,Leasehold,247655.3085106383,220000.0,94
Merton,2008-06-01,Freehold,472112.44444444444,330000.0,90
Merton,2008-06-01,Leasehold,230205.53488372092,218000.0,129
Merton,2008-07-01,Freehold,488746.35454545455,315000.0,110
Merton,2008-07-01,Leasehold,240427.39361702127,220000.0,94
Merton,2008-08-01,Freehold,412712.89247311826,300000.0,93
Merton,2008-08-01,Leasehold,232778.9,221000.0,60
Merton,2008-09-01,Freehold,462825.0,371000.0,81
Merton,2008-09-01,Leasehold,254730.38157894736,249975.0,76
Merton,2008-10-01,Freehold,384991.6103896104,280000.0,77
Merton,2008-10-01,Leasehold,260933.0,253500.0,80
Merton,2008-11-01,Freehold,359445.37096774194,250000.0,62
Merton,2008-11-01,Leasehold,259024.51162790696,221000.0,43
Merton,2008-12-01,Freehold,512265.42647058825,305000.0,68
Merton,2008-12-01,Leasehold,206946.42857142858,175000.0,84
Merton,2009-01-01,Freehold,638840.5806451613,327000.0,62
Merton,2009-01-01,Leasehold,243699.6052631579,194000.0,38
Merton,2009-02-01,Freehold,400996.40845070424,291000.0,71
Merton,2009-02-01,Leasehold,205574.32432432432,170000.0,37
Merton,2009-03-01,Freehold,381350.0,262000.0,75
Merton,2009-03-01,Leasehold,207522.26666666666,166000.0,30
Merton,2009-04-01,Freehold,354017.3846153846,250000.0,91
Merton,2009-04-01,Leasehold,200629.9,177475.0,30
Merton,2009-05-01,Freehold,383349.0380952381,280000.0,105
Merton,2009-05-01,Leasehold,223970.0,199995.0,51
Merton,2009-06-01,Freehold,385815.55555555556,286000.0,90
Merton,2009-06-01,Leasehold,207681.12030075188,195000.0,133
Merton,2009-07-01,Freehold,400139.6862745098,300000.0,153
Merton,2009-07-01,Leasehold,213458.61904761905,193000.0,84
Merton,2009-08-01,Freehold,553989.9674796748,325000.0,123
Merton,2009-08-01,Leasehold,252523.82278481012,220000.0,79
Merton,2009-09-01,Freehold,498432.1911764706,350000.0,136
Merton,2009-09-01,Leasehold,243866.83720930232,220000.0,86
Merton,2009-10-01,Freehold,439039.0258064516,310000.0,155
Merton,2009-10-01,Leasehold,242098.0294117647,223250.0,102
Merton,2009-11-01,Freehold,510129.25,347497.5,140
Merton,2009-11-01,Leasehold,271108.93684210523,249500.0,95
Merton,2009-12-01,Freehold,408587.3134328358,293250.0,134
Merton,2009-12-01,Leasehold,264502.05925925926,235000.0,135
Merton,2010-01-01,Freehold,521799.50442477874,345000.0,113
Merton,2010-01-01,Leasehold,284800.4025974026,250000.0,77
Merton,2010-02-01,Freehold,485949.0291262136,317500.0,103
Merton,2010-02-01,Leasehold,276751.6142857143,195500.0,70
Merton,2010-03-01,Freehold,618846.5315315315,347500.0,111
Merton,2010-03-01,Leasehold,286056.4655172414,249950.0,58
Merton,2010-04-01,Freehold,453811.4285714286,340000.0,105
Merton,2010-04-01,Leasehold,247386.75714285715,225000.0,70
Merton,2010-05-01,Freehold,461600.1584158416,365000.0,101
Merton,2010-05-01,Leasehold,262892.3394495413,212000.0,109
Merton,2010-06-01,Freehold,596197.3793103448,390000.0,145
Merton,2010-06-01,Leasehold,350146.82727272727,228500.0,110
Merton,2010-07-01,Freehold,628673.3202247191,381250.0,178
Merton,2010-07-01,Leasehold,261566.8556701031,230000.0,97
Merton,2010-08-01,Freehold,497592.71523178805,371000.0,151
Merton,2010-08-01,Leasehold,244481.5119047619,217500.0,84
Merton,2010-09-01,Freehold,548071.0,390000.0,133
Merton,2010-09-01,Leasehold,236767.0285714286,200000.0,105
Merton,2010-10-01,Freehold,553325.7482014388,378000.0,139
Merton,2010-10-01,Leasehold,279381.34210526315,244500.0,76
Merton,2010-11-01,Freehold,557520.1612903225,357475.0,124
Merton,2010-11-01,Leasehold,282774.25675675675,228975.0,74
Merton,2010-12-01,Freehold,446165.52592592593,318000.0,135
Merton,2010-12-01,Leasehold,322129.5813953488,226250.0,86
Merton,2011-01-01,Freehold,509916.89873417723,412000.0,79
Merton,2011-01-01,Leasehold,263296.18518518517,216750.0,54
Merton,2011-02-01,Freehold,437380.0684931507,330000.0,73
Merton,2011-02-01,Leasehold,266424.6153846154,220000.0,65
Merton,2011-03-01,Freehold,633859.0230769231,358000.0,130
Merton,2011-03-01,Leasehold,269089.8358208955,209995.0,67
Merton,2011-04-01,Freehold,631133.4732142857,353750.0,112
Merton,2011-04-01,Leasehold,273750.32653061225,240725.0,98
Merton,2011-05-01,Freehold,427192.76377952757,339000.0,127
Merton,2011-05-01,Leasehold,277151.35135135136,235000.0,74
Merton,2011-06-01,Freehold,504390.0,330000.0,132
Merton,2011-06-01,Leasehold,265049.8604651163,239000.0,86
Merton,2011-07-01,Freehold,522799.6467065868,365000.0,167
Merton,2011-07-01,Leasehold,274313.15789473685,245000.0,95
Merton,2011-08-01,Freehold,641706.2793296089,415000.0,179
Merton,2011-08-01,Leasehold,278305.76470588235,242500.0,102
Merton,2011-09-01,Freehold,660130.5272727272,398000.0,165
Merton,2011-09-01,Leasehold,252557.81818181818,236500.0,88
Merton,2011-10-01,Freehold,500689.04225352115,360000.0,142
Merton,2011-10-01,Leasehold,253821.89024390245,226500.0,82
Merton,2011-11-01,Freehold,568272.8962962963,385000.0,135
Merton,2011-11-01,Leasehold,245672.22222222222,222500.0,90
Merton,2011-12-01,Freehold,506164.5517241379,340000.0,145
Merton,2011-12-01,Leasehold,245969.11510791368,209995.0,139
Merton,2012-01-01,Freehold,434809.23214285716,330000.0,112
Merton,2012-01-01,Leasehold,265562.06382978725,242500.0,94
Merton,2012-02-01,Freehold,495719.75471698114,319500.0,106
Merton,2012-02-01,Leasehold,252133.2564102564,223750.0,78
Merton,2012-03-01,Freehold,471695.4513888889,308500.0,144
Merton,2012-03-01,Leasehold,235111.59663865546,212000.0,119
Merton,2012-04-01,Freehold,530168.8414634146,356250.0,82
Merton,2012-04-01,Leasehold,254623.97333333333,212500.0,75
Merton,2012-05-01,Freehold,651887.6638655462,400000.0,119
Merton,2012-05-01,Leasehold,280186.6808510638,228000.0,94
Merton,2012-06-01,Freehold,551714.1379310344,410000.0,145
Merton,2012-06-01,Leasehold,244823.0,220000.0,95
Merton,2012-07-01,Freehold,572439.6748466258,395000.0,163
Merton,2012-07-01,Leasehold,264411.5909090909,223750.0,88
Merton,2012-08-01,Freehold,577961.3652694611,425250.0,167
Merton,2012-08-01,Leasehold,262643.39130434784,229975.0,92
Merton,2012-09-01,Freehold,552467.1,421875.0,140
Merton,2012-09-01,Leasehold,264672.6612903226,231500.0,124
Merton,2012-10-01,Freehold,559944.85625,367475.0,160
Merton,2012-10-01,Leasehold,269650.6439393939,235475.0,132
Merton,2012-11-01,Freehold,558644.5984251968,380000.0,127
Merton,2012-11-01,Leasehold,254568.14285714287,232500.0,98
Merton,2012-12-01,Freehold,562543.6417910447,349975.0,134
Merton,2012-12-01,Leasehold,276852.4761904762,245000.0,105
Merton,2013-01-01,Freehold,716079.9830508474,418750.0,118
Merton,2013-01-01,Leasehold,298507.40860215056,250000.0,93
Merton,2013-02-01,Freehold,570780.7603305785,350000.0,121
Merton,2013-02-01,Leasehold,286465.9090909091,242500.0,66
Merton,2013-03-01,Freehold,542935.6617647059,362000.0,136
Merton,2013-03-01,Leasehold,240018.80952380953,215500.0,126
Merton,2013-04-01,Freehold,669333.0201342282,430000.0,149
Merton,2013-04-01,Leasehold,269772.7840909091,249975.0,88
Merton,2013-05-01,Freehold,568795.7163120568,450000.0,141
Merton,2013-05-01,Leasehold,300883.31707317074,249000.0,123
Merton,2013-06-01,Freehold,623804.6027397261,450000.0,146
Merton,2013-06-01,Leasehold,271849.25471698114,247999.5,106
Merton,2013-07-01,Freehold,616373.606557377,405000.0,183
Merton,2013-07-01,Leasehold,302270.0172413793,264950.0,116
Merton,2013-08-01,Freehold,629224.7676767677,428250.0,198
Merton,2013-08-01,Leasehold,306168.60655737703,270000.0,122
Merton,2013-09-01,Freehold,638943.9649122807,440000.0,171
Merton,2013-09-01,Leasehold,310337.4418604651,280000.0,129
Merton,2013-10-01,Freehold,520368.4607329843,389950.0,191
Merton,2013-10-01,Leasehold,282521.8524590164,240000.0,122
Merton,2013-11-01,Freehold,622005.7607361963,450000.0,163
Merton,2013-11-01,Leasehold,310240.28846153844,262500.0,156
Merton,2013-12-01,Freehold,554129.4930555555,455000.0,144
Merton,2013-12-01,Leasehold,328869.68376068375,268000.0,117
Merton,2014-01-01,Freehold,664368.3544303797,478750.0,158
Merton,2014-01-01,Leasehold,367792.4090909091,277000.0,110
Merton,2014-02-01,Freehold,560029.1188811188,465000.0,143
Merton,2014-02-01,Leasehold,278586.81415929203,242500.0,113
Merton,2014-03-01,Freehold,634075.2867647059,455250.0,136
Merton,2014-03-01,Leasehold,292743.5833333333,249975.0,120
Merton,2014-04-01,Freehold,592806.0920245398,474000.0,163
Merton,2014-04-01,Leasehold,363722.3839285714,293750.0,112
Merton,2014-05-01,Freehold,638716.0838709677,465000.0,155
Merton,2014-05-01,Leasehold,346979.6324786325,286000.0,117
Merton,2014-06-01,Freehold,730345.8175182482,550000.0,137
Merton,2014-06-01,Leasehold,355821.8857142857,300000.0,105
Merton,2014-07-01,Freehold,841672.7086092716,490000.0,151
Merton,2014-07-01,Leasehold,364098.78846153844,325000.0,104
Merton,2014-08-01,Freehold,846787.5652173914,572000.0,161
Merton,2014-08-01,Leasehold,385047.60869565216,345500.0,138
Merton,2014-09-01,Freehold,686718.413580247,453000.0,162
Merton,2014-09-01,Leasehold,352333.42201834865,308000.0,109
Merton,2014-10-01,Freehold,822383.7272727273,525000.0,121
Merton,2014-10-01,Leasehold,384753.8617886179,308000.0,123
Merton,2014-11-01,Freehold,635818.5867768595,415000.0,121
Merton,2014-11-01,Leasehold,313486.43,295000.0,100
Merton,2014-12-01,Freehold,579343.5294117647,450000.0,119
Merton,2014-12-01,Leasehold,336754.17475728155,299950.0,103
Merton,2015-01-01,Freehold,650259.7904761905,490000.0,105
Merton,2015-01-01,Leasehold,343697.7011494253,310000.0,87
Merton,2015-02-01,Freehold,652635.9126213592,470000.0,103
Merton,2015-02-01,Leasehold,359038.5421686747,312000.0,83
Merton,2015-03-01,Freehold,822949.3801652893,525000.0,121
Merton,2015-03-01,Leasehold,357131.5918367347,305000.0,98
Merton,2015-04-01,Freehold,687115.056,525000.0,125
Merton,2015-04-01,Leasehold,377486.7073170732,357500.0,82
Merton,2015-05-01,Freehold,712930.9527559055,521000.0,127
Merton,2015-05-01,Leasehold,342261.98979591834,295000.0,98
Merton,2015-06-01,Freehold,708501.6783216783,469000.0,143
Merton,2015-06-01,Leasehold,354180.1818181818,315000.0,121
Merton,2015-07-01,Freehold,838300.8624338624,600000.0,189
Merton,2015-07-01,Leasehold,369265.793814433,330000.0,97
Merton,2015-08-01,Freehold,671979.8484848485,525000.0,165
Merton,2015-08-01,Leasehold,357376.53921568627,325000.0,102
Merton,2015-09-01,Freehold,825333.5664335664,550000.0,143
Merton,2015-09-01,Leasehold,333909.6083916084,300000.0,143
Merton,2015-10-01,Freehold,732163.7235294117,560000.0,170
Merton,2015-10-01,Leasehold,386154.0,370000.0,100
Merton,2015-11-01,Freehold,681450.7352941176,550000.0,136
Merton,2015-11-01,Leasehold,392813.1909090909,361250.0,110
Merton,2015-12-01,Freehold,659448.9520547945,497500.0,146
Merton,2015-12-01,Leasehold,408957.63559322036,378725.0,118
Merton,2016-01-01,Freehold,711552.2935779816,520000.0,109
Merton,2016-01-01,Leasehold,400723.3510638298,355000.0,94
Merton,2016-02-01,Freehold,696410.6183206107,538500.0,131
Merton,2016-02-01,Leasehold,392608.367816092,355000.0,87
Merton,2016-03-01,Freehold,788042.5433070866,622500.0,254
Merton,2016-03-01,Leasehold,407577.05472636817,400000.0,201
Merton,2016-04-01,Freehold,909848.3333333334,540000.0,60
Merton,2016-04-01,Leasehold,407037.9310344828,394025.0,58
Merton,2016-05-01,Freehold,634982.25,545000.0,84
Merton,2016-05-01,Leasehold,380120.0746268657,370000.0,67
Merton,2016-06-01,Freehold,718342.3423423424,565000.0,111
Merton,2016-06-01,Leasehold,435025.52808988764,380000.0,89
Merton,2016-07-01,Freehold,842824.1517857143,577500.0,112
Merton,2016-07-01,Leasehold,376457.6145833333,330000.0,96
Merton,2016-08-01,Freehold,691413.1578947369,550500.0,114
Merton,2016-08-01,Leasehold,394704.97196261684,360000.0,107
Merton,2016-09-01,Freehold,784406.1941747572,560000.0,103
Merton,2016-09-01,Leasehold,389338.32710280374,350000.0,107
Merton,2016-10-01,Freehold,962032.0638297872,550000.0,94
Merton,2016-10-01,Leasehold,404409.12658227846,370000.0,79
Merton,2016-11-01,Freehold,604482.1078431372,470000.0,102
Merton,2016-11-01,Leasehold,332690.10752688174,310000.0,93
Merton,2016-12-01,Freehold,695444.632,550000.0,125
Merton,2016-12-01,Leasehold,381819.55913978495,350000.0,93
Merton,2017-01-01,Freehold,771486.1445783132,540000.0,83
Merton,2017-01-01,Leasehold,373234.693877551,350000.0,49
Merton,2017-02-01,Freehold,882278.7647058824,581000.0,85
Merton,2017-02-01,Leasehold,402957.14285714284,377500.0,84
Merton,2017-03-01,Freehold,881856.4912280702,681070.0,114
Merton,2017-03-01,Leasehold,397862.5462184874,325000.0,119
Merton,2017-04-01,Freehold,897389.6086956522,630000.0,115
Merton,2017-04-01,Leasehold,546602.7926829269,404250.0,82
Merton,2017-05-01,Freehold,733180.8139534884,540000.0,129
Merton,2017-05-01,Leasehold,449287.0125,377555.5,80
Merton,2017-06-01,Freehold,731675.890510949,585000.0,137
Merton,2017-06-01,Leasehold,376139.51219512196,362500.0,82
Merton,2017-07-01,Freehold,812798.5966386554,600000.0,119
Merton,2017-07-01,Leasehold,421369.5543478261,377500.0,92
Merton,2017-08-01,Freehold,763446.4353741497,595000.0,147
Merton,2017-08-01,Leasehold,388085.1630434783,355500.0,92
Merton,2017-09-01,Freehold,738561.1526717558,563000.0,131
Merton,2017-09-01,Leasehold,481843.5096153846,376250.0,104
Merton,2017-10-01,Freehold,844838.8524590164,617500.0,122
Merton,2017-10-01,Leasehold,496097.7113402062,385000.0,97
Merton,2017-11-01,Freehold,745606.4356435643,665000.0,101
Merton,2017-11-01,Leasehold,429985.652173913,371550.0,92
Merton,2017-12-01,Freehold,770382.075,577500.0,120
Merton,2017-12-01,Leasehold,402936.34146341466,364975.0,82
Merton,2018-01-01,Freehold,785058.1047619048,640000.0,105
Merton,2018-01-01,Leasehold,403743.1818181818,374250.0,66
Merton,2018-02-01,Freehold,828434.2105263158,565000.0,76
Merton,2018-02-01,Leasehold,410994.0,308000.0,50
Merton,2018-03-01,Freehold,702890.9739130435,560000.0,115
Merton,2018-03-01,Leasehold,405833.90476190473,376000.0,84
Merton,2018-04-01,Freehold,726234.356321839,570000.0,87
Merton,2018-04-01,Leasehold,400058.50746268657,355000.0,67
Merton,2018-05-01,Freehold,770379.2474226804,582500.0,97
Merton,2018-05-01,Leasehold,422603.3263157895,376000.0,95
Merton,2018-06-01,Freehold,866527.2,680500.0,100
Merton,2018-06-01,Leasehold,414368.661971831,350000.0,71
Merton,2018-07-01,Freehold,944307.3170731707,710000.0,123
Merton,2018-07-01,Leasehold,429451.8131868132,410500.0,91
Merton,2018-08-01,Freehold,815710.1910828026,575000.0,157
Merton,2018-08-01,Leasehold,389512.2839506173,352500.0,81
Merton,2018-09-01,Freehold,852496.3739130435,657500.0,115
Merton,2018-09-01,Leasehold,414121.19736842107,362500.0,76
Merton,2018-10-01,Freehold,992104.4628099174,680000.0,121
Merton,2018-10-01,Leasehold,411492.75247524754,380000.0,101
Merton,2018-11-01,Freehold,785023.9541984732,575000.0,131
Merton,2018-11-01,Leasehold,440796.4647887324,380000.0,71
Merton,2018-12-01,Freehold,762748.3516483516,507200.0,91
Merton,2018-12-01,Leasehold,432456.34920634923,365000.0,63
Merton,2019-01-01,Freehold,806960.3861386139,575000.0,101
Merton,2019-01-01,Leasehold,393361.25,350000.0,60
Merton,2019-02-01,Freehold,890460.4651162791,597500.0,86
Merton,2019-02-01,Leasehold,518818.1818181818,382500.0,66
Merton,2019-03-01,Freehold,638545.0555555555,450000.0,90
Merton,2019-03-01,Leasehold,397847.79032258067,327500.0,62
Merton,2019-04-01,Freehold,702849.5283018867,555500.0,106
Merton,2019-04-01,Leasehold,423879.71014492755,380000.0,69
Merton,2019-05-01,Freehold,780053.858490566,537500.0,106
Merton,2019-05-01,Leasehold,377788.397260274,328000.0,73
Merton,2019-06-01,Freehold,773480.8316831683,615000.0,101
Merton,2019-06-01,Leasehold,381352.2413793103,357440.0,58
Merton,2019-07-01,Freehold,750288.3671875,621250.0,128
Merton,2019-07-01,Leasehold,405613.6493506493,365000.0,77
Merton,2019-08-01,Freehold,878729.6666666666,668750.0,150
Merton,2019-08-01,Leasehold,448044.76744186046,395500.0,86
Merton,2019-09-01,Freehold,751399.4505494506,560000.0,91
Merton,2019-09-01,Leasehold,394928.8732394366,340000.0,71
Merton,2019-10-01,Freehold,896291.151724138,582500.0,145
Merton,2019-10-01,Leasehold,356259.9285714286,346500.0,84
Merton,2019-11-01,Freehold,742804.6230769231,625000.0,130
Merton,2019-11-01,Leasehold,420146.09375,373500.0,64
Merton,2019-12-01,Freehold,665909.1954022988,525000.0,87
Merton,2019-12-01,Leasehold,431844.6666666667,390000.0,75
Merton,2020-01-01,Freehold,759498.0194174757,555000.0,103
Merton,2020-01-01,Leasehold,381884.45945945947,360000.0,74
Merton,2020-02-01,Freehold,727864.8554216868,575000.0,83
Merton,2020-02-01,Leasehold,420066.4166666667,369000.0,60
Merton,2020-03-01,Freehold,854418.8105263158,640000.0,95
Merton,2020-03-01,Leasehold,391428.06666666665,375000.0,75
Merton,2020-04-01,Freehold,1058933.3333333333,650000.0,45
Merton,2020-04-01,Leasehold,326779.86666666664,297500.0,30
Merton,2020-05-01,Freehold,1034786.6666666666,561500.0,45
Merton,2020-05-01,Leasehold,428272.6,412500.0,25
Merton,2020-06-01,Freehold,833104.3975903614,700000.0,83
Merton,2020-06-01,Leasehold,416569.0,390000.0,55
Merton,2020-07-01,Freehold,794743.3152173914,604000.0,92
Merton,2020-07-01,Leasehold,426185.0746268657,382000.0,67
Merton,2020-08-01,Freehold,754237.6504854369,622000.0,103
Merton,2020-08-01,Leasehold,396277.3214285714,362500.0,56
Merton,2020-09-01,Freehold,814681.7384615385,705000.0,130
Merton,2020-09-01,Leasehold,432327.9090909091,420000.0,66
Merton,2020-10-01,Freehold,981929.2430555555,774000.0,144
Merton,2020-10-01,Leasehold,442232.44680851063,388000.0,94
Merton,2020-11-01,Freehold,1004386.2077922078,718500.0,154
Merton,2020-11-01,Leasehold,458400.4418604651,400000.0,86
Merton,2020-12-01,Freehold,828403.26875,658750.0,160
Merton,2020-12-01,Leasehold,460199.10714285716,438000.0,112
Merton,2021-01-01,Freehold,948312.7686567164,725000.0,134
Merton,2021-01-01,Leasehold,473298.56976744183,435000.0,86
Merton,2021-02-01,Freehold,722043.3869047619,587500.0,168
Merton,2021-02-01,Leasehold,456035.58558558556,413000.0,111
Merton,2021-03-01,Freehold,920757.8810408922,687500.0,269
Merton,2021-03-01,Leasehold,519028.4801980198,475000.0,202
Merton,2021-04-01,Freehold,894949.132231405,610000.0,121
Merton,2021-04-01,Leasehold,475764.93548387097,410000.0,93
Merton,2021-05-01,Freehold,813383.6324786325,620000.0,117
Merton,2021-05-01,Leasehold,432337.6811594203,400000.0,69
Merton,2021-06-01,Freehold,824048.4270152505,656000.0,459
Merton,2021-06-01,Leasehold,480183.44370860927,450000.0,302
Merton,2021-07-01,Freehold,1132683.175,643500.0,40
Merton,2021-07-01,Leasehold,387147.4358974359,335000.0,39
Merton,2021-08-01,Freehold,1011497.046728972,700000.0,107
Merton,2021-08-01,Leasehold,450288.90588235296,410000.0,85
Merton,2021-09-01,Freehold,888068.0769230769,700050.0,221
Merton,2021-09-01,Leasehold,421049.92805755395,387000.0,139
Merton,2021-10-01,Freehold,1229008.5915492957,675000.0,71
Merton,2021-10-01,Leasehold,450502.1911764706,370000.0,68
Merton,2021-11-01,Freehold,907420.99,780000.0,100
Merton,2021-11-01,Leasehold,435189.72631578945,360000.0,95
Merton,2021-12-01,Freehold,1044316.3700787402,805000.0,127
Merton,2021-12-01,Leasehold,473415.2272727273,423500.0,88
Merton,2022-01-01,Freehold,805011.2831858407,650000.0,113
Merton,2022-01-01,Leasehold,444124.96153846156,412500.0,78
Merton,2022-02-01,Freehold,947021.3421052631,662500.0,114
Merton,2022-02-01,Leasehold,451198.35869565216,422875.0,92
Merton,2022-03-01,Freehold,1172717.6597938144,707500.0,97
Merton,2022-03-01,Leasehold,461464.6218487395,412500.0,119
Merton,2022-04-01,Freehold,954107.3333333334,700000.0,111
Merton,2022-04-01,Leasehold,420445.8229166667,394500.0,96
Merton,2022-05-01,Freehold,1136048.2592592593,702750.0,108
Merton,2022-05-01,Leasehold,467021.7011494253,407000.0,87
Merton,2022-06-01,Freehold,882100.7961165048,715000.0,103
Merton,2022-06-01,Leasehold,467243.7252747253,450000.0,91
Merton,2022-07-01,Freehold,993126.5357142857,731500.0,168
Merton,2022-07-01,Leasehold,442752.93333333335,425000.0,120
Merton,2022-08-01,Freehold,1113426.4930555555,797500.0,144
Merton,2022-08-01,Leasehold,493123.07692307694,472000.0,117
Merton,2022-09-01,Freehold,1099668.6903225807,775000.0,155
Merton,2022-09-01,Leasehold,459098.347107438,430000.0,121
Merton,2022-10-01,Freehold,964054.2781954887,790000.0,133
Merton,2022-10-01,Leasehold,500095.871559633,450000.0,109
Merton,2022-11-01,Freehold,961421.7357142858,728750.0,140
Merton,2022-11-01,Leasehold,448933.1810344828,433750.0,116
Merton,2022-12-01,Freehold,981986.4942528736,750000.0,87
Merton,2022-12-01,Leasehold,463857.14285714284,450000.0,133
Merton,2023-01-01,Freehold,900326.0410958905,638000.0,73
Merton,2023-01-01,Leasehold,468399.9411764706,430000.0,85
Merton,2023-02-01,Freehold,1024439.3902439025,700000.0,82
Merton,2023-02-01,Leasehold,432546.1898734177,415000.0,79
Merton,2023-03-01,Freehold,917277.2277227723,620000.0,101
Merton,2023-03-01,Leasehold,434465.27777777775,425000.0,72
Merton,2023-04-01,Freehold,1056787.3970588236,691500.0,68
Merton,2023-04-01,Leasehold,458780.6842105263,375000.0,57
Merton,2023-05-01,Freehold,879543.2,742500.0,80
Merton,2023-05-01,Leasehold,396617.1698113208,385000.0,53
Merton,2023-06-01,Freehold,955472.6890756303,695000.0,119
Merton,2023-06-01,Leasehold,443248.6301369863,400000.0,73
Merton,2023-07-01,Freehold,926257.2201834862,730000.0,109
Merton,2023-07-01,Leasehold,468984.0,410000.0,75
Merton,2023-08-01,Freehold,1020185.7793103448,768000.0,145
Merton,2023-08-01,Leasehold,446677.9142857143,387000.0,105
Merton,2023-09-01,Freehold,862414.3092783506,718000.0,97
Merton,2023-09-01,Leasehold,423137.95,408750.0,80
Merton,2023-10-01,Freehold,858455.0674157303,650000.0,89
Merton,2023-10-01,Leasehold,463345.3846153846,430000.0,65
Merton,2023-11-01,Freehold,905147.5490196078,662500.0,102
Merton,2023-11-01,Leasehold,475232.6533333333,400000.0,75
Merton,2023-12-01,Freehold,901132.2222222222,660500.0,90
Merton,2023-12-01,Leasehold,427678.30666666664,380000.0,75
Merton,2024-01-01,Freehold,907270.1219512195,715750.0,82
Merton,2024-01-01,Leasehold,415108.8289473684,353000.0,76
Merton,2024-02-01,Freehold,938399.8666666667,680000.0,90
Merton,2024-02-01,Leasehold,438690.98360655736,400000.0,61
Merton,2024-03-01,Freehold,853113.5849056604,701500.0,106
Merton,2024-03-01,Leasehold,464844.9438202247,435000.0,89
Merton,2024-04-01,Freehold,1004520.16,666250.0,100
Merton,2024-04-01,Leasehold,464393.75,416250.0,92
Merton,2024-05-01,Freehold,899246.4565217391,720500.0,92
Merton,2024-05-01,Leasehold,463549.375,417375.0,80
Merton,2024-06-01,Freehold,1017950.2989690722,755000.0,97
Merton,2024-06-01,Leasehold,422214.76712328766,380000.0,73
Merton,2024-07-01,Freehold,1084560.1629629629,682000.0,135
Merton,2024-07-01,Leasehold,437625.1904761905,420000.0,105
Merton,2024-08-01,Freehold,958080.5900621118,817000.0,161
Merton,2024-08-01,Leasehold,428137.3647058823,412000.0,85
Merton,2024-09-01,Freehold,857924.0970873786,775000.0,103
Merton,2024-09-01,Leasehold,406766.2771084337,368500.0,83
Merton,2024-10-01,Freehold,1046928.2063492064,728250.0,126
Merton,2024-10-01,Leasehold,421839.46,393000.0,100
Merton,2024-11-01,Freehold,763541.4594594594,640000.0,111
Merton,2024-11-01,Leasehold,423024.14414414414,390000.0,111
Merton,2024-12-01,Freehold,914589.9646017699,720000.0,113
Merton,2024-12-01,Leasehold,477747.6769230769,420000.0,65
Merton,2025-01-01,Freehold,1087890.087378641,727500.0,103
Merton,2025-01-01,Leasehold,441324.9152542373,355000.0,59
Merton,2025-02-01,Freehold,1044905.04,715000.0,125
Merton,2025-02-01,Leasehold,451826.93670886074,435000.0,79
Merton,2025-03-01,Freehold,819049.137037037,650000.0,270
Merton,2025-03-01,Leasehold,454375.5416666667,440750.0,192
Merton,2025-04-01,Freehold,1058505.85,778500.0,40
Merton,2025-04-01,Leasehold,474217.3658536585,373625.0,41
Merton,2025-05-01,Freehold,965384.0348837209,727500.0,86
Merton,2025-05-01,Leasehold,509428.0487804878,440000.0,41
Merton,2025-06-01,Freehold,811577.2857142857,640000.0,98
Merton,2025-06-01,Leasehold,387644.01515151514,365000.0,66
Merton,2025-07-01,Freehold,1244521.503816794,770000.0,131
Merton,2025-07-01,Leasehold,484721.05263157893,427500.0,76
Merton,2025-08-01,Freehold,906073.7521367521,775000.0,117
Merton,2025-08-01,Leasehold,429312.962962963,410000.0,81
Merton,2025-09-01,Freehold,1058739.1,710000.0,110
Merton,2025-09-01,Leasehold,416936.50793650793,380000.0,63
Merton,2025-10-01,Freehold,930421.037735849,772500.0,106
Merton,2025-10-01,Leasehold,433990.88607594935,386000.0,79
Merton,2025-11-01,Freehold,1095349.1139240507,725000.0,79
Merton,2025-11-01,Leasehold,416874.38666666666,375000.0,75
Merton,2025-12-01,Freehold,933426.2264150943,650000.0,53
Merton,2025-12-01,Leasehold,437081.4,423000.0,50
Merton,2026-01-01,Freehold,790385.484375,682500.0,64
Merton,2026-01-01,Leasehold,443656.3793103448,417500.0,58
Merton,2026-02-01,Freehold,816799.234375,687500.0,64
Merton,2026-02-01,Leasehold,403592.9268292683,410000.0,41
Merton,2026-03-01,Freehold,703640.0784313725,630000.0,51
Merton,2026-03-01,Leasehold,382223.275862069,360000.0,29
Merton,2026-04-01,Freehold,876425.775862069,596000.0,58
Merton,2026-04-01,Leasehold,421011.36363636365,370750.0,44
Merton,2026-05-01,Freehold,692830.7692307692,653250.0,26
Merton,2026-05-01,Leasehold,410178.5714285714,399000.0,14
Newham,2006-01-01,Freehold,217479.13978494622,214997.5,186
Newham,2006-01-01,Leasehold,200352.75,192299.5,144
Newham,2006-02-01,Freehold,217406.8440860215,214997.5,186
Newham,2006-02-01,Leasehold,202069.06,175000.0,150
Newham,2006-03-01,Freehold,216353.84259259258,217500.0,216
Newham,2006-03-01,Leasehold,197627.55555555556,180750.0,162
Newham,2006-04-01,Freehold,213591.73493975904,215000.0,166
Newham,2006-04-01,Leasehold,201497.26446280992,176000.0,121
Newham,2006-05-01,Freehold,215904.74489795917,215000.0,196
Newham,2006-05-01,Leasehold,212160.91304347827,175000.0,161
Newham,2006-06-01,Freehold,217246.10671936758,218000.0,253
Newham,2006-06-01,Leasehold,189878.16,168500.0,150
Newham,2006-07-01,Freehold,221336.08561643836,220000.0,292
Newham,2006-07-01,Leasehold,209728.15625,179500.0,192
Newham,2006-08-01,Freehold,223904.03703703705,225000.0,243
Newham,2006-08-01,Leasehold,201966.39869281047,170000.0,153
Newham,2006-09-01,Freehold,224044.83796296295,225000.0,216
Newham,2006-09-01,Leasehold,190026.80147058822,166750.0,136
Newham,2006-10-01,Freehold,224922.33620689655,225000.0,232
Newham,2006-10-01,Leasehold,201421.09039548022,170000.0,177
Newham,2006-11-01,Freehold,228380.35269709543,230000.0,241
Newham,2006-11-01,Leasehold,194382.2125,169995.0,160
Newham,2006-12-01,Freehold,231684.8219178082,231000.0,219
Newham,2006-12-01,Leasehold,173076.86805555556,160000.0,144
Newham,2007-01-01,Freehold,235600.8656716418,235000.0,201
Newham,2007-01-01,Leasehold,190026.40875912408,170000.0,137
Newham,2007-02-01,Freehold,237915.8238341969,240000.0,193
Newham,2007-02-01,Leasehold,195569.80981595092,170000.0,163
Newham,2007-03-01,Freehold,237095.65106382978,235000.0,235
Newham,2007-03-01,Leasehold,194410.6,175000.0,140
Newham,2007-04-01,Freehold,240814.0292397661,240000.0,171
Newham,2007-04-01,Leasehold,202127.9296875,175000.0,128
Newham,2007-05-01,Freehold,247040.6182795699,240250.0,186
Newham,2007-05-01,Leasehold,205981.81690140846,176500.0,142
Newham,2007-06-01,Freehold,248553.29577464788,248000.0,213
Newham,2007-06-01,Leasehold,222883.7741935484,185000.0,186
Newham,2007-07-01,Freehold,247211.58577405856,245000.0,239
Newham,2007-07-01,Leasehold,212038.7205882353,188749.5,204
Newham,2007-08-01,Freehold,253637.53125,249747.5,256
Newham,2007-08-01,Leasehold,215987.53513513514,190000.0,185
Newham,2007-09-01,Freehold,245525.32863849765,247000.0,213
Newham,2007-09-01,Leasehold,225773.00613496933,198000.0,163
Newham,2007-10-01,Freehold,256551.064171123,249999.0,187
Newham,2007-10-01,Leasehold,226095.44845360826,190000.0,194
Newham,2007-11-01,Freehold,256205.54444444444,249995.0,180
Newham,2007-11-01,Leasehold,222052.31770833334,189500.0,192
Newham,2007-12-01,Freehold,255388.71323529413,248750.0,136
Newham,2007-12-01,Leasehold,214990.81578947368,187500.0,152
Newham,2008-01-01,Freehold,246535.67283950618,249995.0,162
Newham,2008-01-01,Leasehold,234663.25174825176,200000.0,143
Newham,2008-02-01,Freehold,250913.08724832215,249995.0,149
Newham,2008-02-01,Leasehold,235960.00995024876,218000.0,201
Newham,2008-03-01,Freehold,257107.28971962616,249995.0,107
Newham,2008-03-01,Leasehold,263689.50877192983,250000.0,285
Newham,2008-04-01,Freehold,252513.87096774194,248000.0,124
Newham,2008-04-01,Leasehold,245475.3933649289,245000.0,211
Newham,2008-05-01,Freehold,254152.71900826445,250000.0,121
Newham,2008-05-01,Leasehold,275377.3021978022,250000.0,182
Newham,2008-06-01,Freehold,245486.37894736842,242500.0,95
Newham,2008-06-01,Leasehold,251737.761682243,211050.0,214
Newham,2008-07-01,Freehold,245361.13095238095,240000.0,84
Newham,2008-07-01,Leasehold,221529.07216494845,187000.0,97
Newham,2008-08-01,Freehold,232058.36363636365,230000.0,77
Newham,2008-08-01,Leasehold,193323.11320754717,185000.0,53
Newham,2008-09-01,Freehold,230415.9090909091,230000.0,66
Newham,2008-09-01,Leasehold,200054.05128205128,170000.0,39
Newham,2008-10-01,Freehold,219233.33333333334,215000.0,66
Newham,2008-10-01,Leasehold,154912.03703703705,150000.0,27
Newham,2008-11-01,Freehold,234333.33333333334,222000.0,39
Newham,2008-11-01,Leasehold,189949.83333333334,179500.0,30
Newham,2008-12-01,Freehold,215565.98214285713,204000.0,56
Newham,2008-12-01,Leasehold,216861.48648648648,207500.0,74
Newham,2009-01-01,Freehold,207521.875,206800.0,48
Newham,2009-01-01,Leasehold,181283.62162162163,175000.0,37
Newham,2009-02-01,Freehold,220466.51515151514,212000.0,33
Newham,2009-02-01,Leasehold,278830.85365853657,217500.0,41
Newham,2009-03-01,Freehold,205085.7142857143,192000.0,35
Newham,2009-03-01,Leasehold,215933.0357142857,223750.0,56
Newham,2009-04-01,Freehold,204352.74509803922,190000.0,51
Newham,2009-04-01,Leasehold,215188.71794871794,232500.0,39
Newham,2009-05-01,Freehold,188380.50847457626,181000.0,59
Newham,2009-05-01,Leasehold,202756.28205128206,220000.0,39
Newham,2009-06-01,Freehold,195258.7857142857,190000.0,56
Newham,2009-06-01,Leasehold,216210.43859649124,222500.0,57
Newham,2009-07-01,Freehold,206936.27272727274,205000.0,88
Newham,2009-07-01,Leasehold,214789.81395348837,225000.0,43
Newham,2009-08-01,Freehold,206376.55844155845,195000.0,77
Newham,2009-08-01,Leasehold,201971.42857142858,220000.0,35
Newham,2009-09-01,Freehold,198472.52747252746,195000.0,91
Newham,2009-09-01,Leasehold,193519.84126984127,212500.0,63
Newham,2009-10-01,Freehold,223542.09638554216,210000.0,83
Newham,2009-10-01,Leasehold,200239.9,167500.0,50
Newham,2009-11-01,Freehold,218703.35227272726,214000.0,88
Newham,2009-11-01,Leasehold,186017.9,174500.0,50
Newham,2009-12-01,Freehold,216897.69026548672,215000.0,113
Newham,2009-12-01,Leasehold,170068.8735632184,155000.0,87
Newham,2010-01-01,Freehold,215749.7857142857,215000.0,70
Newham,2010-01-01,Leasehold,191892.85714285713,171500.0,42
Newham,2010-02-01,Freehold,228806.03703703705,221000.0,81
Newham,2010-02-01,Leasehold,199963.5357142857,167500.0,56
Newham,2010-03-01,Freehold,227094.9504950495,227500.0,101
Newham,2010-03-01,Leasehold,228010.87671232875,220000.0,73
Newham,2010-04-01,Freehold,217522.223880597,215000.0,67
Newham,2010-04-01,Leasehold,219977.16,243750.0,50
Newham,2010-05-01,Freehold,233118.65934065933,225000.0,91
Newham,2010-05-01,Leasehold,219614.33333333334,243750.0,48
Newham,2010-06-01,Freehold,237494.56842105262,235000.0,95
Newham,2010-06-01,Leasehold,194851.19047619047,177500.0,84
Newham,2010-07-01,Freehold,229471.39175257733,230000.0,97
Newham,2010-07-01,Leasehold,213499.98245614034,215000.0,57
Newham,2010-08-01,Freehold,220887.8510638298,220500.0,94
Newham,2010-08-01,Leasehold,218386.6739130435,235000.0,46
Newham,2010-09-01,Freehold,235677.00970873787,235000.0,103
Newham,2010-09-01,Leasehold,198926.875,179000.0,48
Newham,2010-10-01,Freehold,231618.78048780488,223750.0,82
Newham,2010-10-01,Leasehold,196966.89361702127,175000.0,47
Newham,2010-11-01,Freehold,231009.25531914894,225000.0,94
Newham,2010-11-01,Leasehold,201247.91666666666,188250.0,48
Newham,2010-12-01,Freehold,230934.97297297296,226000.0,74
Newham,2010-12-01,Leasehold,173724.39024390245,160000.0,41
Newham,2011-01-01,Freehold,224577.58620689655,221000.0,58
Newham,2011-01-01,Leasehold,212198.92307692306,201450.0,52
Newham,2011-02-01,Freehold,222687.70491803277,220000.0,61
Newham,2011-02-01,Leasehold,173598.70454545456,164500.0,44
Newham,2011-03-01,Freehold,215727.27272727274,220000.0,99
Newham,2011-03-01,Leasehold,177776.94,173750.0,50
Newham,2011-04-01,Freehold,226272.5606060606,221250.0,66
Newham,2011-04-01,Leasehold,184624.875,179247.5,48
Newham,2011-05-01,Freehold,227070.27397260274,227500.0,73
Newham,2011-05-01,Leasehold,221667.7358490566,209950.0,53
Newham,2011-06-01,Freehold,224206.66666666666,220500.0,66
Newham,2011-06-01,Leasehold,192926.25,192500.0,60
Newham,2011-07-01,Freehold,232499.94444444444,228250.0,90
Newham,2011-07-01,Leasehold,183769.9090909091,160000.0,55
Newham,2011-08-01,Freehold,225486.81176470587,230000.0,85
Newham,2011-08-01,Leasehold,213545.07272727272,185000.0,55
Newham,2011-09-01,Freehold,222497.0340909091,223750.0,88
Newham,2011-09-01,Leasehold,203902.6607142857,179462.5,56
Newham,2011-10-01,Freehold,228545.56962025317,228000.0,79
Newham,2011-10-01,Leasehold,194275.4081632653,194000.0,49
Newham,2011-11-01,Freehold,224777.7840909091,220000.0,88
Newham,2011-11-01,Leasehold,210434.25454545455,196000.0,55
Newham,2011-12-01,Freehold,241482.89772727274,235250.0,88
Newham,2011-12-01,Leasehold,204700.71,211975.0,100
Newham,2012-01-01,Freehold,237676.05633802817,235000.0,71
Newham,2012-01-01,Leasehold,205864.75,208950.0,104
Newham,2012-02-01,Freehold,239719.28070175438,228000.0,57
Newham,2012-02-01,Leasehold,193193.9393939394,194975.0,66
Newham,2012-03-01,Freehold,226187.4107142857,225000.0,112
Newham,2012-03-01,Leasehold,199670.82524271845,201950.0,103
Newham,2012-04-01,Freehold,230016.32653061225,225000.0,49
Newham,2012-04-01,Leasehold,202881.51515151514,197000.0,33
Newham,2012-05-01,Freehold,240624.5294117647,238500.0,68
Newham,2012-05-01,Leasehold,179728.35135135136,169000.0,37
Newham,2012-06-01,Freehold,231214.40322580645,222500.0,62
Newham,2012-06-01,Leasehold,192741.0,175110.0,50
Newham,2012-07-01,Freehold,242724.25,240000.0,76
Newham,2012-07-01,Leasehold,194182.6851851852,170000.0,54
Newham,2012-08-01,Freehold,237657.14285714287,225000.0,63
Newham,2012-08-01,Leasehold,209314.63414634147,205000.0,41
Newham,2012-09-01,Freehold,229359.67741935485,231750.0,62
Newham,2012-09-01,Leasehold,199883.6947368421,202000.0,95
Newham,2012-10-01,Freehold,235962.62365591398,235000.0,93
Newham,2012-10-01,Leasehold,202916.0344827586,197000.0,87
Newham,2012-11-01,Freehold,218376.31578947368,219250.0,76
Newham,2012-11-01,Leasehold,218269.45333333334,190000.0,75
Newham,2012-12-01,Freehold,242573.914893617,231000.0,94
Newham,2012-12-01,Leasehold,218116.03896103895,220000.0,77
Newham,2013-01-01,Freehold,233832.53968253967,230000.0,63
Newham,2013-01-01,Leasehold,223811.7857142857,217500.0,70
Newham,2013-02-01,Freehold,230036.13186813187,230000.0,91
Newham,2013-02-01,Leasehold,228990.9801980198,216000.0,101
Newham,2013-03-01,Freehold,246259.4623655914,240000.0,93
Newham,2013-03-01,Leasehold,215113.3950617284,204000.0,81
Newham,2013-04-01,Freehold,237873.0985915493,225000.0,71
Newham,2013-04-01,Leasehold,203536.49253731343,174500.0,67
Newham,2013-05-01,Freehold,232571.63043478262,235000.0,92
Newham,2013-05-01,Leasehold,210986.01265822785,192000.0,79
Newham,2013-06-01,Freehold,253452.75294117647,234000.0,85
Newham,2013-06-01,Leasehold,232439.31067961166,215000.0,103
Newham,2013-07-01,Freehold,247490.41379310345,237250.0,116
Newham,2013-07-01,Leasehold,205196.9,178500.0,100
Newham,2013-08-01,Freehold,246291.54205607477,235000.0,107
Newham,2013-08-01,Leasehold,209479.6588235294,187000.0,85
Newham,2013-09-01,Freehold,262132.173553719,250000.0,121
Newham,2013-09-01,Leasehold,223482.23684210525,192500.0,114
Newham,2013-10-01,Freehold,244864.67307692306,235750.0,104
Newham,2013-10-01,Leasehold,217907.11111111112,191750.0,90
Newham,2013-11-01,Freehold,258068.19402985074,249972.5,134
Newham,2013-11-01,Leasehold,229444.36974789915,210000.0,119
Newham,2013-12-01,Freehold,272843.57843137253,250000.0,102
Newham,2013-12-01,Leasehold,206162.80555555556,195000.0,144
Newham,2014-01-01,Freehold,280788.4016393443,250000.0,122
Newham,2014-01-01,Leasehold,221305.8924731183,210000.0,93
Newham,2014-02-01,Freehold,270303.04545454547,250000.0,110
Newham,2014-02-01,Leasehold,219646.5652173913,190000.0,92
Newham,2014-03-01,Freehold,257589.5327102804,249000.0,107
Newham,2014-03-01,Leasehold,219352.94366197183,198000.0,142
Newham,2014-04-01,Freehold,300094.5333333333,275000.0,105
Newham,2014-04-01,Leasehold,229180.9375,212500.0,96
Newham,2014-05-01,Freehold,286716.51851851854,268000.0,108
Newham,2014-05-01,Leasehold,232494.42276422764,225000.0,123
Newham,2014-06-01,Freehold,295317.3333333333,280000.0,96
Newham,2014-06-01,Leasehold,262994.1462264151,256450.0,212
Newham,2014-07-01,Freehold,302522.6754385965,280000.0,114
Newham,2014-07-01,Leasehold,243416.3076923077,233800.0,117
Newham,2014-08-01,Freehold,320081.49579831935,300000.0,119
Newham,2014-08-01,Leasehold,255764.18471337578,242500.0,157
Newham,2014-09-01,Freehold,316359.45454545453,300000.0,121
Newham,2014-09-01,Leasehold,269455.42635658913,250000.0,129
Newham,2014-10-01,Freehold,318468.9552238806,296750.0,134
Newham,2014-10-01,Leasehold,256059.26315789475,225000.0,133
Newham,2014-11-01,Freehold,308346.4563106796,285000.0,103
Newham,2014-11-01,Leasehold,245288.0285714286,235000.0,105
Newham,2014-12-01,Freehold,314928.65486725664,292000.0,113
Newham,2014-12-01,Leasehold,243355.4661016949,225500.0,118
Newham,2015-01-01,Freehold,322304.82352941175,315000.0,85
Newham,2015-01-01,Leasehold,244453.45360824742,220000.0,97
Newham,2015-02-01,Freehold,322388.31775700935,300000.0,107
Newham,2015-02-01,Leasehold,252546.5632183908,225000.0,87
Newham,2015-03-01,Freehold,343039.55445544556,320000.0,101
Newham,2015-03-01,Leasehold,250319.48453608248,227000.0,97
Newham,2015-04-01,Freehold,339660.2289156627,310000.0,83
Newham,2015-04-01,Leasehold,262226.8850574713,240000.0,87
Newham,2015-05-01,Freehold,327447.98039215687,311500.0,102
Newham,2015-05-01,Leasehold,262509.45098039217,242250.0,102
Newham,2015-06-01,Freehold,348924.77876106196,335000.0,113
Newham,2015-06-01,Leasehold,316794.5423728814,303243.5,236
Newham,2015-07-01,Freehold,363454.85185185185,345000.0,135
Newham,2015-07-01,Leasehold,260675.59259259258,241750.0,108
Newham,2015-08-01,Freehold,346466.88118811883,325000.0,101
Newham,2015-08-01,Leasehold,307312.92,271500.0,125
Newham,2015-09-01,Freehold,353041.0833333333,335000.0,84
Newham,2015-09-01,Leasehold,303080.4201183432,298000.0,169
Newham,2015-10-01,Freehold,387513.89705882355,353500.0,136
Newham,2015-10-01,Leasehold,301093.03125,281250.0,160
Newham,2015-11-01,Freehold,368900.0,350000.0,89
Newham,2015-11-01,Leasehold,313116.7455621302,323000.0,169
Newham,2015-12-01,Freehold,388131.08988764044,365000.0,89
Newham,2015-12-01,Leasehold,346677.5084745763,350000.0,177
Newham,2016-01-01,Freehold,383032.1264367816,374000.0,87
Newham,2016-01-01,Leasehold,314226.02040816325,295000.0,98
Newham,2016-02-01,Freehold,382089.3510638298,380000.0,94
Newham,2016-02-01,Leasehold,304832.0,280000.0,120
Newham,2016-03-01,Freehold,399592.61,380000.0,200
Newham,2016-03-01,Leasehold,319115.7922077922,291000.0,231
Newham,2016-04-01,Freehold,425112.1698113208,395000.0,53
Newham,2016-04-01,Leasehold,327891.4868421053,322500.0,76
Newham,2016-05-01,Freehold,409288.6603773585,400000.0,53
Newham,2016-05-01,Leasehold,310828.4936708861,290000.0,79
Newham,2016-06-01,Freehold,425725.27397260274,390000.0,73
Newham,2016-06-01,Leasehold,309183.07042253524,284550.0,71
Newham,2016-07-01,Freehold,427375.7594936709,400000.0,79
Newham,2016-07-01,Leasehold,278818.03846153844,260000.0,130
Newham,2016-08-01,Freehold,417918.6046511628,400000.0,86
Newham,2016-08-01,Leasehold,340012.5,310000.0,126
Newham,2016-09-01,Freehold,414509.8360655738,402500.0,61
Newham,2016-09-01,Leasehold,328270.253164557,305000.0,79
Newham,2016-10-01,Freehold,407455.3164556962,385000.0,79
Newham,2016-10-01,Leasehold,368547.4424460432,342365.5,278
Newham,2016-11-01,Freehold,424026.5432098765,390000.0,81
Newham,2016-11-01,Leasehold,422321.0186915888,393175.0,214
Newham,2016-12-01,Freehold,421840.98360655736,390000.0,61
Newham,2016-12-01,Leasehold,394526.45652173914,355000.0,230
Newham,2017-01-01,Freehold,402093.22033898305,393250.0,59
Newham,2017-01-01,Leasehold,368038.891025641,347500.0,156
Newham,2017-02-01,Freehold,410955.2388059702,400000.0,67
Newham,2017-02-01,Leasehold,387089.19095477386,347500.0,199
Newham,2017-03-01,Freehold,419905.6179775281,405000.0,89
Newham,2017-03-01,Leasehold,412864.5622775801,398000.0,281
Newham,2017-04-01,Freehold,416267.83050847455,399127.0,59
Newham,2017-04-01,Leasehold,404723.1580882353,414000.0,272
Newham,2017-05-01,Freehold,419586.1818181818,410000.0,77
Newham,2017-05-01,Leasehold,433511.78707224334,428000.0,263
Newham,2017-06-01,Freehold,475510.23255813954,422500.0,86
Newham,2017-06-01,Leasehold,420934.16426512966,413000.0,347
Newham,2017-07-01,Freehold,427559.72222222225,410500.0,72
Newham,2017-07-01,Leasehold,388564.9784946237,384000.0,279
Newham,2017-08-01,Freehold,474727.53623188403,415000.0,69
Newham,2017-08-01,Leasehold,387033.4679802956,366500.0,203
Newham,2017-09-01,Freehold,448579.71014492755,420000.0,69
Newham,2017-09-01,Leasehold,401085.1259259259,377000.0,135
Newham,2017-10-01,Freehold,443330.85714285716,430000.0,91
Newham,2017-10-01,Leasehold,366595.29496402876,345000.0,139
Newham,2017-11-01,Freehold,483330.725,435000.0,80
Newham,2017-11-01,Leasehold,388498.5096774194,369000.0,155
Newham,2017-12-01,Freehold,460948.9696969697,422500.0,66
Newham,2017-12-01,Leasehold,399107.3712871287,375750.0,202
Newham,2018-01-01,Freehold,439541.09589041094,425000.0,73
Newham,2018-01-01,Leasehold,409488.4534883721,388637.5,172
Newham,2018-02-01,Freehold,449720.26470588235,412500.0,68
Newham,2018-02-01,Leasehold,435249.7475728155,427800.0,309
Newham,2018-03-01,Freehold,417485.13513513515,396000.0,74
Newham,2018-03-01,Leasehold,447474.656626506,417500.0,166
Newham,2018-04-01,Freehold,446048.8958333333,418376.0,48
Newham,2018-04-01,Leasehold,441437.7091836735,422250.0,196
Newham,2018-05-01,Freehold,439416.3125,427500.0,64
Newham,2018-05-01,Leasehold,471357.8579234973,449955.0,183
Newham,2018-06-01,Freehold,443542.6901408451,400000.0,71
Newham,2018-06-01,Leasehold,427201.6349206349,421200.0,189
Newham,2018-07-01,Freehold,458863.07692307694,443000.0,65
Newham,2018-07-01,Leasehold,402989.0170940171,375000.0,117
Newham,2018-08-01,Freehold,410990.7894736842,393500.0,76
Newham,2018-08-01,Leasehold,406056.67441860464,387500.0,129
Newham,2018-09-01,Freehold,424557.9142857143,401500.0,70
Newham,2018-09-01,Leasehold,440721.8817204301,408000.0,186
Newham,2018-10-01,Freehold,421710.0,410000.0,70
Newham,2018-10-01,Leasehold,419677.8012820513,377937.5,156
Newham,2018-11-01,Freehold,405593.8777777778,397500.0,90
Newham,2018-11-01,Leasehold,402276.2417582418,369300.0,182
Newham,2018-12-01,Freehold,417388.35714285716,400000.0,70
Newham,2018-12-01,Leasehold,444826.28813559323,415000.0,118
Newham,2019-01-01,Freehold,447527.3333333333,417250.0,60
Newham,2019-01-01,Leasehold,486594.25833333336,420000.0,120
Newham,2019-02-01,Freehold,428459.01851851854,405000.0,54
Newham,2019-02-01,Leasehold,417677.45454545453,402500.0,88
Newham,2019-03-01,Freehold,414711.86666666664,405000.0,60
Newham,2019-03-01,Leasehold,362698.6216216216,335625.0,74
Newham,2019-04-01,Freehold,416771.171875,401000.0,64
Newham,2019-04-01,Leasehold,382108.725,377000.0,80
Newham,2019-05-01,Freehold,408070.1076923077,400000.0,65
Newham,2019-05-01,Leasehold,401281.4888888889,358595.0,90
Newham,2019-06-01,Freehold,421498.1,395000.0,50
Newham,2019-06-01,Leasehold,411925.8843537415,378500.0,147
Newham,2019-07-01,Freehold,425652.35135135136,399997.5,74
Newham,2019-07-01,Leasehold,447888.8888888889,426050.0,126
Newham,2019-08-01,Freehold,418494.2363636364,400000.0,55
Newham,2019-08-01,Leasehold,431817.42718446604,425600.0,103
Newham,2019-09-01,Freehold,474291.5740740741,422500.0,54
Newham,2019-09-01,Leasehold,452750.320754717,440150.0,106
Newham,2019-10-01,Freehold,426436.8888888889,412500.0,72
Newham,2019-10-01,Leasehold,429883.3043478261,437725.0,92
Newham,2019-11-01,Freehold,448861.95774647885,430000.0,71
Newham,2019-11-01,Leasehold,440051.03738317755,410000.0,107
Newham,2019-12-01,Freehold,458532.4074074074,425000.0,54
Newham,2019-12-01,Leasehold,447008.4871794872,403875.0,78
Newham,2020-01-01,Freehold,397308.3333333333,385000.0,60
Newham,2020-01-01,Leasehold,383859.6323529412,354580.0,68
Newham,2020-02-01,Freehold,446467.3076923077,435500.0,52
Newham,2020-02-01,Leasehold,404413.32258064515,370330.0,62
Newham,2020-03-01,Freehold,430466.56862745096,400000.0,51
Newham,2020-03-01,Leasehold,393777.0,377385.0,78
Newham,2020-04-01,Freehold,395343.75,408500.0,32
Newham,2020-04-01,Leasehold,370642.54545454547,360000.0,33
Newham,2020-05-01,Freehold,436073.29545454547,420000.0,44
Newham,2020-05-01,Leasehold,419067.76470588235,373788.0,34
Newham,2020-06-01,Freehold,408027.02702702704,410000.0,37
Newham,2020-06-01,Leasehold,420296.3484848485,386812.5,66
Newham,2020-07-01,Freehold,441666.6458333333,429000.0,48
Newham,2020-07-01,Leasehold,455984.0583941606,441300.0,137
Newham,2020-08-01,Freehold,417185.4482758621,413500.0,58
Newham,2020-08-01,Leasehold,453235.3653846154,453000.0,156
Newham,2020-09-01,Freehold,435547.90476190473,415000.0,63
Newham,2020-09-01,Leasehold,434607.3878787879,402750.0,165
Newham,2020-10-01,Freehold,450137.5,427500.0,60
Newham,2020-10-01,Leasehold,492059.42307692306,465000.0,156
Newham,2020-11-01,Freehold,468808.45070422534,445000.0,71
Newham,2020-11-01,Leasehold,455949.87769784173,422360.0,139
Newham,2020-12-01,Freehold,462599.4623655914,450000.0,93
Newham,2020-12-01,Leasehold,466354.9756097561,455350.0,164
Newham,2021-01-01,Freehold,452231.6438356164,450000.0,73
Newham,2021-01-01,Leasehold,447290.4,434500.0,105
Newham,2021-02-01,Freehold,431600.0,430000.0,85
Newham,2021-02-01,Leasehold,454757.76729559747,440000.0,159
Newham,2021-03-01,Freehold,472315.0,440000.0,138
Newham,2021-03-01,Leasehold,451885.4797979798,430800.5,198
Newham,2021-04-01,Freehold,477394.8947368421,445000.0,95
Newham,2021-04-01,Leasehold,380143.3085106383,343000.0,94
Newham,2021-05-01,Freehold,454177.9861111111,415000.0,72
Newham,2021-05-01,Leasehold,410584.329787234,405000.0,94
Newham,2021-06-01,Freehold,477426.36574074073,451000.0,216
Newham,2021-06-01,Leasehold,453205.4387755102,439500.0,294
Newham,2021-07-01,Freehold,421821.4285714286,431500.0,28
Newham,2021-07-01,Leasehold,410999.85294117645,455000.0,68
Newham,2021-08-01,Freehold,461272.73214285716,440000.0,56
Newham,2021-08-01,Leasehold,431593.74358974356,372150.0,78
Newham,2021-09-01,Freehold,476302.9661016949,436000.0,118
Newham,2021-09-01,Leasehold,394230.9756097561,350000.0,123
Newham,2021-10-01,Freehold,438145.0,435000.0,42
Newham,2021-10-01,Leasehold,366234.07692307694,328750.0,52
Newham,2021-11-01,Freehold,493681.8181818182,475000.0,55
Newham,2021-11-01,Leasehold,410509.14285714284,361500.0,70
Newham,2021-12-01,Freehold,555995.2173913043,475000.0,92
Newham,2021-12-01,Leasehold,420454.88188976375,408000.0,127
Newham,2022-01-01,Freehold,481056.5396825397,465000.0,63
Newham,2022-01-01,Leasehold,421141.8817204301,387500.0,93
Newham,2022-02-01,Freehold,463379.038961039,443500.0,77
Newham,2022-02-01,Leasehold,381559.4366197183,360000.0,71
Newham,2022-03-01,Freehold,502182.0,455000.0,85
Newham,2022-03-01,Leasehold,411438.9166666667,389627.5,180
Newham,2022-04-01,Freehold,518992.53731343284,468000.0,67
Newham,2022-04-01,Leasehold,381180.2992125984,360000.0,127
Newham,2022-05-01,Freehold,479103.5483870968,450000.0,62
Newham,2022-05-01,Leasehold,426909.0,391250.0,148
Newham,2022-06-01,Freehold,482264.9253731343,460000.0,67
Newham,2022-06-01,Leasehold,481278.373015873,478000.0,252
Newham,2022-07-01,Freehold,479461.038961039,460000.0,77
Newham,2022-07-01,Leasehold,433792.1666666667,418750.0,186
Newham,2022-08-01,Freehold,497535.8024691358,480000.0,81
Newham,2022-08-01,Leasehold,395631.32038834953,385000.0,103
Newham,2022-09-01,Freehold,533134.5833333334,526250.0,72
Newham,2022-09-01,Leasehold,409613.04347826086,392000.0,115
Newham,2022-10-01,Freehold,521044.6404494382,470000.0,89
Newham,2022-10-01,Leasehold,419392.6698113208,426500.0,106
Newham,2022-11-01,Freehold,512949.8953488372,490000.0,86
Newham,2022-11-01,Leasehold,408132.5301204819,375000.0,83
Newham,2022-12-01,Freehold,516406.64556962025,500000.0,79
Newham,2022-12-01,Leasehold,411477.09444444446,398750.0,180
Newham,2023-01-01,Freehold,510005.39285714284,462500.0,56
Newham,2023-01-01,Leasehold,412741.2068965517,399500.0,116
Newham,2023-02-01,Freehold,502029.4736842105,465000.0,57
Newham,2023-02-01,Leasehold,403092.39130434784,372000.0,92
Newham,2023-03-01,Freehold,522300.3015873016,475000.0,63
Newham,2023-03-01,Leasehold,385981.4375,372000.0,96
Newham,2023-04-01,Freehold,472912.5,445000.0,36
Newham,2023-04-01,Leasehold,443068.01923076925,440875.0,104
Newham,2023-05-01,Freehold,480488.63636363635,454000.0,44
Newham,2023-05-01,Leasehold,451170.43636363634,453862.5,110
Newham,2023-06-01,Freehold,500707.5471698113,460000.0,53
Newham,2023-06-01,Leasehold,437953.0729166667,417120.0,96
Newham,2023-07-01,Freehold,462551.8695652174,446323.0,46
Newham,2023-07-01,Leasehold,418142.46376811597,400000.0,69
Newham,2023-08-01,Freehold,496156.6666666667,480000.0,75
Newham,2023-08-01,Leasehold,399555.86419753084,345000.0,81
Newham,2023-09-01,Freehold,559331.3432835821,490000.0,67
Newham,2023-09-01,Leasehold,427516.7901234568,412000.0,81
Newham,2023-10-01,Freehold,484455.6451612903,460000.0,62
Newham,2023-10-01,Leasehold,387367.7966101695,370000.0,59
Newham,2023-11-01,Freehold,505034.6666666667,460000.0,63
Newham,2023-11-01,Leasehold,397924.95061728393,350000.0,81
Newham,2023-12-01,Freehold,500395.3488372093,465000.0,43
Newham,2023-12-01,Leasehold,488721.1176470588,487985.0,102
Newham,2024-01-01,Freehold,517023.56451612903,467950.0,62
Newham,2024-01-01,Leasehold,449663.75,450000.0,108
Newham,2024-02-01,Freehold,471522.54901960783,450000.0,51
Newham,2024-02-01,Leasehold,484452.4324324324,438000.0,111
Newham,2024-03-01,Freehold,506592.5306122449,456000.0,49
Newham,2024-03-01,Leasehold,520619.46875,473750.0,96
Newham,2024-04-01,Freehold,463369.21153846156,447500.0,52
Newham,2024-04-01,Leasehold,434667.23529411765,427500.0,68
Newham,2024-05-01,Freehold,482693.8461538461,450000.0,65
Newham,2024-05-01,Leasehold,427653.8241758242,370000.0,91
Newham,2024-06-01,Freehold,471816.0,440000.0,62
Newham,2024-06-01,Leasehold,474164.45263157896,445000.0,95
Newham,2024-07-01,Freehold,523422.323943662,460000.0,71
Newham,2024-07-01,Leasehold,436139.7469879518,400000.0,83
Newham,2024-08-01,Freehold,509955.0714285714,470000.0,70
Newham,2024-08-01,Leasehold,452582.8120300752,455050.0,133
Newham,2024-09-01,Freehold,494738.71830985916,470000.0,71
Newham,2024-09-01,Leasehold,431927.6633663366,425000.0,101
Newham,2024-10-01,Freehold,495653.74468085106,463500.0,94
Newham,2024-10-01,Leasehold,409548.7545454545,383750.0,110
Newham,2024-11-01,Freehold,507553.5571428572,478750.0,70
Newham,2024-11-01,Leasehold,412535.0956521739,423000.0,115
Newham,2024-12-01,Freehold,483582.3275862069,455000.0,58
Newham,2024-12-01,Leasehold,462285.8932038835,450000.0,103
Newham,2025-01-01,Freehold,492768.7272727273,464215.0,66
Newham,2025-01-01,Leasehold,468033.8432835821,450000.0,134
Newham,2025-02-01,Freehold,494316.9054054054,460000.0,74
Newham,2025-02-01,Leasehold,451445.80508474575,445000.0,118
Newham,2025-03-01,Freehold,514236.68387096777,487500.0,155
Newham,2025-03-01,Leasehold,446864.54464285716,440000.0,224
Newham,2025-04-01,Freehold,508492.96,460000.0,25
Newham,2025-04-01,Leasehold,420963.76470588235,400000.0,51
Newham,2025-05-01,Freehold,518172.7272727273,465000.0,55
Newham,2025-05-01,Leasehold,422569.53125,380000.0,64
Newham,2025-06-01,Freehold,474300.0,473750.0,50
Newham,2025-06-01,Leasehold,411507.2368421053,360000.0,76
Newham,2025-07-01,Freehold,498783.0882352941,480575.0,68
Newham,2025-07-01,Leasehold,437984.85714285716,430000.0,91
Newham,2025-08-01,Freehold,549862.0689655172,495000.0,58
Newham,2025-08-01,Leasehold,424144.9875,396000.0,80
Newham,2025-09-01,Freehold,540237.6818181818,506500.0,66
Newham,2025-09-01,Leasehold,452770.5698924731,400000.0,93
Newham,2025-10-01,Freehold,515259.4166666667,475000.0,72
Newham,2025-10-01,Leasehold,404089.6551724138,372500.0,58
Newham,2025-11-01,Freehold,509956.60784313723,480100.0,51
Newham,2025-11-01,Leasehold,400137.323943662,375000.0,71
Newham,2025-12-01,Freehold,495122.30508474575,475000.0,59
Newham,2025-12-01,Leasehold,373426.6666666667,337500.0,60
Newham,2026-01-01,Freehold,523043.1818181818,458250.0,44
Newham,2026-01-01,Leasehold,368837.5,358750.0,40
Newham,2026-02-01,Freehold,434013.5135135135,427500.0,37
Newham,2026-02-01,Leasehold,338632.63265306124,325000.0,49
Newham,2026-03-01,Freehold,531862.4545454546,475000.0,44
Newham,2026-03-01,Leasehold,389431.6,360000.0,50
Newham,2026-04-01,Freehold,501703.7037037037,480000.0,27
Newham,2026-04-01,Leasehold,383786.6666666667,375000.0,45
Newham,2026-05-01,Freehold,506220.0,475000.0,25
Newham,2026-05-01,Leasehold,310041.6666666667,265000.0,12
Redbridge,2006-01-01,Freehold,283919.7755102041,249995.0,245
Redbridge,2006-01-01,Leasehold,162848.56842105262,154000.0,95
Redbridge,2006-02-01,Freehold,279357.8111587983,247000.0,233
Redbridge,2006-02-01,Leasehold,174959.13333333333,166000.0,150
Redbridge,2006-03-01,Freehold,272383.91883116885,247375.0,308
Redbridge,2006-03-01,Leasehold,179821.20603015076,171000.0,199
Redbridge,2006-04-01,Freehold,281925.4534883721,249997.5,258
Redbridge,2006-04-01,Leasehold,187842.55714285714,170000.0,140
Redbridge,2006-05-01,Freehold,290585.12779552717,250000.0,313
Redbridge,2006-05-01,Leasehold,186168.32894736843,174500.0,152
Redbridge,2006-06-01,Freehold,279937.4347826087,250000.0,391
Redbridge,2006-06-01,Leasehold,185871.38613861386,178500.0,202
Redbridge,2006-07-01,Freehold,302825.8187311178,264000.0,331
Redbridge,2006-07-01,Leasehold,182669.53125,166500.0,160
Redbridge,2006-08-01,Freehold,306731.7958236659,260000.0,431
Redbridge,2006-08-01,Leasehold,178320.73780487804,167500.0,164
Redbridge,2006-09-01,Freehold,294061.769005848,250000.0,342
Redbridge,2006-09-01,Leasehold,182139.1134751773,168000.0,141
Redbridge,2006-10-01,Freehold,304540.2561983471,262500.0,363
Redbridge,2006-10-01,Leasehold,184569.8773006135,172000.0,163
Redbridge,2006-11-01,Freehold,305030.93094629154,270000.0,391
Redbridge,2006-11-01,Leasehold,183052.85714285713,170000.0,168
Redbridge,2006-12-01,Freehold,290651.250755287,260000.0,331
Redbridge,2006-12-01,Leasehold,195324.6,176000.0,165
Redbridge,2007-01-01,Freehold,304892.1570881226,270000.0,261
Redbridge,2007-01-01,Leasehold,187945.8034188034,175000.0,117
Redbridge,2007-02-01,Freehold,297701.3870967742,265000.0,279
Redbridge,2007-02-01,Leasehold,181830.82706766916,169000.0,133
Redbridge,2007-03-01,Freehold,315829.4263803681,280000.0,326
Redbridge,2007-03-01,Leasehold,185677.3219178082,175000.0,146
Redbridge,2007-04-01,Freehold,316796.86,285000.0,300
Redbridge,2007-04-01,Leasehold,177363.17730496454,165000.0,141
Redbridge,2007-05-01,Freehold,305778.96415770607,279995.0,279
Redbridge,2007-05-01,Leasehold,205494.10778443114,180000.0,167
Redbridge,2007-06-01,Freehold,333457.1896024465,295000.0,327
Redbridge,2007-06-01,Leasehold,189892.59880239522,179000.0,167
Redbridge,2007-07-01,Freehold,333367.8798798799,292000.0,333
Redbridge,2007-07-01,Leasehold,191345.56390977444,180000.0,133
Redbridge,2007-08-01,Freehold,336659.8292011019,297000.0,363
Redbridge,2007-08-01,Leasehold,213252.06470588237,200000.0,170
Redbridge,2007-09-01,Freehold,331501.9243421053,306000.0,304
Redbridge,2007-09-01,Leasehold,211062.6896551724,200000.0,174
Redbridge,2007-10-01,Freehold,337219.0407523511,307000.0,319
Redbridge,2007-10-01,Leasehold,209040.02139037434,195000.0,187
Redbridge,2007-11-01,Freehold,326759.0774907749,290000.0,271
Redbridge,2007-11-01,Leasehold,195616.96078431373,189000.0,153
Redbridge,2007-12-01,Freehold,328322.056,298224.5,250
Redbridge,2007-12-01,Leasehold,221932.75280898876,210000.0,178
Redbridge,2008-01-01,Freehold,355897.0218579235,304000.0,183
Redbridge,2008-01-01,Leasehold,218203.115942029,213750.0,138
Redbridge,2008-02-01,Freehold,341696.2878787879,300000.0,198
Redbridge,2008-02-01,Leasehold,210982.45323741008,206000.0,139
Redbridge,2008-03-01,Freehold,321138.88700564974,292500.0,177
Redbridge,2008-03-01,Leasehold,223073.72727272726,196015.0,132
Redbridge,2008-04-01,Freehold,338943.3005181347,295000.0,193
Redbridge,2008-04-01,Leasehold,204858.98245614034,202750.0,114
Redbridge,2008-05-01,Freehold,328737.8076923077,310000.0,182
Redbridge,2008-05-01,Leasehold,219455.45801526718,212000.0,131
Redbridge,2008-06-01,Freehold,327616.2484076433,300000.0,157
Redbridge,2008-06-01,Leasehold,204772.07317073172,201500.0,82
Redbridge,2008-07-01,Freehold,363909.20547945204,302500.0,146
Redbridge,2008-07-01,Leasehold,207970.6796116505,188000.0,103
Redbridge,2008-08-01,Freehold,314182.4144736842,285000.0,152
Redbridge,2008-08-01,Leasehold,188008.19672131148,180000.0,61
Redbridge,2008-09-01,Freehold,304943.4899328859,265000.0,149
Redbridge,2008-09-01,Leasehold,203050.91176470587,191250.0,68
Redbridge,2008-10-01,Freehold,308706.752293578,250000.0,109
Redbridge,2008-10-01,Leasehold,200960.74285714285,175000.0,70
Redbridge,2008-11-01,Freehold,289803.2048192771,260000.0,83
Redbridge,2008-11-01,Leasehold,188071.05263157896,175000.0,57
Redbridge,2008-12-01,Freehold,291704.62264150946,250000.0,106
Redbridge,2008-12-01,Leasehold,194861.18279569893,190000.0,93
Redbridge,2009-01-01,Freehold,269853.1216216216,240000.0,74
Redbridge,2009-01-01,Leasehold,169541.66666666666,158500.0,57
Redbridge,2009-02-01,Freehold,298216.08108108107,250000.0,74
Redbridge,2009-02-01,Leasehold,169309.5806451613,156745.0,31
Redbridge,2009-03-01,Freehold,272551.02040816325,239500.0,98
Redbridge,2009-03-01,Leasehold,173106.26984126985,162000.0,63
Redbridge,2009-04-01,Freehold,283371.3189655172,246500.0,116
Redbridge,2009-04-01,Leasehold,171252.4705882353,165000.0,51
Redbridge,2009-05-01,Freehold,294978.4946236559,258000.0,93
Redbridge,2009-05-01,Leasehold,191695.5090909091,175000.0,55
Redbridge,2009-06-01,Freehold,301421.0448717949,262500.0,156
Redbridge,2009-06-01,Leasehold,175865.88709677418,172750.0,62
Redbridge,2009-07-01,Freehold,290657.2655367232,250000.0,177
Redbridge,2009-07-01,Leasehold,186978.23333333334,175000.0,60
Redbridge,2009-08-01,Freehold,306848.917721519,275000.0,158
Redbridge,2009-08-01,Leasehold,172803.8805970149,162000.0,67
Redbridge,2009-09-01,Freehold,331048.41242937854,279500.0,177
Redbridge,2009-09-01,Leasehold,165126.36274509804,158000.0,102
Redbridge,2009-10-01,Freehold,298182.01123595505,270000.0,178
Redbridge,2009-10-01,Leasehold,184448.81632653062,193500.0,98
Redbridge,2009-11-01,Freehold,312311.4238410596,273000.0,151
Redbridge,2009-11-01,Leasehold,188654.82786885247,189997.5,122
Redbridge,2009-12-01,Freehold,313325.65882352943,286250.0,170
Redbridge,2009-12-01,Leasehold,170614.6375,165000.0,160
Redbridge,2010-01-01,Freehold,319379.9657534247,283500.0,146
Redbridge,2010-01-01,Leasehold,207431.66206896552,205000.0,145
Redbridge,2010-02-01,Freehold,346291.4598540146,300000.0,137
Redbridge,2010-02-01,Leasehold,201268.6891891892,188500.0,74
Redbridge,2010-03-01,Freehold,307637.0188679245,283000.0,159
Redbridge,2010-03-01,Leasehold,187277.51020408163,188725.0,98
Redbridge,2010-04-01,Freehold,327161.11029411765,277500.0,136
Redbridge,2010-04-01,Leasehold,184421.3725490196,179500.0,102
Redbridge,2010-05-01,Freehold,303434.20945945947,275000.0,148
Redbridge,2010-05-01,Leasehold,198873.02127659574,183750.0,94
Redbridge,2010-06-01,Freehold,327397.54497354495,284000.0,189
Redbridge,2010-06-01,Leasehold,196719.08219178082,190000.0,146
Redbridge,2010-07-01,Freehold,339075.8118811881,299703.5,202
Redbridge,2010-07-01,Leasehold,202485.93103448275,174000.0,87
Redbridge,2010-08-01,Freehold,344929.22651933704,300000.0,181
Redbridge,2010-08-01,Leasehold,205129.18055555556,185750.0,72
Redbridge,2010-09-01,Freehold,351520.253164557,298250.0,158
Redbridge,2010-09-01,Leasehold,211676.0,197500.0,77
Redbridge,2010-10-01,Freehold,338243.87741935486,310000.0,155
Redbridge,2010-10-01,Leasehold,199525.31746031746,180000.0,63
Redbridge,2010-11-01,Freehold,356126.79562043794,290000.0,137
Redbridge,2010-11-01,Leasehold,179903.828125,160000.0,64
Redbridge,2010-12-01,Freehold,365752.1151079137,316000.0,139
Redbridge,2010-12-01,Leasehold,229398.16363636364,195000.0,55
Redbridge,2011-01-01,Freehold,345388.18487394956,290000.0,119
Redbridge,2011-01-01,Leasehold,204309.16666666666,199000.0,48
Redbridge,2011-02-01,Freehold,326448.00746268657,280000.0,134
Redbridge,2011-02-01,Leasehold,195116.0,177750.0,44
Redbridge,2011-03-01,Freehold,323755.7874015748,280000.0,127
Redbridge,2011-03-01,Leasehold,207114.2105263158,190000.0,57
Redbridge,2011-04-01,Freehold,348832.8865248227,272000.0,141
Redbridge,2011-04-01,Leasehold,195325.11111111112,190000.0,45
Redbridge,2011-05-01,Freehold,311944.62773722626,283500.0,137
Redbridge,2011-05-01,Leasehold,190679.3220338983,185000.0,59
Redbridge,2011-06-01,Freehold,328555.72602739726,295000.0,146
Redbridge,2011-06-01,Leasehold,193170.3076923077,178000.0,65
Redbridge,2011-07-01,Freehold,330736.0117647059,289000.0,170
Redbridge,2011-07-01,Leasehold,219537.02469135803,190000.0,81
Redbridge,2011-08-01,Freehold,354261.7049180328,311000.0,183
Redbridge,2011-08-01,Leasehold,196305.425,183500.0,80
Redbridge,2011-09-01,Freehold,340562.1657142857,300000.0,175
Redbridge,2011-09-01,Leasehold,195964.98484848486,186500.0,66
Redbridge,2011-10-01,Freehold,344461.03125,317375.0,160
Redbridge,2011-10-01,Leasehold,200552.32142857142,187500.0,84
Redbridge,2011-11-01,Freehold,335346.92700729927,295000.0,137
Redbridge,2011-11-01,Leasehold,203660.1168831169,200000.0,77
Redbridge,2011-12-01,Freehold,323405.355704698,280000.0,149
Redbridge,2011-12-01,Leasehold,203912.15789473685,185000.0,57
Redbridge,2012-01-01,Freehold,346591.9130434783,290000.0,115
Redbridge,2012-01-01,Leasehold,191458.30952380953,181500.0,42
Redbridge,2012-02-01,Freehold,342845.71875,275000.0,128
Redbridge,2012-02-01,Leasehold,211674.10714285713,188500.0,56
Redbridge,2012-03-01,Freehold,320492.64814814815,281500.0,162
Redbridge,2012-03-01,Leasehold,200687.68292682926,192500.0,82
Redbridge,2012-04-01,Freehold,339469.5625,306250.0,128
Redbridge,2012-04-01,Leasehold,200731.39583333334,185000.0,48
Redbridge,2012-05-01,Freehold,360328.6904761905,315000.0,126
Redbridge,2012-05-01,Leasehold,201386.55737704918,188000.0,61
Redbridge,2012-06-01,Freehold,337753.2302631579,293500.0,152
Redbridge,2012-06-01,Leasehold,208903.65384615384,195000.0,52
Redbridge,2012-07-01,Freehold,347953.4482758621,287750.0,174
Redbridge,2012-07-01,Leasehold,214909.75409836066,200000.0,61
Redbridge,2012-08-01,Freehold,357283.77245508984,320000.0,167
Redbridge,2012-08-01,Leasehold,199908.87096774194,189750.0,62
Redbridge,2012-09-01,Freehold,375143.3880597015,306500.0,134
Redbridge,2012-09-01,Leasehold,199101.4814814815,187000.0,54
Redbridge,2012-10-01,Freehold,345622.6084337349,310000.0,166
Redbridge,2012-10-01,Leasehold,223701.03125,185000.0,64
Redbridge,2012-11-01,Freehold,333103.2067039106,297500.0,179
Redbridge,2012-11-01,Leasehold,205662.14814814815,188000.0,81
Redbridge,2012-12-01,Freehold,327763.14864864864,285000.0,148
Redbridge,2012-12-01,Leasehold,198445.65217391305,181000.0,69
Redbridge,2013-01-01,Freehold,322400.45801526716,283000.0,131
Redbridge,2013-01-01,Leasehold,195820.0,184000.0,57
Redbridge,2013-02-01,Freehold,335202.02158273384,284500.0,139
Redbridge,2013-02-01,Leasehold,189076.13043478262,169997.5,46
Redbridge,2013-03-01,Freehold,354567.01587301586,300000.0,126
Redbridge,2013-03-01,Leasehold,200369.9,185000.0,50
Redbridge,2013-04-01,Freehold,343863.0463576159,285000.0,151
Redbridge,2013-04-01,Leasehold,196862.109375,180000.0,64
Redbridge,2013-05-01,Freehold,364035.80606060603,310000.0,165
Redbridge,2013-05-01,Leasehold,181651.48484848486,167500.0,66
Redbridge,2013-06-01,Freehold,345080.1699346405,308000.0,153
Redbridge,2013-06-01,Leasehold,198834.85074626867,193500.0,67
Redbridge,2013-07-01,Freehold,381556.7833333333,329000.0,180
Redbridge,2013-07-01,Leasehold,214627.58620689655,195000.0,87
Redbridge,2013-08-01,Freehold,392417.37558685447,330000.0,213
Redbridge,2013-08-01,Leasehold,196822.9054054054,178000.0,74
Redbridge,2013-09-01,Freehold,386979.41489361704,335000.0,188
Redbridge,2013-09-01,Leasehold,216600.4875,214500.0,80
Redbridge,2013-10-01,Freehold,372981.99033816427,317000.0,207
Redbridge,2013-10-01,Leasehold,204356.36538461538,191500.0,104
Redbridge,2013-11-01,Freehold,360096.1651376147,317500.0,218
Redbridge,2013-11-01,Leasehold,206949.83870967742,185000.0,93
Redbridge,2013-12-01,Freehold,380411.5114942529,337000.0,174
Redbridge,2013-12-01,Leasehold,227582.39344262294,224950.0,122
Redbridge,2014-01-01,Freehold,375056.26153846155,337000.0,195
Redbridge,2014-01-01,Leasehold,219160.27884615384,194500.0,104
Redbridge,2014-02-01,Freehold,373921.4514285714,335000.0,175
Redbridge,2014-02-01,Leasehold,208617.2258064516,192500.0,93
Redbridge,2014-03-01,Freehold,378988.09032258065,335000.0,155
Redbridge,2014-03-01,Leasehold,216243.80434782608,189000.0,92
Redbridge,2014-04-01,Freehold,373820.3164556962,330000.0,158
Redbridge,2014-04-01,Leasehold,222918.87878787878,192500.0,99
Redbridge,2014-05-01,Freehold,376319.472826087,330050.0,184
Redbridge,2014-05-01,Leasehold,230131.15533980582,195000.0,103
Redbridge,2014-06-01,Freehold,423161.7802197802,365000.0,182
Redbridge,2014-06-01,Leasehold,231767.25,227250.0,152
Redbridge,2014-07-01,Freehold,422454.8243243243,365000.0,222
Redbridge,2014-07-01,Leasehold,232717.27083333334,237475.0,144
Redbridge,2014-08-01,Freehold,450584.6010928962,401000.0,183
Redbridge,2014-08-01,Leasehold,230336.7142857143,209995.0,119
Redbridge,2014-09-01,Freehold,406908.52040816325,366000.0,196
Redbridge,2014-09-01,Leasehold,231996.46017699115,224000.0,113
Redbridge,2014-10-01,Freehold,414915.23474178405,385000.0,213
Redbridge,2014-10-01,Leasehold,231745.17094017094,215000.0,117
Redbridge,2014-11-01,Freehold,433006.6918918919,362000.0,185
Redbridge,2014-11-01,Leasehold,251914.00787401575,238000.0,127
Redbridge,2014-12-01,Freehold,425593.3734939759,376000.0,166
Redbridge,2014-12-01,Leasehold,248222.43,225000.0,100
Redbridge,2015-01-01,Freehold,455100.37762237765,390500.0,143
Redbridge,2015-01-01,Leasehold,236187.88888888888,219995.0,81
Redbridge,2015-02-01,Freehold,444579.61025641026,384000.0,195
Redbridge,2015-02-01,Leasehold,242473.49411764706,225000.0,85
Redbridge,2015-03-01,Freehold,411062.65193370165,360000.0,181
Redbridge,2015-03-01,Leasehold,240661.64356435643,225000.0,101
Redbridge,2015-04-01,Freehold,451215.6929824561,383000.0,114
Redbridge,2015-04-01,Leasehold,253218.64406779662,235000.0,59
Redbridge,2015-05-01,Freehold,419803.73287671234,380000.0,146
Redbridge,2015-05-01,Leasehold,230580.3116883117,200000.0,77
Redbridge,2015-06-01,Freehold,471114.6612021858,425000.0,183
Redbridge,2015-06-01,Leasehold,233719.58241758242,236500.0,91
Redbridge,2015-07-01,Freehold,483846.90454545454,440250.0,220
Redbridge,2015-07-01,Leasehold,254336.88679245283,250000.0,106
Redbridge,2015-08-01,Freehold,439940.1336633663,390000.0,202
Redbridge,2015-08-01,Leasehold,254171.30208333334,239000.0,96
Redbridge,2015-09-01,Freehold,474272.0628019324,418000.0,207
Redbridge,2015-09-01,Leasehold,254022.1121495327,241500.0,107
Redbridge,2015-10-01,Freehold,511692.14953271026,450000.0,214
Redbridge,2015-10-01,Leasehold,248373.17117117118,242000.0,111
Redbridge,2015-11-01,Freehold,463882.28571428574,415000.0,175
Redbridge,2015-11-01,Leasehold,274911.66371681413,250000.0,113
Redbridge,2015-12-01,Freehold,471948.3157894737,427500.0,190
Redbridge,2015-12-01,Leasehold,254969.60784313726,245500.0,102
Redbridge,2016-01-01,Freehold,467188.7612903226,430000.0,155
Redbridge,2016-01-01,Leasehold,271612.49411764706,266000.0,85
Redbridge,2016-02-01,Freehold,498786.7443181818,430500.0,176
Redbridge,2016-02-01,Leasehold,276019.4155844156,265000.0,77
Redbridge,2016-03-01,Freehold,503462.53793103446,465000.0,290
Redbridge,2016-03-01,Leasehold,274264.0046948357,264000.0,213
Redbridge,2016-04-01,Freehold,468734.6385542169,415000.0,83
Redbridge,2016-04-01,Leasehold,285356.53225806454,269500.0,62
Redbridge,2016-05-01,Freehold,485818.77118644066,436000.0,118
Redbridge,2016-05-01,Leasehold,278242.20634920633,275000.0,63
Redbridge,2016-06-01,Freehold,506219.1287878788,466250.0,132
Redbridge,2016-06-01,Leasehold,296600.7042253521,275000.0,71
Redbridge,2016-07-01,Freehold,517107.2839506173,457500.0,162
Redbridge,2016-07-01,Leasehold,288766.56565656565,278000.0,99
Redbridge,2016-08-01,Freehold,520956.93548387097,445000.0,155
Redbridge,2016-08-01,Leasehold,309250.8695652174,305000.0,92
Redbridge,2016-09-01,Freehold,512629.7111111111,465000.0,135
Redbridge,2016-09-01,Leasehold,305038.39285714284,290000.0,84
Redbridge,2016-10-01,Freehold,491901.0,450000.0,145
Redbridge,2016-10-01,Leasehold,285559.67307692306,277497.5,104
Redbridge,2016-11-01,Freehold,536075.4129032259,492000.0,155
Redbridge,2016-11-01,Leasehold,303341.8780487805,285000.0,82
Redbridge,2016-12-01,Freehold,510551.6780821918,475000.0,146
Redbridge,2016-12-01,Leasehold,319593.86075949366,315000.0,79
Redbridge,2017-01-01,Freehold,539278.712,460000.0,125
Redbridge,2017-01-01,Leasehold,305558.1818181818,292000.0,55
Redbridge,2017-02-01,Freehold,511578.66972477065,480000.0,109
Redbridge,2017-02-01,Leasehold,296351.48076923075,278750.0,104
Redbridge,2017-03-01,Freehold,501530.07947019866,460000.0,151
Redbridge,2017-03-01,Leasehold,305795.73529411765,282497.5,102
Redbridge,2017-04-01,Freehold,540560.0285714286,492500.0,105
Redbridge,2017-04-01,Leasehold,272549.1884057971,265000.0,69
Redbridge,2017-05-01,Freehold,535393.2698412698,482500.0,126
Redbridge,2017-05-01,Leasehold,316069.4745762712,285000.0,59
Redbridge,2017-06-01,Freehold,502152.2297297297,455000.0,148
Redbridge,2017-06-01,Leasehold,302578.69444444444,297500.0,72
Redbridge,2017-07-01,Freehold,515484.9864864865,460000.0,148
Redbridge,2017-07-01,Leasehold,289555.1125,267500.0,80
Redbridge,2017-08-01,Freehold,599977.3218390804,493000.0,174
Redbridge,2017-08-01,Leasehold,299516.19178082194,283932.0,73
Redbridge,2017-09-01,Freehold,547333.2119205298,486050.0,151
Redbridge,2017-09-01,Leasehold,312914.81481481483,307500.0,81
Redbridge,2017-10-01,Freehold,542891.0555555555,497000.0,144
Redbridge,2017-10-01,Leasehold,329317.6951219512,286000.0,82
Redbridge,2017-11-01,Freehold,528756.1527777778,472500.0,144
Redbridge,2017-11-01,Leasehold,297798.47222222225,292500.0,72
Redbridge,2017-12-01,Freehold,532722.4256756756,502500.0,148
Redbridge,2017-12-01,Leasehold,319269.5,295000.0,92
Redbridge,2018-01-01,Freehold,524050.4,490000.0,125
Redbridge,2018-01-01,Leasehold,323912.328125,309000.0,64
Redbridge,2018-02-01,Freehold,567544.5544554455,515000.0,101
Redbridge,2018-02-01,Leasehold,315916.6666666667,297000.0,63
Redbridge,2018-03-01,Freehold,509085.4827586207,480000.0,145
Redbridge,2018-03-01,Leasehold,313672.48387096776,288750.0,62
Redbridge,2018-04-01,Freehold,554943.088,482500.0,125
Redbridge,2018-04-01,Leasehold,296429.1551724138,300000.0,58
Redbridge,2018-05-01,Freehold,539049.4696969697,490500.0,132
Redbridge,2018-05-01,Leasehold,313557.3968253968,305000.0,63
Redbridge,2018-06-01,Freehold,564229.3538461538,487500.0,130
Redbridge,2018-06-01,Leasehold,318550.3846153846,305000.0,65
Redbridge,2018-07-01,Freehold,577124.4797297297,497500.0,148
Redbridge,2018-07-01,Leasehold,305989.375,303875.0,80
Redbridge,2018-08-01,Freehold,536124.8802816902,500000.0,142
Redbridge,2018-08-01,Leasehold,319283.8103448276,313500.0,58
Redbridge,2018-09-01,Freehold,555262.9770992367,500000.0,131
Redbridge,2018-09-01,Leasehold,359916.6666666667,367500.0,123
Redbridge,2018-10-01,Freehold,574674.8648648649,520000.0,111
Redbridge,2018-10-01,Leasehold,310036.1842105263,295250.0,76
Redbridge,2018-11-01,Freehold,579927.1036585366,500000.0,164
Redbridge,2018-11-01,Leasehold,294517.5,270000.0,74
Redbridge,2018-12-01,Freehold,549834.0102040817,502500.0,98
Redbridge,2018-12-01,Leasehold,291787.2340425532,290000.0,47
Redbridge,2019-01-01,Freehold,533694.9450549451,495000.0,91
Redbridge,2019-01-01,Leasehold,296719.51219512196,305000.0,41
Redbridge,2019-02-01,Freehold,542911.3596491228,472500.0,114
Redbridge,2019-02-01,Leasehold,289573.6842105263,275000.0,57
Redbridge,2019-03-01,Freehold,540747.7678571428,461500.0,112
Redbridge,2019-03-01,Leasehold,280490.0588235294,278000.0,51
Redbridge,2019-04-01,Freehold,511221.13402061857,465000.0,97
Redbridge,2019-04-01,Leasehold,283011.62790697673,255000.0,43
Redbridge,2019-05-01,Freehold,540132.1487603306,485000.0,121
Redbridge,2019-05-01,Leasehold,275629.48484848486,250000.0,66
Redbridge,2019-06-01,Freehold,522014.94845360826,472500.0,97
Redbridge,2019-06-01,Leasehold,304556.6923076923,308000.0,52
Redbridge,2019-07-01,Freehold,580084.0620155039,525000.0,129
Redbridge,2019-07-01,Leasehold,288515.09433962265,270000.0,53
Redbridge,2019-08-01,Freehold,578731.4776119404,530000.0,201
Redbridge,2019-08-01,Leasehold,287004.23728813557,290000.0,59
Redbridge,2019-09-01,Freehold,543493.5714285715,486250.0,126
Redbridge,2019-09-01,Leasehold,273713.1666666667,268750.0,108
Redbridge,2019-10-01,Freehold,570626.2266666667,516875.0,150
Redbridge,2019-10-01,Leasehold,274996.36363636365,270000.0,99
Redbridge,2019-11-01,Freehold,602152.2058823529,517500.0,136
Redbridge,2019-11-01,Leasehold,296466.6666666667,305000.0,60
Redbridge,2019-12-01,Freehold,516139.05263157893,500000.0,133
Redbridge,2019-12-01,Leasehold,276570.5263157895,273750.0,57
Redbridge,2020-01-01,Freehold,544319.2072072072,495000.0,111
Redbridge,2020-01-01,Leasehold,274474.54545454547,270000.0,55
Redbridge,2020-02-01,Freehold,535224.6946564886,475000.0,131
Redbridge,2020-02-01,Leasehold,297288.8888888889,288375.0,54
Redbridge,2020-03-01,Freehold,543323.9083333333,475000.0,120
Redbridge,2020-03-01,Leasehold,303166.25,309250.0,40
Redbridge,2020-04-01,Freehold,523430.0,447500.0,50
Redbridge,2020-04-01,Leasehold,279785.0,276262.5,20
Redbridge,2020-05-01,Freehold,486244.51020408166,450000.0,49
Redbridge,2020-05-01,Leasehold,321000.0,295000.0,17
Redbridge,2020-06-01,Freehold,505058.9898989899,458000.0,99
Redbridge,2020-06-01,Leasehold,301407.6388888889,290500.0,36
Redbridge,2020-07-01,Freehold,513423.2673267327,495000.0,101
Redbridge,2020-07-01,Leasehold,311750.0,315000.0,49
Redbridge,2020-08-01,Freehold,576317.7884615385,555000.0,104
Redbridge,2020-08-01,Leasehold,273277.9411764706,276000.0,34
Redbridge,2020-09-01,Freehold,553030.7076923077,502500.0,130
Redbridge,2020-09-01,Leasehold,305100.0,318000.0,35
Redbridge,2020-10-01,Freehold,605671.4285714285,545000.0,154
Redbridge,2020-10-01,Leasehold,283409.3023255814,282500.0,43
Redbridge,2020-11-01,Freehold,596813.1878787879,545000.0,165
Redbridge,2020-11-01,Leasehold,312138.21276595746,300000.0,47
Redbridge,2020-12-01,Freehold,625965.9277108434,560000.0,166
Redbridge,2020-12-01,Leasehold,345194.44444444444,315000.0,54
Redbridge,2021-01-01,Freehold,600585.350877193,525000.0,171
Redbridge,2021-01-01,Leasehold,377335.1951219512,331000.0,41
Redbridge,2021-02-01,Freehold,586688.4417475729,547000.0,206
Redbridge,2021-02-01,Leasehold,324879.23728813557,305000.0,59
Redbridge,2021-03-01,Freehold,594735.1302931596,530000.0,307
Redbridge,2021-03-01,Leasehold,340441.93636363634,307500.0,110
Redbridge,2021-04-01,Freehold,554679.5752688173,515000.0,186
Redbridge,2021-04-01,Leasehold,324898.0263157895,300000.0,76
Redbridge,2021-05-01,Freehold,592385.1063829787,535000.0,141
Redbridge,2021-05-01,Leasehold,308271.078125,297500.0,64
Redbridge,2021-06-01,Freehold,612283.4453781513,550000.0,476
Redbridge,2021-06-01,Leasehold,341612.8679245283,330000.0,159
Redbridge,2021-07-01,Freehold,725709.1136363636,572500.0,44
Redbridge,2021-07-01,Leasehold,283365.85365853657,282500.0,41
Redbridge,2021-08-01,Freehold,632006.505050505,542500.0,99
Redbridge,2021-08-01,Leasehold,313990.54054054053,337500.0,37
Redbridge,2021-09-01,Freehold,603185.047393365,550000.0,211
Redbridge,2021-09-01,Leasehold,321540.05376344087,305000.0,93
Redbridge,2021-10-01,Freehold,651928.2921348314,550000.0,89
Redbridge,2021-10-01,Leasehold,323125.0,304375.0,38
Redbridge,2021-11-01,Freehold,655342.2100840337,560000.0,119
Redbridge,2021-11-01,Leasehold,321702.01923076925,301750.0,52
Redbridge,2021-12-01,Freehold,628666.1506849315,570000.0,146
Redbridge,2021-12-01,Leasehold,296566.8103448276,285000.0,58
Redbridge,2022-01-01,Freehold,626096.4912280702,550000.0,114
Redbridge,2022-01-01,Leasehold,302944.06153846154,300000.0,65
Redbridge,2022-02-01,Freehold,605228.5496688741,532500.0,151
Redbridge,2022-02-01,Leasehold,322535.1754385965,306250.0,57
Redbridge,2022-03-01,Freehold,642028.3841059603,540000.0,151
Redbridge,2022-03-01,Leasehold,325870.7042253521,320000.0,71
Redbridge,2022-04-01,Freehold,639112.1904761905,560000.0,126
Redbridge,2022-04-01,Leasehold,320845.8360655738,308000.0,61
Redbridge,2022-05-01,Freehold,606428.504,550000.0,125
Redbridge,2022-05-01,Leasehold,280515.14925373136,270000.0,67
Redbridge,2022-06-01,Freehold,638676.1061946902,605000.0,113
Redbridge,2022-06-01,Leasehold,319599.24242424243,312500.0,66
Redbridge,2022-07-01,Freehold,649419.4915254237,567500.0,118
Redbridge,2022-07-01,Leasehold,344939.0410958904,320000.0,73
Redbridge,2022-08-01,Freehold,663157.9632352941,577500.0,136
Redbridge,2022-08-01,Leasehold,325204.8360655738,295000.0,61
Redbridge,2022-09-01,Freehold,692183.4198473282,595000.0,131
Redbridge,2022-09-01,Leasehold,301630.91549295775,280000.0,71
Redbridge,2022-10-01,Freehold,690320.0573248408,610000.0,157
Redbridge,2022-10-01,Leasehold,330799.4605263158,310000.0,76
Redbridge,2022-11-01,Freehold,654431.7635135135,585000.0,148
Redbridge,2022-11-01,Leasehold,338460.6896551724,323000.0,58
Redbridge,2022-12-01,Freehold,661899.2727272727,560000.0,132
Redbridge,2022-12-01,Leasehold,323366.4727272727,325000.0,55
Redbridge,2023-01-01,Freehold,659227.7615384615,587500.0,130
Redbridge,2023-01-01,Leasehold,309449.2448979592,300000.0,49
Redbridge,2023-02-01,Freehold,623968.6891891892,577500.0,74
Redbridge,2023-02-01,Leasehold,321025.0,274500.0,40
Redbridge,2023-03-01,Freehold,642731.448,567000.0,125
Redbridge,2023-03-01,Leasehold,306887.7192982456,310000.0,57
Redbridge,2023-04-01,Freehold,594384.5476190476,547500.0,84
Redbridge,2023-04-01,Leasehold,347266.57575757575,333000.0,33
Redbridge,2023-05-01,Freehold,586421.3815789474,532500.0,76
Redbridge,2023-05-01,Leasehold,287069.74418604653,270000.0,43
Redbridge,2023-06-01,Freehold,677401.6896551724,535000.0,87
Redbridge,2023-06-01,Leasehold,289633.15555555554,282500.0,45
Redbridge,2023-07-01,Freehold,709119.2695652174,565000.0,115
Redbridge,2023-07-01,Leasehold,323089.41818181815,307000.0,55
Redbridge,2023-08-01,Freehold,682482.3703703703,565000.0,108
Redbridge,2023-08-01,Leasehold,315941.17647058825,307500.0,51
Redbridge,2023-09-01,Freehold,687578.4418604651,600000.0,129
Redbridge,2023-09-01,Leasehold,313068.6274509804,310000.0,51
Redbridge,2023-10-01,Freehold,660500.2621359223,600000.0,103
Redbridge,2023-10-01,Leasehold,307388.1875,288750.0,48
Redbridge,2023-11-01,Freehold,640421.3611111111,540587.5,108
Redbridge,2023-11-01,Leasehold,327323.03921568627,319000.0,51
Redbridge,2023-12-01,Freehold,630959.1836734693,562500.0,98
Redbridge,2023-12-01,Leasehold,331588.77777777775,310000.0,45
Redbridge,2024-01-01,Freehold,656668.1034482758,553000.0,87
Redbridge,2024-01-01,Leasehold,337285.25,300000.0,44
Redbridge,2024-02-01,Freehold,609442.91,526250.0,100
Redbridge,2024-02-01,Leasehold,289612.1875,285000.0,48
Redbridge,2024-03-01,Freehold,622587.1568627451,554000.0,102
Redbridge,2024-03-01,Leasehold,327697.2807017544,332500.0,57
Redbridge,2024-04-01,Freehold,623430.8316831683,567500.0,101
Redbridge,2024-04-01,Leasehold,319103.65853658534,330000.0,41
Redbridge,2024-05-01,Freehold,637217.0,570500.0,105
Redbridge,2024-05-01,Leasehold,343338.0425531915,320000.0,47
Redbridge,2024-06-01,Freehold,677904.3577981652,580000.0,109
Redbridge,2024-06-01,Leasehold,322228.8985507246,325000.0,69
Redbridge,2024-07-01,Freehold,636087.1238938053,555000.0,113
Redbridge,2024-07-01,Leasehold,340994.1666666667,327500.0,60
Redbridge,2024-08-01,Freehold,656783.9333333333,567500.0,150
Redbridge,2024-08-01,Leasehold,342836.63265306124,342500.0,49
Redbridge,2024-09-01,Freehold,704425.9821428572,621255.0,112
Redbridge,2024-09-01,Leasehold,350148.5714285714,340000.0,49
Redbridge,2024-10-01,Freehold,705889.2907801418,600000.0,141
Redbridge,2024-10-01,Leasehold,367364.75409836066,370000.0,61
Redbridge,2024-11-01,Freehold,713724.0636363636,622500.0,110
Redbridge,2024-11-01,Leasehold,351551.4,330000.0,65
Redbridge,2024-12-01,Freehold,651390.6826923077,595000.0,104
Redbridge,2024-12-01,Leasehold,323331.9619047619,325000.0,105
Redbridge,2025-01-01,Freehold,686915.0,602500.0,100
Redbridge,2025-01-01,Leasehold,316589.3859649123,310000.0,57
Redbridge,2025-02-01,Freehold,650743.7313432836,577500.0,134
Redbridge,2025-02-01,Leasehold,369863.2075471698,370000.0,53
Redbridge,2025-03-01,Freehold,639065.8862876254,560000.0,299
Redbridge,2025-03-01,Leasehold,350100.7089552239,344000.0,134
Redbridge,2025-04-01,Freehold,652500.0,627500.0,40
Redbridge,2025-04-01,Leasehold,300753.1875,277500.0,32
Redbridge,2025-05-01,Freehold,669532.375,550000.0,80
Redbridge,2025-05-01,Leasehold,323416.6666666667,282500.0,42
Redbridge,2025-06-01,Freehold,639398.5507246377,600000.0,69
Redbridge,2025-06-01,Leasehold,310398.9423076923,302500.0,52
Redbridge,2025-07-01,Freehold,692521.5,590000.0,130
Redbridge,2025-07-01,Leasehold,356084.3181818182,350000.0,44
Redbridge,2025-08-01,Freehold,743510.5882352941,620000.0,153
Redbridge,2025-08-01,Leasehold,361514.89130434784,360000.0,46
Redbridge,2025-09-01,Freehold,672700.7355371901,595000.0,121
Redbridge,2025-09-01,Leasehold,320728.72340425535,320000.0,47
Redbridge,2025-10-01,Freehold,632443.5333333333,591840.0,150
Redbridge,2025-10-01,Leasehold,331231.7049180328,302500.0,61
Redbridge,2025-11-01,Freehold,660250.3271028037,612000.0,107
Redbridge,2025-11-01,Leasehold,307010.4166666667,311000.0,48
Redbridge,2025-12-01,Freehold,647856.7307692308,600000.0,104
Redbridge,2025-12-01,Leasehold,315346.77419354836,325000.0,31
Redbridge,2026-01-01,Freehold,657761.1940298508,645000.0,67
Redbridge,2026-01-01,Leasehold,370838.26923076925,352500.0,26
Redbridge,2026-02-01,Freehold,589144.2093023256,585000.0,86
Redbridge,2026-02-01,Leasehold,339825.0,322500.0,36
Redbridge,2026-03-01,Freehold,638535.1030927835,562000.0,97
Redbridge,2026-03-01,Leasehold,285225.0,270500.0,42
Redbridge,2026-04-01,Freehold,641425.925925926,600000.0,54
Redbridge,2026-04-01,Leasehold,362370.96774193546,355000.0,31
Redbridge,2026-05-01,Freehold,544558.8235294118,535000.0,17
Redbridge,2026-05-01,Leasehold,286264.70588235295,240000.0,17
Richmond Upon Thames,2006-01-01,Freehold,533838.2060085837,395000.0,233
Richmond Upon Thames,2006-01-01,Leasehold,283794.9275362319,244000.0,138
Richmond Upon Thames,2006-02-01,Freehold,502492.2923076923,380000.0,195
Richmond Upon Thames,2006-02-01,Leasehold,262600.38759689924,225000.0,129
Richmond Upon Thames,2006-03-01,Freehold,491963.3287671233,387950.0,219
Richmond Upon Thames,2006-03-01,Leasehold,262664.28571428574,232000.0,161
Richmond Upon Thames,2006-04-01,Freehold,540129.0921052631,417000.0,228
Richmond Upon Thames,2006-04-01,Leasehold,288740.4640883978,250000.0,181
Richmond Upon Thames,2006-05-01,Freehold,527978.906614786,429492.0,257
Richmond Upon Thames,2006-05-01,Leasehold,252299.16326530612,239950.0,147
Richmond Upon Thames,2006-06-01,Freehold,515192.59515570936,410000.0,289
Richmond Upon Thames,2006-06-01,Leasehold,264706.72202166065,240000.0,277
Richmond Upon Thames,2006-07-01,Freehold,557622.6061538461,465000.0,325
Richmond Upon Thames,2006-07-01,Leasehold,278857.5625,246750.0,192
Richmond Upon Thames,2006-08-01,Freehold,587164.141566265,450000.0,332
Richmond Upon Thames,2006-08-01,Leasehold,272322.54852320673,246000.0,237
Richmond Upon Thames,2006-09-01,Freehold,573846.4290657439,458000.0,289
Richmond Upon Thames,2006-09-01,Leasehold,281946.31192660553,246750.0,218
Richmond Upon Thames,2006-10-01,Freehold,578478.9112903225,452500.0,248
Richmond Upon Thames,2006-10-01,Leasehold,287671.6473214286,250000.0,224
Richmond Upon Thames,2006-11-01,Freehold,527277.3888888889,443000.0,252
Richmond Upon Thames,2006-11-01,Leasehold,330488.09550561797,277250.0,178
Richmond Upon Thames,2006-12-01,Freehold,607458.9294605809,465000.0,241
Richmond Upon Thames,2006-12-01,Leasehold,303550.4675925926,262691.0,216
Richmond Upon Thames,2007-01-01,Freehold,620137.6712328767,455000.0,219
Richmond Upon Thames,2007-01-01,Leasehold,307919.16279069765,264250.0,172
Richmond Upon Thames,2007-02-01,Freehold,641189.0782122905,470000.0,179
Richmond Upon Thames,2007-02-01,Leasehold,283364.04191616765,250000.0,167
Richmond Upon Thames,2007-03-01,Freehold,679993.527638191,499750.0,199
Richmond Upon Thames,2007-03-01,Leasehold,302870.91847826086,260000.0,184
Richmond Upon Thames,2007-04-01,Freehold,644467.3438914027,470000.0,221
Richmond Upon Thames,2007-04-01,Leasehold,323129.6111111111,287475.0,162
Richmond Upon Thames,2007-05-01,Freehold,646154.8932038835,513750.0,206
Richmond Upon Thames,2007-05-01,Leasehold,325417.64646464644,274000.0,198
Richmond Upon Thames,2007-06-01,Freehold,633555.4891774892,484750.0,231
Richmond Upon Thames,2007-06-01,Leasehold,318106.6777777778,275000.0,180
Richmond Upon Thames,2007-07-01,Freehold,674637.5079872204,499950.0,313
Richmond Upon Thames,2007-07-01,Leasehold,339858.58585858584,316000.0,198
Richmond Upon Thames,2007-08-01,Freehold,720343.7201166181,575000.0,343
Richmond Upon Thames,2007-08-01,Leasehold,312359.8855721393,289950.0,201
Richmond Upon Thames,2007-09-01,Freehold,660147.6743119266,490000.0,218
Richmond Upon Thames,2007-09-01,Leasehold,325161.63157894736,275000.0,171
Richmond Upon Thames,2007-10-01,Freehold,650023.2985074627,500000.0,201
Richmond Upon Thames,2007-10-01,Leasehold,333855.08843537414,295000.0,147
Richmond Upon Thames,2007-11-01,Freehold,659156.0452261306,538000.0,199
Richmond Upon Thames,2007-11-01,Leasehold,354315.2013888889,314975.0,144
Richmond Upon Thames,2007-12-01,Freehold,593185.7142857143,470000.0,119
Richmond Upon Thames,2007-12-01,Leasehold,334523.9913043478,300000.0,115
Richmond Upon Thames,2008-01-01,Freehold,594656.5190839694,510000.0,131
Richmond Upon Thames,2008-01-01,Leasehold,318632.536,283500.0,125
Richmond Upon Thames,2008-02-01,Freehold,729523.3543307086,500000.0,127
Richmond Upon Thames,2008-02-01,Leasehold,321175.93636363634,285000.0,110
Richmond Upon Thames,2008-03-01,Freehold,653185.5769230769,489975.0,104
Richmond Upon Thames,2008-03-01,Leasehold,367635.2738095238,300475.0,84
Richmond Upon Thames,2008-04-01,Freehold,678685.5,574475.0,138
Richmond Upon Thames,2008-04-01,Leasehold,344768.2434782609,303950.0,115
Richmond Upon Thames,2008-05-01,Freehold,637752.5107913669,495000.0,139
Richmond Upon Thames,2008-05-01,Leasehold,357868.1370967742,300000.0,124
Richmond Upon Thames,2008-06-01,Freehold,573856.7096774194,496500.0,124
Richmond Upon Thames,2008-06-01,Leasehold,313884.4845360825,275000.0,97
Richmond Upon Thames,2008-07-01,Freehold,744530.6802721089,550000.0,147
Richmond Upon Thames,2008-07-01,Leasehold,330703.984,287500.0,125
Richmond Upon Thames,2008-08-01,Freehold,720045.4513274336,500000.0,113
Richmond Upon Thames,2008-08-01,Leasehold,325628.6984126984,305000.0,63
Richmond Upon Thames,2008-09-01,Freehold,659658.415730337,450000.0,89
Richmond Upon Thames,2008-09-01,Leasehold,350161.3650793651,297500.0,63
Richmond Upon Thames,2008-10-01,Freehold,655002.380952381,390000.0,84
Richmond Upon Thames,2008-10-01,Leasehold,295388.1818181818,249950.0,55
Richmond Upon Thames,2008-11-01,Freehold,540892.9852941176,345000.0,68
Richmond Upon Thames,2008-11-01,Leasehold,275471.27659574465,230000.0,47
Richmond Upon Thames,2008-12-01,Freehold,547780.641025641,396500.0,78
Richmond Upon Thames,2008-12-01,Leasehold,287539.8461538461,243000.0,65
Richmond Upon Thames,2009-01-01,Freehold,626721.6119402985,460000.0,67
Richmond Upon Thames,2009-01-01,Leasehold,331879.23913043475,250000.0,46
Richmond Upon Thames,2009-02-01,Freehold,588940.8939393939,452750.0,66
Richmond Upon Thames,2009-02-01,Leasehold,301373.07692307694,270000.0,39
Richmond Upon Thames,2009-03-01,Freehold,565498.1585365854,444975.0,82
Richmond Upon Thames,2009-03-01,Leasehold,251296.875,241200.0,48
Richmond Upon Thames,2009-04-01,Freehold,580272.5663716814,445000.0,113
Richmond Upon Thames,2009-04-01,Leasehold,296383.5714285714,241000.0,70
Richmond Upon Thames,2009-05-01,Freehold,492845.49,405000.0,100
Richmond Upon Thames,2009-05-01,Leasehold,281037.0806451613,243750.0,62
Richmond Upon Thames,2009-06-01,Freehold,530385.809859155,452500.0,142
Richmond Upon Thames,2009-06-01,Leasehold,281646.53846153844,241000.0,65
Richmond Upon Thames,2009-07-01,Freehold,580865.0680628272,460000.0,191
Richmond Upon Thames,2009-07-01,Leasehold,295854.47872340423,253000.0,94
Richmond Upon Thames,2009-08-01,Freehold,685893.2011173185,500000.0,179
Richmond Upon Thames,2009-08-01,Leasehold,302940.625,248500.0,96
Richmond Upon Thames,2009-09-01,Freehold,590949.7647058824,482500.0,170
Richmond Upon Thames,2009-09-01,Leasehold,309154.7619047619,262500.0,105
Richmond Upon Thames,2009-10-01,Freehold,710264.2039800995,515000.0,201
Richmond Upon Thames,2009-10-01,Leasehold,343683.38095238095,282000.0,105
Richmond Upon Thames,2009-11-01,Freehold,708989.4756097561,534500.0,164
Richmond Upon Thames,2009-11-01,Leasehold,321901.4285714286,280000.0,105
Richmond Upon Thames,2009-12-01,Freehold,652489.6972972973,525000.0,185
Richmond Upon Thames,2009-12-01,Leasehold,345723.679245283,293750.0,106
Richmond Upon Thames,2010-01-01,Freehold,730877.9069767442,545000.0,129
Richmond Upon Thames,2010-01-01,Leasehold,330723.91011235956,295000.0,89
Richmond Upon Thames,2010-02-01,Freehold,746473.5887096775,583500.0,124
Richmond Upon Thames,2010-02-01,Leasehold,304115.25263157894,249950.0,95
Richmond Upon Thames,2010-03-01,Freehold,729189.5187969925,500000.0,133
Richmond Upon Thames,2010-03-01,Leasehold,309549.78350515466,269950.0,97
Richmond Upon Thames,2010-04-01,Freehold,688924.1134751773,525000.0,141
Richmond Upon Thames,2010-04-01,Leasehold,296728.58510638296,263750.0,94
Richmond Upon Thames,2010-05-01,Freehold,663823.2944785276,510000.0,163
Richmond Upon Thames,2010-05-01,Leasehold,348363.4653465347,283000.0,101
Richmond Upon Thames,2010-06-01,Freehold,658297.1149425288,512500.0,174
Richmond Upon Thames,2010-06-01,Leasehold,328368.6170212766,280000.0,141
Richmond Upon Thames,2010-07-01,Freehold,687034.9295154185,559950.0,227
Richmond Upon Thames,2010-07-01,Leasehold,322691.1231884058,298750.0,138
Richmond Upon Thames,2010-08-01,Freehold,666266.6666666666,520000.0,189
Richmond Upon Thames,2010-08-01,Leasehold,323989.6120689655,276725.0,116
Richmond Upon Thames,2010-09-01,Freehold,714685.6436170213,530000.0,188
Richmond Upon Thames,2010-09-01,Leasehold,364994.14414414414,295000.0,111
Richmond Upon Thames,2010-10-01,Freehold,757648.453416149,550000.0,161
Richmond Upon Thames,2010-10-01,Leasehold,325819.5833333333,279500.0,120
Richmond Upon Thames,2010-11-01,Freehold,589555.5182481752,490000.0,137
Richmond Upon Thames,2010-11-01,Leasehold,336145.67307692306,281000.0,104
Richmond Upon Thames,2010-12-01,Freehold,782971.7468354431,610000.0,158
Richmond Upon Thames,2010-12-01,Leasehold,351725.275862069,280000.0,87
Richmond Upon Thames,2011-01-01,Freehold,741110.7843137255,590000.0,153
Richmond Upon Thames,2011-01-01,Leasehold,358268.3975903614,296000.0,83
Richmond Upon Thames,2011-02-01,Freehold,627629.76,490000.0,100
Richmond Upon Thames,2011-02-01,Leasehold,313824.3068181818,278750.0,88
Richmond Upon Thames,2011-03-01,Freehold,752267.6056338028,507500.0,142
Richmond Upon Thames,2011-03-01,Leasehold,307519.97777777776,263750.0,90
Richmond Upon Thames,2011-04-01,Freehold,745972.0261437908,570000.0,153
Richmond Upon Thames,2011-04-01,Leasehold,347113.6,277500.0,95
Richmond Upon Thames,2011-05-01,Freehold,702581.9722222222,537500.0,108
Richmond Upon Thames,2011-05-01,Leasehold,328578.1034482759,289000.0,87
Richmond Upon Thames,2011-06-01,Freehold,646983.95625,522500.0,160
Richmond Upon Thames,2011-06-01,Leasehold,330607.60504201683,300000.0,119
Richmond Upon Thames,2011-07-01,Freehold,713152.9130434783,582500.0,207
Richmond Upon Thames,2011-07-01,Leasehold,371866.9421487603,305000.0,121
Richmond Upon Thames,2011-08-01,Freehold,721272.5,580000.0,224
Richmond Upon Thames,2011-08-01,Leasehold,348431.1711711712,300000.0,111
Richmond Upon Thames,2011-09-01,Freehold,788476.1546961326,620000.0,181
Richmond Upon Thames,2011-09-01,Leasehold,359206.0916666667,317500.0,120
Richmond Upon Thames,2011-10-01,Freehold,747125.7919075144,569950.0,173
Richmond Upon Thames,2011-10-01,Leasehold,312814.94845360826,280000.0,97
Richmond Upon Thames,2011-11-01,Freehold,656729.7272727273,535000.0,143
Richmond Upon Thames,2011-11-01,Leasehold,362475.7,298750.0,120
Richmond Upon Thames,2011-12-01,Freehold,708569.6036585366,594500.0,164
Richmond Upon Thames,2011-12-01,Leasehold,361976.39814814815,286250.0,108
Richmond Upon Thames,2012-01-01,Freehold,714193.1209677419,595000.0,124
Richmond Upon Thames,2012-01-01,Leasehold,345628.86666666664,271000.0,90
Richmond Upon Thames,2012-02-01,Freehold,715897.1333333333,595000.0,105
Richmond Upon Thames,2012-02-01,Leasehold,314521.24731182796,289950.0,93
Richmond Upon Thames,2012-03-01,Freehold,774750.027027027,602500.0,148
Richmond Upon Thames,2012-03-01,Leasehold,324877.7663551402,283000.0,107
Richmond Upon Thames,2012-04-01,Freehold,746329.2521008403,575000.0,119
Richmond Upon Thames,2012-04-01,Leasehold,379755.875,305000.0,104
Richmond Upon Thames,2012-05-01,Freehold,803095.2380952381,590000.0,147
Richmond Upon Thames,2012-05-01,Leasehold,358598.173553719,325000.0,121
Richmond Upon Thames,2012-06-01,Freehold,836413.1265822785,600750.0,158
Richmond Upon Thames,2012-06-01,Leasehold,349056.92307692306,334950.0,143
Richmond Upon Thames,2012-07-01,Freehold,766391.9617021277,622500.0,235
Richmond Upon Thames,2012-07-01,Leasehold,420067.8113207547,338750.0,106
Richmond Upon Thames,2012-08-01,Freehold,734336.0869565217,605000.0,207
Richmond Upon Thames,2012-08-01,Leasehold,339383.07042253524,293750.0,142
Richmond Upon Thames,2012-09-01,Freehold,703164.74522293,615000.0,157
Richmond Upon Thames,2012-09-01,Leasehold,352586.0132450331,320000.0,151
Richmond Upon Thames,2012-10-01,Freehold,719533.7160493827,550000.0,162
Richmond Upon Thames,2012-10-01,Leasehold,328575.7653061224,287500.0,98
Richmond Upon Thames,2012-11-01,Freehold,814671.9018404908,629950.0,163
Richmond Upon Thames,2012-11-01,Leasehold,441005.52857142856,333500.0,140
Richmond Upon Thames,2012-12-01,Freehold,757307.1851851852,626000.0,162
Richmond Upon Thames,2012-12-01,Leasehold,403493.2702702703,325000.0,111
Richmond Upon Thames,2013-01-01,Freehold,758840.3543307086,622000.0,127
Richmond Upon Thames,2013-01-01,Leasehold,366241.5543478261,320000.0,92
Richmond Upon Thames,2013-02-01,Freehold,819899.3035714285,633500.0,112
Richmond Upon Thames,2013-02-01,Leasehold,355960.61627906974,285000.0,86
Richmond Upon Thames,2013-03-01,Freehold,758967.676923077,594975.0,130
Richmond Upon Thames,2013-03-01,Leasehold,396220.98260869563,327500.0,115
Richmond Upon Thames,2013-04-01,Freehold,889618.8041958042,701000.0,143
Richmond Upon Thames,2013-04-01,Leasehold,392610.8910891089,321500.0,101
Richmond Upon Thames,2013-05-01,Freehold,775479.6516853933,640000.0,178
Richmond Upon Thames,2013-05-01,Leasehold,374931.61151079135,300000.0,139
Richmond Upon Thames,2013-06-01,Freehold,847457.0731707317,696997.5,164
Richmond Upon Thames,2013-06-01,Leasehold,393943.48695652175,315000.0,115
Richmond Upon Thames,2013-07-01,Freehold,866389.2272727273,660000.0,220
Richmond Upon Thames,2013-07-01,Leasehold,374388.60264900664,319950.0,151
Richmond Upon Thames,2013-08-01,Freehold,944493.2468085106,680000.0,235
Richmond Upon Thames,2013-08-01,Leasehold,375262.6488095238,336500.0,168
Richmond Upon Thames,2013-09-01,Freehold,854758.965317919,670000.0,173
Richmond Upon Thames,2013-09-01,Leasehold,382890.112,335000.0,125
Richmond Upon Thames,2013-10-01,Freehold,841507.1674641148,635000.0,209
Richmond Upon Thames,2013-10-01,Leasehold,367671.92156862747,320000.0,153
Richmond Upon Thames,2013-11-01,Freehold,903863.9465240642,720000.0,187
Richmond Upon Thames,2013-11-01,Leasehold,370532.70391061454,321300.0,179
Richmond Upon Thames,2013-12-01,Freehold,830152.9820359282,627000.0,167
Richmond Upon Thames,2013-12-01,Leasehold,402206.2482758621,352000.0,145
Richmond Upon Thames,2014-01-01,Freehold,836332.3218390804,632500.0,174
Richmond Upon Thames,2014-01-01,Leasehold,403822.80991735536,345512.0,121
Richmond Upon Thames,2014-02-01,Freehold,869434.1407407407,600000.0,135
Richmond Upon Thames,2014-02-01,Leasehold,430537.7083333333,333025.0,120
Richmond Upon Thames,2014-03-01,Freehold,933354.0153846154,730500.0,130
Richmond Upon Thames,2014-03-01,Leasehold,437787.47826086957,350000.0,138
Richmond Upon Thames,2014-04-01,Freehold,967239.1791907514,798000.0,173
Richmond Upon Thames,2014-04-01,Leasehold,514022.56862745096,385750.0,102
Richmond Upon Thames,2014-05-01,Freehold,936947.106918239,780000.0,159
Richmond Upon Thames,2014-05-01,Leasehold,439857.76691729325,375000.0,133
Richmond Upon Thames,2014-06-01,Freehold,996056.85,752500.0,140
Richmond Upon Thames,2014-06-01,Leasehold,435229.3023255814,390000.0,129
Richmond Upon Thames,2014-07-01,Freehold,1102722.303482587,850000.0,201
Richmond Upon Thames,2014-07-01,Leasehold,465899.1510791367,390000.0,139
Richmond Upon Thames,2014-08-01,Freehold,951355.5837837838,799950.0,185
Richmond Upon Thames,2014-08-01,Leasehold,456954.9069767442,402500.0,172
Richmond Upon Thames,2014-09-01,Freehold,965529.2083333334,785000.0,144
Richmond Upon Thames,2014-09-01,Leasehold,484368.9379844961,420000.0,129
Richmond Upon Thames,2014-10-01,Freehold,1036694.0384615385,780000.0,156
Richmond Upon Thames,2014-10-01,Leasehold,473319.00680272107,390000.0,147
Richmond Upon Thames,2014-11-01,Freehold,944834.5166666667,690000.0,120
Richmond Upon Thames,2014-11-01,Leasehold,421104.6759259259,398500.0,108
Richmond Upon Thames,2014-12-01,Freehold,1018583.074074074,770000.0,135
Richmond Upon Thames,2014-12-01,Leasehold,460532.654676259,400000.0,139
Richmond Upon Thames,2015-01-01,Freehold,902424.1818181818,704750.0,110
Richmond Upon Thames,2015-01-01,Leasehold,428724.4845360825,375000.0,97
Richmond Upon Thames,2015-02-01,Freehold,1025497.25,777500.0,124
Richmond Upon Thames,2015-02-01,Leasehold,440379.21782178216,415000.0,101
Richmond Upon Thames,2015-03-01,Freehold,905188.5360824743,755000.0,97
Richmond Upon Thames,2015-03-01,Leasehold,463773.91752577317,430000.0,97
Richmond Upon Thames,2015-04-01,Freehold,1114181.7727272727,761625.0,110
Richmond Upon Thames,2015-04-01,Leasehold,455958.0573770492,415000.0,122
Richmond Upon Thames,2015-05-01,Freehold,968332.5,803125.0,122
Richmond Upon Thames,2015-05-01,Leasehold,438743.68807339447,400000.0,109
Richmond Upon Thames,2015-06-01,Freehold,967919.5521472392,785000.0,163
Richmond Upon Thames,2015-06-01,Leasehold,444321.31304347824,390000.0,115
Richmond Upon Thames,2015-07-01,Freehold,1026370.7117117117,789975.0,222
Richmond Upon Thames,2015-07-01,Leasehold,483335.1951219512,405000.0,123
Richmond Upon Thames,2015-08-01,Freehold,1067094.6724137932,807475.0,174
Richmond Upon Thames,2015-08-01,Leasehold,458213.5401459854,425314.0,137
Richmond Upon Thames,2015-09-01,Freehold,1005968.0320855615,755250.0,187
Richmond Upon Thames,2015-09-01,Leasehold,469053.90789473685,403125.0,152
Richmond Upon Thames,2015-10-01,Freehold,982132.7919075144,815000.0,173
Richmond Upon Thames,2015-10-01,Leasehold,501069.0566037736,422500.0,159
Richmond Upon Thames,2015-11-01,Freehold,911805.9647887324,750000.0,142
Richmond Upon Thames,2015-11-01,Leasehold,466115.05147058825,408750.0,136
Richmond Upon Thames,2015-12-01,Freehold,970679.2848484848,784000.0,165
Richmond Upon Thames,2015-12-01,Leasehold,450249.8623853211,391500.0,109
Richmond Upon Thames,2016-01-01,Freehold,1006580.3544303797,806250.0,158
Richmond Upon Thames,2016-01-01,Leasehold,527356.0909090909,481000.0,110
Richmond Upon Thames,2016-02-01,Freehold,1117697.731958763,810000.0,97
Richmond Upon Thames,2016-02-01,Leasehold,496520.0103092783,435000.0,97
Richmond Upon Thames,2016-03-01,Freehold,1087430.9914529915,842500.0,234
Richmond Upon Thames,2016-03-01,Leasehold,514467.4749034749,450000.0,259
Richmond Upon Thames,2016-04-01,Freehold,870768.3146067415,755000.0,89
Richmond Upon Thames,2016-04-01,Leasehold,487433.5056179775,435000.0,89
Richmond Upon Thames,2016-05-01,Freehold,1054989.8804347827,891000.0,92
Richmond Upon Thames,2016-05-01,Leasehold,505420.1685393258,479950.0,89
Richmond Upon Thames,2016-06-01,Freehold,1026591.2033898305,817000.0,118
Richmond Upon Thames,2016-06-01,Leasehold,497600.5894736842,450000.0,95
Richmond Upon Thames,2016-07-01,Freehold,1065430.0,900000.0,125
Richmond Upon Thames,2016-07-01,Leasehold,590237.8378378379,465000.0,111
Richmond Upon Thames,2016-08-01,Freehold,999236.8260869565,777500.0,138
Richmond Upon Thames,2016-08-01,Leasehold,498969.71153846156,455500.0,104
Richmond Upon Thames,2016-09-01,Freehold,1051819.5804195805,870000.0,143
Richmond Upon Thames,2016-09-01,Leasehold,506031.1538461539,457500.0,104
Richmond Upon Thames,2016-10-01,Freehold,879867.3980582524,760000.0,103
Richmond Upon Thames,2016-10-01,Leasehold,495065.2631578947,420000.0,95
Richmond Upon Thames,2016-11-01,Freehold,975458.5641025641,800000.0,117
Richmond Upon Thames,2016-11-01,Leasehold,486664.3980582524,450000.0,103
Richmond Upon Thames,2016-12-01,Freehold,876585.7177419355,765000.0,124
Richmond Upon Thames,2016-12-01,Leasehold,484356.25,437750.0,96
Richmond Upon Thames,2017-01-01,Freehold,997527.2033898305,823500.0,118
Richmond Upon Thames,2017-01-01,Leasehold,615695.3780487805,465000.0,82
Richmond Upon Thames,2017-02-01,Freehold,904215.75,854500.0,92
Richmond Upon Thames,2017-02-01,Leasehold,552236.304347826,469975.0,92
Richmond Upon Thames,2017-03-01,Freehold,966727.9558823529,862500.0,136
Richmond Upon Thames,2017-03-01,Leasehold,775339.3768115942,526250.0,138
Richmond Upon Thames,2017-04-01,Freehold,988012.3055555555,867072.0,108
Richmond Upon Thames,2017-04-01,Leasehold,595343.75,481000.0,88
Richmond Upon Thames,2017-05-01,Freehold,1030290.2255639097,860000.0,133
Richmond Upon Thames,2017-05-01,Leasehold,627210.68,465000.0,100
Richmond Upon Thames,2017-06-01,Freehold,996176.8879310344,910000.0,116
Richmond Upon Thames,2017-06-01,Leasehold,630255.9897959183,502500.0,98
Richmond Upon Thames,2017-07-01,Freehold,1066954.5722891567,879500.0,166
Richmond Upon Thames,2017-07-01,Leasehold,536670.2020202021,480000.0,99
Richmond Upon Thames,2017-08-01,Freehold,1093753.2716049382,887500.0,162
Richmond Upon Thames,2017-08-01,Leasehold,508105.2631578947,440000.0,95
Richmond Upon Thames,2017-09-01,Freehold,969295.696,810000.0,125
Richmond Upon Thames,2017-09-01,Leasehold,533060.5111111111,446500.0,90
Richmond Upon Thames,2017-10-01,Freehold,1030941.8320610687,825000.0,131
Richmond Upon Thames,2017-10-01,Leasehold,524136.6140350877,490000.0,114
Richmond Upon Thames,2017-11-01,Freehold,933365.4504504504,825000.0,111
Richmond Upon Thames,2017-11-01,Leasehold,511882.7272727273,465000.0,110
Richmond Upon Thames,2017-12-01,Freehold,893854.7641509434,822500.0,106
Richmond Upon Thames,2017-12-01,Leasehold,540684.0707964601,480500.0,113
Richmond Upon Thames,2018-01-01,Freehold,958747.619047619,785000.0,105
Richmond Upon Thames,2018-01-01,Leasehold,484099.09589041094,421000.0,73
Richmond Upon Thames,2018-02-01,Freehold,856653.3510638297,732500.0,94
Richmond Upon Thames,2018-02-01,Leasehold,504907.59493670886,470000.0,79
Richmond Upon Thames,2018-03-01,Freehold,1036637.1640625,865000.0,128
Richmond Upon Thames,2018-03-01,Leasehold,515705.1707317073,450000.0,82
Richmond Upon Thames,2018-04-01,Freehold,1010978.8288288289,800000.0,111
Richmond Upon Thames,2018-04-01,Leasehold,499385.3658536585,460000.0,82
Richmond Upon Thames,2018-05-01,Freehold,990643.2571428572,855000.0,105
Richmond Upon Thames,2018-05-01,Leasehold,479875.625,427500.0,80
Richmond Upon Thames,2018-06-01,Freehold,1030853.8793103448,858500.0,116
Richmond Upon Thames,2018-06-01,Leasehold,483592.2745098039,424475.0,102
Richmond Upon Thames,2018-07-01,Freehold,1029310.3393939394,860000.0,165
Richmond Upon Thames,2018-07-01,Leasehold,465868.98876404495,435000.0,89
Richmond Upon Thames,2018-08-01,Freehold,1051932.0211640212,929950.0,189
Richmond Upon Thames,2018-08-01,Leasehold,489875.5737704918,436000.0,122
Richmond Upon Thames,2018-09-01,Freehold,1012996.7352941176,791250.0,136
Richmond Upon Thames,2018-09-01,Leasehold,546027.3186813187,438000.0,91
Richmond Upon Thames,2018-10-01,Freehold,989697.8346456693,825000.0,127
Richmond Upon Thames,2018-10-01,Leasehold,458293.15789473685,440000.0,95
Richmond Upon Thames,2018-11-01,Freehold,970671.5286624203,806000.0,157
Richmond Upon Thames,2018-11-01,Leasehold,494999.47191011236,395000.0,89
Richmond Upon Thames,2018-12-01,Freehold,1054922.2542372881,785000.0,118
Richmond Upon Thames,2018-12-01,Leasehold,521527.85714285716,462500.0,70
Richmond Upon Thames,2019-01-01,Freehold,1110918.5,891500.0,98
Richmond Upon Thames,2019-01-01,Leasehold,555558.4745762711,410000.0,59
Richmond Upon Thames,2019-02-01,Freehold,980046.0204081633,822500.0,98
Richmond Upon Thames,2019-02-01,Leasehold,505742.1875,486500.0,64
Richmond Upon Thames,2019-03-01,Freehold,1042414.4736842106,837500.0,114
Richmond Upon Thames,2019-03-01,Leasehold,471046.80555555556,428000.0,72
Richmond Upon Thames,2019-04-01,Freehold,993263.2380952381,825000.0,105
Richmond Upon Thames,2019-04-01,Leasehold,658977.9824561403,446000.0,57
Richmond Upon Thames,2019-05-01,Freehold,927272.03125,771000.0,128
Richmond Upon Thames,2019-05-01,Leasehold,494611.53846153844,450000.0,78
Richmond Upon Thames,2019-06-01,Freehold,1108370.593495935,845000.0,123
Richmond Upon Thames,2019-06-01,Leasehold,545775.0,415000.0,68
Richmond Upon Thames,2019-07-01,Freehold,1086266.1184210526,836250.0,152
Richmond Upon Thames,2019-07-01,Leasehold,430489.1818181818,415000.0,99
Richmond Upon Thames,2019-08-01,Freehold,946982.1403508772,825000.0,171
Richmond Upon Thames,2019-08-01,Leasehold,580702.7525773196,440000.0,97
Richmond Upon Thames,2019-09-01,Freehold,1018588.4,905000.0,125
Richmond Upon Thames,2019-09-01,Leasehold,537618.9898989899,450000.0,99
Richmond Upon Thames,2019-10-01,Freehold,955003.0534351146,825700.0,131
Richmond Upon Thames,2019-10-01,Leasehold,530390.4255319149,435925.0,94
Richmond Upon Thames,2019-11-01,Freehold,1019822.8082191781,835500.0,146
Richmond Upon Thames,2019-11-01,Leasehold,507500.7037037037,422500.0,108
Richmond Upon Thames,2019-12-01,Freehold,991307.893129771,843000.0,131
Richmond Upon Thames,2019-12-01,Leasehold,533542.913580247,420000.0,81
Richmond Upon Thames,2020-01-01,Freehold,1143361.992,875000.0,125
Richmond Upon Thames,2020-01-01,Leasehold,519543.3734939759,464000.0,83
Richmond Upon Thames,2020-02-01,Freehold,987931.9130434783,842500.0,115
Richmond Upon Thames,2020-02-01,Leasehold,503636.14634146343,467500.0,82
Richmond Upon Thames,2020-03-01,Freehold,1059246.418367347,772500.0,98
Richmond Upon Thames,2020-03-01,Leasehold,557746.1666666666,470275.0,90
Richmond Upon Thames,2020-04-01,Freehold,1250884.2592592593,962500.0,54
Richmond Upon Thames,2020-04-01,Leasehold,477089.36363636365,427000.0,33
Richmond Upon Thames,2020-05-01,Freehold,1062816.44,870000.0,50
Richmond Upon Thames,2020-05-01,Leasehold,548029.1025641026,430000.0,39
Richmond Upon Thames,2020-06-01,Freehold,1087208.0,946750.0,66
Richmond Upon Thames,2020-06-01,Leasehold,461671.78571428574,410000.0,56
Richmond Upon Thames,2020-07-01,Freehold,1169033.3884892086,900101.0,139
Richmond Upon Thames,2020-07-01,Leasehold,484978.5375,425000.0,80
Richmond Upon Thames,2020-08-01,Freehold,1165671.1294964028,905000.0,139
Richmond Upon Thames,2020-08-01,Leasehold,509146.32352941175,440000.0,68
Richmond Upon Thames,2020-09-01,Freehold,1070840.0927152317,885000.0,151
Richmond Upon Thames,2020-09-01,Leasehold,526268.3789473685,465000.0,95
Richmond Upon Thames,2020-10-01,Freehold,1009712.1676300578,865000.0,173
Richmond Upon Thames,2020-10-01,Leasehold,490088.09523809527,470000.0,105
Richmond Upon Thames,2020-11-01,Freehold,1091806.8823529412,850000.0,170
Richmond Upon Thames,2020-11-01,Leasehold,553527.947368421,507500.0,114
Richmond Upon Thames,2020-12-01,Freehold,1177083.7735849055,920000.0,212
Richmond Upon Thames,2020-12-01,Leasehold,526447.9591836735,466250.0,98
Richmond Upon Thames,2021-01-01,Freehold,1195616.6815642458,880000.0,179
Richmond Upon Thames,2021-01-01,Leasehold,535875.252631579,475000.0,95
Richmond Upon Thames,2021-02-01,Freehold,970488.1666666666,810000.0,198
Richmond Upon Thames,2021-02-01,Leasehold,483992.62295081967,436500.0,122
Richmond Upon Thames,2021-03-01,Freehold,1082615.005952381,876500.0,336
Richmond Upon Thames,2021-03-01,Leasehold,524918.3615819209,450000.0,177
Richmond Upon Thames,2021-04-01,Freehold,1060109.7358490566,875000.0,159
Richmond Upon Thames,2021-04-01,Leasehold,487146.5188679245,430000.0,106
Richmond Upon Thames,2021-05-01,Freehold,1133167.8345864662,885000.0,133
Richmond Upon Thames,2021-05-01,Leasehold,521698.6842105263,428000.0,76
Richmond Upon Thames,2021-06-01,Freehold,1106346.8128772636,899950.0,497
Richmond Upon Thames,2021-06-01,Leasehold,501414.657980456,452000.0,307
Richmond Upon Thames,2021-07-01,Freehold,1772280.7894736843,1340000.0,57
Richmond Upon Thames,2021-07-01,Leasehold,346638.0,337000.0,25
Richmond Upon Thames,2021-08-01,Freehold,1314532.0198675497,1140000.0,151
Richmond Upon Thames,2021-08-01,Leasehold,497948.6533333333,405000.0,75
Richmond Upon Thames,2021-09-01,Freehold,1119619.394308943,900000.0,246
Richmond Upon Thames,2021-09-01,Leasehold,506134.5588235294,453000.0,136
Richmond Upon Thames,2021-10-01,Freehold,1374442.2365591398,940000.0,93
Richmond Upon Thames,2021-10-01,Leasehold,572998.1578947369,445000.0,57
Richmond Upon Thames,2021-11-01,Freehold,1177852.1167883212,920000.0,137
Richmond Upon Thames,2021-11-01,Leasehold,552558.1506849315,455000.0,73
Richmond Upon Thames,2021-12-01,Freehold,1162273.570247934,960000.0,121
Richmond Upon Thames,2021-12-01,Leasehold,554569.4230769231,490500.0,78
Richmond Upon Thames,2022-01-01,Freehold,1252671.7661290322,985000.0,124
Richmond Upon Thames,2022-01-01,Leasehold,547175.6835443038,475000.0,79
Richmond Upon Thames,2022-02-01,Freehold,1184253.2272727273,905000.0,110
Richmond Upon Thames,2022-02-01,Leasehold,570572.0319148937,449225.0,94
Richmond Upon Thames,2022-03-01,Freehold,1231076.88,994975.0,150
Richmond Upon Thames,2022-03-01,Leasehold,561946.2264150943,450000.0,106
Richmond Upon Thames,2022-04-01,Freehold,1283076.44,1075000.0,125
Richmond Upon Thames,2022-04-01,Leasehold,574913.8988764045,450000.0,89
Richmond Upon Thames,2022-05-01,Freehold,1204202.911111111,890000.0,135
Richmond Upon Thames,2022-05-01,Leasehold,496411.25471698114,465000.0,106
Richmond Upon Thames,2022-06-01,Freehold,1315802.5833333333,1005000.0,144
Richmond Upon Thames,2022-06-01,Leasehold,550807.5465116279,497050.0,86
Richmond Upon Thames,2022-07-01,Freehold,1206870.2040816327,960000.0,196
Richmond Upon Thames,2022-07-01,Leasehold,489104.679245283,450000.0,106
Richmond Upon Thames,2022-08-01,Freehold,1340669.033519553,1050000.0,179
Richmond Upon Thames,2022-08-01,Leasehold,602598.5151515151,480777.5,132
Richmond Upon Thames,2022-09-01,Freehold,1252229.3882978724,1027500.0,188
Richmond Upon Thames,2022-09-01,Leasehold,561644.4608695653,492000.0,115
Richmond Upon Thames,2022-10-01,Freehold,1156184.569620253,970000.0,158
Richmond Upon Thames,2022-10-01,Leasehold,541351.3274336283,485000.0,113
Richmond Upon Thames,2022-11-01,Freehold,1174884.976923077,965000.0,130
Richmond Upon Thames,2022-11-01,Leasehold,516280.0438596491,444000.0,114
Richmond Upon Thames,2022-12-01,Freehold,1265728.1769911505,840000.0,113
Richmond Upon Thames,2022-12-01,Leasehold,555627.4336283186,475000.0,113
Richmond Upon Thames,2023-01-01,Freehold,1226053.8596491227,1005850.0,114
Richmond Upon Thames,2023-01-01,Leasehold,537950.2151898735,465600.0,79
Richmond Upon Thames,2023-02-01,Freehold,1299152.6470588236,968500.0,85
Richmond Upon Thames,2023-02-01,Leasehold,571463.1176470588,471750.0,68
Richmond Upon Thames,2023-03-01,Freehold,1130876.64,910000.0,100
Richmond Upon Thames,2023-03-01,Leasehold,581982.3205128205,442500.0,78
Richmond Upon Thames,2023-04-01,Freehold,1365689.0957446808,1097500.0,94
Richmond Upon Thames,2023-04-01,Leasehold,527696.5454545454,489000.0,55
Richmond Upon Thames,2023-05-01,Freehold,1169597.2222222222,960975.0,90
Richmond Upon Thames,2023-05-01,Leasehold,550593.4782608695,480000.0,69
Richmond Upon Thames,2023-06-01,Freehold,1331492.9435483871,947500.0,124
Richmond Upon Thames,2023-06-01,Leasehold,619721.7105263158,502475.0,76
Richmond Upon Thames,2023-07-01,Freehold,1183658.1594202898,927500.0,138
Richmond Upon Thames,2023-07-01,Leasehold,602277.1428571428,475000.0,91
Richmond Upon Thames,2023-08-01,Freehold,1359094.9767441861,1090000.0,172
Richmond Upon Thames,2023-08-01,Leasehold,576201.66,499475.0,100
Richmond Upon Thames,2023-09-01,Freehold,1206992.9032258065,1000000.0,124
Richmond Upon Thames,2023-09-01,Leasehold,525152.6224489796,468750.0,98
Richmond Upon Thames,2023-10-01,Freehold,1183631.8524590165,978750.0,122
Richmond Upon Thames,2023-10-01,Leasehold,594172.0322580645,530000.0,93
Richmond Upon Thames,2023-11-01,Freehold,1160825.8137254901,1032500.0,102
Richmond Upon Thames,2023-11-01,Leasehold,528237.4285714285,475000.0,70
Richmond Upon Thames,2023-12-01,Freehold,1054493.1313131314,830000.0,99
Richmond Upon Thames,2023-12-01,Leasehold,530975.2873563218,500000.0,87
Richmond Upon Thames,2024-01-01,Freehold,1093001.0561797754,925000.0,89
Richmond Upon Thames,2024-01-01,Leasehold,502328.20967741933,449999.5,62
Richmond Upon Thames,2024-02-01,Freehold,1159951.2558139535,910000.0,86
Richmond Upon Thames,2024-02-01,Leasehold,495803.44444444444,433250.0,90
Richmond Upon Thames,2024-03-01,Freehold,1168193.2142857143,977500.0,112
Richmond Upon Thames,2024-03-01,Leasehold,524424.3421052631,450000.0,76
Richmond Upon Thames,2024-04-01,Freehold,1168663.232142857,985000.0,112
Richmond Upon Thames,2024-04-01,Leasehold,532658.8461538461,475000.0,65
Richmond Upon Thames,2024-05-01,Freehold,1187196.3565891474,935000.0,129
Richmond Upon Thames,2024-05-01,Leasehold,605255.4646464647,475000.0,99
Richmond Upon Thames,2024-06-01,Freehold,1163942.3870967743,887500.0,124
Richmond Upon Thames,2024-06-01,Leasehold,488316.265060241,437500.0,83
Richmond Upon Thames,2024-07-01,Freehold,1183162.6704545454,955000.0,176
Richmond Upon Thames,2024-07-01,Leasehold,542398.7843137255,478500.0,102
Richmond Upon Thames,2024-08-01,Freehold,1266472.4770114943,1067500.0,174
Richmond Upon Thames,2024-08-01,Leasehold,565409.1346153846,466500.0,104
Richmond Upon Thames,2024-09-01,Freehold,1364245.503875969,1100000.0,129
Richmond Upon Thames,2024-09-01,Leasehold,573895.6391752578,480000.0,97
Richmond Upon Thames,2024-10-01,Freehold,1191579.7770700636,1005000.0,157
Richmond Upon Thames,2024-10-01,Leasehold,567734.152,485000.0,125
Richmond Upon Thames,2024-11-01,Freehold,1229471.4,950000.0,135
Richmond Upon Thames,2024-11-01,Leasehold,561760.4838709678,505000.0,93
Richmond Upon Thames,2024-12-01,Freehold,1107626.308411215,960000.0,107
Richmond Upon Thames,2024-12-01,Leasehold,542301.0,480000.0,95
Richmond Upon Thames,2025-01-01,Freehold,1199594.9019607843,999500.0,153
Richmond Upon Thames,2025-01-01,Leasehold,567157.8023255814,465000.0,86
Richmond Upon Thames,2025-02-01,Freehold,1220670.043478261,970000.0,115
Richmond Upon Thames,2025-02-01,Leasehold,558435.9813084112,495000.0,107
Richmond Upon Thames,2025-03-01,Freehold,1106628.8166666667,897500.0,240
Richmond Upon Thames,2025-03-01,Leasehold,521820.8115942029,460000.0,207
Richmond Upon Thames,2025-04-01,Freehold,1323670.2127659575,1143000.0,47
Richmond Upon Thames,2025-04-01,Leasehold,659157.9189189189,530000.0,37
Richmond Upon Thames,2025-05-01,Freehold,1345592.4242424243,1045000.0,99
Richmond Upon Thames,2025-05-01,Leasehold,557477.1285714286,480500.0,70
Richmond Upon Thames,2025-06-01,Freehold,1354633.6636363636,990000.0,110
Richmond Upon Thames,2025-06-01,Leasehold,554887.1341463415,500000.0,82
Richmond Upon Thames,2025-07-01,Freehold,1309484.9934640522,1090000.0,153
Richmond Upon Thames,2025-07-01,Leasehold,502887.1341463415,445000.0,82
Richmond Upon Thames,2025-08-01,Freehold,1298747.9810126582,1030250.0,158
Richmond Upon Thames,2025-08-01,Leasehold,522360.25,472500.0,100
Richmond Upon Thames,2025-09-01,Freehold,1201511.294117647,997500.0,136
Richmond Upon Thames,2025-09-01,Leasehold,541248.5915492958,475000.0,71
Richmond Upon Thames,2025-10-01,Freehold,1114514.138888889,910000.0,144
Richmond Upon Thames,2025-10-01,Leasehold,527293.6024096386,467500.0,83
Richmond Upon Thames,2025-11-01,Freehold,1126532.8595041323,950000.0,121
Richmond Upon Thames,2025-11-01,Leasehold,491301.49253731343,475000.0,67
Richmond Upon Thames,2025-12-01,Freehold,1093388.569620253,950000.0,79
Richmond Upon Thames,2025-12-01,Leasehold,476119.2028985507,458000.0,69
Richmond Upon Thames,2026-01-01,Freehold,1179363.75,886250.0,76
Richmond Upon Thames,2026-01-01,Leasehold,476823.9130434783,458500.0,46
Richmond Upon Thames,2026-02-01,Freehold,1016570.6153846154,795000.0,65
Richmond Upon Thames,2026-02-01,Leasehold,613135.119047619,472500.0,42
Richmond Upon Thames,2026-03-01,Freehold,1072414.6551724137,802500.0,58
Richmond Upon Thames,2026-03-01,Leasehold,486680.0,473250.0,50
Richmond Upon Thames,2026-04-01,Freehold,954246.4727272728,915000.0,55
Richmond Upon Thames,2026-04-01,Leasehold,619063.9534883721,535000.0,43
Richmond Upon Thames,2026-05-01,Freehold,845716.6666666666,761250.0,27
Richmond Upon Thames,2026-05-01,Leasehold,493708.3333333333,455000.0,24
Southwark,2006-01-01,Freehold,373939.0652173913,331000.0,92
Southwark,2006-01-01,Leasehold,232204.54612546126,205000.0,271
Southwark,2006-02-01,Freehold,349511.95604395604,310000.0,91
Southwark,2006-02-01,Leasehold,243875.5,225750.0,356
Southwark,2006-03-01,Freehold,343135.37606837606,299950.0,117
Southwark,2006-03-01,Leasehold,241045.35777126098,210000.0,341
Southwark,2006-04-01,Freehold,389455.65263157897,342500.0,95
Southwark,2006-04-01,Leasehold,250437.60638297873,218497.5,282
Southwark,2006-05-01,Freehold,383785.6116504854,341000.0,103
Southwark,2006-05-01,Leasehold,248705.8617363344,210000.0,311
Southwark,2006-06-01,Freehold,434785.0826446281,340000.0,121
Southwark,2006-06-01,Leasehold,240879.77777777778,224997.5,378
Southwark,2006-07-01,Freehold,444772.82608695654,340000.0,138
Southwark,2006-07-01,Leasehold,246306.4375,225000.0,384
Southwark,2006-08-01,Freehold,452842.9794520548,368500.0,146
Southwark,2006-08-01,Leasehold,244184.06476683938,218000.0,386
Southwark,2006-09-01,Freehold,375129.04379562044,345000.0,137
Southwark,2006-09-01,Leasehold,256321.90237467017,220000.0,379
Southwark,2006-10-01,Freehold,455647.452991453,365000.0,117
Southwark,2006-10-01,Leasehold,265948.0724233983,235000.0,359
Southwark,2006-11-01,Freehold,428645.8615384615,379975.0,130
Southwark,2006-11-01,Leasehold,245980.73333333334,225000.0,360
Southwark,2006-12-01,Freehold,402050.3917525773,370000.0,97
Southwark,2006-12-01,Leasehold,286625.0401891253,250000.0,423
Southwark,2007-01-01,Freehold,436652.4705882353,360000.0,85
Southwark,2007-01-01,Leasehold,251940.84501845017,220000.0,271
Southwark,2007-02-01,Freehold,434548.6875,390000.0,80
Southwark,2007-02-01,Leasehold,262096.74671052632,228725.0,304
Southwark,2007-03-01,Freehold,434395.23300970875,390000.0,103
Southwark,2007-03-01,Leasehold,306351.8128342246,249770.0,374
Southwark,2007-04-01,Freehold,484162.58510638296,384975.0,94
Southwark,2007-04-01,Leasehold,289503.79929577466,239250.0,284
Southwark,2007-05-01,Freehold,449230.7272727273,370000.0,99
Southwark,2007-05-01,Leasehold,280662.2265372168,242600.0,309
Southwark,2007-06-01,Freehold,479969.6846153846,415500.0,130
Southwark,2007-06-01,Leasehold,289417.5975975976,249950.0,333
Southwark,2007-07-01,Freehold,512800.9346405229,439950.0,153
Southwark,2007-07-01,Leasehold,285976.64690026955,249995.0,371
Southwark,2007-08-01,Freehold,501003.5,427475.0,164
Southwark,2007-08-01,Leasehold,276464.6808510638,244000.0,376
Southwark,2007-09-01,Freehold,500477.688172043,430000.0,93
Southwark,2007-09-01,Leasehold,292383.1220095694,250000.0,418
Southwark,2007-10-01,Freehold,464298.7010309278,420000.0,97
Southwark,2007-10-01,Leasehold,288879.85326086957,250000.0,368
Southwark,2007-11-01,Freehold,513593.4880952381,432000.0,84
Southwark,2007-11-01,Leasehold,319785.1525423729,274975.0,354
Southwark,2007-12-01,Freehold,478207.2950819672,439950.0,61
Southwark,2007-12-01,Leasehold,306000.9077490775,265000.0,271
Southwark,2008-01-01,Freehold,461533.3965517241,446265.0,58
Southwark,2008-01-01,Leasehold,317973.11881188117,250000.0,202
Southwark,2008-02-01,Freehold,475797.6595744681,405000.0,47
Southwark,2008-02-01,Leasehold,272465.5342465753,250000.0,219
Southwark,2008-03-01,Freehold,477228.046875,397500.0,64
Southwark,2008-03-01,Leasehold,282951.3956521739,249950.0,230
Southwark,2008-04-01,Freehold,492198.11320754717,420650.0,53
Southwark,2008-04-01,Leasehold,297027.1546961326,250000.0,181
Southwark,2008-05-01,Freehold,423862.4038461539,388250.0,52
Southwark,2008-05-01,Leasehold,292083.3333333333,250000.0,234
Southwark,2008-06-01,Freehold,466161.875,405000.0,40
Southwark,2008-06-01,Leasehold,306979.16,260000.0,175
Southwark,2008-07-01,Freehold,427422.1836734694,378000.0,49
Southwark,2008-07-01,Leasehold,325118.98170731706,280000.0,164
Southwark,2008-08-01,Freehold,537924.2424242424,480000.0,33
Southwark,2008-08-01,Leasehold,295430.7007874016,250000.0,127
Southwark,2008-09-01,Freehold,420944.7368421053,385000.0,38
Southwark,2008-09-01,Leasehold,307007.2413793103,250000.0,116
Southwark,2008-10-01,Freehold,377881.4411764706,324500.0,34
Southwark,2008-10-01,Leasehold,277329.25384615385,250000.0,130
Southwark,2008-11-01,Freehold,440982.7586206897,380000.0,29
Southwark,2008-11-01,Leasehold,306484.5494505495,287500.0,91
Southwark,2008-12-01,Freehold,351657.1951219512,348000.0,41
Southwark,2008-12-01,Leasehold,264860.12658227846,215000.0,79
Southwark,2009-01-01,Freehold,453503.04347826086,355000.0,23
Southwark,2009-01-01,Leasehold,279333.25757575757,241000.0,66
Southwark,2009-02-01,Freehold,377205.70588235295,336750.0,34
Southwark,2009-02-01,Leasehold,265355.6964285714,214750.0,56
Southwark,2009-03-01,Freehold,377296.4285714286,347500.0,42
Southwark,2009-03-01,Leasehold,251716.15853658537,219250.0,82
Southwark,2009-04-01,Freehold,416286.5,334975.0,40
Southwark,2009-04-01,Leasehold,334814.49275362317,295000.0,69
Southwark,2009-05-01,Freehold,472000.0,378000.0,43
Southwark,2009-05-01,Leasehold,276877.45098039217,240000.0,102
Southwark,2009-06-01,Freehold,374156.4166666667,386000.0,48
Southwark,2009-06-01,Leasehold,288566.9931034483,245000.0,145
Southwark,2009-07-01,Freehold,481339.8780487805,396500.0,82
Southwark,2009-07-01,Leasehold,279816.05263157893,249000.0,171
Southwark,2009-08-01,Freehold,474820.0,415000.0,85
Southwark,2009-08-01,Leasehold,278525.01242236025,245000.0,161
Southwark,2009-09-01,Freehold,523611.47540983604,380000.0,61
Southwark,2009-09-01,Leasehold,288620.6984126984,249000.0,189
Southwark,2009-10-01,Freehold,484014.28571428574,432500.0,84
Southwark,2009-10-01,Leasehold,285173.2272727273,247250.0,220
Southwark,2009-11-01,Freehold,513877.7397260274,425000.0,73
Southwark,2009-11-01,Leasehold,287704.7958115183,250000.0,191
Southwark,2009-12-01,Freehold,495661.17346938775,440000.0,98
Southwark,2009-12-01,Leasehold,280916.93717277487,225000.0,191
Southwark,2010-01-01,Freehold,528559.8709677419,445000.0,62
Southwark,2010-01-01,Leasehold,285839.45454545453,250000.0,154
Southwark,2010-02-01,Freehold,516600.7966101695,449000.0,59
Southwark,2010-02-01,Leasehold,332999.6179775281,250000.0,178
Southwark,2010-03-01,Freehold,608750.0208333334,475000.0,48
Southwark,2010-03-01,Leasehold,296607.0780141844,246000.0,141
Southwark,2010-04-01,Freehold,515282.83544303797,435000.0,79
Southwark,2010-04-01,Leasehold,328593.4117647059,256500.0,170
Southwark,2010-05-01,Freehold,461465.3230769231,415000.0,65
Southwark,2010-05-01,Leasehold,304283.41242937854,258000.0,177
Southwark,2010-06-01,Freehold,506565.84146341466,433000.0,82
Southwark,2010-06-01,Leasehold,325910.7586206897,291500.0,232
Southwark,2010-07-01,Freehold,562260.4862385321,454000.0,109
Southwark,2010-07-01,Leasehold,345771.98,290000.0,250
Southwark,2010-08-01,Freehold,605067.8723404255,442000.0,94
Southwark,2010-08-01,Leasehold,313784.5770750988,290000.0,253
Southwark,2010-09-01,Freehold,498891.5230769231,466000.0,65
Southwark,2010-09-01,Leasehold,339038.871886121,278000.0,281
Southwark,2010-10-01,Freehold,497694.7971014493,425000.0,69
Southwark,2010-10-01,Leasehold,309804.4516129032,249625.0,248
Southwark,2010-11-01,Freehold,494154.6721311475,426500.0,61
Southwark,2010-11-01,Leasehold,320099.77611940296,284000.0,201
Southwark,2010-12-01,Freehold,540187.3636363636,445000.0,77
Southwark,2010-12-01,Leasehold,344944.1666666667,297500.0,180
Southwark,2011-01-01,Freehold,539633.35,378550.0,60
Southwark,2011-01-01,Leasehold,399931.71895424835,285000.0,153
Southwark,2011-02-01,Freehold,587517.6470588235,465000.0,68
Southwark,2011-02-01,Leasehold,358973.80263157893,250000.0,152
Southwark,2011-03-01,Freehold,488362.6417910448,430000.0,67
Southwark,2011-03-01,Leasehold,303635.63905325445,270000.0,169
Southwark,2011-04-01,Freehold,558174.7260273972,475000.0,73
Southwark,2011-04-01,Leasehold,334874.0056179775,274975.0,178
Southwark,2011-05-01,Freehold,460365.8333333333,416750.0,60
Southwark,2011-05-01,Leasehold,343420.6766467066,290000.0,167
Southwark,2011-06-01,Freehold,576844.0158730159,495000.0,63
Southwark,2011-06-01,Leasehold,323177.16535433073,293250.0,254
Southwark,2011-07-01,Freehold,587400.7961165048,499999.0,103
Southwark,2011-07-01,Leasehold,380150.3434343434,278500.0,198
Southwark,2011-08-01,Freehold,622982.7009345795,500000.0,107
Southwark,2011-08-01,Leasehold,351430.1673469388,287000.0,245
Southwark,2011-09-01,Freehold,563979.1573033708,465000.0,89
Southwark,2011-09-01,Leasehold,325645.59545454546,282500.0,220
Southwark,2011-10-01,Freehold,531836.6338028169,460000.0,71
Southwark,2011-10-01,Leasehold,352088.23423423426,250000.0,222
Southwark,2011-11-01,Freehold,476141.59722222225,395500.0,72
Southwark,2011-11-01,Leasehold,320031.47953216376,250000.0,171
Southwark,2011-12-01,Freehold,528590.4393939395,480500.0,66
Southwark,2011-12-01,Leasehold,347164.3817204301,296250.0,186
Southwark,2012-01-01,Freehold,505722.5,452582.5,60
Southwark,2012-01-01,Leasehold,374525.6886792453,316000.0,212
Southwark,2012-02-01,Freehold,552717.9538461538,460000.0,65
Southwark,2012-02-01,Leasehold,322398.32558139536,275000.0,172
Southwark,2012-03-01,Freehold,587528.2763157894,489250.0,76
Southwark,2012-03-01,Leasehold,316947.4937106918,285500.0,318
Southwark,2012-04-01,Freehold,522011.649122807,475000.0,57
Southwark,2012-04-01,Leasehold,371659.746835443,305750.0,158
Southwark,2012-05-01,Freehold,526923.359375,467000.0,64
Southwark,2012-05-01,Leasehold,418020.5756097561,307000.0,205
Southwark,2012-06-01,Freehold,533285.1971830986,490000.0,71
Southwark,2012-06-01,Leasehold,404026.0058479532,300000.0,171
Southwark,2012-07-01,Freehold,572002.9176470588,521000.0,85
Southwark,2012-07-01,Leasehold,388793.96875,305000.0,192
Southwark,2012-08-01,Freehold,567219.1489361703,492500.0,94
Southwark,2012-08-01,Leasehold,344382.9406392694,277000.0,219
Southwark,2012-09-01,Freehold,569764.3191489362,500000.0,94
Southwark,2012-09-01,Leasehold,341611.80733944953,300000.0,218
Southwark,2012-10-01,Freehold,593900.625,505000.0,80
Southwark,2012-10-01,Leasehold,360803.26168224297,290000.0,214
Southwark,2012-11-01,Freehold,641024.6438356164,500000.0,73
Southwark,2012-11-01,Leasehold,328838.05479452055,277000.0,219
Southwark,2012-12-01,Freehold,553193.5064935065,493000.0,77
Southwark,2012-12-01,Leasehold,442711.65573770495,305000.0,183
Southwark,2013-01-01,Freehold,530362.3666666667,494500.0,60
Southwark,2013-01-01,Leasehold,344172.37096774194,267500.0,186
Southwark,2013-02-01,Freehold,564865.0677966102,520000.0,59
Southwark,2013-02-01,Leasehold,329731.1257142857,268000.0,175
Southwark,2013-03-01,Freehold,629304.6610169491,524950.0,59
Southwark,2013-03-01,Leasehold,334667.10101010103,265000.0,198
Southwark,2013-04-01,Freehold,689180.3142857143,610000.0,70
Southwark,2013-04-01,Leasehold,401381.5108225108,310000.0,231
Southwark,2013-05-01,Freehold,734713.7804878049,605250.0,82
Southwark,2013-05-01,Leasehold,373571.4112149533,325000.0,321
Southwark,2013-06-01,Freehold,586595.5921052631,545000.0,76
Southwark,2013-06-01,Leasehold,394081.875,363250.0,328
Southwark,2013-07-01,Freehold,666732.8811881188,621000.0,101
Southwark,2013-07-01,Leasehold,361834.32294617564,300000.0,353
Southwark,2013-08-01,Freehold,670169.125,622500.0,96
Southwark,2013-08-01,Leasehold,371330.4081632653,310125.0,294
Southwark,2013-09-01,Freehold,688371.1538461539,629000.0,78
Southwark,2013-09-01,Leasehold,395150.8459016393,313500.0,305
Southwark,2013-10-01,Freehold,672368.4810126582,581000.0,79
Southwark,2013-10-01,Leasehold,370781.50324675324,313750.0,308
Southwark,2013-11-01,Freehold,698618.3486238532,635000.0,109
Southwark,2013-11-01,Leasehold,353982.9866666667,306000.0,300
Southwark,2013-12-01,Freehold,754422.0194174757,655000.0,103
Southwark,2013-12-01,Leasehold,431892.03472222225,337000.0,288
Southwark,2014-01-01,Freehold,729700.6666666666,649997.5,60
Southwark,2014-01-01,Leasehold,426339.14509803924,350000.0,255
Southwark,2014-02-01,Freehold,691294.2307692308,658500.0,78
Southwark,2014-02-01,Leasehold,381789.36200716847,325000.0,279
Southwark,2014-03-01,Freehold,704124.1666666666,635000.0,54
Southwark,2014-03-01,Leasehold,412554.14015151514,343000.0,264
Southwark,2014-04-01,Freehold,801403.203125,728500.0,64
Southwark,2014-04-01,Leasehold,419297.2826086957,330859.5,230
Southwark,2014-05-01,Freehold,807794.8507462686,725000.0,67
Southwark,2014-05-01,Leasehold,461543.96694214875,385000.0,242
Southwark,2014-06-01,Freehold,926691.1403508772,825000.0,57
Southwark,2014-06-01,Leasehold,436141.09363295883,399950.0,267
Southwark,2014-07-01,Freehold,799880.0645161291,780000.0,93
Southwark,2014-07-01,Leasehold,446221.51666666666,377500.0,240
Southwark,2014-08-01,Freehold,940602.1521739131,775000.0,92
Southwark,2014-08-01,Leasehold,448736.9908536585,390000.0,328
Southwark,2014-09-01,Freehold,907864.4242424242,790000.0,66
Southwark,2014-09-01,Leasehold,484862.3595505618,399950.0,267
Southwark,2014-10-01,Freehold,773946.4814814815,705000.0,81
Southwark,2014-10-01,Leasehold,448516.82648401824,380000.0,219
Southwark,2014-11-01,Freehold,736576.1076923077,695000.0,65
Southwark,2014-11-01,Leasehold,417509.980861244,391000.0,209
Southwark,2014-12-01,Freehold,794391.4142857143,725000.0,70
Southwark,2014-12-01,Leasehold,476250.26406926406,415000.0,231
Southwark,2015-01-01,Freehold,752250.1627906977,740000.0,43
Southwark,2015-01-01,Leasehold,472650.5614973262,400000.0,187
Southwark,2015-02-01,Freehold,771564.7659574468,685000.0,47
Southwark,2015-02-01,Leasehold,488791.5358851675,410000.0,209
Southwark,2015-03-01,Freehold,815905.574074074,770000.0,54
Southwark,2015-03-01,Leasehold,458390.00925925927,381250.0,216
Southwark,2015-04-01,Freehold,755830.655737705,742500.0,61
Southwark,2015-04-01,Leasehold,479982.8743961353,395000.0,207
Southwark,2015-05-01,Freehold,943737.8793103448,807500.0,58
Southwark,2015-05-01,Leasehold,489004.265060241,440000.0,249
Southwark,2015-06-01,Freehold,811684.5857142857,756000.0,70
Southwark,2015-06-01,Leasehold,515487.7123287671,427000.0,292
Southwark,2015-07-01,Freehold,876806.1926605505,750000.0,109
Southwark,2015-07-01,Leasehold,502871.64668769715,425000.0,317
Southwark,2015-08-01,Freehold,924014.4444444445,830000.0,90
Southwark,2015-08-01,Leasehold,496384.3780918728,442500.0,283
Southwark,2015-09-01,Freehold,896482.4025974026,717500.0,77
Southwark,2015-09-01,Leasehold,499597.37412587414,440000.0,286
Southwark,2015-10-01,Freehold,845127.0987654321,760000.0,81
Southwark,2015-10-01,Leasehold,602578.655629139,462500.0,302
Southwark,2015-11-01,Freehold,923224.4,756250.0,80
Southwark,2015-11-01,Leasehold,569879.1987951808,465000.0,332
Southwark,2015-12-01,Freehold,795250.0,709500.0,76
Southwark,2015-12-01,Leasehold,508700.2874617737,420000.0,327
Southwark,2016-01-01,Freehold,782514.6896551724,685000.0,58
Southwark,2016-01-01,Leasehold,547009.5769230769,445000.0,208
Southwark,2016-02-01,Freehold,852282.5294117647,775000.0,51
Southwark,2016-02-01,Leasehold,612902.6875,447250.0,240
Southwark,2016-03-01,Freehold,933852.3571428572,830000.0,126
Southwark,2016-03-01,Leasehold,587071.7742616034,459500.0,474
Southwark,2016-04-01,Freehold,844395.2380952381,794750.0,42
Southwark,2016-04-01,Leasehold,665648.075,475000.0,120
Southwark,2016-05-01,Freehold,882365.8536585366,800000.0,41
Southwark,2016-05-01,Leasehold,549544.4444444445,435000.0,180
Southwark,2016-06-01,Freehold,849247.5348837209,835000.0,43
Southwark,2016-06-01,Leasehold,602012.1,492625.0,230
Southwark,2016-07-01,Freehold,966354.7903225806,785000.0,62
Southwark,2016-07-01,Leasehold,517184.8262108262,468000.0,351
Southwark,2016-08-01,Freehold,913777.1818181818,800000.0,55
Southwark,2016-08-01,Leasehold,498628.9204152249,457000.0,289
Southwark,2016-09-01,Freehold,971445.283018868,790000.0,53
Southwark,2016-09-01,Leasehold,569660.2842639594,470000.0,197
Southwark,2016-10-01,Freehold,930978.2954545454,822250.0,44
Southwark,2016-10-01,Leasehold,666946.48,485000.0,225
Southwark,2016-11-01,Freehold,876854.1666666666,757500.0,48
Southwark,2016-11-01,Leasehold,662803.9751243781,485000.0,201
Southwark,2016-12-01,Freehold,945462.4833333333,897500.0,60
Southwark,2016-12-01,Leasehold,599370.573275862,500000.0,232
Southwark,2017-01-01,Freehold,838861.4339622641,775000.0,53
Southwark,2017-01-01,Leasehold,593111.2437810946,475000.0,201
Southwark,2017-02-01,Freehold,867642.0454545454,845000.0,44
Southwark,2017-02-01,Leasehold,626399.7386363636,464250.0,176
Southwark,2017-03-01,Freehold,1008255.8695652174,837500.0,46
Southwark,2017-03-01,Leasehold,640650.2612612613,488500.0,222
Southwark,2017-04-01,Freehold,812390.3571428572,800000.0,42
Southwark,2017-04-01,Leasehold,709960.8495145631,537500.0,206
Southwark,2017-05-01,Freehold,1004742.0454545454,835000.0,44
Southwark,2017-05-01,Leasehold,658380.5214285714,517000.0,280
Southwark,2017-06-01,Freehold,926599.1764705882,780000.0,51
Southwark,2017-06-01,Leasehold,614075.1144781145,525000.0,297
Southwark,2017-07-01,Freehold,970869.794520548,880000.0,73
Southwark,2017-07-01,Leasehold,536683.2852459017,475300.0,305
Southwark,2017-08-01,Freehold,941282.1285714286,819750.0,70
Southwark,2017-08-01,Leasehold,528042.0962343096,465500.0,239
Southwark,2017-09-01,Freehold,989899.0465116279,900000.0,43
Southwark,2017-09-01,Leasehold,525328.9047619047,480750.0,294
Southwark,2017-10-01,Freehold,892739.9166666666,857500.0,48
Southwark,2017-10-01,Leasehold,550709.1322957198,490000.0,257
Southwark,2017-11-01,Freehold,934486.3414634146,795000.0,41
Southwark,2017-11-01,Leasehold,479036.55555555556,441250.0,198
Southwark,2017-12-01,Freehold,871121.0,770122.5,60
Southwark,2017-12-01,Leasehold,548115.4205607476,494750.0,214
Southwark,2018-01-01,Freehold,951703.075,867500.0,40
Southwark,2018-01-01,Leasehold,644557.0264550265,517500.0,189
Southwark,2018-02-01,Freehold,929149.02,780000.0,50
Southwark,2018-02-01,Leasehold,619221.4674556213,482000.0,169
Southwark,2018-03-01,Freehold,998796.3636363636,821250.0,44
Southwark,2018-03-01,Leasehold,505418.635,456000.0,200
Southwark,2018-04-01,Freehold,1060571.3265306123,825000.0,49
Southwark,2018-04-01,Leasehold,550171.4,482090.0,170
Southwark,2018-05-01,Freehold,931130.02,872500.0,50
Southwark,2018-05-01,Leasehold,576169.2681992337,490000.0,261
Southwark,2018-06-01,Freehold,900147.7884615385,842500.0,52
Southwark,2018-06-01,Leasehold,619202.9316939891,599950.0,366
Southwark,2018-07-01,Freehold,1057930.7746478873,950000.0,71
Southwark,2018-07-01,Leasehold,550335.58,515000.0,250
Southwark,2018-08-01,Freehold,1016015.8625,818500.0,80
Southwark,2018-08-01,Leasehold,597592.4962962962,515000.0,270
Southwark,2018-09-01,Freehold,951979.0697674418,850000.0,43
Southwark,2018-09-01,Leasehold,652536.5734265734,500675.0,286
Southwark,2018-10-01,Freehold,847654.947368421,775000.0,57
Southwark,2018-10-01,Leasehold,825856.9215686275,526810.0,255
Southwark,2018-11-01,Freehold,999423.2372881356,850000.0,59
Southwark,2018-11-01,Leasehold,693770.3818897638,520000.0,254
Southwark,2018-12-01,Freehold,909938.775510204,815000.0,49
Southwark,2018-12-01,Leasehold,666416.8403755869,533000.0,213
Southwark,2019-01-01,Freehold,861079.268292683,730000.0,41
Southwark,2019-01-01,Leasehold,848993.4624277457,495000.0,173
Southwark,2019-02-01,Freehold,829886.2631578947,808750.0,38
Southwark,2019-02-01,Leasehold,931410.9214285715,511000.0,140
Southwark,2019-03-01,Freehold,852662.4545454546,760000.0,55
Southwark,2019-03-01,Leasehold,841287.1457286432,500000.0,199
Southwark,2019-04-01,Freehold,908791.8032786886,845000.0,61
Southwark,2019-04-01,Leasehold,536133.3664122138,450000.0,131
Southwark,2019-05-01,Freehold,988588.8305084746,840000.0,59
Southwark,2019-05-01,Leasehold,569880.2742616034,520000.0,237
Southwark,2019-06-01,Freehold,1006284.3333333334,885177.0,54
Southwark,2019-06-01,Leasehold,560292.67,500000.0,200
Southwark,2019-07-01,Freehold,974752.6,871500.0,75
Southwark,2019-07-01,Leasehold,519792.1978609626,455000.0,187
Southwark,2019-08-01,Freehold,1073582.3855421687,905000.0,83
Southwark,2019-08-01,Leasehold,529208.196347032,460000.0,219
Southwark,2019-09-01,Freehold,924008.4905660377,850000.0,53
Southwark,2019-09-01,Leasehold,605043.6524822694,555060.0,282
Southwark,2019-10-01,Freehold,998238.0810810811,878000.0,74
Southwark,2019-10-01,Leasehold,532118.3833992095,484030.0,253
Southwark,2019-11-01,Freehold,908512.7272727273,775000.0,55
Southwark,2019-11-01,Leasehold,491274.0737327189,462500.0,217
Southwark,2019-12-01,Freehold,887302.359375,762500.0,64
Southwark,2019-12-01,Leasehold,486915.92233009706,419604.0,206
Southwark,2020-01-01,Freehold,969874.8913043478,850000.0,46
Southwark,2020-01-01,Leasehold,555369.8540145985,470000.0,137
Southwark,2020-02-01,Freehold,974122.5,877500.0,40
Southwark,2020-02-01,Leasehold,498315.3741007194,425000.0,139
Southwark,2020-03-01,Freehold,1028788.5416666666,853500.0,48
Southwark,2020-03-01,Leasehold,583277.90625,451437.5,160
Southwark,2020-04-01,Freehold,1029357.2916666666,959162.5,24
Southwark,2020-04-01,Leasehold,532996.4675324676,485000.0,77
Southwark,2020-05-01,Freehold,728406.7142857143,617194.0,28
Southwark,2020-05-01,Leasehold,577117.1797752809,500000.0,89
Southwark,2020-06-01,Freehold,930110.1081081082,872534.0,37
Southwark,2020-06-01,Leasehold,552358.3916666667,462500.0,120
Southwark,2020-07-01,Freehold,1119715.652173913,995000.0,46
Southwark,2020-07-01,Leasehold,549381.157480315,436000.0,127
Southwark,2020-08-01,Freehold,967574.2307692308,845000.0,65
Southwark,2020-08-01,Leasehold,515808.49019607843,485000.0,153
Southwark,2020-09-01,Freehold,1024826.5753424658,900000.0,73
Southwark,2020-09-01,Leasehold,549988.6751592357,450000.0,157
Southwark,2020-10-01,Freehold,1057131.9277108433,915000.0,83
Southwark,2020-10-01,Leasehold,512268.2732240437,440000.0,183
Southwark,2020-11-01,Freehold,1071581.8536585367,935000.0,82
Southwark,2020-11-01,Leasehold,545790.5325443787,485600.0,169
Southwark,2020-12-01,Freehold,1037589.3258426966,942000.0,89
Southwark,2020-12-01,Leasehold,533951.0301507538,483000.0,199
Southwark,2021-01-01,Freehold,1107272.8243243243,955000.0,74
Southwark,2021-01-01,Leasehold,551923.4791666666,456000.0,144
Southwark,2021-02-01,Freehold,1022127.3,872800.5,70
Southwark,2021-02-01,Leasehold,479739.35,445500.0,180
Southwark,2021-03-01,Freehold,1057255.6102941176,885000.0,136
Southwark,2021-03-01,Leasehold,566184.4732394366,518300.0,355
Southwark,2021-04-01,Freehold,876993.1034482758,828750.0,58
Southwark,2021-04-01,Leasehold,509579.83510638296,455250.0,188
Southwark,2021-05-01,Freehold,983552.0408163265,888000.0,49
Southwark,2021-05-01,Leasehold,507983.3953488372,443000.0,172
Southwark,2021-06-01,Freehold,992037.1377777777,880000.0,225
Southwark,2021-06-01,Leasehold,534540.7503974562,495000.0,629
Southwark,2021-07-01,Freehold,1300792.7857142857,1155750.0,14
Southwark,2021-07-01,Leasehold,586698.5294117647,380000.0,68
Southwark,2021-08-01,Freehold,1259684.435483871,1037500.0,62
Southwark,2021-08-01,Leasehold,463981.80147058825,432500.0,136
Southwark,2021-09-01,Freehold,1063707.385321101,928000.0,109
Southwark,2021-09-01,Leasehold,526881.4857142858,470000.0,280
Southwark,2021-10-01,Freehold,1037262.8076923077,1053750.0,26
Southwark,2021-10-01,Leasehold,513921.8449612403,450000.0,129
Southwark,2021-11-01,Freehold,1213584.152173913,1011000.0,46
Southwark,2021-11-01,Leasehold,613799.0287769784,515000.0,139
Southwark,2021-12-01,Freehold,1074147.8815789474,960000.0,76
Southwark,2021-12-01,Leasehold,603472.3969072165,464250.0,194
Southwark,2022-01-01,Freehold,997071.6181818182,907500.0,55
Southwark,2022-01-01,Leasehold,534796.0204081633,457000.0,147
Southwark,2022-02-01,Freehold,1080091.3934426229,919200.0,61
Southwark,2022-02-01,Leasehold,514466.5731707317,472500.0,164
Southwark,2022-03-01,Freehold,1103295.142857143,1007500.0,70
Southwark,2022-03-01,Leasehold,519367.3796992481,500000.0,266
Southwark,2022-04-01,Freehold,975142.746031746,855000.0,63
Southwark,2022-04-01,Leasehold,536881.9595375722,450000.0,173
Southwark,2022-05-01,Freehold,1157864.0625,897500.0,64
Southwark,2022-05-01,Leasehold,541023.3181818182,471250.0,198
Southwark,2022-06-01,Freehold,1095167.8596491227,1000000.0,57
Southwark,2022-06-01,Leasehold,542091.3173076923,485000.0,208
Southwark,2022-07-01,Freehold,1123758.2352941176,960000.0,85
Southwark,2022-07-01,Leasehold,548790.0543933054,463000.0,239
Southwark,2022-08-01,Freehold,1129469.180851064,975779.0,94
Southwark,2022-08-01,Leasehold,561330.2362869198,500000.0,237
Southwark,2022-09-01,Freehold,1164734.1084337349,965000.0,83
Southwark,2022-09-01,Leasehold,531119.6201550388,480000.0,258
Southwark,2022-10-01,Freehold,1101569.7027027027,1018750.0,74
Southwark,2022-10-01,Leasehold,530211.3632478632,480000.0,234
Southwark,2022-11-01,Freehold,1122492.9615384615,955044.5,78
Southwark,2022-11-01,Leasehold,529168.1935483871,485000.0,217
Southwark,2022-12-01,Freehold,1130980.7714285713,932500.0,70
Southwark,2022-12-01,Leasehold,523925.0890052356,500000.0,191
Southwark,2023-01-01,Freehold,1083662.5,865250.0,40
Southwark,2023-01-01,Leasehold,573349.406779661,512800.0,177
Southwark,2023-02-01,Freehold,1112918.1290322582,900000.0,31
Southwark,2023-02-01,Leasehold,557280.4223602484,457500.0,161
Southwark,2023-03-01,Freehold,1022971.6904761905,900000.0,42
Southwark,2023-03-01,Leasehold,537041.3815789474,450000.0,152
Southwark,2023-04-01,Freehold,1177267.857142857,975000.0,35
Southwark,2023-04-01,Leasehold,512281.9396551724,482500.0,116
Southwark,2023-05-01,Freehold,1074970.9302325582,930000.0,43
Southwark,2023-05-01,Leasehold,590318.8835616439,490000.0,146
Southwark,2023-06-01,Freehold,1210272.0555555555,1012000.0,54
Southwark,2023-06-01,Leasehold,648881.578313253,479450.0,166
Southwark,2023-07-01,Freehold,1242483.25,952500.0,52
Southwark,2023-07-01,Leasehold,565695.3802083334,495750.0,192
Southwark,2023-08-01,Freehold,1247883.3666666667,1100000.0,60
Southwark,2023-08-01,Leasehold,622241.3645320197,510000.0,203
Southwark,2023-09-01,Freehold,1145466.25,1055000.0,56
Southwark,2023-09-01,Leasehold,696099.1085271317,520000.0,258
Southwark,2023-10-01,Freehold,1197996.6346153845,967500.0,52
Southwark,2023-10-01,Leasehold,588618.0495049505,473750.0,202
Southwark,2023-11-01,Freehold,996880.3921568628,855000.0,51
Southwark,2023-11-01,Leasehold,547072.6497461929,480000.0,197
Southwark,2023-12-01,Freehold,1042201.081632653,880000.0,49
Southwark,2023-12-01,Leasehold,533731.2576687117,460000.0,163
Southwark,2024-01-01,Freehold,1082351.12,966750.0,50
Southwark,2024-01-01,Leasehold,547448.7692307692,475000.0,130
Southwark,2024-02-01,Freehold,956399.0217391305,857500.0,46
Southwark,2024-02-01,Leasehold,583459.8169014085,500000.0,142
Southwark,2024-03-01,Freehold,1120535.6923076923,980000.0,65
Southwark,2024-03-01,Leasehold,501702.7986111111,435000.0,144
Southwark,2024-04-01,Freehold,1005831.4186046511,943000.0,43
Southwark,2024-04-01,Leasehold,532231.925925926,478000.0,162
Southwark,2024-05-01,Freehold,1020712.2692307692,930000.0,52
Southwark,2024-05-01,Leasehold,579953.5630630631,548500.0,222
Southwark,2024-06-01,Freehold,1101970.891304348,957500.0,46
Southwark,2024-06-01,Leasehold,579112.9865470852,515000.0,223
Southwark,2024-07-01,Freehold,1207939.1868131869,1075000.0,91
Southwark,2024-07-01,Leasehold,530626.7142857143,475000.0,231
Southwark,2024-08-01,Freehold,1358701.9186046512,1203500.0,86
Southwark,2024-08-01,Leasehold,534805.1591836734,470000.0,245
Southwark,2024-09-01,Freehold,1243787.8205128205,1064000.0,78
Southwark,2024-09-01,Leasehold,526075.9946524064,480000.0,187
Southwark,2024-10-01,Freehold,1184726.3424657534,1000000.0,73
Southwark,2024-10-01,Leasehold,544707.4752066116,480000.0,242
Southwark,2024-11-01,Freehold,949786.0,862500.0,65
Southwark,2024-11-01,Leasehold,548772.9447236181,468000.0,199
Southwark,2024-12-01,Freehold,1107156.35,847500.0,60
Southwark,2024-12-01,Leasehold,556310.6414141414,490000.0,198
Southwark,2025-01-01,Freehold,1069822.4423076923,943250.0,52
Southwark,2025-01-01,Leasehold,557775.2185430464,500000.0,151
Southwark,2025-02-01,Freehold,1170661.476923077,1010000.0,65
Southwark,2025-02-01,Leasehold,505110.40983606555,462000.0,183
Southwark,2025-03-01,Freehold,989761.1083333333,853750.0,120
Southwark,2025-03-01,Leasehold,507992.9481327801,469000.0,482
Southwark,2025-04-01,Freehold,1028898.3333333334,913750.0,24
Southwark,2025-04-01,Leasehold,551025.0,427500.0,49
Southwark,2025-05-01,Freehold,1055816.6666666667,970000.0,45
Southwark,2025-05-01,Leasehold,552004.7438016529,450000.0,121
Southwark,2025-06-01,Freehold,1155618.28125,1015000.0,64
Southwark,2025-06-01,Leasehold,467369.55230125523,440000.0,239
Southwark,2025-07-01,Freehold,1052121.719512195,949000.0,82
Southwark,2025-07-01,Leasehold,522048.10215053766,474000.0,186
Southwark,2025-08-01,Freehold,1212037.0256410257,1015007.5,78
Southwark,2025-08-01,Leasehold,517715.9602272727,475000.0,176
Southwark,2025-09-01,Freehold,1243323.9583333333,1067500.0,72
Southwark,2025-09-01,Leasehold,551265.6603773584,470000.0,159
Southwark,2025-10-01,Freehold,1178567.5409836066,963000.0,61
Southwark,2025-10-01,Leasehold,493876.55023923446,450000.0,209
Southwark,2025-11-01,Freehold,1109519.0882352942,905000.0,68
Southwark,2025-11-01,Leasehold,521312.0610687023,469300.0,131
Southwark,2025-12-01,Freehold,1095852.1063829786,935000.0,47
Southwark,2025-12-01,Leasehold,467394.80165289255,431000.0,121
Southwark,2026-01-01,Freehold,1071641.7368421052,907500.0,38
Southwark,2026-01-01,Leasehold,625244.3070175438,450000.0,114
Southwark,2026-02-01,Freehold,888285.7142857143,905000.0,21
Southwark,2026-02-01,Leasehold,494317.7083333333,425000.0,96
Southwark,2026-03-01,Freehold,888877.7777777778,870000.0,27
Southwark,2026-03-01,Leasehold,485394.4945054945,450000.0,91
Southwark,2026-04-01,Freehold,999627.04,800000.0,25
Southwark,2026-04-01,Leasehold,462652.0140845071,450000.0,71
Southwark,2026-05-01,Freehold,636857.1428571428,645000.0,7
Southwark,2026-05-01,Leasehold,525826.0869565217,475000.0,46
Sutton,2006-01-01,Freehold,285689.6612021858,240000.0,183
Sutton,2006-01-01,Leasehold,164985.65934065933,154950.0,91
Sutton,2006-02-01,Freehold,285237.61881188117,244000.0,202
Sutton,2006-02-01,Leasehold,152491.38095238095,150000.0,105
Sutton,2006-03-01,Freehold,274690.3175965665,243000.0,233
Sutton,2006-03-01,Leasehold,156772.68047337278,155000.0,169
Sutton,2006-04-01,Freehold,254417.2842639594,234950.0,197
Sutton,2006-04-01,Leasehold,160287.56756756757,155000.0,111
Sutton,2006-05-01,Freehold,284044.04824561405,249475.0,228
Sutton,2006-05-01,Leasehold,162946.40287769784,157500.0,139
Sutton,2006-06-01,Freehold,291764.90845070424,249950.0,284
Sutton,2006-06-01,Leasehold,176409.32589285713,166500.0,224
Sutton,2006-07-01,Freehold,290805.8847457627,250000.0,295
Sutton,2006-07-01,Leasehold,158402.91387559808,155000.0,209
Sutton,2006-08-01,Freehold,285471.8174273859,250000.0,241
Sutton,2006-08-01,Leasehold,171859.38547486035,167500.0,179
Sutton,2006-09-01,Freehold,291993.8366533865,249950.0,251
Sutton,2006-09-01,Leasehold,167692.21875,163750.0,160
Sutton,2006-10-01,Freehold,284916.2947761194,250000.0,268
Sutton,2006-10-01,Leasehold,172403.48214285713,163000.0,168
Sutton,2006-11-01,Freehold,303359.1019607843,250000.0,255
Sutton,2006-11-01,Leasehold,175784.83950617284,169975.0,162
Sutton,2006-12-01,Freehold,304905.87452471483,263000.0,263
Sutton,2006-12-01,Leasehold,173247.62311557788,167000.0,199
Sutton,2007-01-01,Freehold,316249.8493150685,259950.0,219
Sutton,2007-01-01,Leasehold,168908.39333333334,166750.0,150
Sutton,2007-02-01,Freehold,292359.40196078434,250000.0,204
Sutton,2007-02-01,Leasehold,178409.89583333334,172000.0,144
Sutton,2007-03-01,Freehold,295526.4460784314,250000.0,204
Sutton,2007-03-01,Leasehold,179447.41621621622,175000.0,185
Sutton,2007-04-01,Freehold,280957.0105820106,250000.0,189
Sutton,2007-04-01,Leasehold,168997.66917293234,168000.0,133
Sutton,2007-05-01,Freehold,311773.02371541504,276000.0,253
Sutton,2007-05-01,Leasehold,191006.36529680365,175000.0,219
Sutton,2007-06-01,Freehold,318321.2807017544,278725.0,228
Sutton,2007-06-01,Leasehold,183807.8552631579,177250.0,152
Sutton,2007-07-01,Freehold,323440.5874125874,282000.0,286
Sutton,2007-07-01,Leasehold,195330.63725490196,184975.0,204
Sutton,2007-08-01,Freehold,334410.4166666667,297000.0,288
Sutton,2007-08-01,Leasehold,185702.93264248705,179950.0,193
Sutton,2007-09-01,Freehold,324749.54298642534,289500.0,221
Sutton,2007-09-01,Leasehold,184168.6010638298,180000.0,188
Sutton,2007-10-01,Freehold,340230.4322033898,299950.0,236
Sutton,2007-10-01,Leasehold,185264.63473053894,179950.0,167
Sutton,2007-11-01,Freehold,334499.49541284406,300000.0,218
Sutton,2007-11-01,Leasehold,186847.7743902439,182500.0,164
Sutton,2007-12-01,Freehold,344861.77777777775,292000.0,162
Sutton,2007-12-01,Leasehold,205495.25,192250.0,136
Sutton,2008-01-01,Freehold,323421.40458015265,279950.0,131
Sutton,2008-01-01,Leasehold,192643.0673076923,189950.0,104
Sutton,2008-02-01,Freehold,310035.15277777775,273750.0,144
Sutton,2008-02-01,Leasehold,201413.6393442623,189225.0,122
Sutton,2008-03-01,Freehold,342075.6140350877,287500.0,114
Sutton,2008-03-01,Leasehold,195814.2380952381,185000.0,105
Sutton,2008-04-01,Freehold,334532.14960629924,283000.0,127
Sutton,2008-04-01,Leasehold,189566.7,182750.0,90
Sutton,2008-05-01,Freehold,340622.2074074074,299000.0,135
Sutton,2008-05-01,Leasehold,193887.28181818183,185000.0,110
Sutton,2008-06-01,Freehold,339970.45070422534,285500.0,142
Sutton,2008-06-01,Leasehold,181398.6559139785,177500.0,93
Sutton,2008-07-01,Freehold,300831.2755905512,263500.0,127
Sutton,2008-07-01,Leasehold,179775.16483516485,172000.0,91
Sutton,2008-08-01,Freehold,283243.3333333333,251000.0,90
Sutton,2008-08-01,Leasehold,168732.01492537314,165000.0,67
Sutton,2008-09-01,Freehold,296448.3176470588,249950.0,85
Sutton,2008-09-01,Leasehold,178569.92307692306,169995.0,65
Sutton,2008-10-01,Freehold,299938.5376344086,250000.0,93
Sutton,2008-10-01,Leasehold,181042.56944444444,176000.0,72
Sutton,2008-11-01,Freehold,279779.94623655913,245000.0,93
Sutton,2008-11-01,Leasehold,175238.07142857142,171750.0,56
Sutton,2008-12-01,Freehold,280380.4301075269,230000.0,93
Sutton,2008-12-01,Leasehold,155608.95833333334,160000.0,48
Sutton,2009-01-01,Freehold,252367.60273972602,244995.0,73
Sutton,2009-01-01,Leasehold,154825.55813953487,157000.0,43
Sutton,2009-02-01,Freehold,266707.9342105263,239500.0,76
Sutton,2009-02-01,Leasehold,155893.65789473685,151530.0,38
Sutton,2009-03-01,Freehold,242331.44,220000.0,100
Sutton,2009-03-01,Leasehold,152718.6274509804,152000.0,51
Sutton,2009-04-01,Freehold,284899.9793814433,240000.0,97
Sutton,2009-04-01,Leasehold,160567.2972972973,160000.0,37
Sutton,2009-05-01,Freehold,266395.8823529412,228000.0,119
Sutton,2009-05-01,Leasehold,160243.63636363635,155000.0,55
Sutton,2009-06-01,Freehold,280733.46153846156,247750.0,130
Sutton,2009-06-01,Leasehold,153855.69090909092,150000.0,55
Sutton,2009-07-01,Freehold,298389.84971098264,244000.0,173
Sutton,2009-07-01,Leasehold,149589.47368421053,151975.0,76
Sutton,2009-08-01,Freehold,287811.07843137253,250000.0,153
Sutton,2009-08-01,Leasehold,153054.46666666667,156500.0,75
Sutton,2009-09-01,Freehold,305229.34027777775,250000.0,144
Sutton,2009-09-01,Leasehold,157648.82558139536,155000.0,86
Sutton,2009-10-01,Freehold,295521.502994012,269950.0,167
Sutton,2009-10-01,Leasehold,163513.66981132075,164125.0,106
Sutton,2009-11-01,Freehold,301347.43055555556,250000.0,144
Sutton,2009-11-01,Leasehold,161611.44859813084,165000.0,107
Sutton,2009-12-01,Freehold,307511.5625,270975.0,160
Sutton,2009-12-01,Leasehold,165084.80891719746,163000.0,157
Sutton,2010-01-01,Freehold,298736.36363636365,262000.0,99
Sutton,2010-01-01,Leasehold,170067.34782608695,171000.0,46
Sutton,2010-02-01,Freehold,333957.56862745096,286000.0,102
Sutton,2010-02-01,Leasehold,164585.1896551724,161000.0,58
Sutton,2010-03-01,Freehold,285891.1339285714,250000.0,112
Sutton,2010-03-01,Leasehold,169437.5806451613,168747.5,62
Sutton,2010-04-01,Freehold,317648.58156028367,295000.0,141
Sutton,2010-04-01,Leasehold,165621.5375,165750.0,80
Sutton,2010-05-01,Freehold,315669.4736842105,275000.0,95
Sutton,2010-05-01,Leasehold,169131.74603174604,162500.0,63
Sutton,2010-06-01,Freehold,324635.15748031496,273000.0,127
Sutton,2010-06-01,Leasehold,171365.45070422534,169950.0,71
Sutton,2010-07-01,Freehold,311400.16891891893,265000.0,148
Sutton,2010-07-01,Leasehold,175593.40860215054,170000.0,93
Sutton,2010-08-01,Freehold,323984.22,285000.0,150
Sutton,2010-08-01,Leasehold,182244.15584415584,170000.0,77
Sutton,2010-09-01,Freehold,320190.21014492755,280000.0,138
Sutton,2010-09-01,Leasehold,173143.23188405798,167000.0,69
Sutton,2010-10-01,Freehold,320148.0984848485,266000.0,132
Sutton,2010-10-01,Leasehold,168933.96226415093,158000.0,53
Sutton,2010-11-01,Freehold,306073.01829268294,269975.0,164
Sutton,2010-11-01,Leasehold,169874.6338028169,165000.0,71
Sutton,2010-12-01,Freehold,313300.3040540541,267250.0,148
Sutton,2010-12-01,Leasehold,172484.4025974026,158000.0,77
Sutton,2011-01-01,Freehold,291429.23076923075,250000.0,65
Sutton,2011-01-01,Leasehold,173415.11111111112,169975.0,36
Sutton,2011-02-01,Freehold,283863.2183908046,250000.0,87
Sutton,2011-02-01,Leasehold,175311.76470588235,165000.0,51
Sutton,2011-03-01,Freehold,316009.35643564357,265000.0,101
Sutton,2011-03-01,Leasehold,164106.89655172414,160500.0,58
Sutton,2011-04-01,Freehold,355085.47008547006,275000.0,117
Sutton,2011-04-01,Leasehold,173075.40983606558,175000.0,61
Sutton,2011-05-01,Freehold,317047.007518797,262500.0,133
Sutton,2011-05-01,Leasehold,179125.484375,172500.0,64
Sutton,2011-06-01,Freehold,332105.2543859649,280000.0,114
Sutton,2011-06-01,Leasehold,173473.00952380954,165000.0,105
Sutton,2011-07-01,Freehold,330338.8827160494,269975.0,162
Sutton,2011-07-01,Leasehold,174301.47959183675,166500.0,98
Sutton,2011-08-01,Freehold,313465.85635359114,285000.0,181
Sutton,2011-08-01,Leasehold,175813.80208333334,169000.0,96
Sutton,2011-09-01,Freehold,325298.102189781,280000.0,137
Sutton,2011-09-01,Leasehold,166707.625,163250.0,80
Sutton,2011-10-01,Freehold,327962.0432098765,277225.0,162
Sutton,2011-10-01,Leasehold,173628.82716049382,172500.0,81
Sutton,2011-11-01,Freehold,306761.4210526316,265000.0,133
Sutton,2011-11-01,Leasehold,173547.22988505746,170000.0,87
Sutton,2011-12-01,Freehold,354408.1560283688,295000.0,141
Sutton,2011-12-01,Leasehold,178324.2857142857,170000.0,98
Sutton,2012-01-01,Freehold,334367.1296296296,290000.0,108
Sutton,2012-01-01,Leasehold,171596.31578947368,167000.0,57
Sutton,2012-02-01,Freehold,341937.96,290000.0,125
Sutton,2012-02-01,Leasehold,169841.20588235295,166500.0,68
Sutton,2012-03-01,Freehold,296905.6111111111,250000.0,144
Sutton,2012-03-01,Leasehold,181716.53225806452,176000.0,124
Sutton,2012-04-01,Freehold,343076.76136363635,281000.0,88
Sutton,2012-04-01,Leasehold,178047.08955223882,170000.0,67
Sutton,2012-05-01,Freehold,342095.3804347826,295000.0,92
Sutton,2012-05-01,Leasehold,172612.57352941178,162750.0,68
Sutton,2012-06-01,Freehold,328956.3758865248,300000.0,141
Sutton,2012-06-01,Leasehold,180688.66666666666,174950.0,75
Sutton,2012-07-01,Freehold,325480.4482758621,295000.0,145
Sutton,2012-07-01,Leasehold,177039.6103896104,172000.0,77
Sutton,2012-08-01,Freehold,344092.7657142857,295000.0,175
Sutton,2012-08-01,Leasehold,178603.51764705882,176000.0,85
Sutton,2012-09-01,Freehold,318199.5652173913,271000.0,115
Sutton,2012-09-01,Leasehold,169294.10714285713,169975.0,84
Sutton,2012-10-01,Freehold,348511.25,290000.0,160
Sutton,2012-10-01,Leasehold,176147.24770642203,175000.0,109
Sutton,2012-11-01,Freehold,308548.51630434784,271500.0,184
Sutton,2012-11-01,Leasehold,178528.83157894737,174000.0,95
Sutton,2012-12-01,Freehold,348646.53846153844,300000.0,117
Sutton,2012-12-01,Leasehold,179153.53846153847,175000.0,65
Sutton,2013-01-01,Freehold,329886.79439252336,297500.0,107
Sutton,2013-01-01,Leasehold,181390.9649122807,174950.0,57
Sutton,2013-02-01,Freehold,338497.875,290250.0,120
Sutton,2013-02-01,Leasehold,175804.91549295775,174950.0,71
Sutton,2013-03-01,Freehold,335823.6460176991,285000.0,113
Sutton,2013-03-01,Leasehold,190033.33333333334,182000.0,81
Sutton,2013-04-01,Freehold,328643.3333333333,293250.0,120
Sutton,2013-04-01,Leasehold,178366.40625,171250.0,64
Sutton,2013-05-01,Freehold,323217.7105263158,294500.0,152
Sutton,2013-05-01,Leasehold,185255.31914893616,182725.0,94
Sutton,2013-06-01,Freehold,397320.1712328767,315000.0,146
Sutton,2013-06-01,Leasehold,189631.33333333334,192000.0,75
Sutton,2013-07-01,Freehold,336534.6666666667,300000.0,180
Sutton,2013-07-01,Leasehold,192973.85593220338,189997.5,118
Sutton,2013-08-01,Freehold,349378.4010152284,317500.0,197
Sutton,2013-08-01,Leasehold,190292.14285714287,180000.0,105
Sutton,2013-09-01,Freehold,369483.35294117645,320750.0,170
Sutton,2013-09-01,Leasehold,188714.85585585586,182000.0,111
Sutton,2013-10-01,Freehold,366495.4635416667,325000.0,192
Sutton,2013-10-01,Leasehold,186768.96946564884,182500.0,131
Sutton,2013-11-01,Freehold,363368.6477272727,321000.0,176
Sutton,2013-11-01,Leasehold,196351.375,190000.0,160
Sutton,2013-12-01,Freehold,360514.34210526315,317500.0,152
Sutton,2013-12-01,Leasehold,182489.5,183975.0,110
Sutton,2014-01-01,Freehold,356088.5590062112,325000.0,161
Sutton,2014-01-01,Leasehold,199375.54545454544,194000.0,110
Sutton,2014-02-01,Freehold,367784.03921568627,335000.0,153
Sutton,2014-02-01,Leasehold,196051.8018018018,193000.0,111
Sutton,2014-03-01,Freehold,394691.3458646617,343000.0,133
Sutton,2014-03-01,Leasehold,193308.67289719626,190000.0,107
Sutton,2014-04-01,Freehold,404502.1623931624,350709.0,117
Sutton,2014-04-01,Leasehold,204712.8173076923,190000.0,104
Sutton,2014-05-01,Freehold,406126.02127659577,369995.0,141
Sutton,2014-05-01,Leasehold,214239.4814814815,210000.0,108
Sutton,2014-06-01,Freehold,408650.71428571426,366001.0,133
Sutton,2014-06-01,Leasehold,211733.01886792452,210500.0,106
Sutton,2014-07-01,Freehold,396911.54193548387,345000.0,155
Sutton,2014-07-01,Leasehold,216904.5,225000.0,100
Sutton,2014-08-01,Freehold,428382.7803738318,380000.0,214
Sutton,2014-08-01,Leasehold,232110.63218390805,230000.0,174
Sutton,2014-09-01,Freehold,422153.708994709,385000.0,189
Sutton,2014-09-01,Leasehold,224528.1366906475,225000.0,139
Sutton,2014-10-01,Freehold,412908.01470588235,380000.0,204
Sutton,2014-10-01,Leasehold,236124.68208092486,237500.0,173
Sutton,2014-11-01,Freehold,411050.6407185629,369000.0,167
Sutton,2014-11-01,Leasehold,218493.85849056602,222749.5,106
Sutton,2014-12-01,Freehold,404541.4233128834,380000.0,163
Sutton,2014-12-01,Leasehold,221813.1496062992,220000.0,127
Sutton,2015-01-01,Freehold,423983.3455882353,375000.0,136
Sutton,2015-01-01,Leasehold,220104.02409638555,225000.0,83
Sutton,2015-02-01,Freehold,390759.92063492065,358500.0,126
Sutton,2015-02-01,Leasehold,234858.68932038834,235000.0,103
Sutton,2015-03-01,Freehold,409675.7388059702,357000.0,134
Sutton,2015-03-01,Leasehold,228796.63551401868,225000.0,107
Sutton,2015-04-01,Freehold,437829.8,397500.0,130
Sutton,2015-04-01,Leasehold,234062.70192307694,228500.0,104
Sutton,2015-05-01,Freehold,437527.7397260274,392000.0,146
Sutton,2015-05-01,Leasehold,252101.4423076923,250000.0,104
Sutton,2015-06-01,Freehold,446268.75,388750.0,184
Sutton,2015-06-01,Leasehold,238709.48837209304,235000.0,129
Sutton,2015-07-01,Freehold,440362.1052631579,391000.0,190
Sutton,2015-07-01,Leasehold,264136.8320610687,265000.0,131
Sutton,2015-08-01,Freehold,460615.06962025317,396000.0,158
Sutton,2015-08-01,Leasehold,251599.56910569104,242000.0,123
Sutton,2015-09-01,Freehold,449756.8758169935,412000.0,153
Sutton,2015-09-01,Leasehold,240062.88659793814,245000.0,97
Sutton,2015-10-01,Freehold,444675.75144508673,405000.0,173
Sutton,2015-10-01,Leasehold,269028.62573099416,257000.0,171
Sutton,2015-11-01,Freehold,466011.55367231637,442000.0,177
Sutton,2015-11-01,Leasehold,254579.97413793104,242375.0,116
Sutton,2015-12-01,Freehold,490890.96815286623,425000.0,157
Sutton,2015-12-01,Leasehold,245669.62307692308,249250.0,130
Sutton,2016-01-01,Freehold,476490.40178571426,432500.0,112
Sutton,2016-01-01,Leasehold,254427.9156626506,260000.0,83
Sutton,2016-02-01,Freehold,474034.96,427500.0,150
Sutton,2016-02-01,Leasehold,258221.3103448276,267000.0,116
Sutton,2016-03-01,Freehold,489015.4487179487,435000.0,234
Sutton,2016-03-01,Leasehold,253755.51401869158,259975.0,214
Sutton,2016-04-01,Freehold,495990.28571428574,441000.0,84
Sutton,2016-04-01,Leasehold,258788.175,255750.0,80
Sutton,2016-05-01,Freehold,466323.3644859813,412500.0,107
Sutton,2016-05-01,Leasehold,276169.5833333333,272500.0,72
Sutton,2016-06-01,Freehold,501181.9865771812,450000.0,149
Sutton,2016-06-01,Leasehold,277892.5925925926,275000.0,108
Sutton,2016-07-01,Freehold,498473.3108108108,453250.0,148
Sutton,2016-07-01,Leasehold,282716.30630630633,280000.0,111
Sutton,2016-08-01,Freehold,463934.97530864197,440000.0,162
Sutton,2016-08-01,Leasehold,277345.71428571426,274500.0,126
Sutton,2016-09-01,Freehold,487987.68152866245,450000.0,157
Sutton,2016-09-01,Leasehold,277179.17391304346,281000.0,115
Sutton,2016-10-01,Freehold,494296.0431654676,426500.0,139
Sutton,2016-10-01,Leasehold,274511.88811188814,266500.0,143
Sutton,2016-11-01,Freehold,506026.7755102041,440000.0,147
Sutton,2016-11-01,Leasehold,264947.6352201258,255000.0,159
Sutton,2016-12-01,Freehold,506791.40127388533,430000.0,157
Sutton,2016-12-01,Leasehold,271838.275862069,270000.0,145
Sutton,2017-01-01,Freehold,493925.0089285714,447500.0,112
Sutton,2017-01-01,Leasehold,280435.0743801653,280000.0,121
Sutton,2017-02-01,Freehold,486073.9583333333,440000.0,144
Sutton,2017-02-01,Leasehold,276779.3247863248,272000.0,117
Sutton,2017-03-01,Freehold,488696.64227642276,440000.0,123
Sutton,2017-03-01,Leasehold,307305.43307086616,306000.0,127
Sutton,2017-04-01,Freehold,514221.6814159292,452500.0,113
Sutton,2017-04-01,Leasehold,306400.67391304346,296500.0,92
Sutton,2017-05-01,Freehold,481314.16101694916,438284.5,118
Sutton,2017-05-01,Leasehold,303748.08035714284,298500.0,112
Sutton,2017-06-01,Freehold,488468.65034965036,441000.0,143
Sutton,2017-06-01,Leasehold,287528.3577981651,285000.0,109
Sutton,2017-07-01,Freehold,521067.43902439025,457500.0,164
Sutton,2017-07-01,Leasehold,277090.1743119266,275000.0,109
Sutton,2017-08-01,Freehold,519408.4337349398,472500.0,166
Sutton,2017-08-01,Leasehold,285432.87248322146,285000.0,149
Sutton,2017-09-01,Freehold,463671.11333333334,448750.0,150
Sutton,2017-09-01,Leasehold,279415.2038834951,283000.0,103
Sutton,2017-10-01,Freehold,506161.5801526718,460000.0,131
Sutton,2017-10-01,Leasehold,277776.6489361702,290000.0,94
Sutton,2017-11-01,Freehold,496124.21014492755,463750.0,138
Sutton,2017-11-01,Leasehold,282669.46428571426,281829.0,112
Sutton,2017-12-01,Freehold,483158.7786259542,440000.0,131
Sutton,2017-12-01,Leasehold,274438.38383838383,279000.0,99
Sutton,2018-01-01,Freehold,517285.1061946903,450000.0,113
Sutton,2018-01-01,Leasehold,283619.11392405065,284950.0,79
Sutton,2018-02-01,Freehold,505388.5,460000.0,142
Sutton,2018-02-01,Leasehold,274956.92307692306,275000.0,65
Sutton,2018-03-01,Freehold,462218.93233082705,437500.0,133
Sutton,2018-03-01,Leasehold,286624.0506329114,284000.0,79
Sutton,2018-04-01,Freehold,493605.84684684686,455000.0,111
Sutton,2018-04-01,Leasehold,282560.13513513515,295000.0,74
Sutton,2018-05-01,Freehold,518191.8181818182,477500.0,143
Sutton,2018-05-01,Leasehold,271899.10169491527,270000.0,59
Sutton,2018-06-01,Freehold,505586.3230769231,483750.0,130
Sutton,2018-06-01,Leasehold,274731.3488372093,271000.0,86
Sutton,2018-07-01,Freehold,510791.8823529412,471750.0,170
Sutton,2018-07-01,Leasehold,295387.6666666667,297000.0,78
Sutton,2018-08-01,Freehold,500457.75449101796,470000.0,167
Sutton,2018-08-01,Leasehold,272814.1304347826,268750.0,92
Sutton,2018-09-01,Freehold,511464.18709677417,475000.0,155
Sutton,2018-09-01,Leasehold,271028.9285714286,274750.0,70
Sutton,2018-10-01,Freehold,500829.5703125,451000.0,128
Sutton,2018-10-01,Leasehold,277179.62790697673,269000.0,86
Sutton,2018-11-01,Freehold,516681.89873417723,450000.0,158
Sutton,2018-11-01,Leasehold,275429.3103448276,275000.0,87
Sutton,2018-12-01,Freehold,505111.4583333333,450000.0,120
Sutton,2018-12-01,Leasehold,282010.25423728814,283997.5,118
Sutton,2019-01-01,Freehold,497456.6581196581,456500.0,117
Sutton,2019-01-01,Leasehold,282752.8787878788,286500.0,66
Sutton,2019-02-01,Freehold,473470.3828125,440500.0,128
Sutton,2019-02-01,Leasehold,268806.6891891892,272000.0,74
Sutton,2019-03-01,Freehold,488565.6976744186,450000.0,129
Sutton,2019-03-01,Leasehold,259295.3076923077,265000.0,65
Sutton,2019-04-01,Freehold,489615.3515625,461000.0,128
Sutton,2019-04-01,Leasehold,272754.03225806454,270000.0,62
Sutton,2019-05-01,Freehold,513134.8695652174,465000.0,115
Sutton,2019-05-01,Leasehold,282210.98484848486,278750.0,66
Sutton,2019-06-01,Freehold,550591.8032786886,511000.0,122
Sutton,2019-06-01,Leasehold,275578.75,270000.0,80
Sutton,2019-07-01,Freehold,498047.6616541353,451000.0,133
Sutton,2019-07-01,Leasehold,274083.55263157893,275000.0,76
Sutton,2019-08-01,Freehold,526985.5515463918,475000.0,194
Sutton,2019-08-01,Leasehold,260154.03225806452,260000.0,93
Sutton,2019-09-01,Freehold,546060.4929577465,483500.0,142
Sutton,2019-09-01,Leasehold,281911.2763157895,271320.0,76
Sutton,2019-10-01,Freehold,503199.8843537415,460000.0,147
Sutton,2019-10-01,Leasehold,278624.3243243243,274500.0,74
Sutton,2019-11-01,Freehold,502979.6891891892,458750.0,148
Sutton,2019-11-01,Leasehold,256815.91139240508,250000.0,79
Sutton,2019-12-01,Freehold,478943.3333333333,437500.0,135
Sutton,2019-12-01,Leasehold,266155.4794520548,265000.0,73
Sutton,2020-01-01,Freehold,510904.2835820895,455000.0,134
Sutton,2020-01-01,Leasehold,272759.58904109587,275000.0,73
Sutton,2020-02-01,Freehold,516945.3769230769,460000.0,130
Sutton,2020-02-01,Leasehold,301040.74468085106,305000.0,94
Sutton,2020-03-01,Freehold,559309.0909090909,475000.0,88
Sutton,2020-03-01,Leasehold,301250.4166666667,292500.0,72
Sutton,2020-04-01,Freehold,502015.2173913043,462500.0,46
Sutton,2020-04-01,Leasehold,294072.7083333333,292500.0,72
Sutton,2020-05-01,Freehold,505966.96428571426,474250.0,56
Sutton,2020-05-01,Leasehold,265512.5,252500.0,40
Sutton,2020-06-01,Freehold,490475.8,451000.0,100
Sutton,2020-06-01,Leasehold,296655.0862068966,287500.0,58
Sutton,2020-07-01,Freehold,542921.256880734,490000.0,109
Sutton,2020-07-01,Leasehold,267578.77419354836,267650.0,62
Sutton,2020-08-01,Freehold,535675.9398496241,497500.0,133
Sutton,2020-08-01,Leasehold,292791.8181818182,287500.0,66
Sutton,2020-09-01,Freehold,560833.9230769231,528000.0,143
Sutton,2020-09-01,Leasehold,309268.2978723404,317997.5,94
Sutton,2020-10-01,Freehold,554859.8862275449,500000.0,167
Sutton,2020-10-01,Leasehold,306540.56976744183,300000.0,86
Sutton,2020-11-01,Freehold,570988.4968152866,522500.0,157
Sutton,2020-11-01,Leasehold,321939.0939597315,322000.0,149
Sutton,2020-12-01,Freehold,571979.0322580645,500000.0,186
Sutton,2020-12-01,Leasehold,308388.5119047619,308500.0,84
Sutton,2021-01-01,Freehold,552635.4903225807,500000.0,155
Sutton,2021-01-01,Leasehold,299150.7042253521,295000.0,71
Sutton,2021-02-01,Freehold,533173.5668016195,500000.0,247
Sutton,2021-02-01,Leasehold,278070.652173913,283500.0,92
Sutton,2021-03-01,Freehold,569308.4911242604,520000.0,338
Sutton,2021-03-01,Leasehold,293517.7165354331,290000.0,127
Sutton,2021-04-01,Freehold,560072.5477707007,499995.0,157
Sutton,2021-04-01,Leasehold,282023.83720930235,285000.0,86
Sutton,2021-05-01,Freehold,495918.8358208955,482500.0,134
Sutton,2021-05-01,Leasehold,275614.3975903614,278000.0,83
Sutton,2021-06-01,Freehold,566163.5042194093,500000.0,474
Sutton,2021-06-01,Leasehold,292461.7631578947,282750.0,190
Sutton,2021-07-01,Freehold,528098.8372093023,500000.0,43
Sutton,2021-07-01,Leasehold,280719.1666666667,275000.0,60
Sutton,2021-08-01,Freehold,595662.9782608695,537500.0,92
Sutton,2021-08-01,Leasehold,278880.8888888889,273750.0,99
Sutton,2021-09-01,Freehold,579342.7838827838,525000.0,273
Sutton,2021-09-01,Leasehold,278165.07194244605,280000.0,139
Sutton,2021-10-01,Freehold,652391.2280701754,550000.0,57
Sutton,2021-10-01,Leasehold,274378.1609195402,279000.0,87
Sutton,2021-11-01,Freehold,610024.2711864407,518500.0,118
Sutton,2021-11-01,Leasehold,273094.6857142857,272500.0,70
Sutton,2021-12-01,Freehold,631557.9920634921,540000.0,126
Sutton,2021-12-01,Leasehold,292190.25217391306,292500.0,115
Sutton,2022-01-01,Freehold,593898.1743119266,550000.0,109
Sutton,2022-01-01,Leasehold,304258.39743589744,302500.0,78
Sutton,2022-02-01,Freehold,594500.5833333334,520000.0,144
Sutton,2022-02-01,Leasehold,310593.45098039217,306000.0,102
Sutton,2022-03-01,Freehold,580110.7972027973,550000.0,143
Sutton,2022-03-01,Leasehold,285476.04210526316,280000.0,95
Sutton,2022-04-01,Freehold,582103.4285714285,530350.0,98
Sutton,2022-04-01,Leasehold,278761.98630136985,290000.0,73
Sutton,2022-05-01,Freehold,576748.1127819549,538000.0,133
Sutton,2022-05-01,Leasehold,302009.0594059406,286000.0,101
Sutton,2022-06-01,Freehold,654170.1608391608,575768.0,143
Sutton,2022-06-01,Leasehold,328762.8125,320497.5,112
Sutton,2022-07-01,Freehold,633290.6934306569,600000.0,137
Sutton,2022-07-01,Leasehold,311101.0106382979,301000.0,94
Sutton,2022-08-01,Freehold,618689.6849315069,552500.0,146
Sutton,2022-08-01,Leasehold,303525.19658119656,308000.0,117
Sutton,2022-09-01,Freehold,652881.5410958905,600000.0,146
Sutton,2022-09-01,Leasehold,313804.3947368421,305500.0,114
Sutton,2022-10-01,Freehold,637894.8088235294,580000.0,136
Sutton,2022-10-01,Leasehold,319654.2672413793,310497.5,116
Sutton,2022-11-01,Freehold,614988.8679245283,585000.0,159
Sutton,2022-11-01,Leasehold,319727.08661417325,310000.0,127
Sutton,2022-12-01,Freehold,638573.8880597015,565000.0,134
Sutton,2022-12-01,Leasehold,338035.40127388533,330000.0,157
Sutton,2023-01-01,Freehold,660229.1101694915,580000.0,118
Sutton,2023-01-01,Leasehold,312701.5816326531,287500.0,98
Sutton,2023-02-01,Freehold,615872.3684210526,558500.0,114
Sutton,2023-02-01,Leasehold,310745.0111111111,303750.0,90
Sutton,2023-03-01,Freehold,628111.4344262296,566000.0,122
Sutton,2023-03-01,Leasehold,305434.7912087912,304000.0,91
Sutton,2023-04-01,Freehold,596426.8421052631,565000.0,95
Sutton,2023-04-01,Leasehold,288182.5961538461,296250.0,52
Sutton,2023-05-01,Freehold,644139.3548387097,590000.0,93
Sutton,2023-05-01,Leasehold,278897.2602739726,270000.0,73
Sutton,2023-06-01,Freehold,682130.0606060605,602500.0,132
Sutton,2023-06-01,Leasehold,298397.1710526316,305000.0,76
Sutton,2023-07-01,Freehold,615002.1724137932,562500.0,116
Sutton,2023-07-01,Leasehold,298942.63636363635,295000.0,55
Sutton,2023-08-01,Freehold,600717.7372262774,550500.0,137
Sutton,2023-08-01,Leasehold,286670.5,290000.0,76
Sutton,2023-09-01,Freehold,600611.1440677966,579000.0,118
Sutton,2023-09-01,Leasehold,291052.95945945947,285000.0,74
Sutton,2023-10-01,Freehold,595411.5413533835,548000.0,133
Sutton,2023-10-01,Leasehold,286848.5294117647,272000.0,68
Sutton,2023-11-01,Freehold,620072.2772277228,565000.0,101
Sutton,2023-11-01,Leasehold,277966.35802469135,285000.0,81
Sutton,2023-12-01,Freehold,581682.7160493827,557000.0,81
Sutton,2023-12-01,Leasehold,288507.87234042556,290000.0,47
Sutton,2024-01-01,Freehold,601371.2327586206,563000.0,116
Sutton,2024-01-01,Leasehold,275264.1509433962,275000.0,53
Sutton,2024-02-01,Freehold,580482.5773195876,550000.0,97
Sutton,2024-02-01,Leasehold,286937.5,285000.0,48
Sutton,2024-03-01,Freehold,621285.4731182796,557000.0,93
Sutton,2024-03-01,Leasehold,285835.140625,281250.0,64
Sutton,2024-04-01,Freehold,645232.0660377359,599000.0,106
Sutton,2024-04-01,Leasehold,288418.6875,282500.0,64
Sutton,2024-05-01,Freehold,599501.7479674796,537500.0,123
Sutton,2024-05-01,Leasehold,293038.421686747,300000.0,83
Sutton,2024-06-01,Freehold,617630.9174311927,560000.0,109
Sutton,2024-06-01,Leasehold,287557.01754385966,292500.0,57
Sutton,2024-07-01,Freehold,625666.6176470588,573250.0,136
Sutton,2024-07-01,Leasehold,273363.140625,275500.0,64
Sutton,2024-08-01,Freehold,633630.2839506173,584000.0,162
Sutton,2024-08-01,Leasehold,305750.7792207792,315000.0,77
Sutton,2024-09-01,Freehold,592107.053030303,567000.0,132
Sutton,2024-09-01,Leasehold,278304.347826087,280000.0,69
Sutton,2024-10-01,Freehold,609537.4140127389,565000.0,157
Sutton,2024-10-01,Leasehold,277926.82795698923,275000.0,93
Sutton,2024-11-01,Freehold,642908.0687022901,590000.0,131
Sutton,2024-11-01,Leasehold,299760.3448275862,290000.0,87
Sutton,2024-12-01,Freehold,603224.5283018867,553000.0,106
Sutton,2024-12-01,Leasehold,301340.92307692306,300000.0,65
Sutton,2025-01-01,Freehold,636871.0744680851,554000.0,94
Sutton,2025-01-01,Leasehold,293561.4426229508,285000.0,61
Sutton,2025-02-01,Freehold,616183.5,550000.0,144
Sutton,2025-02-01,Leasehold,296379.74666666664,295000.0,75
Sutton,2025-03-01,Freehold,597534.3506493507,555000.0,308
Sutton,2025-03-01,Leasehold,306328.2544378698,318000.0,169
Sutton,2025-04-01,Freehold,608333.4444444445,555000.0,45
Sutton,2025-04-01,Leasehold,290722.0588235294,291250.0,34
Sutton,2025-05-01,Freehold,647660.8974358974,595500.0,78
Sutton,2025-05-01,Leasehold,273876.36363636365,280000.0,55
Sutton,2025-06-01,Freehold,612464.8947368421,575000.0,95
Sutton,2025-06-01,Leasehold,290464.75409836066,286000.0,61
Sutton,2025-07-01,Freehold,620679.8661417323,570000.0,127
Sutton,2025-07-01,Leasehold,287669.0540540541,287500.0,74
Sutton,2025-08-01,Freehold,606581.1538461539,573500.0,156
Sutton,2025-08-01,Leasehold,602235.6875,300000.0,64
Sutton,2025-09-01,Freehold,615332.4193548387,550000.0,124
Sutton,2025-09-01,Leasehold,286455.35714285716,282500.0,56
Sutton,2025-10-01,Freehold,617009.9923664122,580000.0,131
Sutton,2025-10-01,Leasehold,294284.6153846154,285000.0,65
Sutton,2025-11-01,Freehold,671267.3203883495,610000.0,103
Sutton,2025-11-01,Leasehold,299841.0625,310500.0,64
Sutton,2025-12-01,Freehold,583698.282051282,535000.0,78
Sutton,2025-12-01,Leasehold,281540.4423076923,290000.0,52
Sutton,2026-01-01,Freehold,586389.1186440678,542000.0,59
Sutton,2026-01-01,Leasehold,283105.2631578947,297500.0,38
Sutton,2026-02-01,Freehold,558405.7407407408,525000.0,81
Sutton,2026-02-01,Leasehold,296096.1,285000.0,50
Sutton,2026-03-01,Freehold,540288.7323943662,535000.0,71
Sutton,2026-03-01,Leasehold,288895.8333333333,300000.0,48
Sutton,2026-04-01,Freehold,571655.2419354839,509500.0,62
Sutton,2026-04-01,Leasehold,302277.77777777775,305000.0,45
Sutton,2026-05-01,Freehold,567666.6666666666,575000.0,21
Sutton,2026-05-01,Leasehold,307625.0,321500.0,8
Tower Hamlets,2006-01-01,Freehold,329410.3125,296250.0,48
Tower Hamlets,2006-01-01,Leasehold,253774.4123076923,230000.0,325
Tower Hamlets,2006-02-01,Freehold,336402.2619047619,293500.0,42
Tower Hamlets,2006-02-01,Leasehold,245228.02749140892,230000.0,291
Tower Hamlets,2006-03-01,Freehold,330852.1951219512,278000.0,41
Tower Hamlets,2006-03-01,Leasehold,265059.1691919192,242100.0,396
Tower Hamlets,2006-04-01,Freehold,344778.72881355934,340000.0,59
Tower Hamlets,2006-04-01,Leasehold,266033.9465408805,237750.0,318
Tower Hamlets,2006-05-01,Freehold,340057.47826086957,327500.0,46
Tower Hamlets,2006-05-01,Leasehold,269940.7818627451,247500.0,408
Tower Hamlets,2006-06-01,Freehold,327030.5230769231,310000.0,65
Tower Hamlets,2006-06-01,Leasehold,274379.57367387036,245000.0,509
Tower Hamlets,2006-07-01,Freehold,365490.4716981132,340000.0,53
Tower Hamlets,2006-07-01,Leasehold,267754.16818181815,245000.0,440
Tower Hamlets,2006-08-01,Freehold,383732.32558139536,360000.0,43
Tower Hamlets,2006-08-01,Leasehold,271724.9873417721,245000.0,474
Tower Hamlets,2006-09-01,Freehold,382061.4035087719,345000.0,57
Tower Hamlets,2006-09-01,Leasehold,273660.4308510638,242500.0,376
Tower Hamlets,2006-10-01,Freehold,349281.4285714286,337750.0,42
Tower Hamlets,2006-10-01,Leasehold,277064.6528117359,235000.0,409
Tower Hamlets,2006-11-01,Freehold,365518.225,347000.0,40
Tower Hamlets,2006-11-01,Leasehold,281605.5470852018,249997.0,446
Tower Hamlets,2006-12-01,Freehold,411166.6666666667,371500.0,48
Tower Hamlets,2006-12-01,Leasehold,310894.35949367087,250000.0,395
Tower Hamlets,2007-01-01,Freehold,455920.46341463417,407500.0,41
Tower Hamlets,2007-01-01,Leasehold,284480.83768115944,245000.0,345
Tower Hamlets,2007-02-01,Freehold,400979.6296296296,353000.0,27
Tower Hamlets,2007-02-01,Leasehold,297995.43731778424,249950.0,343
Tower Hamlets,2007-03-01,Freehold,381702.39285714284,369500.0,56
Tower Hamlets,2007-03-01,Leasehold,298681.79587155965,250000.0,436
Tower Hamlets,2007-04-01,Freehold,378141.85714285716,362700.0,63
Tower Hamlets,2007-04-01,Leasehold,332099.7104557641,280000.0,373
Tower Hamlets,2007-05-01,Freehold,456859.5882352941,440000.0,51
Tower Hamlets,2007-05-01,Leasehold,332176.3349282297,299475.0,418
Tower Hamlets,2007-06-01,Freehold,404715.92452830187,360000.0,53
Tower Hamlets,2007-06-01,Leasehold,322309.3546910755,276000.0,437
Tower Hamlets,2007-07-01,Freehold,439188.88679245283,400000.0,53
Tower Hamlets,2007-07-01,Leasehold,316813.3533057851,275500.0,484
Tower Hamlets,2007-08-01,Freehold,453622.95081967214,425000.0,61
Tower Hamlets,2007-08-01,Leasehold,333420.9582309582,285000.0,407
Tower Hamlets,2007-09-01,Freehold,458161.7090909091,440000.0,55
Tower Hamlets,2007-09-01,Leasehold,329882.3940092166,295000.0,434
Tower Hamlets,2007-10-01,Freehold,483743.26086956525,397750.0,46
Tower Hamlets,2007-10-01,Leasehold,342309.2214111922,295000.0,411
Tower Hamlets,2007-11-01,Freehold,550430.4523809524,462500.0,42
Tower Hamlets,2007-11-01,Leasehold,322048.2688679245,290000.0,424
Tower Hamlets,2007-12-01,Freehold,461860.3448275862,415000.0,29
Tower Hamlets,2007-12-01,Leasehold,339848.7811634349,300000.0,361
Tower Hamlets,2008-01-01,Freehold,465189.6551724138,410000.0,29
Tower Hamlets,2008-01-01,Leasehold,307733.28340080974,280000.0,247
Tower Hamlets,2008-02-01,Freehold,404720.6896551724,370000.0,29
Tower Hamlets,2008-02-01,Leasehold,328680.15178571426,285000.0,224
Tower Hamlets,2008-03-01,Freehold,509795.0,440000.0,27
Tower Hamlets,2008-03-01,Leasehold,338901.652173913,310000.0,253
Tower Hamlets,2008-04-01,Freehold,416458.5714285714,405000.0,21
Tower Hamlets,2008-04-01,Leasehold,314198.51776649745,270000.0,197
Tower Hamlets,2008-05-01,Freehold,451586.95652173914,400000.0,23
Tower Hamlets,2008-05-01,Leasehold,343007.84426229505,315500.0,244
Tower Hamlets,2008-06-01,Freehold,479982.1904761905,380000.0,21
Tower Hamlets,2008-06-01,Leasehold,314723.49019607843,295000.0,255
Tower Hamlets,2008-07-01,Freehold,419458.3333333333,437500.0,24
Tower Hamlets,2008-07-01,Leasehold,333322.8057142857,292000.0,175
Tower Hamlets,2008-08-01,Freehold,413395.4347826087,375000.0,23
Tower Hamlets,2008-08-01,Leasehold,297096.6724137931,250000.0,232
Tower Hamlets,2008-09-01,Freehold,371666.6666666667,370000.0,3
Tower Hamlets,2008-09-01,Leasehold,319461.9864864865,280100.0,148
Tower Hamlets,2008-10-01,Freehold,503818.1818181818,450000.0,11
Tower Hamlets,2008-10-01,Leasehold,317661.92700729927,270000.0,137
Tower Hamlets,2008-11-01,Freehold,334333.3333333333,360000.0,6
Tower Hamlets,2008-11-01,Leasehold,276531.7475728155,249950.0,103
Tower Hamlets,2008-12-01,Freehold,472666.6666666667,300000.0,9
Tower Hamlets,2008-12-01,Leasehold,272002.0569105691,264700.0,123
Tower Hamlets,2009-01-01,Freehold,310636.36363636365,305000.0,11
Tower Hamlets,2009-01-01,Leasehold,302146.1237113402,250000.0,97
Tower Hamlets,2009-02-01,Freehold,388430.8333333333,350000.0,12
Tower Hamlets,2009-02-01,Leasehold,280248.5135135135,250000.0,111
Tower Hamlets,2009-03-01,Freehold,325307.6666666667,280000.0,15
Tower Hamlets,2009-03-01,Leasehold,320965.3703703704,280000.0,135
Tower Hamlets,2009-04-01,Freehold,326875.0,276250.0,8
Tower Hamlets,2009-04-01,Leasehold,299521.8086956522,261000.0,115
Tower Hamlets,2009-05-01,Freehold,354857.14285714284,382500.0,14
Tower Hamlets,2009-05-01,Leasehold,328499.7252747253,292500.0,182
Tower Hamlets,2009-06-01,Freehold,337892.85714285716,336000.0,14
Tower Hamlets,2009-06-01,Leasehold,339399.702811245,300000.0,249
Tower Hamlets,2009-07-01,Freehold,494555.55555555556,389000.0,18
Tower Hamlets,2009-07-01,Leasehold,303222.4595375722,262000.0,346
Tower Hamlets,2009-08-01,Freehold,392681.5909090909,383750.0,22
Tower Hamlets,2009-08-01,Leasehold,320351.7589928057,270000.0,278
Tower Hamlets,2009-09-01,Freehold,390306.1515151515,350000.0,33
Tower Hamlets,2009-09-01,Leasehold,356369.5661764706,305500.0,272
Tower Hamlets,2009-10-01,Freehold,518187.5,437500.0,24
Tower Hamlets,2009-10-01,Leasehold,377918.3823529412,320000.0,238
Tower Hamlets,2009-11-01,Freehold,416945.625,422500.0,24
Tower Hamlets,2009-11-01,Leasehold,345820.83720930235,295000.0,344
Tower Hamlets,2009-12-01,Freehold,385043.26086956525,384000.0,23
Tower Hamlets,2009-12-01,Leasehold,319143.645631068,280000.0,412
Tower Hamlets,2010-01-01,Freehold,372480.0,365000.0,25
Tower Hamlets,2010-01-01,Leasehold,344012.9211618257,320000.0,241
Tower Hamlets,2010-02-01,Freehold,458356.4285714286,385000.0,21
Tower Hamlets,2010-02-01,Leasehold,350386.31404958677,319000.0,242
Tower Hamlets,2010-03-01,Freehold,466214.28571428574,382000.0,28
Tower Hamlets,2010-03-01,Leasehold,327132.16967509023,270000.0,277
Tower Hamlets,2010-04-01,Freehold,452941.17647058825,460000.0,17
Tower Hamlets,2010-04-01,Leasehold,330429.91544117645,283750.0,272
Tower Hamlets,2010-05-01,Freehold,429763.15789473685,402500.0,19
Tower Hamlets,2010-05-01,Leasehold,315762.3046153846,275000.0,325
Tower Hamlets,2010-06-01,Freehold,457999.69696969696,440000.0,33
Tower Hamlets,2010-06-01,Leasehold,343582.532967033,293630.0,364
Tower Hamlets,2010-07-01,Freehold,497484.3823529412,461260.0,34
Tower Hamlets,2010-07-01,Leasehold,347500.6186440678,305000.0,354
Tower Hamlets,2010-08-01,Freehold,491985.97222222225,481500.0,36
Tower Hamlets,2010-08-01,Leasehold,368398.9297520661,306000.0,242
Tower Hamlets,2010-09-01,Freehold,472948.4210526316,485000.0,19
Tower Hamlets,2010-09-01,Leasehold,334764.25978647685,305162.0,281
Tower Hamlets,2010-10-01,Freehold,493088.63636363635,487500.0,22
Tower Hamlets,2010-10-01,Leasehold,327189.0321285141,315000.0,249
Tower Hamlets,2010-11-01,Freehold,437875.3125,450000.0,32
Tower Hamlets,2010-11-01,Leasehold,325922.9252077562,289500.0,361
Tower Hamlets,2010-12-01,Freehold,406111.38095238095,410000.0,21
Tower Hamlets,2010-12-01,Leasehold,325725.0295202952,295000.0,271
Tower Hamlets,2011-01-01,Freehold,449578.94736842107,462500.0,19
Tower Hamlets,2011-01-01,Leasehold,341148.1576763485,305000.0,241
Tower Hamlets,2011-02-01,Freehold,470028.6111111111,459249.5,18
Tower Hamlets,2011-02-01,Leasehold,335529.2552083333,283750.0,192
Tower Hamlets,2011-03-01,Freehold,354875.0,357500.0,16
Tower Hamlets,2011-03-01,Leasehold,338580.53125,290000.0,256
Tower Hamlets,2011-04-01,Freehold,482473.6842105263,465000.0,19
Tower Hamlets,2011-04-01,Leasehold,335242.556122449,290000.0,196
Tower Hamlets,2011-05-01,Freehold,430697.38095238095,460000.0,21
Tower Hamlets,2011-05-01,Leasehold,340115.8923076923,300000.0,260
Tower Hamlets,2011-06-01,Freehold,446743.57692307694,453750.0,26
Tower Hamlets,2011-06-01,Leasehold,323454.4827586207,288875.0,319
Tower Hamlets,2011-07-01,Freehold,416413.7931034483,395000.0,29
Tower Hamlets,2011-07-01,Leasehold,323679.0495867769,280330.0,363
Tower Hamlets,2011-08-01,Freehold,538394.3333333334,470000.0,30
Tower Hamlets,2011-08-01,Leasehold,345289.3465703971,295000.0,277
Tower Hamlets,2011-09-01,Freehold,473775.6923076923,431944.0,26
Tower Hamlets,2011-09-01,Leasehold,323091.30212765955,300000.0,235
Tower Hamlets,2011-10-01,Freehold,462775.0,409000.0,20
Tower Hamlets,2011-10-01,Leasehold,369683.46186440677,305500.0,236
Tower Hamlets,2011-11-01,Freehold,462500.0,471250.0,18
Tower Hamlets,2011-11-01,Leasehold,324782.9117647059,277500.0,306
Tower Hamlets,2011-12-01,Freehold,525230.7307692308,512500.0,26
Tower Hamlets,2011-12-01,Leasehold,333776.625,270000.0,224
Tower Hamlets,2012-01-01,Freehold,562071.4285714285,482500.0,14
Tower Hamlets,2012-01-01,Leasehold,314868.88659793814,287000.0,194
Tower Hamlets,2012-02-01,Freehold,507773.1052631579,520000.0,19
Tower Hamlets,2012-02-01,Leasehold,320878.7797356828,261000.0,227
Tower Hamlets,2012-03-01,Freehold,438392.3870967742,435000.0,31
Tower Hamlets,2012-03-01,Leasehold,315678.5448916409,258020.0,323
Tower Hamlets,2012-04-01,Freehold,513256.1904761905,465000.0,21
Tower Hamlets,2012-04-01,Leasehold,365528.29326923075,315000.0,208
Tower Hamlets,2012-05-01,Freehold,559757.5757575758,540000.0,33
Tower Hamlets,2012-05-01,Leasehold,337901.0933333333,295000.0,300
Tower Hamlets,2012-06-01,Freehold,460477.2272727273,420000.0,22
Tower Hamlets,2012-06-01,Leasehold,353444.53581661894,304605.0,349
Tower Hamlets,2012-07-01,Freehold,495847.60869565216,480000.0,23
Tower Hamlets,2012-07-01,Leasehold,335668.8224043716,304079.0,366
Tower Hamlets,2012-08-01,Freehold,606723.9655172414,494000.0,29
Tower Hamlets,2012-08-01,Leasehold,331007.5986842105,301625.0,304
Tower Hamlets,2012-09-01,Freehold,476999.95238095237,455000.0,21
Tower Hamlets,2012-09-01,Leasehold,361412.3918918919,306000.0,296
Tower Hamlets,2012-10-01,Freehold,520773.8888888889,499950.0,27
Tower Hamlets,2012-10-01,Leasehold,351280.615942029,310500.0,276
Tower Hamlets,2012-11-01,Freehold,537299.8648648649,490000.0,37
Tower Hamlets,2012-11-01,Leasehold,333712.8996138996,286000.0,259
Tower Hamlets,2012-12-01,Freehold,616720.0,465000.0,25
Tower Hamlets,2012-12-01,Leasehold,361544.4221105528,305000.0,199
Tower Hamlets,2013-01-01,Freehold,521770.8333333333,455000.0,24
Tower Hamlets,2013-01-01,Leasehold,341547.6298932384,301000.0,281
Tower Hamlets,2013-02-01,Freehold,460941.1176470588,462500.0,17
Tower Hamlets,2013-02-01,Leasehold,356803.83898305084,308225.0,236
Tower Hamlets,2013-03-01,Freehold,400558.82352941175,405000.0,17
Tower Hamlets,2013-03-01,Leasehold,311585.53453453456,280725.0,333
Tower Hamlets,2013-04-01,Freehold,541159.4,495000.0,20
Tower Hamlets,2013-04-01,Leasehold,356162.1484375,315000.0,256
Tower Hamlets,2013-05-01,Freehold,576610.0,550000.0,25
Tower Hamlets,2013-05-01,Leasehold,354505.1580882353,305750.0,272
Tower Hamlets,2013-06-01,Freehold,485683.1666666667,494500.0,30
Tower Hamlets,2013-06-01,Leasehold,381838.3256578947,325000.0,304
Tower Hamlets,2013-07-01,Freehold,562304.5227272727,512500.0,44
Tower Hamlets,2013-07-01,Leasehold,378320.4334975369,315000.0,406
Tower Hamlets,2013-08-01,Freehold,504087.8378378378,452150.0,37
Tower Hamlets,2013-08-01,Leasehold,346943.4483568075,315000.0,426
Tower Hamlets,2013-09-01,Freehold,644302.5,618750.0,38
Tower Hamlets,2013-09-01,Leasehold,371480.9810810811,308000.0,370
Tower Hamlets,2013-10-01,Freehold,618395.9090909091,535000.0,33
Tower Hamlets,2013-10-01,Leasehold,372901.0455840456,335000.0,351
Tower Hamlets,2013-11-01,Freehold,772184.8484848485,610000.0,33
Tower Hamlets,2013-11-01,Leasehold,403602.20871559635,339075.0,436
Tower Hamlets,2013-12-01,Freehold,694399.95,530000.0,20
Tower Hamlets,2013-12-01,Leasehold,415078.47967479675,358000.0,369
Tower Hamlets,2014-01-01,Freehold,645512.0833333334,610000.0,24
Tower Hamlets,2014-01-01,Leasehold,403222.2140992167,360995.0,383
Tower Hamlets,2014-02-01,Freehold,575889.3181818182,615625.0,22
Tower Hamlets,2014-02-01,Leasehold,430985.0382653061,364497.5,392
Tower Hamlets,2014-03-01,Freehold,724713.4444444445,650000.0,27
Tower Hamlets,2014-03-01,Leasehold,432882.0869565217,375000.0,483
Tower Hamlets,2014-04-01,Freehold,703083.1666666666,699972.5,30
Tower Hamlets,2014-04-01,Leasehold,439851.94562647754,390000.0,423
Tower Hamlets,2014-05-01,Freehold,666010.4166666666,655000.0,24
Tower Hamlets,2014-05-01,Leasehold,465815.96277915634,385000.0,403
Tower Hamlets,2014-06-01,Freehold,667043.75,642500.0,24
Tower Hamlets,2014-06-01,Leasehold,422906.3566433566,355188.0,429
Tower Hamlets,2014-07-01,Freehold,702987.0,629084.0,26
Tower Hamlets,2014-07-01,Leasehold,445778.96833773085,380000.0,379
Tower Hamlets,2014-08-01,Freehold,704371.84375,621000.0,32
Tower Hamlets,2014-08-01,Leasehold,411981.7597765363,381250.0,358
Tower Hamlets,2014-09-01,Freehold,727416.6666666666,712250.0,18
Tower Hamlets,2014-09-01,Leasehold,428336.63903743314,392500.0,374
Tower Hamlets,2014-10-01,Freehold,761066.6666666666,725000.0,27
Tower Hamlets,2014-10-01,Leasehold,404955.7762237762,373000.0,429
Tower Hamlets,2014-11-01,Freehold,798827.7777777778,712250.0,36
Tower Hamlets,2014-11-01,Leasehold,388347.59826589597,355277.5,346
Tower Hamlets,2014-12-01,Freehold,868497.3684210526,690000.0,19
Tower Hamlets,2014-12-01,Leasehold,456590.11589403974,394195.0,302
Tower Hamlets,2015-01-01,Freehold,617704.5454545454,615000.0,22
Tower Hamlets,2015-01-01,Leasehold,418971.2581967213,380000.0,244
Tower Hamlets,2015-02-01,Freehold,843250.052631579,645000.0,19
Tower Hamlets,2015-02-01,Leasehold,394203.3873873874,355000.0,222
Tower Hamlets,2015-03-01,Freehold,746629.75,809500.0,20
Tower Hamlets,2015-03-01,Leasehold,426765.34444444446,389112.5,360
Tower Hamlets,2015-04-01,Freehold,782898.2222222222,730000.0,27
Tower Hamlets,2015-04-01,Leasehold,458316.6701754386,415000.0,285
Tower Hamlets,2015-05-01,Freehold,802437.5,717500.0,24
Tower Hamlets,2015-05-01,Leasehold,448640.63788300834,407500.0,359
Tower Hamlets,2015-06-01,Freehold,615511.5416666666,622500.0,24
Tower Hamlets,2015-06-01,Leasehold,459547.1303116147,420000.0,353
Tower Hamlets,2015-07-01,Freehold,685519.1923076923,677500.0,26
Tower Hamlets,2015-07-01,Leasehold,484602.97005988023,414000.0,334
Tower Hamlets,2015-08-01,Freehold,836635.375,788750.0,24
Tower Hamlets,2015-08-01,Leasehold,466714.4362017804,435000.0,337
Tower Hamlets,2015-09-01,Freehold,699616.65,709997.5,20
Tower Hamlets,2015-09-01,Leasehold,485991.6076696165,435000.0,339
Tower Hamlets,2015-10-01,Freehold,884920.0,775000.0,25
Tower Hamlets,2015-10-01,Leasehold,466155.45810055867,430000.0,358
Tower Hamlets,2015-11-01,Freehold,828442.1875,760000.0,32
Tower Hamlets,2015-11-01,Leasehold,526315.5071428572,440000.0,280
Tower Hamlets,2015-12-01,Freehold,760708.25,708000.0,12
Tower Hamlets,2015-12-01,Leasehold,506764.23076923075,427500.0,338
Tower Hamlets,2016-01-01,Freehold,875000.0,717500.0,10
Tower Hamlets,2016-01-01,Leasehold,498774.520979021,445000.0,286
Tower Hamlets,2016-02-01,Freehold,806043.0,737500.0,16
Tower Hamlets,2016-02-01,Leasehold,498437.49240121583,435000.0,329
Tower Hamlets,2016-03-01,Freehold,783569.7674418605,675000.0,43
Tower Hamlets,2016-03-01,Leasehold,498887.32234432234,446750.0,546
Tower Hamlets,2016-04-01,Freehold,771118.6923076923,790000.0,13
Tower Hamlets,2016-04-01,Leasehold,479728.9885714286,450000.0,175
Tower Hamlets,2016-05-01,Freehold,739508.75,640537.5,8
Tower Hamlets,2016-05-01,Leasehold,464161.7793594306,430347.0,281
Tower Hamlets,2016-06-01,Freehold,1059150.0,840000.0,13
Tower Hamlets,2016-06-01,Leasehold,560667.3684210526,494100.0,532
Tower Hamlets,2016-07-01,Freehold,765303.125,802500.0,16
Tower Hamlets,2016-07-01,Leasehold,502386.9610983982,463600.0,437
Tower Hamlets,2016-08-01,Freehold,881735.8333333334,847500.0,18
Tower Hamlets,2016-08-01,Leasehold,485472.7037037037,469825.0,378
Tower Hamlets,2016-09-01,Freehold,975885.7142857143,790000.0,14
Tower Hamlets,2016-09-01,Leasehold,525814.1310160428,496275.0,374
Tower Hamlets,2016-10-01,Freehold,864272.7272727273,870000.0,11
Tower Hamlets,2016-10-01,Leasehold,510374.2965116279,460000.0,344
Tower Hamlets,2016-11-01,Freehold,879680.0,775000.0,17
Tower Hamlets,2016-11-01,Leasehold,541758.7222222222,485000.0,342
Tower Hamlets,2016-12-01,Freehold,768184.2105263158,800000.0,19
Tower Hamlets,2016-12-01,Leasehold,516541.0916905444,450000.0,349
Tower Hamlets,2017-01-01,Freehold,808933.3333333334,820000.0,15
Tower Hamlets,2017-01-01,Leasehold,460456.6005665722,420000.0,353
Tower Hamlets,2017-02-01,Freehold,899291.6666666666,772500.0,12
Tower Hamlets,2017-02-01,Leasehold,565760.2621621621,507500.0,370
Tower Hamlets,2017-03-01,Freehold,1006533.3333333334,911000.0,15
Tower Hamlets,2017-03-01,Leasehold,504041.679389313,460000.0,262
Tower Hamlets,2017-04-01,Freehold,904925.5882352941,815000.0,17
Tower Hamlets,2017-04-01,Leasehold,511187.6846473029,460265.0,241
Tower Hamlets,2017-05-01,Freehold,980866.6666666666,825000.0,15
Tower Hamlets,2017-05-01,Leasehold,535562.9964664311,494995.0,283
Tower Hamlets,2017-06-01,Freehold,937805.5,860000.0,18
Tower Hamlets,2017-06-01,Leasehold,529229.0797546012,492500.0,326
Tower Hamlets,2017-07-01,Freehold,920363.6363636364,875000.0,11
Tower Hamlets,2017-07-01,Leasehold,539739.2158590308,499995.0,227
Tower Hamlets,2017-08-01,Freehold,959235.2941176471,840000.0,17
Tower Hamlets,2017-08-01,Leasehold,559805.6176470588,513750.0,272
Tower Hamlets,2017-09-01,Freehold,769611.1111111111,769000.0,18
Tower Hamlets,2017-09-01,Leasehold,594456.0116731517,515000.0,257
Tower Hamlets,2017-10-01,Freehold,991125.0,936000.0,20
Tower Hamlets,2017-10-01,Leasehold,561187.8862559241,475300.0,211
Tower Hamlets,2017-11-01,Freehold,757300.0,766000.0,15
Tower Hamlets,2017-11-01,Leasehold,550581.703517588,480000.0,199
Tower Hamlets,2017-12-01,Freehold,775318.1818181818,785000.0,11
Tower Hamlets,2017-12-01,Leasehold,516254.23367697594,482500.0,291
Tower Hamlets,2018-01-01,Freehold,760615.3846153846,730500.0,13
Tower Hamlets,2018-01-01,Leasehold,519767.17553191487,488712.5,188
Tower Hamlets,2018-02-01,Freehold,774583.3333333334,747500.0,12
Tower Hamlets,2018-02-01,Leasehold,539055.4041450777,487000.0,193
Tower Hamlets,2018-03-01,Freehold,800524.75,706250.0,20
Tower Hamlets,2018-03-01,Leasehold,574978.1266968326,485000.0,221
Tower Hamlets,2018-04-01,Freehold,1174166.6666666667,930000.0,12
Tower Hamlets,2018-04-01,Leasehold,630173.8265895954,510000.0,173
Tower Hamlets,2018-05-01,Freehold,939250.0,910000.0,10
Tower Hamlets,2018-05-01,Leasehold,576201.6881188119,485000.0,202
Tower Hamlets,2018-06-01,Freehold,851250.0,715000.0,16
Tower Hamlets,2018-06-01,Leasehold,589244.2,498000.0,235
Tower Hamlets,2018-07-01,Freehold,1060846.1538461538,820000.0,13
Tower Hamlets,2018-07-01,Leasehold,506133.5333333333,465000.0,315
Tower Hamlets,2018-08-01,Freehold,904978.2608695652,870000.0,23
Tower Hamlets,2018-08-01,Leasehold,496085.56707317074,459810.0,328
Tower Hamlets,2018-09-01,Freehold,702961.5384615385,725000.0,13
Tower Hamlets,2018-09-01,Leasehold,492910.32775919733,460000.0,299
Tower Hamlets,2018-10-01,Freehold,909631.5789473684,820000.0,19
Tower Hamlets,2018-10-01,Leasehold,501462.1,465000.0,260
Tower Hamlets,2018-11-01,Freehold,858059.4761904762,730000.0,21
Tower Hamlets,2018-11-01,Leasehold,483108.8300395257,450000.0,253
Tower Hamlets,2018-12-01,Freehold,709090.9090909091,725000.0,11
Tower Hamlets,2018-12-01,Leasehold,517513.73333333334,465000.0,315
Tower Hamlets,2019-01-01,Freehold,678450.0,652500.0,10
Tower Hamlets,2019-01-01,Leasehold,530604.2024793389,483500.0,242
Tower Hamlets,2019-02-01,Freehold,723818.1818181818,755000.0,11
Tower Hamlets,2019-02-01,Leasehold,566826.5502392345,525000.0,209
Tower Hamlets,2019-03-01,Freehold,696735.8333333334,657500.0,18
Tower Hamlets,2019-03-01,Leasehold,536767.8508064516,499250.0,248
Tower Hamlets,2019-04-01,Freehold,903906.25,772500.0,16
Tower Hamlets,2019-04-01,Leasehold,503801.7193877551,460000.0,196
Tower Hamlets,2019-05-01,Freehold,821700.0,755000.0,10
Tower Hamlets,2019-05-01,Leasehold,508555.74449339206,479950.0,227
Tower Hamlets,2019-06-01,Freehold,734100.0,730000.0,10
Tower Hamlets,2019-06-01,Leasehold,495576.6782608696,475000.0,230
Tower Hamlets,2019-07-01,Freehold,1067428.5714285714,875000.0,14
Tower Hamlets,2019-07-01,Leasehold,527310.2487046632,500000.0,386
Tower Hamlets,2019-08-01,Freehold,850676.8846153846,815000.0,26
Tower Hamlets,2019-08-01,Leasehold,568798.5452127659,506250.0,376
Tower Hamlets,2019-09-01,Freehold,900583.3333333334,820000.0,12
Tower Hamlets,2019-09-01,Leasehold,566834.8358208955,499375.0,268
Tower Hamlets,2019-10-01,Freehold,834897.0588235294,808000.0,17
Tower Hamlets,2019-10-01,Leasehold,498229.826446281,462375.0,242
Tower Hamlets,2019-11-01,Freehold,768450.3,740000.0,20
Tower Hamlets,2019-11-01,Leasehold,587572.0139534883,500000.0,215
Tower Hamlets,2019-12-01,Freehold,992700.0,850000.0,10
Tower Hamlets,2019-12-01,Leasehold,605568.2863636364,550000.0,220
Tower Hamlets,2020-01-01,Freehold,755464.2857142857,710000.0,14
Tower Hamlets,2020-01-01,Leasehold,582456.031358885,548000.0,287
Tower Hamlets,2020-02-01,Freehold,708846.1538461539,717500.0,13
Tower Hamlets,2020-02-01,Leasehold,542810.8,504942.5,260
Tower Hamlets,2020-03-01,Freehold,869968.75,800250.0,16
Tower Hamlets,2020-03-01,Leasehold,539892.3735849056,494000.0,265
Tower Hamlets,2020-04-01,Freehold,889750.0,856500.0,6
Tower Hamlets,2020-04-01,Leasehold,553603.6933333334,495000.0,150
Tower Hamlets,2020-05-01,Freehold,692500.0,672500.0,6
Tower Hamlets,2020-05-01,Leasehold,518716.2745098039,525000.0,102
Tower Hamlets,2020-06-01,Freehold,698812.5,760000.0,8
Tower Hamlets,2020-06-01,Leasehold,555146.3827751196,500000.0,209
Tower Hamlets,2020-07-01,Freehold,898033.3333333334,797500.0,15
Tower Hamlets,2020-07-01,Leasehold,526751.496350365,489560.0,274
Tower Hamlets,2020-08-01,Freehold,813925.0,805000.0,20
Tower Hamlets,2020-08-01,Leasehold,538519.8495575221,490000.0,226
Tower Hamlets,2020-09-01,Freehold,912956.1666666666,904500.0,18
Tower Hamlets,2020-09-01,Leasehold,611521.8263888889,540000.0,288
Tower Hamlets,2020-10-01,Freehold,808673.8064516129,780000.0,31
Tower Hamlets,2020-10-01,Leasehold,655054.0211640212,570000.0,378
Tower Hamlets,2020-11-01,Freehold,843073.0769230769,795000.0,26
Tower Hamlets,2020-11-01,Leasehold,634871.9147540984,585550.0,305
Tower Hamlets,2020-12-01,Freehold,849520.0,830000.0,25
Tower Hamlets,2020-12-01,Leasehold,576200.9752066116,514100.0,363
Tower Hamlets,2021-01-01,Freehold,859318.1818181818,810000.0,22
Tower Hamlets,2021-01-01,Leasehold,549774.2712550607,515000.0,247
Tower Hamlets,2021-02-01,Freehold,887734.5714285715,897500.0,28
Tower Hamlets,2021-02-01,Leasehold,630586.5907473309,565000.0,281
Tower Hamlets,2021-03-01,Freehold,1044444.2222222222,840000.0,45
Tower Hamlets,2021-03-01,Leasehold,604064.0628099174,550000.0,605
Tower Hamlets,2021-04-01,Freehold,759086.9565217391,760000.0,23
Tower Hamlets,2021-04-01,Leasehold,570351.2983050847,505720.0,295
Tower Hamlets,2021-05-01,Freehold,761884.6153846154,718000.0,13
Tower Hamlets,2021-05-01,Leasehold,613699.6070175439,568500.0,285
Tower Hamlets,2021-06-01,Freehold,837397.4358974359,780500.0,78
Tower Hamlets,2021-06-01,Leasehold,639272.7349953832,585000.0,1083
Tower Hamlets,2021-07-01,Freehold,912000.0,865000.0,5
Tower Hamlets,2021-07-01,Leasehold,599295.1590909091,528750.0,132
Tower Hamlets,2021-08-01,Freehold,1062113.6363636365,825000.0,22
Tower Hamlets,2021-08-01,Leasehold,624426.2748344371,581307.5,302
Tower Hamlets,2021-09-01,Freehold,798286.380952381,825000.0,42
Tower Hamlets,2021-09-01,Leasehold,608200.9757174393,534850.0,453
Tower Hamlets,2021-10-01,Freehold,857125.0,787500.0,6
Tower Hamlets,2021-10-01,Leasehold,569981.9329896907,498675.0,194
Tower Hamlets,2021-11-01,Freehold,841821.4285714285,843500.0,14
Tower Hamlets,2021-11-01,Leasehold,680003.3,562500.0,260
Tower Hamlets,2021-12-01,Freehold,1066683.5454545454,880000.0,11
Tower Hamlets,2021-12-01,Leasehold,699047.5551724138,565000.0,290
Tower Hamlets,2022-01-01,Freehold,796761.3333333334,755000.0,21
Tower Hamlets,2022-01-01,Leasehold,663846.275862069,500000.0,203
Tower Hamlets,2022-02-01,Freehold,1028705.8823529412,975000.0,17
Tower Hamlets,2022-02-01,Leasehold,624468.7049180327,510000.0,244
Tower Hamlets,2022-03-01,Freehold,791984.2105263158,829700.0,19
Tower Hamlets,2022-03-01,Leasehold,641524.9591836735,539180.0,294
Tower Hamlets,2022-04-01,Freehold,944303.5714285715,840500.0,28
Tower Hamlets,2022-04-01,Leasehold,623982.2301587302,517012.5,252
Tower Hamlets,2022-05-01,Freehold,968223.6666666666,892500.0,30
Tower Hamlets,2022-05-01,Leasehold,543086.7034482759,461000.0,290
Tower Hamlets,2022-06-01,Freehold,849647.0588235294,815000.0,17
Tower Hamlets,2022-06-01,Leasehold,592348.5546218487,505000.0,357
Tower Hamlets,2022-07-01,Freehold,871694.0869565217,825000.0,23
Tower Hamlets,2022-07-01,Leasehold,574437.2354497354,485040.0,378
Tower Hamlets,2022-08-01,Freehold,987185.1851851852,960000.0,27
Tower Hamlets,2022-08-01,Leasehold,614684.1150895141,500000.0,391
Tower Hamlets,2022-09-01,Freehold,819202.6666666666,765000.0,21
Tower Hamlets,2022-09-01,Leasehold,673861.2506596306,515000.0,379
Tower Hamlets,2022-10-01,Freehold,898066.6666666666,840000.0,30
Tower Hamlets,2022-10-01,Leasehold,617659.1467889908,490000.0,327
Tower Hamlets,2022-11-01,Freehold,878263.6363636364,872500.0,22
Tower Hamlets,2022-11-01,Leasehold,545429.2321428572,485000.0,280
Tower Hamlets,2022-12-01,Freehold,1009611.1111111111,945000.0,18
Tower Hamlets,2022-12-01,Leasehold,574658.1416666667,488500.0,240
Tower Hamlets,2023-01-01,Freehold,950865.0,860000.0,13
Tower Hamlets,2023-01-01,Leasehold,553985.5512195122,475000.0,205
Tower Hamlets,2023-02-01,Freehold,1005846.1538461539,995000.0,13
Tower Hamlets,2023-02-01,Leasehold,563743.6170212766,477250.0,188
Tower Hamlets,2023-03-01,Freehold,812406.3157894737,780000.0,19
Tower Hamlets,2023-03-01,Leasehold,566470.8375634517,485000.0,197
Tower Hamlets,2023-04-01,Freehold,812036.3636363636,820000.0,11
Tower Hamlets,2023-04-01,Leasehold,582327.462264151,500000.0,106
Tower Hamlets,2023-05-01,Freehold,766294.1176470588,791000.0,17
Tower Hamlets,2023-05-01,Leasehold,600492.0546875,487500.0,128
Tower Hamlets,2023-06-01,Freehold,928333.3333333334,977500.0,18
Tower Hamlets,2023-06-01,Leasehold,566656.9186046511,460000.0,172
Tower Hamlets,2023-07-01,Freehold,944142.8571428572,825000.0,21
Tower Hamlets,2023-07-01,Leasehold,537800.069124424,500000.0,217
Tower Hamlets,2023-08-01,Freehold,909592.1052631579,785000.0,19
Tower Hamlets,2023-08-01,Leasehold,546306.4576923077,505000.0,260
Tower Hamlets,2023-09-01,Freehold,1058394.7368421052,960000.0,19
Tower Hamlets,2023-09-01,Leasehold,572519.5894039735,510595.0,302
Tower Hamlets,2023-10-01,Freehold,854866.6666666666,815000.0,15
Tower Hamlets,2023-10-01,Leasehold,554130.8584474886,500000.0,219
Tower Hamlets,2023-11-01,Freehold,911469.3076923077,879000.0,13
Tower Hamlets,2023-11-01,Leasehold,502344.72685185185,459750.0,216
Tower Hamlets,2023-12-01,Freehold,858600.0,810000.0,9
Tower Hamlets,2023-12-01,Leasehold,543459.9192546584,470000.0,161
Tower Hamlets,2024-01-01,Freehold,880166.6666666666,875500.0,12
Tower Hamlets,2024-01-01,Leasehold,595152.1571428571,438500.0,140
Tower Hamlets,2024-02-01,Freehold,1042555.5555555555,858000.0,18
Tower Hamlets,2024-02-01,Leasehold,505720.19548872183,465000.0,133
Tower Hamlets,2024-03-01,Freehold,882333.3333333334,835000.0,15
Tower Hamlets,2024-03-01,Leasehold,492056.06103286386,455000.0,213
Tower Hamlets,2024-04-01,Freehold,817526.3157894737,832000.0,19
Tower Hamlets,2024-04-01,Leasehold,512641.7708333333,455025.0,192
Tower Hamlets,2024-05-01,Freehold,851399.7222222222,835000.0,18
Tower Hamlets,2024-05-01,Leasehold,553326.0478723404,473500.0,188
Tower Hamlets,2024-06-01,Freehold,1081285.7142857143,1025000.0,14
Tower Hamlets,2024-06-01,Leasehold,615142.9148148148,580000.0,270
Tower Hamlets,2024-07-01,Freehold,964823.5294117647,855000.0,17
Tower Hamlets,2024-07-01,Leasehold,567000.6678700361,480000.0,277
Tower Hamlets,2024-08-01,Freehold,978291.6666666666,997500.0,24
Tower Hamlets,2024-08-01,Leasehold,577295.9492753623,534500.0,276
Tower Hamlets,2024-09-01,Freehold,883058.3846153846,885000.0,26
Tower Hamlets,2024-09-01,Leasehold,592041.9741697417,523000.0,271
Tower Hamlets,2024-10-01,Freehold,922770.8333333334,864000.0,24
Tower Hamlets,2024-10-01,Leasehold,582084.9329073483,540000.0,313
Tower Hamlets,2024-11-01,Freehold,886166.6666666666,820000.0,24
Tower Hamlets,2024-11-01,Leasehold,615540.9651162791,529000.0,258
Tower Hamlets,2024-12-01,Freehold,1044733.3333333334,990000.0,15
Tower Hamlets,2024-12-01,Leasehold,577528.7603686636,466500.0,217
Tower Hamlets,2025-01-01,Freehold,984466.6666666666,895000.0,15
Tower Hamlets,2025-01-01,Leasehold,583435.4636871509,450000.0,179
Tower Hamlets,2025-02-01,Freehold,949562.5,787500.0,16
Tower Hamlets,2025-02-01,Leasehold,631409.3073170732,485000.0,205
Tower Hamlets,2025-03-01,Freehold,937534.9743589744,830000.0,39
Tower Hamlets,2025-03-01,Leasehold,557011.0959692898,500000.0,521
Tower Hamlets,2025-04-01,Freehold,628500.0,640000.0,5
Tower Hamlets,2025-04-01,Leasehold,662084.0340909091,512500.0,88
Tower Hamlets,2025-05-01,Freehold,923463.1578947369,901800.0,19
Tower Hamlets,2025-05-01,Leasehold,588530.9401709401,485000.0,117
Tower Hamlets,2025-06-01,Freehold,892352.9411764706,800000.0,17
Tower Hamlets,2025-06-01,Leasehold,615396.2117117117,499925.0,222
Tower Hamlets,2025-07-01,Freehold,992753.75,905000.0,20
Tower Hamlets,2025-07-01,Leasehold,609014.7570093458,535000.0,214
Tower Hamlets,2025-08-01,Freehold,884782.84,845000.0,25
Tower Hamlets,2025-08-01,Leasehold,523278.69398907106,470000.0,183
Tower Hamlets,2025-09-01,Freehold,948320.8333333334,890000.0,24
Tower Hamlets,2025-09-01,Leasehold,514265.85142857145,450000.0,175
Tower Hamlets,2025-10-01,Freehold,1046830.0,941250.0,14
Tower Hamlets,2025-10-01,Leasehold,501645.88,462500.0,150
Tower Hamlets,2025-11-01,Freehold,1071447.3684210526,860000.0,19
Tower Hamlets,2025-11-01,Leasehold,489539.43636363634,445000.0,165
Tower Hamlets,2025-12-01,Freehold,883181.8181818182,850000.0,11
Tower Hamlets,2025-12-01,Leasehold,466974.3383458647,430000.0,133
Tower Hamlets,2026-01-01,Freehold,874666.6666666666,841250.0,18
Tower Hamlets,2026-01-01,Leasehold,492365.6538461539,430000.0,104
Tower Hamlets,2026-02-01,Freehold,667055.5555555555,648500.0,9
Tower Hamlets,2026-02-01,Leasehold,461413.8191489362,426250.0,94
Tower Hamlets,2026-03-01,Freehold,750923.0769230769,795000.0,13
Tower Hamlets,2026-03-01,Leasehold,488060.6617647059,440000.0,136
Tower Hamlets,2026-04-01,Freehold,858583.3333333334,812500.0,12
Tower Hamlets,2026-04-01,Leasehold,480054.9324324324,450000.0,74
Tower Hamlets,2026-05-01,Freehold,775500.0,753500.0,4
Tower Hamlets,2026-05-01,Leasehold,438910.7111111111,420000.0,45
Waltham Forest,2006-01-01,Freehold,241175.23671497585,227500.0,207
Waltham Forest,2006-01-01,Leasehold,156964.11290322582,150000.0,124
Waltham Forest,2006-02-01,Freehold,238351.4776119403,230000.0,201
Waltham Forest,2006-02-01,Leasehold,159134.4453125,159000.0,128
Waltham Forest,2006-03-01,Freehold,240464.04365079364,234250.0,252
Waltham Forest,2006-03-01,Leasehold,152441.64705882352,152000.0,170
Waltham Forest,2006-04-01,Freehold,244843.45933014355,233500.0,209
Waltham Forest,2006-04-01,Leasehold,155006.12765957447,155000.0,141
Waltham Forest,2006-05-01,Freehold,244768.13524590165,230000.0,244
Waltham Forest,2006-05-01,Leasehold,158166.5039370079,160000.0,127
Waltham Forest,2006-06-01,Freehold,249119.93984962406,237000.0,266
Waltham Forest,2006-06-01,Leasehold,161537.01807228915,160000.0,166
Waltham Forest,2006-07-01,Freehold,260879.97683397683,243500.0,259
Waltham Forest,2006-07-01,Leasehold,173689.75690607735,168000.0,181
Waltham Forest,2006-08-01,Freehold,259168.91304347827,245000.0,299
Waltham Forest,2006-08-01,Leasehold,166571.46568627452,162000.0,204
Waltham Forest,2006-09-01,Freehold,256045.6869918699,240500.0,246
Waltham Forest,2006-09-01,Leasehold,175991.2784090909,170000.0,176
Waltham Forest,2006-10-01,Freehold,265540.28222996515,246000.0,287
Waltham Forest,2006-10-01,Leasehold,179485.58095238096,175000.0,210
Waltham Forest,2006-11-01,Freehold,255903.97260273973,240000.0,292
Waltham Forest,2006-11-01,Leasehold,180930.86574074073,175000.0,216
Waltham Forest,2006-12-01,Freehold,266454.21428571426,250000.0,266
Waltham Forest,2006-12-01,Leasehold,179497.30890052355,174000.0,191
Waltham Forest,2007-01-01,Freehold,264638.86574074073,250000.0,216
Waltham Forest,2007-01-01,Leasehold,189003.47586206897,183000.0,145
Waltham Forest,2007-02-01,Freehold,275937.44019138755,250000.0,209
Waltham Forest,2007-02-01,Leasehold,189822.95757575758,183000.0,165
Waltham Forest,2007-03-01,Freehold,266488.44491525425,250000.0,236
Waltham Forest,2007-03-01,Leasehold,182895.28292682927,175000.0,205
Waltham Forest,2007-04-01,Freehold,284014.39631336404,252000.0,217
Waltham Forest,2007-04-01,Leasehold,186155.8275862069,183000.0,145
Waltham Forest,2007-05-01,Freehold,276780.339055794,250000.0,233
Waltham Forest,2007-05-01,Leasehold,191110.10404624278,185000.0,173
Waltham Forest,2007-06-01,Freehold,284364.37704918033,265000.0,244
Waltham Forest,2007-06-01,Leasehold,194303.97826086957,195000.0,230
Waltham Forest,2007-07-01,Freehold,297024.26568265684,275000.0,271
Waltham Forest,2007-07-01,Leasehold,188545.45398773006,188000.0,163
Waltham Forest,2007-08-01,Freehold,301676.24742268043,278000.0,291
Waltham Forest,2007-08-01,Leasehold,196753.8776371308,195000.0,237
Waltham Forest,2007-09-01,Freehold,294279.94491525425,282250.0,236
Waltham Forest,2007-09-01,Leasehold,192764.8563218391,193997.5,174
Waltham Forest,2007-10-01,Freehold,300456.4105691057,285000.0,246
Waltham Forest,2007-10-01,Leasehold,196258.90374331552,195000.0,187
Waltham Forest,2007-11-01,Freehold,296099.0536585366,275000.0,205
Waltham Forest,2007-11-01,Leasehold,195622.85714285713,191500.0,175
Waltham Forest,2007-12-01,Freehold,296890.3614457831,283500.0,166
Waltham Forest,2007-12-01,Leasehold,196136.9758064516,195000.0,124
Waltham Forest,2008-01-01,Freehold,293248.6330935252,270000.0,139
Waltham Forest,2008-01-01,Leasehold,201973.85344827586,198747.5,116
Waltham Forest,2008-02-01,Freehold,282219.97520661156,270000.0,121
Waltham Forest,2008-02-01,Leasehold,197186.6935483871,200000.0,124
Waltham Forest,2008-03-01,Freehold,298028.152173913,269500.0,138
Waltham Forest,2008-03-01,Leasehold,190631.6595744681,190000.0,94
Waltham Forest,2008-04-01,Freehold,294938.6891891892,275000.0,148
Waltham Forest,2008-04-01,Leasehold,185344.248,194000.0,125
Waltham Forest,2008-05-01,Freehold,285365.62790697673,265000.0,129
Waltham Forest,2008-05-01,Leasehold,194759.74226804124,193000.0,97
Waltham Forest,2008-06-01,Freehold,291887.56923076924,269000.0,130
Waltham Forest,2008-06-01,Leasehold,192660.93333333332,193500.0,90
Waltham Forest,2008-07-01,Freehold,274270.69523809524,250000.0,105
Waltham Forest,2008-07-01,Leasehold,196128.63366336634,196000.0,101
Waltham Forest,2008-08-01,Freehold,270269.76470588235,250000.0,119
Waltham Forest,2008-08-01,Leasehold,185010.8108108108,182500.0,74
Waltham Forest,2008-09-01,Freehold,252218.14285714287,248500.0,105
Waltham Forest,2008-09-01,Leasehold,181220.55,180000.0,60
Waltham Forest,2008-10-01,Freehold,249833.17204301077,240000.0,93
Waltham Forest,2008-10-01,Leasehold,171335.1590909091,175000.0,88
Waltham Forest,2008-11-01,Freehold,243275.223880597,243000.0,67
Waltham Forest,2008-11-01,Leasehold,168738.4,173000.0,45
Waltham Forest,2008-12-01,Freehold,241327.43421052632,235000.0,76
Waltham Forest,2008-12-01,Leasehold,167803.4,165000.0,50
Waltham Forest,2009-01-01,Freehold,265601.30136986304,245000.0,73
Waltham Forest,2009-01-01,Leasehold,173517.5,175000.0,38
Waltham Forest,2009-02-01,Freehold,225140.84507042254,221000.0,71
Waltham Forest,2009-02-01,Leasehold,152185.1851851852,150000.0,27
Waltham Forest,2009-03-01,Freehold,225262.22222222222,216000.0,63
Waltham Forest,2009-03-01,Leasehold,154069.84905660377,155000.0,53
Waltham Forest,2009-04-01,Freehold,238717.18666666668,225000.0,75
Waltham Forest,2009-04-01,Leasehold,179203.0909090909,165000.0,33
Waltham Forest,2009-05-01,Freehold,236665.69620253163,230000.0,79
Waltham Forest,2009-05-01,Leasehold,163002.8,155000.0,50
Waltham Forest,2009-06-01,Freehold,239242.52727272728,237500.0,110
Waltham Forest,2009-06-01,Leasehold,151681.81818181818,156500.0,44
Waltham Forest,2009-07-01,Freehold,237946.73076923078,232500.0,156
Waltham Forest,2009-07-01,Leasehold,162214.828125,160000.0,64
Waltham Forest,2009-08-01,Freehold,253520.5072463768,234000.0,138
Waltham Forest,2009-08-01,Leasehold,157298.0357142857,156000.0,56
Waltham Forest,2009-09-01,Freehold,265775.65573770495,250000.0,122
Waltham Forest,2009-09-01,Leasehold,174841.2857142857,171250.0,70
Waltham Forest,2009-10-01,Freehold,255529.90588235293,242500.0,170
Waltham Forest,2009-10-01,Leasehold,161836.52,163000.0,75
Waltham Forest,2009-11-01,Freehold,258400.37404580152,247000.0,131
Waltham Forest,2009-11-01,Leasehold,169535.7605633803,170000.0,71
Waltham Forest,2009-12-01,Freehold,255377.15447154472,240000.0,123
Waltham Forest,2009-12-01,Leasehold,175089.9019607843,170500.0,102
Waltham Forest,2010-01-01,Freehold,259755.2233009709,250000.0,103
Waltham Forest,2010-01-01,Leasehold,166117.1052631579,175000.0,38
Waltham Forest,2010-02-01,Freehold,268951.22807017545,250000.0,114
Waltham Forest,2010-02-01,Leasehold,174020.0,172000.0,58
Waltham Forest,2010-03-01,Freehold,268955.6140350877,250000.0,114
Waltham Forest,2010-03-01,Leasehold,175905.65217391305,175000.0,69
Waltham Forest,2010-04-01,Freehold,281288.1553398058,250000.0,103
Waltham Forest,2010-04-01,Leasehold,173885.9649122807,175000.0,57
Waltham Forest,2010-05-01,Freehold,274819.0227272727,250000.0,88
Waltham Forest,2010-05-01,Leasehold,169737.45901639343,158000.0,61
Waltham Forest,2010-06-01,Freehold,268712.6241134752,249995.0,141
Waltham Forest,2010-06-01,Leasehold,168415.05319148937,167250.0,94
Waltham Forest,2010-07-01,Freehold,282284.5833333333,250000.0,144
Waltham Forest,2010-07-01,Leasehold,181538.80952380953,180000.0,84
Waltham Forest,2010-08-01,Freehold,278240.76,250000.0,125
Waltham Forest,2010-08-01,Leasehold,172496.93023255814,173750.0,86
Waltham Forest,2010-09-01,Freehold,276428.91791044775,253000.0,134
Waltham Forest,2010-09-01,Leasehold,176842.93220338982,170000.0,59
Waltham Forest,2010-10-01,Freehold,279678.8854961832,250000.0,131
Waltham Forest,2010-10-01,Leasehold,171034.19753086418,174000.0,81
Waltham Forest,2010-11-01,Freehold,276405.2983870968,250000.0,124
Waltham Forest,2010-11-01,Leasehold,165411.4411764706,165000.0,68
Waltham Forest,2010-12-01,Freehold,263056.89344262297,249999.5,122
Waltham Forest,2010-12-01,Leasehold,176871.46153846153,180000.0,65
Waltham Forest,2011-01-01,Freehold,254767.98969072165,248000.0,97
Waltham Forest,2011-01-01,Leasehold,167419.35483870967,167750.0,62
Waltham Forest,2011-02-01,Freehold,268120.84821428574,250000.0,112
Waltham Forest,2011-02-01,Leasehold,167533.36538461538,169997.5,52
Waltham Forest,2011-03-01,Freehold,275557.19548872183,250000.0,133
Waltham Forest,2011-03-01,Leasehold,169785.59322033898,168500.0,59
Waltham Forest,2011-04-01,Freehold,267948.8316831683,250000.0,101
Waltham Forest,2011-04-01,Leasehold,168685.75471698114,166100.0,53
Waltham Forest,2011-05-01,Freehold,277864.79439252336,255000.0,107
Waltham Forest,2011-05-01,Leasehold,173695.53703703705,178500.0,54
Waltham Forest,2011-06-01,Freehold,276250.68695652176,250000.0,115
Waltham Forest,2011-06-01,Leasehold,169326.92307692306,165500.0,78
Waltham Forest,2011-07-01,Freehold,280675.76,250000.0,125
Waltham Forest,2011-07-01,Leasehold,174978.0625,180000.0,80
Waltham Forest,2011-08-01,Freehold,284926.14649681526,266000.0,157
Waltham Forest,2011-08-01,Leasehold,173902.06896551725,170000.0,87
Waltham Forest,2011-09-01,Freehold,276176.992481203,260000.0,133
Waltham Forest,2011-09-01,Leasehold,174602.2619047619,171500.0,84
Waltham Forest,2011-10-01,Freehold,297406.37209302327,270000.0,129
Waltham Forest,2011-10-01,Leasehold,177229.29411764705,172500.0,85
Waltham Forest,2011-11-01,Freehold,288105.38759689924,256500.0,129
Waltham Forest,2011-11-01,Leasehold,169038.65384615384,167250.0,78
Waltham Forest,2011-12-01,Freehold,295100.7573529412,275000.0,136
Waltham Forest,2011-12-01,Leasehold,175830.88095238095,168500.0,84
Waltham Forest,2012-01-01,Freehold,279190.59821428574,265000.0,112
Waltham Forest,2012-01-01,Leasehold,166341.25,168750.0,52
Waltham Forest,2012-02-01,Freehold,269352.06796116504,250000.0,103
Waltham Forest,2012-02-01,Leasehold,172134.0163934426,173000.0,61
Waltham Forest,2012-03-01,Freehold,273679.92907801416,249000.0,141
Waltham Forest,2012-03-01,Leasehold,177108.63636363635,180000.0,110
Waltham Forest,2012-04-01,Freehold,303985.40476190473,289000.0,84
Waltham Forest,2012-04-01,Leasehold,165603.53658536586,165000.0,41
Waltham Forest,2012-05-01,Freehold,299737.7043478261,275000.0,115
Waltham Forest,2012-05-01,Leasehold,189420.0,189972.5,44
Waltham Forest,2012-06-01,Freehold,316728.25757575757,285000.0,132
Waltham Forest,2012-06-01,Leasehold,183560.13888888888,181500.0,72
Waltham Forest,2012-07-01,Freehold,305081.4705882353,280000.0,136
Waltham Forest,2012-07-01,Leasehold,182752.03125,185000.0,64
Waltham Forest,2012-08-01,Freehold,287014.87586206896,272000.0,145
Waltham Forest,2012-08-01,Leasehold,182905.25,185000.0,96
Waltham Forest,2012-09-01,Freehold,292849.17647058825,285000.0,119
Waltham Forest,2012-09-01,Leasehold,182696.55737704918,185000.0,61
Waltham Forest,2012-10-01,Freehold,296412.9104477612,285000.0,134
Waltham Forest,2012-10-01,Leasehold,168578.06666666668,163500.0,75
Waltham Forest,2012-11-01,Freehold,296123.3,276000.0,150
Waltham Forest,2012-11-01,Leasehold,181461.9534883721,176997.5,86
Waltham Forest,2012-12-01,Freehold,290343.88,265000.0,125
Waltham Forest,2012-12-01,Leasehold,190064.51219512196,184500.0,82
Waltham Forest,2013-01-01,Freehold,292857.0576923077,275000.0,104
Waltham Forest,2013-01-01,Leasehold,179164.02985074627,181000.0,67
Waltham Forest,2013-02-01,Freehold,296136.0,274000.0,109
Waltham Forest,2013-02-01,Leasehold,189335.01265822785,190000.0,79
Waltham Forest,2013-03-01,Freehold,313474.23255813954,292000.0,129
Waltham Forest,2013-03-01,Leasehold,188103.18181818182,190000.0,77
Waltham Forest,2013-04-01,Freehold,296818.9140625,285000.0,128
Waltham Forest,2013-04-01,Leasehold,190673.60655737706,195000.0,61
Waltham Forest,2013-05-01,Freehold,317002.24647887325,288497.5,142
Waltham Forest,2013-05-01,Leasehold,194491.94736842104,198000.0,76
Waltham Forest,2013-06-01,Freehold,309772.26612903224,301250.0,124
Waltham Forest,2013-06-01,Leasehold,189527.05479452055,185000.0,73
Waltham Forest,2013-07-01,Freehold,333237.9837837838,312500.0,185
Waltham Forest,2013-07-01,Leasehold,197685.88541666666,191500.0,96
Waltham Forest,2013-08-01,Freehold,334601.400990099,310000.0,202
Waltham Forest,2013-08-01,Leasehold,207207.87234042553,195000.0,94
Waltham Forest,2013-09-01,Freehold,336634.0131578947,323750.0,152
Waltham Forest,2013-09-01,Leasehold,206844.47916666666,203250.0,96
Waltham Forest,2013-10-01,Freehold,348289.087431694,324000.0,183
Waltham Forest,2013-10-01,Leasehold,214486.50877192983,203500.0,114
Waltham Forest,2013-11-01,Freehold,356735.9509202454,335000.0,163
Waltham Forest,2013-11-01,Leasehold,213643.53781512604,218000.0,119
Waltham Forest,2013-12-01,Freehold,364539.3093922652,340000.0,181
Waltham Forest,2013-12-01,Leasehold,214513.67479674798,212500.0,123
Waltham Forest,2014-01-01,Freehold,365051.2269503546,337500.0,141
Waltham Forest,2014-01-01,Leasehold,221385.3260869565,211000.0,92
Waltham Forest,2014-02-01,Freehold,366526.25850340136,350000.0,147
Waltham Forest,2014-02-01,Leasehold,234956.08181818182,240000.0,110
Waltham Forest,2014-03-01,Freehold,371580.6014492754,366000.0,138
Waltham Forest,2014-03-01,Leasehold,232676.20547945207,230300.0,146
Waltham Forest,2014-04-01,Freehold,388344.9236641221,380000.0,131
Waltham Forest,2014-04-01,Leasehold,231637.01612903227,230000.0,124
Waltham Forest,2014-05-01,Freehold,389852.2129032258,385000.0,155
Waltham Forest,2014-05-01,Leasehold,244459.93209876542,250000.0,162
Waltham Forest,2014-06-01,Freehold,417047.61363636365,397497.5,132
Waltham Forest,2014-06-01,Leasehold,250529.69512195123,244000.0,164
Waltham Forest,2014-07-01,Freehold,420247.34736842103,410000.0,190
Waltham Forest,2014-07-01,Leasehold,260147.68666666668,250000.0,150
Waltham Forest,2014-08-01,Freehold,427752.7358490566,410000.0,159
Waltham Forest,2014-08-01,Leasehold,260459.79375,250000.0,160
Waltham Forest,2014-09-01,Freehold,431273.65853658534,414750.0,164
Waltham Forest,2014-09-01,Leasehold,271776.13333333336,272000.0,135
Waltham Forest,2014-10-01,Freehold,419440.2586206897,394000.0,174
Waltham Forest,2014-10-01,Leasehold,275125.85350318474,275000.0,157
Waltham Forest,2014-11-01,Freehold,429287.0654761905,415000.0,168
Waltham Forest,2014-11-01,Leasehold,265513.66972477065,260000.0,109
Waltham Forest,2014-12-01,Freehold,423139.7048192771,404000.0,166
Waltham Forest,2014-12-01,Leasehold,259697.32,250000.0,100
Waltham Forest,2015-01-01,Freehold,403603.44444444444,386147.5,126
Waltham Forest,2015-01-01,Leasehold,266335.0,258500.0,104
Waltham Forest,2015-02-01,Freehold,434216.63636363635,410000.0,132
Waltham Forest,2015-02-01,Leasehold,257817.38541666666,250000.0,96
Waltham Forest,2015-03-01,Freehold,427757.3076923077,420000.0,143
Waltham Forest,2015-03-01,Leasehold,296554.83950617287,296250.0,162
Waltham Forest,2015-04-01,Freehold,433410.9842519685,425000.0,127
Waltham Forest,2015-04-01,Leasehold,315620.0961538461,316500.0,156
Waltham Forest,2015-05-01,Freehold,430517.511627907,405000.0,129
Waltham Forest,2015-05-01,Leasehold,281965.91346153844,275000.0,104
Waltham Forest,2015-06-01,Freehold,459054.99333333335,429375.0,150
Waltham Forest,2015-06-01,Leasehold,293005.91338582675,300000.0,127
Waltham Forest,2015-07-01,Freehold,450935.5904255319,438500.0,188
Waltham Forest,2015-07-01,Leasehold,294351.55629139073,287000.0,151
Waltham Forest,2015-08-01,Freehold,467373.2021857923,450000.0,183
Waltham Forest,2015-08-01,Leasehold,301576.56589147286,310000.0,129
Waltham Forest,2015-09-01,Freehold,484060.6984126984,460000.0,189
Waltham Forest,2015-09-01,Leasehold,286944.2125984252,287000.0,127
Waltham Forest,2015-10-01,Freehold,489039.11904761905,480000.0,168
Waltham Forest,2015-10-01,Leasehold,300334.43548387097,302500.0,124
Waltham Forest,2015-11-01,Freehold,484932.78089887643,463000.0,178
Waltham Forest,2015-11-01,Leasehold,312475.3671875,319997.5,128
Waltham Forest,2015-12-01,Freehold,494936.8765432099,480000.0,162
Waltham Forest,2015-12-01,Leasehold,291954.6956521739,288000.0,115
Waltham Forest,2016-01-01,Freehold,496182.65034965036,480000.0,143
Waltham Forest,2016-01-01,Leasehold,312400.462962963,316000.0,108
Waltham Forest,2016-02-01,Freehold,491688.05263157893,475000.0,133
Waltham Forest,2016-02-01,Leasehold,334799.5652173913,335000.0,115
Waltham Forest,2016-03-01,Freehold,519727.0599078341,489000.0,217
Waltham Forest,2016-03-01,Leasehold,315072.9619565217,325000.0,184
Waltham Forest,2016-04-01,Freehold,526879.4090909091,513750.0,66
Waltham Forest,2016-04-01,Leasehold,323472.8350515464,330000.0,97
Waltham Forest,2016-05-01,Freehold,520235.6382978723,512000.0,94
Waltham Forest,2016-05-01,Leasehold,333555.42696629214,345000.0,89
Waltham Forest,2016-06-01,Freehold,549511.4818181818,547500.0,110
Waltham Forest,2016-06-01,Leasehold,327786.74782608694,340000.0,115
Waltham Forest,2016-07-01,Freehold,534040.9834710744,500000.0,121
Waltham Forest,2016-07-01,Leasehold,328981.726618705,330000.0,139
Waltham Forest,2016-08-01,Freehold,532441.3880597015,511000.0,134
Waltham Forest,2016-08-01,Leasehold,353372.0131578947,352025.0,152
Waltham Forest,2016-09-01,Freehold,528054.2608695652,515000.0,115
Waltham Forest,2016-09-01,Leasehold,346658.46527777775,347997.5,144
Waltham Forest,2016-10-01,Freehold,542052.6481481482,524500.0,162
Waltham Forest,2016-10-01,Leasehold,362042.80672268907,365150.0,119
Waltham Forest,2016-11-01,Freehold,537504.3859649122,535000.0,114
Waltham Forest,2016-11-01,Leasehold,377364.7016129032,375250.0,124
Waltham Forest,2016-12-01,Freehold,525228.375,512500.0,112
Waltham Forest,2016-12-01,Leasehold,353706.37903225806,362500.0,124
Waltham Forest,2017-01-01,Freehold,539693.3407407408,520000.0,135
Waltham Forest,2017-01-01,Leasehold,344798.1460674157,360000.0,89
Waltham Forest,2017-02-01,Freehold,563288.7428571428,520000.0,105
Waltham Forest,2017-02-01,Leasehold,338435.2660550459,339950.0,109
Waltham Forest,2017-03-01,Freehold,549884.1879699248,520000.0,133
Waltham Forest,2017-03-01,Leasehold,337633.63636363635,342500.0,110
Waltham Forest,2017-04-01,Freehold,530746.1739130435,532500.0,92
Waltham Forest,2017-04-01,Leasehold,341973.87341772154,350000.0,79
Waltham Forest,2017-05-01,Freehold,537180.9369369369,519000.0,111
Waltham Forest,2017-05-01,Leasehold,335730.8947368421,326750.0,76
Waltham Forest,2017-06-01,Freehold,546170.4130434783,522500.0,138
Waltham Forest,2017-06-01,Leasehold,327048.97321428574,324000.0,112
Waltham Forest,2017-07-01,Freehold,568957.7310344827,550000.0,145
Waltham Forest,2017-07-01,Leasehold,348400.30693069304,353000.0,101
Waltham Forest,2017-08-01,Freehold,556217.1702127659,551000.0,141
Waltham Forest,2017-08-01,Leasehold,344328.3157894737,341250.0,114
Waltham Forest,2017-09-01,Freehold,544208.251908397,526500.0,131
Waltham Forest,2017-09-01,Leasehold,336489.7196261682,335000.0,107
Waltham Forest,2017-10-01,Freehold,583321.8104575163,545000.0,153
Waltham Forest,2017-10-01,Leasehold,360692.25423728814,365000.0,118
Waltham Forest,2017-11-01,Freehold,546549.214953271,515000.0,107
Waltham Forest,2017-11-01,Leasehold,354305.55462184874,350000.0,119
Waltham Forest,2017-12-01,Freehold,560127.0839694657,542000.0,131
Waltham Forest,2017-12-01,Leasehold,365258.96226415096,359999.5,106
Waltham Forest,2018-01-01,Freehold,591796.5142857142,540000.0,105
Waltham Forest,2018-01-01,Leasehold,357640.41095890413,369000.0,73
Waltham Forest,2018-02-01,Freehold,543831.9833333333,520000.0,120
Waltham Forest,2018-02-01,Leasehold,356356.2028985507,360000.0,69
Waltham Forest,2018-03-01,Freehold,553852.6363636364,526000.0,110
Waltham Forest,2018-03-01,Leasehold,346349.42268041236,350000.0,97
Waltham Forest,2018-04-01,Freehold,552608.659574468,510250.0,94
Waltham Forest,2018-04-01,Leasehold,352261.0,354500.0,74
Waltham Forest,2018-05-01,Freehold,556755.6086956522,552000.0,115
Waltham Forest,2018-05-01,Leasehold,352609.4,347000.0,100
Waltham Forest,2018-06-01,Freehold,543722.0288461539,511000.0,104
Waltham Forest,2018-06-01,Leasehold,337706.05303030304,315000.0,132
Waltham Forest,2018-07-01,Freehold,557412.7301587302,530000.0,126
Waltham Forest,2018-07-01,Leasehold,356504.8682170543,360000.0,129
Waltham Forest,2018-08-01,Freehold,569456.5209580838,560000.0,167
Waltham Forest,2018-08-01,Leasehold,377879.4696969697,375000.0,132
Waltham Forest,2018-09-01,Freehold,562468.4126984127,556500.0,126
Waltham Forest,2018-09-01,Leasehold,383789.390625,385500.0,128
Waltham Forest,2018-10-01,Freehold,552858.3720930233,540000.0,129
Waltham Forest,2018-10-01,Leasehold,362333.6341463415,375000.0,123
Waltham Forest,2018-11-01,Freehold,562061.9635036497,535000.0,137
Waltham Forest,2018-11-01,Leasehold,345501.4964028777,352500.0,139
Waltham Forest,2018-12-01,Freehold,586603.2352941176,550000.0,119
Waltham Forest,2018-12-01,Leasehold,436665.8415841584,441500.0,202
Waltham Forest,2019-01-01,Freehold,525874.0948275862,502500.0,116
Waltham Forest,2019-01-01,Leasehold,373340.6222222222,390000.0,90
Waltham Forest,2019-02-01,Freehold,555097.32,550000.0,75
Waltham Forest,2019-02-01,Leasehold,369347.68292682926,376000.0,82
Waltham Forest,2019-03-01,Freehold,530524.6568627451,500000.0,102
Waltham Forest,2019-03-01,Leasehold,369164.6477272727,374250.0,88
Waltham Forest,2019-04-01,Freehold,555851.1428571428,530000.0,91
Waltham Forest,2019-04-01,Leasehold,403477.125,387500.0,72
Waltham Forest,2019-05-01,Freehold,564927.3118279569,536000.0,93
Waltham Forest,2019-05-01,Leasehold,358188.37362637365,352000.0,91
Waltham Forest,2019-06-01,Freehold,568169.1343283582,530000.0,134
Waltham Forest,2019-06-01,Leasehold,407475.0970873786,399995.0,206
Waltham Forest,2019-07-01,Freehold,567414.8986486486,550000.0,148
Waltham Forest,2019-07-01,Leasehold,370651.76923076925,360000.0,130
Waltham Forest,2019-08-01,Freehold,578699.7372262774,570000.0,137
Waltham Forest,2019-08-01,Leasehold,371968.0133333333,363750.0,150
Waltham Forest,2019-09-01,Freehold,571315.0370370371,535000.0,135
Waltham Forest,2019-09-01,Leasehold,378618.55555555556,375050.0,108
Waltham Forest,2019-10-01,Freehold,547953.75,525000.0,132
Waltham Forest,2019-10-01,Leasehold,355663.56,364625.0,100
Waltham Forest,2019-11-01,Freehold,574105.2406015038,562000.0,133
Waltham Forest,2019-11-01,Leasehold,377097.64646464644,386000.0,99
Waltham Forest,2019-12-01,Freehold,571852.4957264957,535000.0,117
Waltham Forest,2019-12-01,Leasehold,407119.05555555556,424125.0,162
Waltham Forest,2020-01-01,Freehold,559175.8558558559,535000.0,111
Waltham Forest,2020-01-01,Leasehold,357914.8101265823,357000.0,79
Waltham Forest,2020-02-01,Freehold,543412.1386138614,520000.0,101
Waltham Forest,2020-02-01,Leasehold,349481.7073170732,340500.0,82
Waltham Forest,2020-03-01,Freehold,552038.4615384615,526250.0,104
Waltham Forest,2020-03-01,Leasehold,404518.51851851854,410250.0,108
Waltham Forest,2020-04-01,Freehold,580316.3265306122,550000.0,49
Waltham Forest,2020-04-01,Leasehold,379636.4074074074,375000.0,54
Waltham Forest,2020-05-01,Freehold,559368.4523809524,559250.0,42
Waltham Forest,2020-05-01,Leasehold,353588.8888888889,350000.0,45
Waltham Forest,2020-06-01,Freehold,577253.8194444445,567500.0,72
Waltham Forest,2020-06-01,Leasehold,386737.5862068966,380000.0,87
Waltham Forest,2020-07-01,Freehold,567995.5346534654,549950.0,101
Waltham Forest,2020-07-01,Leasehold,352484.21348314604,340000.0,89
Waltham Forest,2020-08-01,Freehold,596497.0333333333,567500.0,120
Waltham Forest,2020-08-01,Leasehold,366182.97872340423,359000.0,94
Waltham Forest,2020-09-01,Freehold,620596.3457943925,600000.0,107
Waltham Forest,2020-09-01,Leasehold,394735.76271186443,395075.0,118
Waltham Forest,2020-10-01,Freehold,610650.9444444445,587375.0,144
Waltham Forest,2020-10-01,Leasehold,392952.7027027027,405000.0,111
Waltham Forest,2020-11-01,Freehold,612030.690647482,591500.0,139
Waltham Forest,2020-11-01,Leasehold,392557.5630252101,410000.0,119
Waltham Forest,2020-12-01,Freehold,606066.8497409327,567500.0,193
Waltham Forest,2020-12-01,Leasehold,372500.10447761195,377500.0,134
Waltham Forest,2021-01-01,Freehold,595228.5098039216,565125.0,153
Waltham Forest,2021-01-01,Leasehold,388486.53571428574,393750.0,112
Waltham Forest,2021-02-01,Freehold,619679.6465517242,600000.0,232
Waltham Forest,2021-02-01,Leasehold,393141.3103448276,405000.0,145
Waltham Forest,2021-03-01,Freehold,622160.9611940299,600000.0,335
Waltham Forest,2021-03-01,Leasehold,383911.47441860463,385612.0,215
Waltham Forest,2021-04-01,Freehold,593920.3167701863,565000.0,161
Waltham Forest,2021-04-01,Leasehold,387592.7874015748,385000.0,127
Waltham Forest,2021-05-01,Freehold,615086.0763888889,600000.0,144
Waltham Forest,2021-05-01,Leasehold,377100.8,385000.0,110
Waltham Forest,2021-06-01,Freehold,640900.3037190082,605000.0,484
Waltham Forest,2021-06-01,Leasehold,385618.1850828729,393000.0,362
Waltham Forest,2021-07-01,Freehold,625777.96875,578600.0,32
Waltham Forest,2021-07-01,Leasehold,386565.3409090909,382500.0,44
Waltham Forest,2021-08-01,Freehold,627509.8817204301,600000.0,93
Waltham Forest,2021-08-01,Leasehold,352276.34146341466,351000.0,82
Waltham Forest,2021-09-01,Freehold,649033.0267857143,625000.0,224
Waltham Forest,2021-09-01,Leasehold,377405.5661375661,367500.0,189
Waltham Forest,2021-10-01,Freehold,651987.9032258064,621500.0,62
Waltham Forest,2021-10-01,Leasehold,371392.1052631579,378000.0,95
Waltham Forest,2021-11-01,Freehold,622689.25,615000.0,100
Waltham Forest,2021-11-01,Leasehold,379582.2727272727,375250.0,99
Waltham Forest,2021-12-01,Freehold,644580.0458715596,615000.0,109
Waltham Forest,2021-12-01,Leasehold,404127.71165644174,405000.0,163
Waltham Forest,2022-01-01,Freehold,620986.2333333333,598775.0,90
Waltham Forest,2022-01-01,Leasehold,394197.00980392157,405000.0,102
Waltham Forest,2022-02-01,Freehold,648155.6701030928,595000.0,97
Waltham Forest,2022-02-01,Leasehold,372338.7238095238,375000.0,105
Waltham Forest,2022-03-01,Freehold,617033.4375,618000.0,128
Waltham Forest,2022-03-01,Leasehold,399554.8206896552,390000.0,145
Waltham Forest,2022-04-01,Freehold,655948.4019607843,625000.0,102
Waltham Forest,2022-04-01,Leasehold,372576.5517241379,372500.0,116
Waltham Forest,2022-05-01,Freehold,643679.1338582677,618500.0,127
Waltham Forest,2022-05-01,Leasehold,380398.36363636365,370500.0,88
Waltham Forest,2022-06-01,Freehold,681350.1623931624,681250.0,117
Waltham Forest,2022-06-01,Leasehold,413035.5323741007,420980.0,139
Waltham Forest,2022-07-01,Freehold,698489.2987804879,675000.0,164
Waltham Forest,2022-07-01,Leasehold,401643.68217054266,400000.0,129
Waltham Forest,2022-08-01,Freehold,724088.1794871795,701000.0,156
Waltham Forest,2022-08-01,Leasehold,401217.41803278687,400000.0,122
Waltham Forest,2022-09-01,Freehold,697143.7066666667,682500.0,150
Waltham Forest,2022-09-01,Leasehold,401678.1592920354,410000.0,113
Waltham Forest,2022-10-01,Freehold,698980.5,672500.0,150
Waltham Forest,2022-10-01,Leasehold,409636.1703703704,418000.0,135
Waltham Forest,2022-11-01,Freehold,676623.6260162601,630000.0,123
Waltham Forest,2022-11-01,Leasehold,431239.7033492823,440000.0,209
Waltham Forest,2022-12-01,Freehold,673229.1452991453,657500.0,117
Waltham Forest,2022-12-01,Leasehold,419971.50306748465,412000.0,163
Waltham Forest,2023-01-01,Freehold,678489.8314606742,653000.0,89
Waltham Forest,2023-01-01,Leasehold,409472.1538461539,413500.0,130
Waltham Forest,2023-02-01,Freehold,680966.0957446808,662500.0,94
Waltham Forest,2023-02-01,Leasehold,441842.0,450000.0,111
Waltham Forest,2023-03-01,Freehold,651745.592920354,615000.0,113
Waltham Forest,2023-03-01,Leasehold,385767.1317829457,385000.0,129
Waltham Forest,2023-04-01,Freehold,690897.1780821917,681500.0,73
Waltham Forest,2023-04-01,Leasehold,383489.61818181816,385000.0,55
Waltham Forest,2023-05-01,Freehold,681069.5604395604,640000.0,91
Waltham Forest,2023-05-01,Leasehold,384437.85714285716,384500.0,70
Waltham Forest,2023-06-01,Freehold,666535.9803921569,625000.0,102
Waltham Forest,2023-06-01,Leasehold,390034.6732673267,385000.0,101
Waltham Forest,2023-07-01,Freehold,662664.5370370371,620000.0,108
Waltham Forest,2023-07-01,Leasehold,399250.6095238095,397000.0,105
Waltham Forest,2023-08-01,Freehold,718131.8031496063,680000.0,127
Waltham Forest,2023-08-01,Leasehold,405693.9009009009,400000.0,111
Waltham Forest,2023-09-01,Freehold,658195.1652173913,625000.0,115
Waltham Forest,2023-09-01,Leasehold,413412.76691729325,407000.0,133
Waltham Forest,2023-10-01,Freehold,695347.0508474576,666250.0,118
Waltham Forest,2023-10-01,Leasehold,400571.032,395000.0,125
Waltham Forest,2023-11-01,Freehold,649656.3092783506,625000.0,97
Waltham Forest,2023-11-01,Leasehold,406941.41441441444,400000.0,111
Waltham Forest,2023-12-01,Freehold,680109.9009900991,635000.0,101
Waltham Forest,2023-12-01,Leasehold,405411.55445544556,415000.0,101
Waltham Forest,2024-01-01,Freehold,714665.3655913979,690000.0,93
Waltham Forest,2024-01-01,Leasehold,374222.59420289856,380000.0,69
Waltham Forest,2024-02-01,Freehold,679953.5145631068,674000.0,103
Waltham Forest,2024-02-01,Leasehold,382842.57608695654,386000.0,92
Waltham Forest,2024-03-01,Freehold,659500.0,642500.0,80
Waltham Forest,2024-03-01,Leasehold,393393.94444444444,404000.0,90
Waltham Forest,2024-04-01,Freehold,656442.405940594,616000.0,101
Waltham Forest,2024-04-01,Leasehold,390267.1282051282,375000.0,117
Waltham Forest,2024-05-01,Freehold,663877.680672269,645000.0,119
Waltham Forest,2024-05-01,Leasehold,393170.8144329897,392000.0,97
Waltham Forest,2024-06-01,Freehold,648207.6355140187,625000.0,107
Waltham Forest,2024-06-01,Leasehold,377731.33928571426,385000.0,112
Waltham Forest,2024-07-01,Freehold,692386.7763157894,664000.0,152
Waltham Forest,2024-07-01,Leasehold,386596.37168141594,395000.0,113
Waltham Forest,2024-08-01,Freehold,704442.2839506173,667500.0,162
Waltham Forest,2024-08-01,Leasehold,412798.01639344264,405500.0,122
Waltham Forest,2024-09-01,Freehold,698751.5666666667,680000.0,120
Waltham Forest,2024-09-01,Leasehold,398581.9318181818,400475.0,88
Waltham Forest,2024-10-01,Freehold,706840.8258064516,660000.0,155
Waltham Forest,2024-10-01,Leasehold,406938.62987012987,401000.0,154
Waltham Forest,2024-11-01,Freehold,705825.642384106,670000.0,151
Waltham Forest,2024-11-01,Leasehold,410879.14666666667,406500.0,150
Waltham Forest,2024-12-01,Freehold,720583.243697479,705000.0,119
Waltham Forest,2024-12-01,Leasehold,403381.6818181818,411250.0,110
Waltham Forest,2025-01-01,Freehold,686208.0347826087,652904.0,115
Waltham Forest,2025-01-01,Leasehold,420461.0961538461,428750.0,104
Waltham Forest,2025-02-01,Freehold,678768.696969697,635000.0,132
Waltham Forest,2025-02-01,Leasehold,408246.631147541,389000.0,122
Waltham Forest,2025-03-01,Freehold,680029.615131579,640000.0,304
Waltham Forest,2025-03-01,Leasehold,420597.6430976431,425000.0,297
Waltham Forest,2025-04-01,Freehold,684680.125,686500.0,48
Waltham Forest,2025-04-01,Leasehold,351397.8,338500.0,30
Waltham Forest,2025-05-01,Freehold,714901.2658227849,710000.0,79
Waltham Forest,2025-05-01,Leasehold,382102.21428571426,354000.0,70
Waltham Forest,2025-06-01,Freehold,697626.8318584071,667500.0,113
Waltham Forest,2025-06-01,Leasehold,402747.95454545453,401000.0,88
Waltham Forest,2025-07-01,Freehold,758579.0483870967,708500.0,124
Waltham Forest,2025-07-01,Leasehold,413422.3958333333,405000.0,96
Waltham Forest,2025-08-01,Freehold,768410.2657342658,740000.0,143
Waltham Forest,2025-08-01,Leasehold,406464.7083333333,409000.0,120
Waltham Forest,2025-09-01,Freehold,710120.7766990291,695000.0,103
Waltham Forest,2025-09-01,Leasehold,418715.0,400000.0,85
Waltham Forest,2025-10-01,Freehold,750076.4671532847,717400.0,137
Waltham Forest,2025-10-01,Leasehold,417646.3846153846,416000.0,117
Waltham Forest,2025-11-01,Freehold,746980.6692307693,730662.5,130
Waltham Forest,2025-11-01,Leasehold,412003.48039215687,417500.0,102
Waltham Forest,2025-12-01,Freehold,691985.0392156863,651000.0,102
Waltham Forest,2025-12-01,Leasehold,410897.4651162791,391250.0,86
Waltham Forest,2026-01-01,Freehold,723777.7848101265,722000.0,79
Waltham Forest,2026-01-01,Leasehold,405752.7704918033,395500.0,61
Waltham Forest,2026-02-01,Freehold,713742.0370370371,718000.0,81
Waltham Forest,2026-02-01,Leasehold,424496.49122807017,430000.0,57
Waltham Forest,2026-03-01,Freehold,707464.3787878788,730000.0,66
Waltham Forest,2026-03-01,Leasehold,396725.8461538461,397000.0,52
Waltham Forest,2026-04-01,Freehold,685958.2658227849,680000.0,79
Waltham Forest,2026-04-01,Leasehold,390433.3653846154,395000.0,52
Waltham Forest,2026-05-01,Freehold,678258.7142857143,672500.0,28
Waltham Forest,2026-05-01,Leasehold,408468.75,390000.0,16
Wandsworth,2006-01-01,Freehold,541572.5539906103,450000.0,213
Wandsworth,2006-01-01,Leasehold,274491.44537815126,245000.0,357
Wandsworth,2006-02-01,Freehold,497818.1657142857,420000.0,175
Wandsworth,2006-02-01,Leasehold,278930.1318051576,250000.0,349
Wandsworth,2006-03-01,Freehold,516560.8927038627,432500.0,233
Wandsworth,2006-03-01,Leasehold,287158.395256917,246750.0,506
Wandsworth,2006-04-01,Freehold,571751.5201612903,467750.0,248
Wandsworth,2006-04-01,Leasehold,302452.5968688845,250000.0,511
Wandsworth,2006-05-01,Freehold,602879.0411522634,495000.0,243
Wandsworth,2006-05-01,Leasehold,283820.80922431865,250000.0,477
Wandsworth,2006-06-01,Freehold,576260.4157706093,465000.0,279
Wandsworth,2006-06-01,Leasehold,302429.85185185185,257500.0,621
Wandsworth,2006-07-01,Freehold,616270.8023952096,518936.5,334
Wandsworth,2006-07-01,Leasehold,307955.2831423895,270000.0,611
Wandsworth,2006-08-01,Freehold,581540.5709459459,499999.0,296
Wandsworth,2006-08-01,Leasehold,308070.2715231788,261500.0,604
Wandsworth,2006-09-01,Freehold,658448.7946127946,563500.0,297
Wandsworth,2006-09-01,Leasehold,302326.0112,265000.0,625
Wandsworth,2006-10-01,Freehold,570695.2645914397,480000.0,257
Wandsworth,2006-10-01,Leasehold,308899.3079777365,272000.0,539
Wandsworth,2006-11-01,Freehold,571593.4647302905,472500.0,241
Wandsworth,2006-11-01,Leasehold,320139.59717314487,279000.0,566
Wandsworth,2006-12-01,Freehold,661783.1992337165,530000.0,261
Wandsworth,2006-12-01,Leasehold,335180.34455128206,298975.0,624
Wandsworth,2007-01-01,Freehold,604190.1814345991,545000.0,237
Wandsworth,2007-01-01,Leasehold,318460.21231422503,287500.0,471
Wandsworth,2007-02-01,Freehold,625369.5585106383,557500.0,188
Wandsworth,2007-02-01,Leasehold,318876.91395348834,292250.0,430
Wandsworth,2007-03-01,Freehold,655109.7195121951,508750.0,246
Wandsworth,2007-03-01,Leasehold,337680.11496350367,300000.0,548
Wandsworth,2007-04-01,Freehold,710280.5411255411,606000.0,231
Wandsworth,2007-04-01,Leasehold,341523.19334719336,310000.0,481
Wandsworth,2007-05-01,Freehold,671009.8789237668,575000.0,223
Wandsworth,2007-05-01,Leasehold,370681.0896946565,317250.0,524
Wandsworth,2007-06-01,Freehold,726664.8451327434,602500.0,226
Wandsworth,2007-06-01,Leasehold,338115.36486486485,306300.0,666
Wandsworth,2007-07-01,Freehold,801222.3180428135,687000.0,327
Wandsworth,2007-07-01,Leasehold,346497.75259515573,312250.0,578
Wandsworth,2007-08-01,Freehold,750414.6732673268,669950.0,303
Wandsworth,2007-08-01,Leasehold,360778.7093862816,325000.0,554
Wandsworth,2007-09-01,Freehold,738370.5856353592,637500.0,181
Wandsworth,2007-09-01,Leasehold,348781.38744588743,315000.0,462
Wandsworth,2007-10-01,Freehold,715298.3033707865,597475.0,178
Wandsworth,2007-10-01,Leasehold,357282.15496368037,313000.0,413
Wandsworth,2007-11-01,Freehold,728895.6720430107,640000.0,186
Wandsworth,2007-11-01,Leasehold,335651.7904040404,306750.0,396
Wandsworth,2007-12-01,Freehold,640477.1297709923,550000.0,131
Wandsworth,2007-12-01,Leasehold,336340.1787878788,315000.0,330
Wandsworth,2008-01-01,Freehold,618817.6991150442,542500.0,113
Wandsworth,2008-01-01,Leasehold,355815.17045454547,310000.0,264
Wandsworth,2008-02-01,Freehold,658857.4519230769,533750.0,104
Wandsworth,2008-02-01,Leasehold,358250.7424749164,307000.0,299
Wandsworth,2008-03-01,Freehold,705395.9401709401,593900.0,117
Wandsworth,2008-03-01,Leasehold,353231.13385826774,312750.0,254
Wandsworth,2008-04-01,Freehold,661001.2598425196,625000.0,127
Wandsworth,2008-04-01,Leasehold,349290.4024024024,317995.0,333
Wandsworth,2008-05-01,Freehold,691214.7153284672,650000.0,137
Wandsworth,2008-05-01,Leasehold,353082.61716171616,310000.0,303
Wandsworth,2008-06-01,Freehold,713187.9892473118,600000.0,93
Wandsworth,2008-06-01,Leasehold,349530.8273092369,312000.0,249
Wandsworth,2008-07-01,Freehold,811168.7407407408,632750.0,108
Wandsworth,2008-07-01,Leasehold,355812.56157635467,320000.0,203
Wandsworth,2008-08-01,Freehold,677596.69,630000.0,100
Wandsworth,2008-08-01,Leasehold,356477.77142857143,300000.0,210
Wandsworth,2008-09-01,Freehold,666613.3917525773,582500.0,97
Wandsworth,2008-09-01,Leasehold,352152.2316384181,300000.0,177
Wandsworth,2008-10-01,Freehold,562673.743902439,468750.0,82
Wandsworth,2008-10-01,Leasehold,343950.1966527197,297500.0,239
Wandsworth,2008-11-01,Freehold,596358.5423728813,544500.0,59
Wandsworth,2008-11-01,Leasehold,334320.0208333333,288310.0,144
Wandsworth,2008-12-01,Freehold,524168.3469387755,425000.0,49
Wandsworth,2008-12-01,Leasehold,331130.0895522388,302500.0,134
Wandsworth,2009-01-01,Freehold,577376.4150943396,455000.0,53
Wandsworth,2009-01-01,Leasehold,305279.78571428574,250000.0,84
Wandsworth,2009-02-01,Freehold,636354.5454545454,575250.0,44
Wandsworth,2009-02-01,Leasehold,302015.8106060606,280000.0,132
Wandsworth,2009-03-01,Freehold,596557.632183908,450000.0,87
Wandsworth,2009-03-01,Leasehold,321875.61627906974,285000.0,172
Wandsworth,2009-04-01,Freehold,574143.2291666666,500000.0,96
Wandsworth,2009-04-01,Leasehold,388728.25,276000.0,152
Wandsworth,2009-05-01,Freehold,587615.9075630252,500000.0,119
Wandsworth,2009-05-01,Leasehold,320990.12935323385,300000.0,201
Wandsworth,2009-06-01,Freehold,620025.8985507246,490750.0,138
Wandsworth,2009-06-01,Leasehold,355898.0128205128,313750.0,234
Wandsworth,2009-07-01,Freehold,643204.9523809524,575000.0,189
Wandsworth,2009-07-01,Leasehold,325239.54098360654,272000.0,305
Wandsworth,2009-08-01,Freehold,671128.905940594,574500.0,202
Wandsworth,2009-08-01,Leasehold,312619.0678571428,280000.0,280
Wandsworth,2009-09-01,Freehold,740887.3068783069,615000.0,189
Wandsworth,2009-09-01,Leasehold,339756.00348432054,315000.0,287
Wandsworth,2009-10-01,Freehold,686820.1734693878,599975.0,196
Wandsworth,2009-10-01,Leasehold,337146.0873786408,293000.0,309
Wandsworth,2009-11-01,Freehold,750389.4350282486,648000.0,177
Wandsworth,2009-11-01,Leasehold,334100.9265306122,290000.0,245
Wandsworth,2009-12-01,Freehold,728053.956043956,600000.0,182
Wandsworth,2009-12-01,Leasehold,325957.7657142857,299975.0,350
Wandsworth,2010-01-01,Freehold,701464.4890510949,592500.0,137
Wandsworth,2010-01-01,Leasehold,349801.67634854774,325000.0,241
Wandsworth,2010-02-01,Freehold,682021.619047619,577500.0,126
Wandsworth,2010-02-01,Leasehold,392944.6036036036,314500.0,222
Wandsworth,2010-03-01,Freehold,709645.0342465753,577500.0,146
Wandsworth,2010-03-01,Leasehold,346310.4151624549,318500.0,277
Wandsworth,2010-04-01,Freehold,699896.5828220859,642468.0,163
Wandsworth,2010-04-01,Leasehold,335456.71672354947,300000.0,293
Wandsworth,2010-05-01,Freehold,754973.7608695652,637500.0,138
Wandsworth,2010-05-01,Leasehold,353005.5590551181,312250.0,254
Wandsworth,2010-06-01,Freehold,754530.0,649950.0,151
Wandsworth,2010-06-01,Leasehold,351332.44923076924,314378.0,325
Wandsworth,2010-07-01,Freehold,822937.2186234818,705000.0,247
Wandsworth,2010-07-01,Leasehold,366861.29357798165,320000.0,327
Wandsworth,2010-08-01,Freehold,787804.1255411255,680000.0,231
Wandsworth,2010-08-01,Leasehold,352561.2229102167,311000.0,323
Wandsworth,2010-09-01,Freehold,755997.869047619,656810.5,168
Wandsworth,2010-09-01,Leasehold,343467.68600682594,317000.0,293
Wandsworth,2010-10-01,Freehold,664584.7565789474,600000.0,152
Wandsworth,2010-10-01,Leasehold,351292.36603773583,325000.0,265
Wandsworth,2010-11-01,Freehold,665047.7834394905,622000.0,157
Wandsworth,2010-11-01,Leasehold,357362.28252788103,315000.0,269
Wandsworth,2010-12-01,Freehold,769196.3636363636,636500.0,132
Wandsworth,2010-12-01,Leasehold,339108.66552901024,310000.0,293
Wandsworth,2011-01-01,Freehold,789564.7132352941,655000.0,136
Wandsworth,2011-01-01,Leasehold,343348.29326923075,312500.0,208
Wandsworth,2011-02-01,Freehold,741248.0,623000.0,100
Wandsworth,2011-02-01,Leasehold,378904.3145539906,300000.0,213
Wandsworth,2011-03-01,Freehold,801639.2706766918,665000.0,133
Wandsworth,2011-03-01,Leasehold,352611.58247422683,315000.0,194
Wandsworth,2011-04-01,Freehold,845910.4797297297,717500.0,148
Wandsworth,2011-04-01,Leasehold,372656.4946236559,325000.0,279
Wandsworth,2011-05-01,Freehold,706104.7279411765,635000.0,136
Wandsworth,2011-05-01,Leasehold,359358.5714285714,311250.0,252
Wandsworth,2011-06-01,Freehold,680334.7808219178,611000.0,146
Wandsworth,2011-06-01,Leasehold,375474.63636363635,361350.0,330
Wandsworth,2011-07-01,Freehold,784413.9953917051,675000.0,217
Wandsworth,2011-07-01,Leasehold,359399.3322368421,327500.0,304
Wandsworth,2011-08-01,Freehold,799759.869387755,695000.0,245
Wandsworth,2011-08-01,Leasehold,376199.136627907,336000.0,344
Wandsworth,2011-09-01,Freehold,743215.1202185792,625000.0,183
Wandsworth,2011-09-01,Leasehold,352368.6443768997,320000.0,329
Wandsworth,2011-10-01,Freehold,746286.7534246575,650000.0,146
Wandsworth,2011-10-01,Leasehold,366041.7828746177,330000.0,327
Wandsworth,2011-11-01,Freehold,793128.8661971831,608500.0,142
Wandsworth,2011-11-01,Leasehold,366880.8241758242,340000.0,273
Wandsworth,2011-12-01,Freehold,725901.6496815287,650000.0,157
Wandsworth,2011-12-01,Leasehold,363268.2801204819,330000.0,332
Wandsworth,2012-01-01,Freehold,853885.7050359712,739000.0,139
Wandsworth,2012-01-01,Leasehold,374507.82710280374,330000.0,214
Wandsworth,2012-02-01,Freehold,746219.3247863248,666850.0,117
Wandsworth,2012-02-01,Leasehold,359087.368852459,322000.0,244
Wandsworth,2012-03-01,Freehold,759090.1476510067,640678.0,149
Wandsworth,2012-03-01,Leasehold,343757.03793103446,308000.0,290
Wandsworth,2012-04-01,Freehold,833007.875,734329.0,136
Wandsworth,2012-04-01,Leasehold,374082.9198312236,340000.0,237
Wandsworth,2012-05-01,Freehold,787470.4,731000.0,135
Wandsworth,2012-05-01,Leasehold,380376.35759493674,345475.0,316
Wandsworth,2012-06-01,Freehold,800898.6708860759,675000.0,158
Wandsworth,2012-06-01,Leasehold,398728.04545454547,350000.0,352
Wandsworth,2012-07-01,Freehold,843330.8565022422,750000.0,223
Wandsworth,2012-07-01,Leasehold,399618.6245954693,375000.0,309
Wandsworth,2012-08-01,Freehold,900562.0585365854,750000.0,205
Wandsworth,2012-08-01,Leasehold,384734.1954022989,360000.0,348
Wandsworth,2012-09-01,Freehold,785152.7080291971,700000.0,137
Wandsworth,2012-09-01,Leasehold,381350.85114503815,350000.0,262
Wandsworth,2012-10-01,Freehold,745018.536231884,663500.0,138
Wandsworth,2012-10-01,Leasehold,369582.94680851063,345000.0,282
Wandsworth,2012-11-01,Freehold,775798.8072289156,702500.0,166
Wandsworth,2012-11-01,Leasehold,390048.04334365326,357500.0,323
Wandsworth,2012-12-01,Freehold,876249.6142857143,750000.0,140
Wandsworth,2012-12-01,Leasehold,422909.8409893993,375000.0,283
Wandsworth,2013-01-01,Freehold,758311.3846153846,650000.0,143
Wandsworth,2013-01-01,Leasehold,411309.42803030304,360000.0,264
Wandsworth,2013-02-01,Freehold,831585.9791666666,722500.0,96
Wandsworth,2013-02-01,Leasehold,393871.9406779661,350000.0,236
Wandsworth,2013-03-01,Freehold,854760.7009345795,745000.0,107
Wandsworth,2013-03-01,Leasehold,383399.06593406596,360000.0,273
Wandsworth,2013-04-01,Freehold,952215.2789115646,815000.0,147
Wandsworth,2013-04-01,Leasehold,412949.9769736842,382250.0,304
Wandsworth,2013-05-01,Freehold,943914.6959459459,800049.5,148
Wandsworth,2013-05-01,Leasehold,406698.6707021792,365000.0,413
Wandsworth,2013-06-01,Freehold,832285.4484848485,731652.0,165
Wandsworth,2013-06-01,Leasehold,407180.74787535414,388000.0,353
Wandsworth,2013-07-01,Freehold,964903.9568627451,820000.0,255
Wandsworth,2013-07-01,Leasehold,441537.1234567901,400001.0,405
Wandsworth,2013-08-01,Freehold,955279.4845814978,845000.0,227
Wandsworth,2013-08-01,Leasehold,452318.4155844156,415000.0,385
Wandsworth,2013-09-01,Freehold,953367.6449704142,845000.0,169
Wandsworth,2013-09-01,Leasehold,468418.38031914894,414000.0,376
Wandsworth,2013-10-01,Freehold,934818.0722891566,810000.0,166
Wandsworth,2013-10-01,Leasehold,449392.1240105541,405000.0,379
Wandsworth,2013-11-01,Freehold,960410.8901734104,795000.0,173
Wandsworth,2013-11-01,Leasehold,470882.94895591645,425000.0,431
Wandsworth,2013-12-01,Freehold,970392.2597402597,843250.0,154
Wandsworth,2013-12-01,Leasehold,448424.50912778906,415000.0,493
Wandsworth,2014-01-01,Freehold,958174.1454545455,805000.0,165
Wandsworth,2014-01-01,Leasehold,477898.0,449975.0,398
Wandsworth,2014-02-01,Freehold,994423.4383561644,860750.0,146
Wandsworth,2014-02-01,Leasehold,476265.58,429950.0,300
Wandsworth,2014-03-01,Freehold,1032777.7647058824,975000.0,119
Wandsworth,2014-03-01,Leasehold,491904.10759493674,453500.0,316
Wandsworth,2014-04-01,Freehold,1215994.119205298,1000000.0,151
Wandsworth,2014-04-01,Leasehold,489112.9166666667,454000.0,420
Wandsworth,2014-05-01,Freehold,1082214.1633986929,925000.0,153
Wandsworth,2014-05-01,Leasehold,535689.6323185011,470000.0,427
Wandsworth,2014-06-01,Freehold,1198365.8405797102,1107500.0,138
Wandsworth,2014-06-01,Leasehold,551067.1676829269,500000.0,328
Wandsworth,2014-07-01,Freehold,1211759.3841463414,1100000.0,164
Wandsworth,2014-07-01,Leasehold,520185.14814814815,460000.0,351
Wandsworth,2014-08-01,Freehold,1211092.1470588236,1155000.0,170
Wandsworth,2014-08-01,Leasehold,527817.708994709,484500.0,378
Wandsworth,2014-09-01,Freehold,1019511.7,937500.0,140
Wandsworth,2014-09-01,Leasehold,537009.2261904762,477500.0,336
Wandsworth,2014-10-01,Freehold,1022298.4841269841,925000.0,126
Wandsworth,2014-10-01,Leasehold,537686.338150289,480750.0,346
Wandsworth,2014-11-01,Freehold,1048760.7647058824,902500.0,102
Wandsworth,2014-11-01,Leasehold,514669.40063091484,465000.0,317
Wandsworth,2014-12-01,Freehold,1099956.0431034483,953000.0,116
Wandsworth,2014-12-01,Leasehold,548660.3582089553,485000.0,335
Wandsworth,2015-01-01,Freehold,1086459.4180327868,937500.0,122
Wandsworth,2015-01-01,Leasehold,507637.61010830326,444950.0,277
Wandsworth,2015-02-01,Freehold,1014642.9411764706,905000.0,85
Wandsworth,2015-02-01,Leasehold,537417.2808988764,460000.0,267
Wandsworth,2015-03-01,Freehold,1014057.612244898,895000.0,98
Wandsworth,2015-03-01,Leasehold,534774.2755905512,479500.0,254
Wandsworth,2015-04-01,Freehold,1052126.22,940000.0,100
Wandsworth,2015-04-01,Leasehold,518996.5198938992,475000.0,377
Wandsworth,2015-05-01,Freehold,1012830.0265486726,825000.0,113
Wandsworth,2015-05-01,Leasehold,537668.3834808259,490000.0,339
Wandsworth,2015-06-01,Freehold,1113602.2406015038,950000.0,133
Wandsworth,2015-06-01,Leasehold,562283.6796116505,500000.0,412
Wandsworth,2015-07-01,Freehold,1117751.4355828222,930000.0,163
Wandsworth,2015-07-01,Leasehold,562307.1533333333,524400.0,450
Wandsworth,2015-08-01,Freehold,1121319.988023952,1020000.0,167
Wandsworth,2015-08-01,Leasehold,561245.6825396825,520000.0,441
Wandsworth,2015-09-01,Freehold,1105527.5563909775,1040000.0,133
Wandsworth,2015-09-01,Leasehold,575878.5378973106,500000.0,409
Wandsworth,2015-10-01,Freehold,1113236.1006289308,945000.0,159
Wandsworth,2015-10-01,Leasehold,571387.7669683258,510000.0,442
Wandsworth,2015-11-01,Freehold,1128462.5217391304,914740.0,115
Wandsworth,2015-11-01,Leasehold,574779.8233618233,505000.0,351
Wandsworth,2015-12-01,Freehold,1040697.2792792793,910000.0,111
Wandsworth,2015-12-01,Leasehold,552063.8118279569,500000.0,372
Wandsworth,2016-01-01,Freehold,1132565.859375,990499.5,128
Wandsworth,2016-01-01,Leasehold,586491.5442176871,517500.0,294
Wandsworth,2016-02-01,Freehold,1115416.6944444445,982500.0,108
Wandsworth,2016-02-01,Leasehold,638519.7938461539,580000.0,325
Wandsworth,2016-03-01,Freehold,1156987.950617284,932000.0,243
Wandsworth,2016-03-01,Leasehold,662426.2489568846,580000.0,719
Wandsworth,2016-04-01,Freehold,1084961.2297297297,975000.0,74
Wandsworth,2016-04-01,Leasehold,697304.0258899677,605000.0,309
Wandsworth,2016-05-01,Freehold,1003357.802631579,900000.0,76
Wandsworth,2016-05-01,Leasehold,629147.7048611111,582500.0,288
Wandsworth,2016-06-01,Freehold,1172446.5247524753,975000.0,101
Wandsworth,2016-06-01,Leasehold,652020.6606683804,599995.0,389
Wandsworth,2016-07-01,Freehold,1287882.544,1177500.0,125
Wandsworth,2016-07-01,Leasehold,646803.8103975535,576000.0,327
Wandsworth,2016-08-01,Freehold,1125787.4285714286,1010000.0,119
Wandsworth,2016-08-01,Leasehold,623107.0248226951,538000.0,282
Wandsworth,2016-09-01,Freehold,1287111.8644067796,1030000.0,118
Wandsworth,2016-09-01,Leasehold,645672.6385542168,600000.0,332
Wandsworth,2016-10-01,Freehold,1049220.2409638555,925000.0,83
Wandsworth,2016-10-01,Leasehold,733762.824074074,595000.0,324
Wandsworth,2016-11-01,Freehold,1109289.3203883495,1010000.0,103
Wandsworth,2016-11-01,Leasehold,617588.4337349398,550000.0,249
Wandsworth,2016-12-01,Freehold,1243583.504854369,1050000.0,103
Wandsworth,2016-12-01,Leasehold,634583.8708708709,599995.0,333
Wandsworth,2017-01-01,Freehold,1144011.573033708,1031000.0,89
Wandsworth,2017-01-01,Leasehold,770228.7547169811,585000.0,318
Wandsworth,2017-02-01,Freehold,1180700.2650602409,1050000.0,83
Wandsworth,2017-02-01,Leasehold,667573.6597510374,532077.0,241
Wandsworth,2017-03-01,Freehold,1006028.1443298969,875000.0,97
Wandsworth,2017-03-01,Leasehold,656220.2652439025,572500.0,328
Wandsworth,2017-04-01,Freehold,1171228.9473684211,1075000.0,95
Wandsworth,2017-04-01,Leasehold,674629.1680672269,586500.0,238
Wandsworth,2017-05-01,Freehold,1016890.1509433963,922000.0,106
Wandsworth,2017-05-01,Leasehold,752259.3890675241,642500.0,311
Wandsworth,2017-06-01,Freehold,1133433.6810344828,1042500.0,116
Wandsworth,2017-06-01,Leasehold,778862.0518292683,635000.0,328
Wandsworth,2017-07-01,Freehold,1180604.9552238807,1127500.0,134
Wandsworth,2017-07-01,Leasehold,692339.3075117371,597475.0,426
Wandsworth,2017-08-01,Freehold,1266185.6615384615,1113500.0,130
Wandsworth,2017-08-01,Leasehold,655552.997752809,573946.0,445
Wandsworth,2017-09-01,Freehold,1113644.1290322582,938625.0,124
Wandsworth,2017-09-01,Leasehold,676399.2602339181,590000.0,342
Wandsworth,2017-10-01,Freehold,1087908.7142857143,967500.0,84
Wandsworth,2017-10-01,Leasehold,725240.671009772,610500.0,307
Wandsworth,2017-11-01,Freehold,1063392.3626373627,932000.0,91
Wandsworth,2017-11-01,Leasehold,623852.4507575758,532875.0,264
Wandsworth,2017-12-01,Freehold,1097076.4563106797,890000.0,103
Wandsworth,2017-12-01,Leasehold,619985.9829059829,530000.0,234
Wandsworth,2018-01-01,Freehold,1132009.4086021506,1030000.0,93
Wandsworth,2018-01-01,Leasehold,645477.8170212766,550000.0,235
Wandsworth,2018-02-01,Freehold,1139123.7234042552,1020000.0,94
Wandsworth,2018-02-01,Leasehold,584843.0314136125,520000.0,191
Wandsworth,2018-03-01,Freehold,1141558.6813186812,927481.0,91
Wandsworth,2018-03-01,Leasehold,583968.0590551181,530000.0,254
Wandsworth,2018-04-01,Freehold,1139061.5535714286,1027500.0,112
Wandsworth,2018-04-01,Leasehold,575773.2931034482,515000.0,232
Wandsworth,2018-05-01,Freehold,1164388.5321100918,1015000.0,109
Wandsworth,2018-05-01,Leasehold,621511.875432526,513000.0,289
Wandsworth,2018-06-01,Freehold,1096981.5315315316,950000.0,111
Wandsworth,2018-06-01,Leasehold,688555.4160206718,599950.0,387
Wandsworth,2018-07-01,Freehold,1184147.1307189541,985000.0,153
Wandsworth,2018-07-01,Leasehold,700303.2915451895,540750.0,343
Wandsworth,2018-08-01,Freehold,1174686.190751445,1017000.0,173
Wandsworth,2018-08-01,Leasehold,533762.5758426966,485500.0,356
Wandsworth,2018-09-01,Freehold,1126107.0636363637,950000.0,110
Wandsworth,2018-09-01,Leasehold,557907.8683127572,515000.0,243
Wandsworth,2018-10-01,Freehold,1194812.5,1055000.0,120
Wandsworth,2018-10-01,Leasehold,569505.8373205742,495000.0,209
Wandsworth,2018-11-01,Freehold,1081331.148148148,977500.0,108
Wandsworth,2018-11-01,Leasehold,692741.103343465,580000.0,329
Wandsworth,2018-12-01,Freehold,1064832.1588785048,945000.0,107
Wandsworth,2018-12-01,Leasehold,651336.5099601593,584500.0,251
Wandsworth,2019-01-01,Freehold,1196886.0,950000.0,75
Wandsworth,2019-01-01,Leasehold,661548.0506329114,585000.0,237
Wandsworth,2019-02-01,Freehold,1069848.0898876404,985000.0,89
Wandsworth,2019-02-01,Leasehold,556787.2372093024,508250.0,215
Wandsworth,2019-03-01,Freehold,1106140.121212121,950000.0,99
Wandsworth,2019-03-01,Leasehold,565402.5746606335,515000.0,221
Wandsworth,2019-04-01,Freehold,1073708.7142857143,930000.0,91
Wandsworth,2019-04-01,Leasehold,618061.1358695652,525000.0,184
Wandsworth,2019-05-01,Freehold,1026857.9732142857,975000.0,112
Wandsworth,2019-05-01,Leasehold,554600.7659574468,515000.0,235
Wandsworth,2019-06-01,Freehold,1063726.2621359224,941500.0,103
Wandsworth,2019-06-01,Leasehold,622878.1354581673,600000.0,251
Wandsworth,2019-07-01,Freehold,1226167.488095238,1115000.0,168
Wandsworth,2019-07-01,Leasehold,597707.5802469136,556000.0,324
Wandsworth,2019-08-01,Freehold,1127468.3192771084,1060500.0,166
Wandsworth,2019-08-01,Leasehold,564721.4136986302,500000.0,365
Wandsworth,2019-09-01,Freehold,1184165.3606557378,1040000.0,122
Wandsworth,2019-09-01,Leasehold,663421.6079734219,585000.0,301
Wandsworth,2019-10-01,Freehold,1034667.9130434783,921650.0,115
Wandsworth,2019-10-01,Leasehold,747870.2491467576,600000.0,293
Wandsworth,2019-11-01,Freehold,1021613.4137931034,972500.0,116
Wandsworth,2019-11-01,Leasehold,594704.4610169491,550000.0,295
Wandsworth,2019-12-01,Freehold,1139925.148148148,1018000.0,108
Wandsworth,2019-12-01,Leasehold,592249.326007326,560000.0,273
Wandsworth,2020-01-01,Freehold,1177834.3027522936,1020000.0,109
Wandsworth,2020-01-01,Leasehold,629638.9868995633,558000.0,229
Wandsworth,2020-02-01,Freehold,1056852.8414634147,964000.0,82
Wandsworth,2020-02-01,Leasehold,642144.236453202,575000.0,203
Wandsworth,2020-03-01,Freehold,1104894.9583333333,938500.0,120
Wandsworth,2020-03-01,Leasehold,670378.2957198444,600000.0,257
Wandsworth,2020-04-01,Freehold,1176537.4166666667,1100000.0,60
Wandsworth,2020-04-01,Leasehold,705484.5505617978,570000.0,89
Wandsworth,2020-05-01,Freehold,1289491.6,1200000.0,40
Wandsworth,2020-05-01,Leasehold,577136.3070175438,497500.0,114
Wandsworth,2020-06-01,Freehold,1059542.7301587302,950000.0,63
Wandsworth,2020-06-01,Leasehold,587734.6470588235,528500.0,170
Wandsworth,2020-07-01,Freehold,1224888.3945578232,1120000.0,147
Wandsworth,2020-07-01,Leasehold,644845.0981308412,580000.0,214
Wandsworth,2020-08-01,Freehold,1240300.2281879194,1095000.0,149
Wandsworth,2020-08-01,Leasehold,687259.5916666667,617500.0,240
Wandsworth,2020-09-01,Freehold,1265752.896551724,1105000.0,145
Wandsworth,2020-09-01,Leasehold,659916.8697318007,600000.0,261
Wandsworth,2020-10-01,Freehold,1254439.28125,1187500.0,160
Wandsworth,2020-10-01,Leasehold,611008.3522012578,560000.0,318
Wandsworth,2020-11-01,Freehold,1267036.028169014,1063750.0,142
Wandsworth,2020-11-01,Leasehold,589373.9768115942,555000.0,345
Wandsworth,2020-12-01,Freehold,1135384.5757575757,993125.0,198
Wandsworth,2020-12-01,Leasehold,626402.1536885246,590000.0,488
Wandsworth,2021-01-01,Freehold,1196597.1437908497,1035000.0,153
Wandsworth,2021-01-01,Leasehold,606354.2515923567,580000.0,314
Wandsworth,2021-02-01,Freehold,1154189.1666666667,985000.0,174
Wandsworth,2021-02-01,Leasehold,550906.2211838006,527500.0,321
Wandsworth,2021-03-01,Freehold,1242943.1149825784,1050000.0,287
Wandsworth,2021-03-01,Leasehold,591106.5042881647,550000.0,583
Wandsworth,2021-04-01,Freehold,1164116.1739130435,965000.0,115
Wandsworth,2021-04-01,Leasehold,564493.7046979866,500000.0,298
Wandsworth,2021-05-01,Freehold,1133958.8,1042500.0,120
Wandsworth,2021-05-01,Leasehold,632990.7301587302,525000.0,252
Wandsworth,2021-06-01,Freehold,1171818.5544554456,1077500.0,505
Wandsworth,2021-06-01,Leasehold,595341.2406519655,550000.0,1043
Wandsworth,2021-07-01,Freehold,1380340.4761904762,1350000.0,63
Wandsworth,2021-07-01,Leasehold,621402.8571428572,445000.0,70
Wandsworth,2021-08-01,Freehold,1711787.0762711863,1371000.0,118
Wandsworth,2021-08-01,Leasehold,614148.309859155,492500.0,142
Wandsworth,2021-09-01,Freehold,1259464.6008403362,1100000.0,238
Wandsworth,2021-09-01,Leasehold,632035.0349075976,557000.0,487
Wandsworth,2021-10-01,Freehold,1337336.6794871795,1212000.0,78
Wandsworth,2021-10-01,Leasehold,609638.9885714286,525000.0,175
Wandsworth,2021-11-01,Freehold,1465620.5363636364,1097500.0,110
Wandsworth,2021-11-01,Leasehold,730207.6842105263,560000.0,247
Wandsworth,2021-12-01,Freehold,1300350.3961038962,1177500.0,154
Wandsworth,2021-12-01,Leasehold,649214.1254480287,534500.0,279
Wandsworth,2022-01-01,Freehold,1320995.709090909,1097500.0,110
Wandsworth,2022-01-01,Leasehold,640527.3104838709,560000.0,248
Wandsworth,2022-02-01,Freehold,1285321.2764227642,1180000.0,123
Wandsworth,2022-02-01,Leasehold,719195.59765625,573500.0,256
Wandsworth,2022-03-01,Freehold,1287729.4296875,1106250.0,128
Wandsworth,2022-03-01,Leasehold,725888.7816091954,585000.0,348
Wandsworth,2022-04-01,Freehold,1333528.506849315,1195000.0,146
Wandsworth,2022-04-01,Leasehold,723342.6531791907,611000.0,346
Wandsworth,2022-05-01,Freehold,1210858.7272727273,1071250.0,132
Wandsworth,2022-05-01,Leasehold,658289.6696969697,581750.5,330
Wandsworth,2022-06-01,Freehold,1354978.9856115107,1165000.0,139
Wandsworth,2022-06-01,Leasehold,707896.1038961039,580000.0,385
Wandsworth,2022-07-01,Freehold,1328455.6296296297,1170000.0,189
Wandsworth,2022-07-01,Leasehold,764454.0107238606,625000.0,373
Wandsworth,2022-08-01,Freehold,1520961.4137931035,1310050.0,232
Wandsworth,2022-08-01,Leasehold,660013.796875,562500.0,320
Wandsworth,2022-09-01,Freehold,1371779.1941176471,1217500.0,170
Wandsworth,2022-09-01,Leasehold,657198.9651972158,588000.0,431
Wandsworth,2022-10-01,Freehold,1292782.2549019607,1210000.0,153
Wandsworth,2022-10-01,Leasehold,759469.817805383,615000.0,483
Wandsworth,2022-11-01,Freehold,1332840.2538461538,1207500.0,130
Wandsworth,2022-11-01,Leasehold,704707.3994708995,600000.0,378
Wandsworth,2022-12-01,Freehold,1218177.735042735,1100000.0,117
Wandsworth,2022-12-01,Leasehold,791647.6937669377,600000.0,369
Wandsworth,2023-01-01,Freehold,1471355.934065934,1115888.0,91
Wandsworth,2023-01-01,Leasehold,693682.3951612903,600000.0,248
Wandsworth,2023-02-01,Freehold,1338027.5,1105000.0,74
Wandsworth,2023-02-01,Leasehold,695134.9820627803,530000.0,223
Wandsworth,2023-03-01,Freehold,1159160.90625,1062727.5,96
Wandsworth,2023-03-01,Leasehold,728443.7838827838,551780.0,273
Wandsworth,2023-04-01,Freehold,1212104.3461538462,1030000.0,78
Wandsworth,2023-04-01,Leasehold,867835.2892156863,580687.5,204
Wandsworth,2023-05-01,Freehold,1237412.8522727273,1188500.0,88
Wandsworth,2023-05-01,Leasehold,702139.9598214285,581000.0,224
Wandsworth,2023-06-01,Freehold,1315421.157480315,1075000.0,127
Wandsworth,2023-06-01,Leasehold,597364.2603773585,538000.0,265
Wandsworth,2023-07-01,Freehold,1326517.0,1215000.0,153
Wandsworth,2023-07-01,Leasehold,630523.4384858044,550000.0,317
Wandsworth,2023-08-01,Freehold,1352403.675862069,1250000.0,145
Wandsworth,2023-08-01,Leasehold,666355.3722397477,550000.0,317
Wandsworth,2023-09-01,Freehold,1502567.1515151516,1250000.0,165
Wandsworth,2023-09-01,Leasehold,800662.7763578275,570050.0,313
Wandsworth,2023-10-01,Freehold,1290621.5,1127500.0,100
Wandsworth,2023-10-01,Leasehold,754188.5897435897,560000.0,351
Wandsworth,2023-11-01,Freehold,1348271.452631579,1255000.0,95
Wandsworth,2023-11-01,Leasehold,771942.4927536232,587500.0,276
Wandsworth,2023-12-01,Freehold,1236645.93814433,1144000.0,97
Wandsworth,2023-12-01,Leasehold,730081.437751004,584250.0,249
Wandsworth,2024-01-01,Freehold,1251301.9125,1091000.0,80
Wandsworth,2024-01-01,Leasehold,655369.2772277228,543475.0,202
Wandsworth,2024-02-01,Freehold,1357871.436893204,1210500.0,103
Wandsworth,2024-02-01,Leasehold,669851.023255814,589500.0,215
Wandsworth,2024-03-01,Freehold,1226700.058139535,1060000.0,86
Wandsworth,2024-03-01,Leasehold,701933.8056680162,580000.0,247
Wandsworth,2024-04-01,Freehold,1282993.887755102,1083500.0,98
Wandsworth,2024-04-01,Leasehold,633976.1772151899,515000.0,237
Wandsworth,2024-05-01,Freehold,1350810.3278688525,1200000.0,122
Wandsworth,2024-05-01,Leasehold,668244.4444444445,567500.0,306
Wandsworth,2024-06-01,Freehold,1261728.6923076923,1210000.0,117
Wandsworth,2024-06-01,Leasehold,677352.2230215827,590000.0,278
Wandsworth,2024-07-01,Freehold,1435251.7877094971,1245000.0,179
Wandsworth,2024-07-01,Leasehold,648949.9973262032,550000.0,374
Wandsworth,2024-08-01,Freehold,1300964.0215053763,1160000.0,186
Wandsworth,2024-08-01,Leasehold,617947.0415584416,555000.0,385
Wandsworth,2024-09-01,Freehold,1286035.1788617887,1220000.0,123
Wandsworth,2024-09-01,Leasehold,622934.2964169381,540000.0,307
Wandsworth,2024-10-01,Freehold,1180923.15,1060000.0,160
Wandsworth,2024-10-01,Leasehold,602285.3833780161,540000.0,373
Wandsworth,2024-11-01,Freehold,1323448.925233645,1200000.0,107
Wandsworth,2024-11-01,Leasehold,666965.2653061225,550000.0,294
Wandsworth,2024-12-01,Freehold,1297859.0247933883,1200810.0,121
Wandsworth,2024-12-01,Leasehold,678986.3201438849,543250.0,278
Wandsworth,2025-01-01,Freehold,1289473.5047619047,1110000.0,105
Wandsworth,2025-01-01,Leasehold,663232.304347826,550000.0,253
Wandsworth,2025-02-01,Freehold,1351488.1946902655,1117500.0,113
Wandsworth,2025-02-01,Leasehold,653261.4230769231,547500.0,286
Wandsworth,2025-03-01,Freehold,1242493.7170731707,1150000.0,205
Wandsworth,2025-03-01,Leasehold,568849.3693820224,515000.0,712
Wandsworth,2025-04-01,Freehold,1404115.8181818181,1290000.0,55
Wandsworth,2025-04-01,Leasehold,689790.375,647500.0,88
Wandsworth,2025-05-01,Freehold,1496485.89,1290145.0,100
Wandsworth,2025-05-01,Leasehold,624490.2709163347,620000.0,251
Wandsworth,2025-06-01,Freehold,1267918.0322580645,1181000.0,93
Wandsworth,2025-06-01,Leasehold,692224.6641221374,558607.0,262
Wandsworth,2025-07-01,Freehold,1348504.4782608696,1265041.0,161
Wandsworth,2025-07-01,Leasehold,666483.7509157509,587000.0,273
Wandsworth,2025-08-01,Freehold,1449614.9371069183,1325000.0,159
Wandsworth,2025-08-01,Leasehold,611499.0036363637,545000.0,275
Wandsworth,2025-09-01,Freehold,1425316.4076923076,1304250.0,130
Wandsworth,2025-09-01,Leasehold,545709.420233463,495000.0,257
Wandsworth,2025-10-01,Freehold,1332352.3984375,1200000.0,128
Wandsworth,2025-10-01,Leasehold,561193.8741007195,532500.0,278
Wandsworth,2025-11-01,Freehold,1355273.9719626168,1200000.0,107
Wandsworth,2025-11-01,Leasehold,593773.05,515000.0,220
Wandsworth,2025-12-01,Freehold,1242002.3,1187500.0,70
Wandsworth,2025-12-01,Leasehold,529339.7894736842,485000.0,171
Wandsworth,2026-01-01,Freehold,1137148.396551724,977500.0,58
Wandsworth,2026-01-01,Leasehold,608100.1946308725,540000.0,149
Wandsworth,2026-02-01,Freehold,1003254.3620689656,832500.0,58
Wandsworth,2026-02-01,Leasehold,525033.0965517241,500000.0,145
Wandsworth,2026-03-01,Freehold,1130978.5833333333,939000.0,48
Wandsworth,2026-03-01,Leasehold,525417.0121212121,500000.0,165
Wandsworth,2026-04-01,Freehold,1100244.761904762,977500.0,42
Wandsworth,2026-04-01,Leasehold,560037.3779527559,535000.0,127
Wandsworth,2026-05-01,Freehold,1069500.0,1100000.0,11
Wandsworth,2026-05-01,Leasehold,577564.3766233766,500000.0,77
